date,portfolio_id,p05,p25,median,p75,p95
2026-09-01,Balanced,374886.0023241368,378408.9436704915,380210.24288851785,382057.543978438,384908.5297647617
2026-09-02,Balanced,372641.45814771677,378009.1426469635,380511.301473579,382946.19571083307,387233.7431809369
2026-09-03,Balanced,371268.69216208626,377792.39935489115,380815.4504650267,383815.1514842702,388476.13963757304
2026-09-04,Balanced,369622.7617706716,377344.7536807084,381224.6644170935,384600.47098014306,390649.6432257708
2026-09-07,Balanced,368926.3104011417,377299.9934370569,381425.41866783204,385206.2564554182,392272.3047137082
2026-09-08,Balanced,367883.8615029781,377366.77322479594,381875.3440864488,386175.32760465186,392780.5346065761
2026-09-09,Balanced,367349.41522640176,377224.59065078566,382081.6649344053,386799.24377257307,393853.12136347266
2026-09-10,Balanced,366231.50541426585,377171.3324323085,382454.61523656896,387310.748155628,394913.3673364884
2026-09-11,Balanced,365855.8162484881,377220.03953581414,382778.98766945745,387770.08833803283,395817.8690005782
2026-09-14,Balanced,364687.3780562704,377251.04931241734,383062.3047901061,388533.9181089634,397404.3187527601
2026-09-15,Balanced,363889.8495474045,377239.629970655,383567.284989214,388996.55259328877,398447.9128453868
2026-09-16,Balanced,363456.6667453623,377071.26311874035,383541.82331921055,390014.5397386837,399528.88366375427
2026-09-17,Balanced,363998.41343578696,377004.19079213275,383913.4039737509,390613.53944825626,401029.207977535
2026-09-18,Balanced,363260.25138997444,376933.85522213427,384259.83322802756,391136.05230242864,401546.22492209566
2026-09-21,Balanced,362762.8360342381,377285.71808696014,384333.3235243234,391702.8635355506,402309.43097998534
2026-09-22,Balanced,361915.5164521517,376896.88441648806,384709.3980835557,392392.3309699518,402827.88774247933
2026-09-23,Balanced,362143.6917176857,377005.4830797483,385059.05713661626,392518.9358029235,404071.38811342994
2026-09-24,Balanced,362874.2101197288,377047.50725941884,385283.3846107372,393134.762452938,404963.5750521053
2026-09-25,Balanced,362285.79995704093,377416.33016697783,385610.6732859068,393819.80026823893,406461.00819123536
2026-09-28,Balanced,362188.32520285883,377287.32538657717,386057.15261686157,394244.50071242946,406839.12673962774
2026-09-29,Balanced,361815.67690475093,377072.9737774567,386321.1470615878,394927.5886823494,408003.8917502366
2026-09-30,Balanced,361613.08142623486,377071.2503745792,386659.2815424362,395300.19203874766,409017.19193275255
2026-10-01,Balanced,361252.758350842,377165.12491606415,386781.52115750813,395911.6075105328,409511.32474215847
2026-10-02,Balanced,360548.16781754897,377241.4875379816,387180.0997049591,396525.86431083846,410746.95527482365
2026-10-05,Balanced,360309.0785121441,377227.05784160265,387278.97840040503,396992.27216842724,411586.3366035919
2026-10-06,Balanced,359709.03187272337,377072.9749340064,387613.73100276076,397334.68984957284,411574.3807571174
2026-10-07,Balanced,359138.45858183014,377068.8346520385,387807.71186984517,397571.76356830756,412407.79806769517
2026-10-08,Balanced,358414.9545753742,377477.9013966045,388100.121864052,398228.5004080351,413771.4015001263
2026-10-09,Balanced,358914.0033485644,377245.04467312543,388484.62414147967,398874.5876804255,414537.1102744542
2026-10-12,Balanced,358557.4390420664,377563.82328594103,388862.440856611,399416.2650299405,415072.3632308236
2026-10-13,Balanced,357935.7197481631,377519.86058790085,389138.0678268678,399703.1603066803,415794.5133010707
2026-10-14,Balanced,357902.57305646,377816.0316459729,389451.5640079282,400332.3009694451,416677.95577390306
2026-10-15,Balanced,357549.4693027916,377981.92635104666,389632.4389429707,400698.2940302217,417705.4259744322
2026-10-16,Balanced,357804.21545802767,377884.1463059125,389910.04781970603,401268.80819824175,418520.8248908262
2026-10-19,Balanced,356745.81906279974,377692.73864045134,390172.8116968331,401815.68377099745,419477.13057517156
2026-10-20,Balanced,357460.62913030083,377888.301492003,390579.7576586225,402178.5574510647,420318.7555626908
2026-10-21,Balanced,356467.78375204524,377851.9337345657,391075.9654724872,402679.03808404144,421368.1746618417
2026-10-22,Balanced,355967.759600564,377970.7176480264,391223.43861903215,403016.7244318619,422008.176562353
2026-10-23,Balanced,355864.3530847826,378103.97350298276,391361.1793046215,403481.21405670553,422542.2198481514
2026-10-26,Balanced,355493.4079018803,378205.3748479514,391604.41654210724,403771.929397636,423611.11384134967
2026-10-27,Balanced,354923.4060765333,378343.7086225725,391737.88686812576,404267.76169304847,423871.95789567195
2026-10-28,Balanced,355350.1133524716,378170.8501157838,392145.24976856966,404759.584600471,425060.6435269764
2026-10-29,Balanced,354573.35141558666,378517.27165302105,392135.0481193933,405641.7839613429,426361.6513620614
2026-10-30,Balanced,354288.91207088204,378634.5814773581,392443.89911696647,406078.74330602307,427131.26712020795
2026-11-02,Balanced,353939.6335925686,378695.13275086455,392694.06437068246,406588.0631194856,427855.26458343933
2026-11-03,Balanced,354289.9336243044,378842.9297943502,392938.32806392334,406967.5514015121,427737.89676602086
2026-11-04,Balanced,353581.67026445194,379272.8247702908,393123.8075942057,407341.30560707627,428441.569814614
2026-11-05,Balanced,352712.6406280601,379432.9522435088,393812.6254588461,407859.7337880539,429590.6523705841
2026-11-06,Balanced,352969.4778990505,379402.0342805732,394179.40051710606,408264.3007056028,430143.14639482606
2026-11-09,Balanced,352121.0221300264,379515.73392229335,394365.2869806221,408885.1615386984,430801.9207451328
2026-11-10,Balanced,351939.1797630874,379881.2858917478,394630.1654873116,409303.2919258452,431212.6965434191
2026-11-11,Balanced,351635.40191539313,379861.1942961554,394770.3821554808,409478.10373697977,431889.35755829926
2026-11-12,Balanced,350948.1091310178,379843.62227149005,395144.84129185544,409916.77398671163,432185.1926030268
2026-11-13,Balanced,351634.4343112096,380030.23943128664,395441.88344184245,410700.98856928013,433412.0330890798
2026-11-16,Balanced,350346.95164917526,380003.053128474,395735.0757275213,410923.5715775257,434011.7209637647
2026-11-17,Balanced,350428.8761931214,380289.0862402821,395972.42515638453,411555.1955469674,435176.9514445816
2026-11-18,Balanced,350787.2483681613,380087.92776085,396376.78615504975,412054.4038751288,435721.9098710812
2026-11-19,Balanced,350897.81034895574,380579.7917386968,397021.91540185653,412367.2334795475,436342.4227040415
2026-11-20,Balanced,351441.78258443443,380755.40768880397,397184.7596904248,412566.7836874839,436742.48953132576
2026-11-23,Balanced,351140.872280378,380713.4456146923,397568.2365443916,413163.43577157264,437304.6799605019
2026-11-24,Balanced,351313.84247387236,380803.1303860543,397791.45859879337,413815.86017970304,438360.81009549205
2026-11-25,Balanced,351165.80183372577,381111.24215669587,397991.02248215204,414144.0537084374,439505.66982623166
2026-11-26,Balanced,351985.9478383063,381376.9959175567,398076.16760151926,414622.9218347529,439895.78360501793
2026-11-27,Balanced,350887.72475951194,381250.1892051977,398439.6690878611,414920.41055240494,440627.68288422644
2026-11-30,Balanced,351178.29025748104,381274.1931493381,398850.6410700283,415494.1497032336,441162.9306468165
2026-12-01,Balanced,349898.24191908044,381169.1028700783,399108.0056429025,416113.20020443934,442524.6142915339
2026-12-02,Balanced,350487.08824325993,381560.37921495264,399349.08345393575,416528.38039326697,442269.4810125846
2026-12-03,Balanced,350684.2150759676,381627.2693214043,399652.9608402661,416947.477215433,443381.5888227916
2026-12-04,Balanced,350349.3185504465,382070.0866732202,399823.11754343443,417305.40684072766,443923.27496848826
2026-12-07,Balanced,349857.6089859043,382400.3094861986,400015.0510297101,417552.5379504896,444368.6751165311
2026-12-08,Balanced,349341.2207901008,382181.92569389136,400559.8074490427,417821.15813014156,445904.30313403567
2026-12-09,Balanced,348737.3935955328,382315.5722600609,400859.66925786855,418265.19368069747,446396.11776761396
2026-12-10,Balanced,350028.61304615973,382527.3594213719,400946.4346763833,418919.1993906666,446460.95655800763
2026-12-11,Balanced,348283.9149249511,382509.6584334187,401449.5749780232,419610.1548987184,446977.46413344244
2026-12-14,Balanced,349068.5156208676,382704.9150589707,401417.9673207953,420232.95596690016,447691.584165396
2026-12-15,Balanced,349594.09029574285,382958.5379816826,401549.012216714,420604.5402299575,447807.9383112796
2026-12-16,Balanced,350061.89755288226,382924.83523344656,401593.31736856536,420966.4048071434,448978.45269515266
2026-12-17,Balanced,349130.7907297284,383010.50263571966,402051.84529967385,421118.48560570437,450137.7233020972
2026-12-18,Balanced,348578.48126305355,383324.94073553325,402444.54805118963,421684.4536582256,450829.49009992025
2026-12-21,Balanced,348904.6042471346,383278.2719656995,402620.62803595036,422093.38849966193,451122.0346215101
2026-12-22,Balanced,348472.39405462326,383433.93776615255,402954.59468633606,422886.85380966036,452269.2845573376
2026-12-23,Balanced,348616.79198741156,383642.55497951776,403260.1375470462,423564.4988367605,453257.5979680754
2026-12-24,Balanced,348555.7350784925,383752.4641833012,403453.317280845,423591.00450814114,454083.5527588709
2026-12-25,Balanced,348190.2916621056,383901.8289896321,403936.81935209443,424198.5426253852,454224.3483489384
2026-12-28,Balanced,348452.260515561,383917.6027616409,403978.11279202905,424762.6553904902,455473.0164258454
2026-12-29,Balanced,348491.8510647863,384131.2297811809,404453.3054796074,425320.87588816107,457427.5391554481
2026-12-30,Balanced,348899.46475604083,384207.6703922725,404950.42944666615,425828.6264066709,457528.602510668
2026-12-31,Balanced,348926.4476834253,384171.50474242406,404774.8039084717,426109.0959882252,458089.45881513617
2027-01-01,Balanced,348147.7950825093,384243.2266566402,405256.15192896186,426650.0231958765,458875.3529549659
2027-01-04,Balanced,348146.4690166731,384185.05661195196,405429.46284220077,427072.328403324,459164.94451398903
2027-01-05,Balanced,347022.0017276784,384276.2830733673,405810.004958906,427202.2945690331,460476.74563846685
2027-01-06,Balanced,347556.2345351181,384448.7099643047,406413.94814458705,427631.80941065063,460557.5127778743
2027-01-07,Balanced,347462.3458095508,384511.62097496074,406545.62805429543,428044.20006238023,460639.59259852406
2027-01-08,Balanced,347217.54713815456,384832.5676270295,406880.8059254086,428637.83547808515,461393.57262532064
2027-01-11,Balanced,347246.1466300635,384845.55948382354,407322.82247782033,429145.0998736252,461806.6551875134
2027-01-12,Balanced,347227.50981170434,385376.94916739233,407960.97058837826,429951.1814468451,462861.6139252705
2027-01-13,Balanced,347381.1866130814,385202.2378338502,407759.28268713015,429843.2280959707,464018.022206626
2027-01-14,Balanced,347113.6724610585,385461.5596588948,407935.3836986938,430093.044529565,464741.1727253389
2027-01-15,Balanced,347728.37259194476,385673.3203737536,407924.7579780322,430648.39473684516,465037.40701660706
2027-01-18,Balanced,347243.8011654955,385814.71552569035,408558.3020616092,431483.1564157435,465128.5233833372
2027-01-19,Balanced,347610.02791292546,385575.4897589958,408708.1412049859,432431.01172286423,466488.7640734706
2027-01-20,Balanced,347243.3139440748,385537.84730446956,409075.97752842057,432318.47584111616,467062.48964220105
2027-01-21,Balanced,347420.4536126978,385633.98190608766,409442.7052731266,432819.0500785308,467594.0122347122
2027-01-22,Balanced,347166.5617016385,386121.32419344905,409754.2073177735,433126.38103416294,468483.3729681157
2027-01-25,Balanced,347107.07124116,386335.5652129036,410084.48539266945,433935.38937124435,469184.04470335395
2027-01-26,Balanced,346098.48000558955,386571.24666883715,410423.0633239644,434434.5640589991,469235.11683725764
2027-01-27,Balanced,346412.71512151405,386574.99856132676,411146.2657534915,434762.83261177,469685.7820285007
2027-01-28,Balanced,345065.0176349417,386986.48216618935,411195.5178420836,434641.9424374419,470505.03815759724
2027-01-29,Balanced,345314.43844770564,387186.5929904162,411437.41417585866,435269.06996728596,470575.6527487076
2027-02-01,Balanced,345619.8911197652,386980.4145481966,411694.5512805746,435692.3955988925,471709.5367763995
2027-02-02,Balanced,345265.87025243125,387370.0971993125,411908.9803694582,436404.9352428723,471519.772753826
2027-02-03,Balanced,345772.9301029964,387039.8877162064,412355.89640303014,436972.3033486774,472416.77951718454
2027-02-04,Balanced,345454.6724823725,387554.0736129951,412914.4802217891,437274.5535129616,472975.924660158
2027-02-05,Balanced,346101.0488004955,387628.34950221895,412904.5017328016,437487.42401667,474335.0716416379
2027-02-08,Balanced,346074.7750515478,387492.3732891269,413109.9467440286,438178.95540655707,475485.3477643985
2027-02-09,Balanced,346645.71734934306,387688.09654778254,413539.1645138147,438309.94714765437,475215.4057992057
2027-02-10,Balanced,346211.5668095933,387681.5963477043,413947.7877450499,438806.60403793957,475838.4803975297
2027-02-11,Balanced,345895.97656367853,387860.6229593992,414461.2721028899,438976.680077889,477056.6197676991
2027-02-12,Balanced,346088.2903620149,388215.6795117662,414466.78428830893,439803.837020399,477849.96895255026
2027-02-15,Balanced,346137.99354444863,388595.2825887762,414775.34257363225,440424.36282015196,478739.5009118519
2027-02-16,Balanced,345642.15799237235,388547.58355201024,414921.5851626198,440810.96121831756,478923.6857861221
2027-02-17,Balanced,345479.87786654744,388937.22776858625,415440.0002306398,440991.4234939196,479519.5997505903
2027-02-18,Balanced,346417.33534271945,388810.55746304244,415872.12578110193,441510.8741633742,480997.73220019107
2027-02-19,Balanced,346110.1989902875,389119.11103510536,415627.72847012785,441746.3192140209,481640.57217905944
2027-02-22,Balanced,345962.51694266207,389598.01418527536,416130.2402192193,441983.3324041227,481561.2632544199
2027-02-23,Balanced,345983.99948717654,389617.13464125333,416256.25164923875,442531.55844058207,482796.1943022977
2027-02-24,Balanced,346314.59030346986,389805.79496630054,416698.5521327114,443244.010751041,483182.7940852654
2027-02-25,Balanced,345904.0166086435,389846.23283701163,416840.6650632557,443376.12790759467,484716.1446781065
2027-02-26,Balanced,345597.19044555444,389912.4774340214,417193.8333215119,443439.5484808401,485279.726969889
2027-03-01,Balanced,345443.7693308671,390116.4712867347,417364.2914627921,444026.17841575254,485116.3448696207
2027-03-02,Balanced,345935.29206932994,389993.2545028535,417770.73293547414,444311.01970101614,485232.14253876935
2027-03-03,Balanced,346622.49117926223,390610.8105516041,417732.10426985275,444982.0344813396,486520.61822947697
2027-03-04,Balanced,345772.96435114223,390720.68998581084,418261.17929410085,445373.75803371856,486137.810106574
2027-03-05,Balanced,347419.3630878492,390543.00054998195,418403.2361901974,446258.4074698296,487029.4087563451
2027-03-08,Balanced,345964.7739611019,390874.28113721486,418734.82978091156,446919.25189415104,488349.2322631098
2027-03-09,Balanced,345569.1935573718,391097.91954548814,419088.501093242,447215.4379506527,488180.32423223864
2027-03-10,Balanced,345997.5918263264,391067.0374967615,419077.7882541992,447527.30342855374,488729.8804381463
2027-03-11,Balanced,346043.8918476139,391337.84501141286,419646.854585723,447827.22743895807,489760.37890077336
2027-03-12,Balanced,346220.59021304286,391598.03708977124,419884.45027044514,448221.9920848531,491042.9561479249
2027-03-15,Balanced,346458.6340918611,391432.95952371386,420449.75869758904,448513.82414509344,491378.3742303624
2027-03-16,Balanced,345638.77071623376,391606.53413410496,421007.48261044634,448985.5411512946,491433.97569336934
2027-03-17,Balanced,345139.0827215821,391774.40768139024,421040.22912705457,449598.7251943119,491994.89612444275
2027-03-18,Balanced,344784.3474638153,392060.1100760047,421373.84298846347,450361.7450460319,492175.60989066877
2027-03-19,Balanced,344365.92622282996,392331.1371094831,421571.49669976905,450838.62328369555,492955.391261165
2027-03-22,Balanced,344097.1659758358,392166.65653850377,421611.9684298183,451124.61458177335,493565.0257005013
2027-03-23,Balanced,344626.72453683073,392360.48028745555,421863.67513767246,451528.06692264054,493907.5028247894
2027-03-24,Balanced,344616.2080564792,393032.1663185276,422091.09177794226,451527.06001953536,495409.13615536876
2027-03-25,Balanced,345589.0068099008,393014.965394427,422516.1845690415,451917.3915024156,495704.2974387051
2027-03-26,Balanced,345309.10472622345,393377.13381603337,422370.5705118582,452674.5337469194,496496.63146499736
2027-03-29,Balanced,345372.59978441976,393226.2655248931,422805.67338218814,453333.02545559895,497814.27791815717
2027-03-30,Balanced,345948.0456517347,393487.08980163914,422982.3182607327,453404.3148957219,498680.50853540254
2027-03-31,Balanced,345369.8974718718,394185.26170630474,423248.4052435422,453341.2570657715,498592.7312608174
2027-04-01,Balanced,345810.67689806904,394249.4264446049,423836.90003000933,453952.39554743393,499029.81464740785
2027-04-02,Balanced,345523.9448820498,394732.6626768052,424230.84631890233,454667.3934848099,499248.817611215
2027-04-05,Balanced,346763.75355229987,394919.4622325812,424720.3652632927,454837.12746111676,500497.7951867088
2027-04-06,Balanced,345206.3674914053,395024.6664246655,425052.9758147112,455561.4246437226,501207.0773502807
2027-04-07,Balanced,345706.44870901026,395125.196288618,425277.1010560598,455941.1080810672,503030.26311588165
2027-04-08,Balanced,346472.75486968015,395449.2439357117,425643.20416848536,456197.56447823235,503450.4607829277
2027-04-09,Balanced,346313.97439656797,395421.7182578483,425590.6039792086,456571.5968930746,503684.96590343595
2027-04-12,Balanced,346175.6387552975,395496.504910925,426239.74405810924,457034.38951844745,504502.80042846466
2027-04-13,Balanced,346033.35716149135,395198.9565518752,426042.8745558523,457612.6104533159,504740.738158019
2027-04-14,Balanced,345528.659015301,395737.5503778161,426129.8317380159,458004.488861006,505312.2847715712
2027-04-15,Balanced,346068.2286824256,395627.46102201537,426710.88794605236,458899.9051056807,506571.23592493933
2027-04-16,Balanced,345381.08433468104,395956.19380463293,426893.8743170974,459148.66669459414,506955.74451147276
2027-04-19,Balanced,345491.23346965027,396614.56973892404,427162.08207980474,459457.24650335254,507512.3284809016
2027-04-20,Balanced,345307.1269174353,396477.1166042577,427526.27591398545,460272.9960901487,508175.2421993745
2027-04-21,Balanced,345057.1213017812,396593.6432502067,428220.6080587825,460827.0477381153,509019.95400786964
2027-04-22,Balanced,346153.85901094554,396866.4344273993,428510.15351406246,461034.8695321324,508584.8472848322
2027-04-23,Balanced,346393.5008557943,397198.03350757685,428791.1730516332,460892.6614939271,509231.4682924377
2027-04-26,Balanced,346635.64346679806,397049.38297112705,429407.4576882049,461773.06282744533,510002.9782128513
2027-04-27,Balanced,346175.73695345985,396926.35448049754,429178.70655325835,462647.88048557483,511592.8554382739
2027-04-28,Balanced,346822.0390934276,397024.28459558886,429654.37422500935,463128.0678704237,511715.92726968817
2027-04-29,Balanced,346488.96351683006,397734.651513051,429733.14818372997,463144.07571300847,512948.6889313362
2027-04-30,Balanced,345655.2553940327,397712.2675105714,430450.59809788445,463393.1490554337,512360.218596643
2027-05-03,Balanced,345610.79820584686,398108.9632625098,430516.92909986636,464380.7467087162,514087.5548132892
2027-05-04,Balanced,345516.8483289169,398519.02008084994,431217.9314448199,464744.91630235914,514472.74366063334
2027-05-05,Balanced,345351.69647489884,398406.72004897456,431487.17686006904,465230.4626082686,514750.50382001366
2027-05-06,Balanced,345670.832275646,398848.3271134318,432074.69916103315,465986.8656012499,516133.0045554554
2027-05-07,Balanced,344950.62803018896,399259.72827229416,432103.3870098854,466475.1547881253,516422.0540086951
2027-05-10,Balanced,344820.2879479765,399674.48281388095,432399.93897399475,466695.28538222954,517402.2013783976
2027-05-11,Balanced,345458.24623417266,399259.5364975937,433194.83341110963,466981.2130844769,518266.40422800055
2027-05-12,Balanced,345484.6155704488,399644.2192697377,433068.14855344116,467700.2658292108,518817.08416221046
2027-05-13,Balanced,345697.056631039,400358.7820729487,433130.7988275646,467896.6691399875,519109.24387672223
2027-05-14,Balanced,346326.8524864491,400451.94136618776,433657.95627367106,468514.1492625313,519383.1683990604
2027-05-17,Balanced,345737.28864564386,400544.7460461878,434215.6310121396,468920.25619009,519171.5180705983
2027-05-18,Balanced,345842.6953638946,400843.4020063339,434715.23175594886,469494.5593572601,520188.77575052826
2027-05-19,Balanced,346806.3578408005,401144.0312817179,434274.32421818795,469722.49170651427,521118.9963788829
2027-05-20,Balanced,346074.22249441943,401189.9148519715,434882.37163261254,469881.078808736,522483.47354206746
2027-05-21,Balanced,345786.3345278082,400938.8035629257,435269.0715486611,470167.59072524385,522790.95322629256
2027-05-24,Balanced,346788.91901905095,401709.05317031394,435897.4590420976,470669.3138848039,523605.43406852137
2027-05-25,Balanced,345796.8202145251,401441.7167919398,436445.54894706025,471330.1628309753,524314.6408845986
2027-05-26,Balanced,345880.68233560683,401528.35257243307,436501.5995393696,471340.7725201594,525456.1624924398
2027-05-27,Balanced,346205.7823053781,401643.0722985266,436720.80850455305,471941.7620712975,525856.2882760619
2027-05-28,Balanced,345721.5485863437,401991.106402188,436997.8164985247,472621.75213928975,526110.4971824837
2027-05-31,Balanced,345838.94472591043,402229.1183445401,437769.7104029837,473187.3985667173,525969.888897527
2027-06-01,Balanced,345092.12572905107,402270.75594848394,438218.11463239323,473277.441753667,527229.7794874129
2027-06-02,Balanced,345035.92652362876,402830.12460162136,438526.3281908398,473734.8798873307,527893.9178927168
2027-06-03,Balanced,344886.5517192993,402707.90942471864,438562.09605907917,474084.9701738664,528660.5214761189
2027-06-04,Balanced,345536.2090142019,402628.7018265035,439031.9890351363,474594.901293698,528562.3445449783
2027-06-07,Balanced,345901.77453086997,402906.43491856684,439299.16905657493,475428.3528690955,528308.655318514
2027-06-08,Balanced,345635.1806435411,402571.4688079535,439238.24553058535,475579.7077127088,528927.0071583223
2027-06-09,Balanced,345115.4480700463,402807.7804171491,439760.5761385921,475793.26691974676,530153.2183162235
2027-06-10,Balanced,345817.2291198449,403320.52585696423,439667.0200686112,476011.5312073737,530815.4127460067
2027-06-11,Balanced,345890.08407233265,403257.34624980506,440114.5504599775,476522.294113184,531836.3967673002
2027-06-14,Balanced,347012.3967118941,403103.0278378269,439794.9720354327,477087.77735018387,531772.8954774374
2027-06-15,Balanced,346287.82233141887,403798.95579638996,440169.7570679837,477144.225488525,532919.903937134
2027-06-16,Balanced,346634.20570951304,404389.76812887547,440457.42032317084,477696.4205060961,533187.0670160465
2027-06-17,Balanced,346785.11552317307,404594.6549760789,441165.6843310875,478285.2454788031,534182.2301247161
2027-06-18,Balanced,346008.02039018716,404718.80484286696,441676.573792838,478847.9866504695,535443.397787314
2027-06-21,Balanced,345806.1690318309,404355.4606079836,441669.32437639334,479326.08533237193,535433.7278945912
2027-06-22,Balanced,346252.16495992884,404344.76196266484,442090.30281361064,479595.21244713647,535865.016220104
2027-06-23,Balanced,346218.98150812497,404889.9056884153,442250.70505044423,480286.22678859136,535844.5743684097
2027-06-24,Balanced,345700.5588654114,405079.58525808074,442839.60220090975,480522.9919690608,535980.0178570816
2027-06-25,Balanced,346543.0096984869,405569.71565199277,442655.55675201525,480918.5478925351,536294.1173736661
2027-06-28,Balanced,346556.160745613,405395.92027870123,443079.6396699867,481347.01331860444,537452.3732208846
2027-06-29,Balanced,345483.68621027656,406034.05131073226,443689.8337503992,482036.6821243776,538063.4664926023
2027-06-30,Balanced,345839.34987472655,406111.79331603704,444802.9155461901,482220.5322585561,540459.2382014159
2027-07-01,Balanced,345844.6719427978,406344.3296888146,444590.810224773,482636.97186811897,539958.0809352722
2027-07-02,Balanced,345259.331248576,406879.91053677176,444705.6699200651,483218.6252845881,540890.1615556781
2027-07-05,Balanced,346209.48401088564,406798.4384546784,445141.3756850256,483578.0410512124,540652.0789774429
2027-07-06,Balanced,346812.80217854725,407299.27127354866,445504.03823631245,483633.69210865267,541301.9707766755
2027-07-07,Balanced,346765.5473782456,407141.33600172534,445707.4070553193,484057.1824027316,542885.0956755467
2027-07-08,Balanced,347001.70432290423,407136.6670740043,446339.45061404735,484269.73757440434,543430.8049036124
2027-07-09,Balanced,346218.6308875716,407372.04983226093,446459.55650802073,484930.94830235717,543778.4295857806
2027-07-12,Balanced,347356.2279233029,407707.7660394208,447162.4218873079,485737.4874129757,543743.7811302568
2027-07-13,Balanced,347200.067786135,408156.77856652805,447558.07020245533,486538.7150462224,543962.0669311485
2027-07-14,Balanced,347404.9799392463,407852.19740199024,447704.45309728093,486652.1742226232,545339.3435268507
2027-07-15,Balanced,347042.142218943,408761.2847221726,448001.8708742842,486311.4092137953,546570.5894308634
2027-07-16,Balanced,346981.3956225443,408773.6522812947,448415.81113018695,486997.1995798294,546175.8817518101
2027-07-19,Balanced,346759.27355479734,409055.1218921631,448626.3493937934,487814.8718471271,547232.6214435498
2027-07-20,Balanced,346349.5493196714,409345.7206772214,449636.6096359594,488637.6157624036,548052.6341670261
2027-07-21,Balanced,346754.29441599856,409455.96173114656,449620.6948102655,488821.1039648379,548501.9611736184
2027-07-22,Balanced,347072.34556573187,409401.4388657703,449818.00934339396,490040.8571755227,549070.8577413106
2027-07-23,Balanced,346969.6925917494,409640.30884294905,450265.5233189914,490416.5578257448,549263.4431161475
2027-07-26,Balanced,347028.80661041674,409706.0848548934,450604.00564726535,490467.7778667308,549930.6730119665
2027-07-27,Balanced,347703.99399804586,410145.01712346205,450352.5545951327,490880.8276787155,549929.2989062842
2027-07-28,Balanced,346700.9152051856,410380.1569892619,450577.3166270254,491016.40890468005,551535.4920948104
2027-07-29,Balanced,348013.0655884058,410759.431600836,451003.305717053,491720.5241793905,552738.764917
2027-07-30,Balanced,348262.6274207635,410718.9790228151,451278.1948802265,492220.05340573395,553081.2819574507
2027-08-02,Balanced,348509.3803854076,411406.9984917225,451409.96742068935,492549.64984350983,554141.56240422
2027-08-03,Balanced,348865.6859704293,412047.4070014708,451907.372945542,492675.310276809,554339.907448072
2027-08-04,Balanced,349218.93362132105,412184.9534917952,452671.64877265354,493371.4327361505,555410.0975154426
2027-08-05,Balanced,348411.557804718,412580.02491378307,452769.5011145083,493474.05997692735,555584.3132384
2027-08-06,Balanced,349101.9517947393,412246.0004061408,452952.2882696604,494265.75801021716,556360.9000077556
2027-08-09,Balanced,348971.0099157946,412570.6487513015,453327.35446238116,494674.1282265435,557762.7517237862
2027-08-10,Balanced,349010.4172523935,412851.46711959725,453897.39437316137,494926.88680131297,557606.7649124031
2027-08-11,Balanced,349252.6448943241,412927.7177740766,453835.15846837836,495184.8014414202,557972.6883194714
2027-08-12,Balanced,348834.4472038918,413594.60736664914,454389.5971694146,495662.2182585723,558051.9829096851
2027-08-13,Balanced,348939.5279456047,413615.37721608375,454691.2949016122,496260.91879638546,558464.2942659713
2027-08-16,Balanced,348704.2032444294,413573.52598110103,455100.2801434181,497054.7408127714,559200.8549968427
2027-08-17,Balanced,348596.2322044046,414152.0335271301,455254.426997384,497513.1574559877,560535.3686405784
2027-08-18,Balanced,349121.5605130356,414423.8417495172,455884.54086340195,498002.9947425526,561061.3082624065
2027-08-19,Balanced,349686.4253203136,414417.0553393366,455920.23015340645,498561.66471108614,561513.3404302271
2027-08-20,Balanced,349375.74670142645,414260.95446036686,456301.0124654013,498821.6442079934,563960.3095257392
2027-08-23,Balanced,349397.7115278891,414527.8597334755,456475.82306864375,499366.35163414845,563426.6387430002
2027-08-24,Balanced,349284.393476822,414918.02294789394,456930.1156785313,499302.7480113185,564282.402773511
2027-08-25,Balanced,350263.23381056194,415150.1488499533,457300.4525901535,499795.6665970877,564558.3716516116
2027-08-26,Balanced,350326.4401658274,415322.7454385605,457833.9965185276,500116.6329950192,566108.8078286212
2027-08-27,Balanced,349239.50992356206,415667.9486249657,458147.0048500599,500759.60783875914,566660.9705827557
2027-08-30,Balanced,349721.12648185727,415889.6110762344,459037.31648065185,502013.5009198254,567395.5355299652
2027-08-31,Balanced,350067.7140740871,416397.0971780092,458567.52023362427,502597.0732914305,566337.1074187655
2027-09-01,Balanced,350476.7199559139,416745.144588253,459056.0110741566,502699.80586989434,566548.5106356114
2027-09-02,Balanced,349666.87762782455,417130.76657640317,459213.050244796,503229.5305983918,568998.1152034552
2027-09-03,Balanced,349628.4859539793,416689.2037827227,459633.5914251335,503016.52935210627,568576.1709146672
2027-09-06,Balanced,349634.59708935727,417355.2831592901,460152.3435115146,502863.46149184427,570717.5083634116
2027-09-07,Balanced,350096.51235142467,417631.6982252436,460873.9312916965,503651.61105900776,570786.519904021
2027-09-08,Balanced,349535.88055727136,417106.63085616514,461234.0676449897,503949.61702259054,571979.503989183
2027-09-09,Balanced,350068.73761396785,417500.63117330364,460881.67511617613,504281.65104773047,573521.4761608185
2027-09-10,Balanced,350411.8178500193,417995.67133067385,461275.9120557058,504790.72944123554,573986.169705171
2027-09-13,Balanced,350674.9208503229,418083.0560718289,462157.51972966455,506158.18996723235,573804.7384177808
2027-09-14,Balanced,350517.4445828546,418317.50565998256,462607.81446154485,506488.52366860164,575165.5172885522
2027-09-15,Balanced,351477.3528899568,418823.84763811826,462889.7710785775,506899.19297013123,575524.0132242917
2027-09-16,Balanced,349858.14841217303,418521.54025153967,463035.33054680645,507501.3946557573,575675.4144795866
2027-09-17,Balanced,349729.9989403919,418863.27249588567,463172.7874619628,507682.5757406302,576717.874603037
2027-09-20,Balanced,350218.2704364265,419093.6807798601,463715.034647424,508117.4672094865,577222.199779726
2027-09-21,Balanced,349872.6948702626,419435.486704295,464462.4390384438,508865.8720560583,577263.3209485244
2027-09-22,Balanced,349976.2397934975,419500.3782979626,464500.7775256345,509187.6250440559,577000.4536866758
2027-09-23,Balanced,350429.2999761116,418967.0452488202,464981.32705725904,509282.48884425184,578618.799454747
2027-09-24,Balanced,350279.54204719904,420029.728139219,465411.61988674535,510244.14957002376,578400.9532481934
2027-09-27,Balanced,350574.3989763118,420451.66373557394,465449.55042880203,510783.80417280924,579992.4573317533
2027-09-28,Balanced,350722.6577529659,420932.60503143916,465655.3578367464,510955.2884898165,580211.0240511573
2027-09-29,Balanced,350807.340025941,420592.6932441105,466647.7042595571,511496.79897902074,580934.3756170447
2027-09-30,Balanced,350612.84261991613,420616.46013355034,466714.0051736549,511936.1521103381,581412.9042817142
2027-10-01,Balanced,349614.2591138249,420527.98190499516,466866.9588977746,511817.20992012986,582725.792027267
2027-10-04,Balanced,350757.99797684926,421019.5420050259,466789.7704134999,512475.8369129627,582848.7149678348
2027-10-05,Balanced,350631.09484770114,420786.19384303055,467464.3829478837,512828.8425767889,583685.4183397384
2027-10-06,Balanced,350525.8892646323,420971.5739331949,468119.8741068374,513185.5151654028,584452.9147570791
2027-10-07,Balanced,350481.503509938,421734.63299003575,468143.60711762996,514059.859041043,584708.0072314048
2027-10-08,Balanced,350848.4917830998,421835.93327092414,468140.36757673183,514495.4625092732,585837.8732017104
2027-10-11,Balanced,350609.44127385016,422178.18365870544,468265.7016748941,514494.76038950396,587711.5637078355
2027-10-12,Balanced,349935.2230187913,422466.7157410176,469095.4510711259,514548.9175552161,587986.1649675459
2027-10-13,Balanced,350333.02423778904,422494.76766596804,468913.4791872031,515166.7715089177,588165.041185279
2027-10-14,Balanced,349756.52375434205,422996.30864824756,469746.14006462356,515615.43123813905,589728.9556383613
2027-10-15,Balanced,350485.03413043485,423202.08764290024,469787.70167068613,516135.9594853078,589745.3803397178
2027-10-18,Balanced,350907.02245486557,423301.29663281125,470572.15356561897,516887.50433902594,590860.1681329436
2027-10-19,Balanced,350593.40994927107,423452.9397365849,470722.0017266556,517752.90307555726,591680.0007750333
2027-10-20,Balanced,351379.5109395369,423753.1569880713,470522.2470954889,518023.035864942,592848.9083676025
2027-10-21,Balanced,351135.74476256117,424117.7636016789,471172.6278616511,518088.0162513482,592955.426530627
2027-10-22,Balanced,351830.35042890126,424434.84538723814,471771.2245274837,518917.4381260906,593886.0214701875
2027-10-25,Balanced,352363.10923839436,424701.4494609589,472142.53809492895,518991.73859686434,594518.8266661642
2027-10-26,Balanced,352380.1064368805,424892.40880839684,472492.0314627043,519987.9164925407,594980.5535642728
2027-10-27,Balanced,351911.04178972874,424900.3291370188,472971.8753648787,520169.2055786052,596129.9718987296
2027-10-28,Balanced,352044.07919818716,425381.7108993491,473390.74823482014,520491.92601143196,596574.6569786516
2027-10-29,Balanced,351959.33517486457,425624.6887656445,473782.44983083254,520799.7257718282,598126.871130572
2027-11-01,Balanced,351779.0221044731,425560.9972832714,474145.5217525576,522022.92934686044,598988.3326738352
2027-11-02,Balanced,351943.0718819194,426045.56247844966,474829.58805260825,522288.59153607424,600596.4730542592
2027-11-03,Balanced,352798.5670907507,426018.49876280705,474731.5299267545,522295.9454762883,600672.1079313183
2027-11-04,Balanced,353815.2841243143,425883.7476690424,474931.93190711667,522689.93227450066,601056.5809428082
2027-11-05,Balanced,353705.4748798177,426548.061012326,475026.30030387046,523172.9531738248,601699.8221467439
2027-11-08,Balanced,353261.8584210039,426541.8613146505,475380.72685305326,522926.7403824335,602724.7323605096
2027-11-09,Balanced,353646.05194150424,427225.87318248226,475700.44587158476,523556.422043895,603681.4309068035
2027-11-10,Balanced,353796.36453740875,427433.8433749251,475743.28119433526,523529.6703410598,604854.9265892883
2027-11-11,Balanced,353396.588143711,427175.23393538094,476265.47510004765,524038.02905982215,604714.8736880389
2027-11-12,Balanced,353184.55948444706,427709.78469610534,476901.77404711925,524543.9468788394,604840.3838334216
2027-11-15,Balanced,352442.9152887203,427937.2687440368,476776.6385718258,525363.8474638533,604322.7873345645
2027-11-16,Balanced,353251.87993545755,428151.12712287076,477151.4121847596,525395.5101244119,605761.3004400594
2027-11-17,Balanced,352701.55065174086,428404.0315200358,477819.8799105872,525833.289534423,606392.580613098
2027-11-18,Balanced,352287.59749548737,428380.584358167,478339.02189832914,525724.5056429051,606445.1349473569
2027-11-19,Balanced,352897.8380749117,429523.01660402457,478506.875056761,526623.2966271769,607707.7618441127
2027-11-22,Balanced,352200.8184853796,429114.64475673024,478975.6559391916,527080.1441909163,607958.9908101128
2027-11-23,Balanced,353268.22256213444,429296.80962053395,479269.14875983086,528077.678289927,608135.02215229
2027-11-24,Balanced,353823.23578472954,430513.69462207914,479234.4584040814,527985.7583104857,609725.0056570284
2027-11-25,Balanced,354289.6826909531,430148.3072537876,479497.57959776546,528132.05696821,610134.3247542485
2027-11-26,Balanced,354736.2278453811,430774.95206902386,480009.3551228766,528874.1652230702,610278.9245096927
2027-11-29,Balanced,354748.34809772426,430501.35155929317,480285.37952757254,529905.4014635332,611632.7482430141
2027-11-30,Balanced,354737.20960308175,430759.8861061181,480833.91697510483,529515.6273936845,612974.4135358045
2027-12-01,Balanced,354628.8575111608,430605.67041939154,480963.8372749914,529823.4453294991,612858.6830300717
2027-12-02,Balanced,353880.92631961504,431360.88661361067,481433.89971624024,530380.3820539281,613909.3293652495
2027-12-03,Balanced,354035.64397527144,431450.4883365423,481673.8973007146,531874.1104485332,615377.529423625
2027-12-06,Balanced,353223.8286181731,431724.94069623237,481970.6702231401,532114.6905948722,615754.4438433762
2027-12-07,Balanced,354154.6098258348,431818.01412699703,482565.5330503999,531981.0677646383,616019.6466076437
2027-12-08,Balanced,353093.52213399624,432247.1841507054,482600.6269011424,532899.2348247567,616377.5776581204
2027-12-09,Balanced,354594.54166698793,432824.2819630364,482827.7546885823,533529.4917536402,617822.8502191338
2027-12-10,Balanced,354284.42568838,432413.00607017515,483437.46115010424,533460.0643844239,617931.4423106017
2027-12-13,Balanced,356272.7883739086,432215.21684845275,483981.73675354477,534059.3428587818,618769.019487422
2027-12-14,Balanced,354864.38918660436,433428.70045731484,484564.3215193228,534389.1400293123,619326.6718798678
2027-12-15,Balanced,355938.58562589786,433107.44158825016,484306.5251879275,535132.3715229284,620239.7997419251
2027-12-16,Balanced,355435.6626543821,433589.9349298852,484729.41483047797,536088.8783139593,620573.0452676143
2027-12-17,Balanced,355564.3125158646,434264.65223315946,485045.15266007197,535982.9189913394,620754.9169933002
2027-12-20,Balanced,356070.4421184808,433722.1119362713,485159.83045989345,536807.2115889718,622569.6221069109
2027-12-21,Balanced,356510.0235456379,433704.77390569664,485421.41688850685,537062.0167470397,624258.9839772995
2027-12-22,Balanced,355792.0054072747,433371.085056141,485427.2380392525,537486.2056008405,624422.5543436367
2027-12-23,Balanced,356105.9435212621,434352.3720781427,485740.4536676206,537745.6677018264,625563.8520509748
2027-12-24,Balanced,356546.92358529393,434990.35104416,485490.3558863464,538093.4307602849,625002.6551565564
2027-12-27,Balanced,356653.4923594677,434331.8856860334,486144.1642896428,537918.5030334813,626715.3670443372
2027-12-28,Balanced,356322.72132082796,435084.0319924995,485926.8115909175,538332.922766946,627565.7611075536
2027-12-29,Balanced,356230.0242036018,435042.7169682767,485837.9558997293,538888.0766568438,627552.3457420461
2027-12-30,Balanced,356475.07287649973,435176.6170840172,486151.8136709583,539069.198405812,627849.8949551955
2027-12-31,Balanced,356575.5674801389,434565.7892224035,486277.94196235924,539657.9109172747,629637.2490705042
2028-01-03,Balanced,356721.31652883487,435062.9969889812,486749.9850854721,540405.3446134699,629630.9204480675
2028-01-04,Balanced,356618.2302045632,434526.3864360495,487229.21178252186,541082.0669017613,629786.352916999
2028-01-05,Balanced,356508.7726311208,435512.1807219219,488094.22057157627,542001.9836447118,630519.6069896299
2028-01-06,Balanced,357329.25425686984,435575.16939471965,488292.5039841847,542385.2709228671,632111.1604274414
2028-01-07,Balanced,357051.5413925981,435572.8442006577,488786.68125270575,543110.6858153926,633376.5690213845
2028-01-10,Balanced,356644.9702287698,436745.2151217241,489375.67342495674,543428.6952023471,633827.8297030486
2028-01-11,Balanced,356591.5167329865,436549.31379806914,489293.3016891689,543674.1021735221,634027.0890724473
2028-01-12,Balanced,357247.4012562744,436629.37004109996,489735.65439456736,544449.5722367873,635504.8917342045
2028-01-13,Balanced,356564.0124941212,437080.77715115016,489921.6237926695,545083.0128300855,635359.6690222918
2028-01-14,Balanced,356792.3075336462,437033.55805417144,490428.4893133851,544741.131089407,635791.6368345885
2028-01-17,Balanced,357197.3021392795,438071.8528954893,490372.2494668469,546010.3446368799,636642.6188187872
2028-01-18,Balanced,356276.87293914007,438328.64220483205,491206.1059129058,546627.5376816557,637023.4779695694
2028-01-19,Balanced,356606.21222382755,438395.6578165257,491751.26622715,546346.0517949201,636465.0767336399
2028-01-20,Balanced,356478.9860993101,437892.19536121364,492430.52467542526,547015.730992706,638168.6607069831
2028-01-21,Balanced,357169.43097832537,437704.3470905087,492420.88540558424,548224.7509999912,638701.9070850267
2028-01-24,Balanced,357420.5335176963,438755.01133146946,493370.72698068013,548517.3619296002,639066.7435921852
2028-01-25,Balanced,358009.51445045613,437839.99098581006,493579.06756628724,547714.2977979642,640064.3086304112
2028-01-26,Balanced,357909.8569411585,439131.40035113227,494230.42948168924,549213.2962487352,639468.0312269555
2028-01-27,Balanced,358355.6341452091,438957.85043349443,494106.9936844917,549371.4796668583,639998.0978657905
2028-01-28,Balanced,358178.6621282132,439609.7012386034,494668.71129097266,549929.9289614605,641256.6858594902
2028-01-31,Balanced,357877.2919491886,439506.6664771409,494684.52744777466,550414.2928353196,642695.2948820547
2028-02-01,Balanced,358195.45406101743,440156.4263932557,494395.0639413214,551210.7090544684,643238.2073289168
2028-02-02,Balanced,358181.281150465,440474.8718992967,494930.8071871782,551519.8716130441,643778.7761466049
2028-02-03,Balanced,358744.5837783744,440615.7933519429,495391.75762250624,552131.4975056864,644278.4447842041
2028-02-04,Balanced,360592.22912796354,440527.52442048304,495589.8545340964,552773.9109089875,645099.127534473
2028-02-07,Balanced,359106.2905788571,440485.3973951447,495699.5780262196,553338.9039863559,645871.0012457675
2028-02-08,Balanced,359039.85419136257,440812.9894382228,496675.725786098,554034.8579980283,646542.1565486767
2028-02-09,Balanced,360147.19316317025,441463.0466431506,496833.5166302436,554630.5190251707,647526.8915062066
2028-02-10,Balanced,360058.71031751204,441879.96178420034,497502.46076426515,554754.5644269036,646232.8398169779
2028-02-11,Balanced,359686.95842674107,442173.8785038686,497907.08700932213,555222.0668462027,648698.1941449277
2028-02-14,Balanced,359989.47211560624,442487.7034906992,498217.25634328846,555762.9854334675,649268.7132864711
2028-02-15,Balanced,360186.40097578376,442313.1113118654,498840.6224466555,556057.2336319692,650094.0216888115
2028-02-16,Balanced,359837.14318521955,442909.79797118215,499420.3071318511,556733.6224565784,652401.6359227195
2028-02-17,Balanced,360134.8143210713,443140.0615155104,499436.3264781636,556853.7786137564,652930.2214140034
2028-02-18,Balanced,360232.0166887985,443596.7946249944,500047.71855888166,557660.1462804729,654040.1516423463
2028-02-21,Balanced,359890.3829947785,443704.4114547548,499835.2347642273,558374.9824987447,654328.9949203377
2028-02-22,Balanced,358833.0530559379,444003.27920785506,499912.82742242364,558496.5814831331,654913.968842366
2028-02-23,Balanced,358970.3990593468,444332.5396450222,500132.781786456,559265.0542965182,655519.4238001021
2028-02-24,Balanced,359054.15055433894,443947.292767856,500809.8753413138,559813.1766896854,654850.5716092839
2028-02-25,Balanced,359423.0771752454,444228.5845431698,501160.58101639163,560202.2949236012,656428.7554508756
2028-02-28,Balanced,359734.26291241753,445049.0584586353,501169.7157924793,560643.9007081231,655877.6600186097
2028-02-29,Balanced,360530.83894998167,444621.99958396424,502207.482093464,560719.253334917,655134.5188302931
2028-03-01,Balanced,360865.0502694037,444364.6875315405,502954.05967424886,561018.6587516554,656210.6097413476
2028-03-02,Balanced,360623.2123956285,445275.6198110975,502825.1664231884,561409.551646354,658031.4575508221
2028-03-03,Balanced,360997.7532881226,444708.3738771689,502974.01174722845,561604.5019044342,658466.3344174061
2028-03-06,Balanced,361445.9728935278,445366.71613723936,503495.6574530704,561969.9933757337,660130.7766767361
2028-03-07,Balanced,362462.52432545566,445272.13094729633,503874.9014418805,562613.7765274267,660466.2257585988
2028-03-08,Balanced,362077.7085211563,445237.4626742417,504009.4233750086,562169.0770440156,662338.9241954037
2028-03-09,Balanced,361358.1794539824,445638.7774871332,503902.3647268618,562868.8646087127,662515.6058586048
2028-03-10,Balanced,362233.5918234646,445578.3347391905,504620.6129733442,563846.6059629199,662320.33461874
2028-03-13,Balanced,362038.10977591004,445970.92844466574,504764.549994359,564455.7576296907,663847.3612798683
2028-03-14,Balanced,362292.00849819055,445893.313363408,504871.7052005603,564619.7239084458,664977.3946817688
2028-03-15,Balanced,363204.38426024525,446649.42185187334,505038.01844094327,565302.6237084725,664961.8532750421
2028-03-16,Balanced,362906.43666968326,447293.9518784104,505280.9591394155,565501.8441918443,663986.3944981154
2028-03-17,Balanced,361877.02107242437,446820.4559928689,505771.8400792319,566297.6814606745,664370.3156062388
2028-03-20,Balanced,361183.4462731891,447075.8541307234,506020.0689618429,566776.1954576138,666054.5846667507
2028-03-21,Balanced,362266.0923758142,447265.2076563884,506303.749564753,567002.4497662993,667809.5939852692
2028-03-22,Balanced,361187.0743541542,447653.8288981674,506531.1587265623,567955.109604791,668512.6514592427
2028-03-23,Balanced,362571.5569843919,447189.43767283135,506507.8350524105,567852.9705712332,668865.3716226028
2028-03-24,Balanced,361627.19773114787,447345.5836845935,507682.34088988916,568157.0298878525,669563.936814511
2028-03-27,Balanced,364254.6487687851,447829.22293178353,507898.0816355605,568055.0692240974,670060.3827008356
2028-03-28,Balanced,363455.9155182667,448340.27841986244,507420.22491882066,569611.2707395338,670657.6415833301
2028-03-29,Balanced,361530.4579934203,448012.1643909323,507328.00509307417,570075.9867238514,673230.8254758336
2028-03-30,Balanced,362955.37857907766,448120.76609559695,507974.28831142455,570510.1996640611,674282.8321127816
2028-03-31,Balanced,363246.6740396731,448407.8684956442,508827.9683656706,570484.6399590062,675547.3154725543
2028-04-03,Balanced,363385.86708003585,448103.15542591107,509452.6426562214,571417.2262304149,675267.7746207701
2028-04-04,Balanced,362701.7625934183,448806.925756334,509479.01516609284,572500.0919727368,677026.7443555126
2028-04-05,Balanced,364107.46934005164,449087.44397435756,509836.9961282114,573379.3183061406,677462.9106708833
2028-04-06,Balanced,364245.66619315534,449029.1453593477,510503.30313849694,572823.2671650737,677144.4602475017
2028-04-07,Balanced,363548.4313904007,449294.31048002304,511183.15317542944,573552.7821562048,677418.9429787291
2028-04-10,Balanced,363728.454545641,449669.38276631595,511094.59170578246,574096.3315678791,678021.1058848033
2028-04-11,Balanced,363528.61072383117,449840.24750407814,511433.28349681164,574980.1693026525,679844.7419420949
2028-04-12,Balanced,363869.7050842939,449567.83560356835,512173.88595527643,575551.5085038794,680877.981327753
2028-04-13,Balanced,364259.10204006586,450392.8053425711,512072.3131887304,576262.4598963648,681958.0493074873
2028-04-14,Balanced,365042.61424137035,450861.0640357721,512217.1541642684,576247.6462393918,682200.5551678019
2028-04-17,Balanced,365520.785428213,451327.59956826654,512895.9810068271,576556.9086541911,682111.1204299355
2028-04-18,Balanced,364688.3863065303,451898.88713728206,513187.52293242456,576888.3504517765,681954.6132133963
2028-04-19,Balanced,365758.2824548082,452119.79514824867,513413.5340908955,578122.5888644946,683919.5463967812
2028-04-20,Balanced,364971.5212986168,452519.6881152361,514462.48631364084,578257.3875772689,683699.6158182089
2028-04-21,Balanced,365397.5205003436,453158.152667927,514648.20219489705,579385.4468811246,684666.7805021004
2028-04-24,Balanced,365116.15828440984,453158.4879311634,514600.13982593047,579819.3474260634,685759.9988751571
2028-04-25,Balanced,365596.3694411219,453676.1490362637,515120.16205959977,579423.7087906054,688859.5026681697
2028-04-26,Balanced,364197.5241262829,454060.99024897837,515790.6569331089,580620.7721265716,688733.3917795352
2028-04-27,Balanced,365233.6600748649,454070.5495557265,516489.982238506,580829.2670070423,689475.2376035348
2028-04-28,Balanced,364545.44187224586,454837.8219114308,516537.91728886985,581428.4134127842,689274.9827902733
2028-05-01,Balanced,365331.2155530268,455047.1513617403,516663.2392045938,581222.0118980802,689287.9713255289
2028-05-02,Balanced,365636.4768432621,455523.0576435528,516879.2963819665,582546.0575120341,687888.9181439561
2028-05-03,Balanced,365581.6086012663,454932.198558733,517975.0768460511,583595.2097407037,689099.7930185143
2028-05-04,Balanced,366099.9935261308,455762.8924586034,517740.92784681986,584344.9472924102,690059.3149956303
2028-05-05,Balanced,366251.78472610604,456106.79330078105,517805.43486212066,584680.8172422922,688248.6751809737
2028-05-08,Balanced,365889.64857348,455640.78112693573,518635.6726040831,585157.545497247,691579.6367836081
2028-05-09,Balanced,365292.54485203436,456043.92821035767,518982.4572847991,585969.3764093389,691409.1029389857
2028-05-10,Balanced,366141.52870062186,455891.5991124123,518816.7667489375,586651.4053674997,692239.4348185995
2028-05-11,Balanced,367063.9972606326,455629.9721809552,519828.1484794606,587101.488057406,691198.5416542739
2028-05-12,Balanced,367081.6293828369,455823.39203918655,520702.8826080235,587241.4127193372,691929.5122220847
2028-05-15,Balanced,366831.93516649667,456562.97710203263,520717.19211308804,588165.5508369112,694939.606071782
2028-05-16,Balanced,366467.2288715263,457386.52474730613,520978.30064443,588502.3635073348,694312.0422408136
2028-05-17,Balanced,366923.02289461956,457128.05442414054,520840.53220291075,589363.8505818082,695682.9033939557
2028-05-18,Balanced,366058.6311474357,457018.64205469546,521329.49277816026,589735.5770083794,696580.6534632342
2028-05-19,Balanced,365926.24670764065,457757.9498892268,521941.2489918643,590214.2930520542,695799.36764425
2028-05-22,Balanced,367212.9830903555,458054.7261518334,522684.0891551062,590946.8326957548,698833.1206303581
2028-05-23,Balanced,367683.5054828274,458022.25040894205,522490.3779464181,591351.9174981532,699828.5035565383
2028-05-24,Balanced,367996.75618573395,457641.29706170404,523660.01403966895,591623.6153297321,701417.5650685439
2028-05-25,Balanced,369320.9390278427,457571.2085208117,524493.4972136144,592620.8036371411,702070.6918468472
2028-05-26,Balanced,368532.18007241463,457801.7855745546,524920.2785527853,593360.7949515011,701466.022283299
2028-05-29,Balanced,368705.44880335685,458874.5175670209,524918.3796203352,592278.9260907515,701121.2110863869
2028-05-30,Balanced,368733.30624047585,459902.4502952868,525510.5976571247,592828.7519644201,704005.4972100647
2028-05-31,Balanced,368538.9749224012,460087.3965438669,525849.653635973,593277.0555354729,704176.4135630736
2028-06-01,Balanced,367367.2202194794,459942.56651674054,526237.4059890388,594243.9255890474,703699.5331002423
2028-06-02,Balanced,368250.8764398636,461020.4324173387,526306.753665287,594946.0196141464,704073.1519126939
2028-06-05,Balanced,368068.50376212335,460309.2957465399,526482.7984306777,595240.6417105758,705221.9291019553
2028-06-06,Balanced,367636.6797011775,460556.89962138067,527087.6171845349,596187.141922424,705402.6721037367
2028-06-07,Balanced,367833.52480331215,461155.56690541987,527167.5895806418,597332.518282906,706434.1892629581
2028-06-08,Balanced,368325.6692794707,461299.2629055352,527320.7725018109,597554.6543422089,708371.8267516138
2028-06-09,Balanced,368546.43464188406,461205.9636879462,528419.7285857035,597603.9281901602,708914.9873028477
2028-06-12,Balanced,368454.78504464676,461127.0396936336,528256.6633772594,597978.0701339867,710559.1860230961
2028-06-13,Balanced,368092.71751449775,461598.2485398654,529193.7746193262,599133.6233111683,711587.3728810345
2028-06-14,Balanced,368214.55997977284,462207.9427490318,529321.9737192907,599776.3861787084,710883.835039613
2028-06-15,Balanced,368583.02804440155,462815.0074123079,529377.1783278328,600839.3935625413,711882.1990291779
2028-06-16,Balanced,368388.07744978217,462816.3483682609,529509.9192213113,600493.2580407714,713552.3302221604
2028-06-19,Balanced,369651.7374976264,462992.9473962701,530804.1205553091,600928.580378665,712702.1599327041
2028-06-20,Balanced,369284.5658125645,462983.0359708787,530894.322274514,601312.7368591162,713214.9293461741
2028-06-21,Balanced,369201.8801855131,462814.2980484128,531459.8599153161,601357.4102411049,713531.1947308532
2028-06-22,Balanced,370112.6999683467,462835.1266484294,531405.0580946071,602341.0036667304,714642.8598491885
2028-06-23,Balanced,368739.47748924204,463015.0723960103,531492.0577512316,601497.1462261752,714129.5346675824
2028-06-26,Balanced,369981.89264376124,462852.5661098107,532186.5262604757,603050.546020499,716113.5270482306
2028-06-27,Balanced,369611.4703320657,463506.41129050765,532999.7201914997,603799.3797763694,716978.5444469091
2028-06-28,Balanced,370571.7264442205,464278.97147735395,533042.1713911323,603526.7610369751,718819.7749423288
2028-06-29,Balanced,370107.2739390806,463811.2896234069,533494.8854214925,603717.8965078322,718841.8383480678
2028-06-30,Balanced,370604.1354401057,463617.46096268645,533915.9422998825,603818.4333913011,718888.6868328952
2028-07-03,Balanced,371525.144347344,463840.4198307515,533697.9967532388,604464.3958475486,721119.8537133626
2028-07-04,Balanced,371150.5171946888,464777.2637050143,534268.1079953734,605233.791980407,721782.3807450647
2028-07-05,Balanced,371002.93050134793,465226.22408877034,535253.2934232748,606119.0488145512,721318.1989882753
2028-07-06,Balanced,372188.1476862406,464713.9837251223,535342.2402576585,605722.2970814239,722007.9766916273
2028-07-07,Balanced,371611.4783901818,465308.60932320775,535926.2132066602,607070.03639424,723149.1259062488
2028-07-10,Balanced,371669.3131820983,466110.4970507448,536180.0841609605,608191.6910898031,723755.7211417918
2028-07-11,Balanced,372192.72547992616,465946.14810637047,536927.9874517655,607695.0510886344,724920.9187092824
2028-07-12,Balanced,372083.0614487821,466137.7397865215,537283.3404863081,608214.655538403,725154.9032449573
2028-07-13,Balanced,372640.9796440926,466501.9583283798,537184.3743255415,608442.5013446322,725995.4229730251
2028-07-14,Balanced,372693.1614413972,466508.45352585847,537394.2948603546,609534.1226667113,726974.6800537088
2028-07-17,Balanced,372674.0607555845,467523.21778782597,538073.2111926015,609896.8298927003,727904.0045871645
2028-07-18,Balanced,373020.5756981354,466982.4811634999,538229.0883493598,610008.8369662586,728781.8885127137
2028-07-19,Balanced,372753.4238854044,466646.0110710089,538869.1379720047,611391.2340520754,730196.6539349996
2028-07-20,Balanced,373207.3543732839,467523.88402377715,539332.5589275364,611902.1157556819,730883.2940013552
2028-07-21,Balanced,373332.4875186545,467327.1579723535,539624.2422570535,612284.3551076901,731207.131143213
2028-07-24,Balanced,373351.6811413801,468397.9684038238,540025.5089682497,612873.3451812976,731864.0548096343
2028-07-25,Balanced,373582.62851938314,469202.79422041203,540248.3427655771,613883.4139825772,732787.7511984346
2028-07-26,Balanced,373429.81831526925,469671.33066852344,540685.8419197961,614499.6011526978,732923.9584653518
2028-07-27,Balanced,373049.87465829833,469009.5535872186,540554.171551567,614629.1124417572,733225.4025956156
2028-07-28,Balanced,372964.3554439793,469297.1762553053,541250.1862365592,615260.6374963087,733355.6599706591
2028-07-31,Balanced,375011.4345180104,469349.5580893862,541261.5240994036,616394.4947516262,732950.1469189627
2028-08-01,Balanced,374797.5747083397,470306.01085102546,541713.3381446479,616866.3162030642,734595.1315944463
2028-08-02,Balanced,374406.8832563124,470737.4631979785,541896.7811904959,616945.9920844373,735010.18941228
2028-08-03,Balanced,375077.3752174035,471199.9588605229,542806.1353636581,618041.6083946512,734183.7481552213
2028-08-04,Balanced,375922.49508719484,471189.9993204335,543186.6406691707,618781.2323900908,735270.1850988744
2028-08-07,Balanced,375792.0099807573,471665.787983128,544085.8587238119,619953.202823505,734774.5005405466
2028-08-08,Balanced,375409.5702642422,471768.45119089074,544845.0602541374,619676.143259315,738151.5425461023
2028-08-09,Balanced,375175.4499453206,472854.96025268023,545513.7283297514,619835.593117467,738666.2640396552
2028-08-10,Balanced,376126.9110458868,472904.6560536662,545425.4795215613,620542.6522879445,738280.0290203295
2028-08-11,Balanced,374748.23792744137,472696.1026463551,545728.7966040727,621314.0411460781,742699.4733906832
2028-08-14,Balanced,375688.5645320073,472824.9399320247,546341.7315179764,621431.0445561901,742006.3195249957
2028-08-15,Balanced,375689.0999728326,473096.1335782265,546622.5308856341,621711.6590113202,742732.4988759669
2028-08-16,Balanced,374267.5812537477,473919.1049586246,546914.7838777362,622045.4964072129,742810.2806209348
2028-08-17,Balanced,374970.43787521555,473951.70251722453,547289.0573629828,622464.3613783305,744569.4956812623
2028-08-18,Balanced,375991.2098093486,473543.2612618452,547628.9544256742,623036.2184791588,745460.679699865
2028-08-21,Balanced,376697.61109212495,473758.20664904243,547921.2641653405,622663.292486905,747268.116258194
2028-08-22,Balanced,377261.0497694395,473927.31723710994,547901.5110281784,623821.4073272174,749969.3314800867
2028-08-23,Balanced,378199.3058484119,474222.36665214074,548315.9936403178,625220.2822660978,749949.2647678314
2028-08-24,Balanced,376746.721669632,474248.12392750965,548572.982563413,625377.7739311822,751647.5402228913
2028-08-25,Balanced,377735.3022162493,475191.50131870114,549219.3558483883,625217.3798068904,753478.7905394912
2028-08-28,Balanced,376442.48200027854,475182.3526555398,550026.2132899369,625170.5916274781,754569.7949475176
2028-08-29,Balanced,377955.6272952196,474779.43534110853,549671.1316805221,625295.2436579638,753702.761931033
2028-08-30,Balanced,376853.7827673307,475496.60550100193,549901.4173838588,626137.7000500283,754848.9578153143
2028-08-31,Balanced,377421.4741945472,476397.6505942421,550563.4495364809,626716.4440752018,755203.3102331725
2028-09-01,Balanced,376724.41383103444,476707.6269925407,551247.4662767771,627920.9880847937,754954.7523715149
2028-09-04,Balanced,377696.0577671045,476575.8623861174,551071.5408553996,628102.7124407557,755931.1998225842
2028-09-05,Balanced,378667.78836585087,476582.1142726298,552117.3405488792,629533.8173251275,758389.8726254343
2028-09-06,Balanced,379089.3297181976,476580.3348250215,552681.401617731,629550.3434622205,757462.1470456395
2028-09-07,Balanced,378663.54769561783,476910.22257678903,552954.8801037187,630414.3023658756,757760.309306087
2028-09-08,Balanced,378407.1306531466,476162.5555163052,553152.9653042518,630723.2446971723,758108.0626103212
2028-09-11,Balanced,378837.08404357755,477691.92649472074,553789.9368963887,630257.7247900489,758446.8899343746
2028-09-12,Balanced,378786.9884484327,476989.4026527034,553814.1933757145,631320.1056948768,758645.1327458585
2028-09-13,Balanced,378264.98843628797,477371.25991927925,554825.3813630927,631444.4972047048,759933.4887794555
2028-09-14,Balanced,378750.0222299143,477149.1191091066,555084.1135030551,631909.6059196427,758902.6849220901
2028-09-15,Balanced,378845.7276855671,477933.08119178604,555793.0901064242,633971.2538243647,762405.8575282162
2028-09-18,Balanced,378434.5553140821,477697.50122318236,555650.956598069,633348.4126122617,760307.4214144838
2028-09-19,Balanced,379477.6904287602,477746.86750254803,556027.6931468917,633684.4126529784,759873.3093479269
2028-09-20,Balanced,380053.00861792045,477898.12494127906,556984.5627015993,634275.7663892042,761104.7064276448
2028-09-21,Balanced,380431.664141863,478060.81421487796,556898.6386375529,634926.6482127106,763289.6018034257
2028-09-22,Balanced,382058.3441296229,478781.33837370365,556786.4464254396,635261.160058235,765039.0949244035
2028-09-25,Balanced,382102.3511918053,478668.9302766932,557755.9130269042,635643.7055003538,764959.2013608511
2028-09-26,Balanced,381873.01162666274,479567.9200584554,558403.44758265,636201.8799131945,767033.7003660382
2028-09-27,Balanced,382064.87084985845,479854.27375457,558404.4196203366,636286.6539883383,769502.1128358246
2028-09-28,Balanced,381420.8468835471,480308.1580955187,559402.3037943837,636086.6195352554,769927.3390671364
2028-09-29,Balanced,381803.3491617049,480134.56195415533,559785.4735680178,637556.9775780682,768814.5938719207
2028-10-02,Balanced,381559.18383138604,480665.8886080325,559979.9083277665,637405.7350638461,771898.504537388
2028-10-03,Balanced,380896.5332257565,481018.9650848892,560190.3138961827,638196.938782865,770989.4422600585
2028-10-04,Balanced,381584.16151843034,481310.62187229417,559920.1447885393,638481.2348909853,772724.6869144731
2028-10-05,Balanced,381724.45231412875,481943.5113303063,560526.7533512025,639498.4400702924,773656.107995714
2028-10-06,Balanced,381203.29210483073,481950.02730638674,560704.2734003658,639150.9364849373,774684.7803066503
2028-10-09,Balanced,381587.9148652736,482626.95967973355,561193.4347113105,640480.6600883815,773876.000715258
2028-10-10,Balanced,382556.95400348236,481939.3888422826,561835.1696742012,640323.8697375851,772552.6781606532
2028-10-11,Balanced,381646.45425144164,481707.31057701365,562631.6224483429,640869.091631963,774871.112498148
2028-10-12,Balanced,383727.93346395623,482368.03841510473,562726.7745217213,642368.7231103026,777408.8754222464
2028-10-13,Balanced,382115.1409636661,481985.982452511,562848.0293738798,642731.9436528364,778200.7370251149
2028-10-16,Balanced,382248.1132364893,482035.28310836194,562884.6742653016,643188.7643790715,780424.7980609603
2028-10-17,Balanced,380501.69001329824,482808.3109154492,563572.1068342256,643353.7526876795,781046.4028799207
2028-10-18,Balanced,381772.01786179113,482407.02457851666,564336.9932163053,644234.197305788,782336.9977853796
2028-10-19,Balanced,382163.2585442553,483496.2232338641,563919.5272210026,645359.0888289139,781588.3456210943
2028-10-20,Balanced,382603.2472811365,482863.7395001117,563542.125706463,646056.6843145543,782365.8845073928
2028-10-23,Balanced,383234.5521349748,484332.9361313697,565154.4799298336,646802.7871872054,783678.1052957868
2028-10-24,Balanced,382194.33206419065,484315.6823674333,565248.9975180556,647403.4726612645,786603.428466464
2028-10-25,Balanced,383440.01091322873,484104.6179377397,565392.3378850378,648576.7566270537,785851.9336324207
2028-10-26,Balanced,383138.3220033727,484736.49040554225,565244.7116407526,648221.2796193603,785914.6980476968
2028-10-27,Balanced,383315.0904002403,484980.6785509444,565946.1052148106,649018.8160862838,787260.6792351581
2028-10-30,Balanced,383633.0632564465,484844.15413064713,565404.3279424423,650210.1265585975,789334.6243208041
2028-10-31,Balanced,384016.19170467457,484958.3337684112,566169.4191307136,650403.5146054417,788659.2444294285
2028-11-01,Balanced,384628.00618886494,485751.8216764581,566173.5119503071,650162.0083502677,789538.1319867736
2028-11-02,Balanced,385005.9460195671,485884.79642168386,566242.1683671994,650687.1454315635,791334.1400134045
2028-11-03,Balanced,384415.1790187672,487045.71117529407,567155.8331868894,651708.7724194172,792666.8775206325
2028-11-06,Balanced,385400.2315700957,486566.4287931542,568254.3575336153,652652.0178633262,793044.8206636172
2028-11-07,Balanced,383929.07595741225,487205.7552787455,568745.4793745485,653191.7819288732,793544.3578240687
2028-11-08,Balanced,385047.7712662232,487335.81849613274,568269.3200420823,653676.907045883,793243.375830947
2028-11-09,Balanced,386371.5848615291,487982.30825488723,569368.2345979773,654014.7656683507,793987.1717207775
2028-11-10,Balanced,384980.52598444116,488709.4498913697,569637.406923356,653910.66604757,796367.8958577594
2028-11-13,Balanced,386250.86384107074,488849.7993774478,569249.7140309552,654306.3611435669,797387.4440198072
2028-11-14,Balanced,388257.6563274762,489358.1265085189,570158.5914967763,654065.2796776833,798598.0107757994
2028-11-15,Balanced,387133.73478880984,489451.39095577435,569566.8818096997,655008.842523918,800815.4512641281
2028-11-16,Balanced,386581.57074739534,488775.0193402795,570343.9031355074,655789.2578559355,801174.2906975233
2028-11-17,Balanced,386469.6044884911,489497.24329617794,571524.3899981852,656039.577819587,802464.5980668339
2028-11-20,Balanced,386463.59241602145,489702.09313289577,571572.1024293907,656612.8597541614,805476.5804933597
2028-11-21,Balanced,387347.3840107351,490486.98761017236,571818.2860868942,657166.8930995213,804183.7447299878
2028-11-22,Balanced,386306.2554829842,490595.01569393463,572239.1621314503,658273.9109394283,802876.5307652849
2028-11-23,Balanced,386264.35124233103,490987.4106120286,571836.0081378683,658220.1375927911,806374.9116108251
2028-11-24,Balanced,385610.2093588311,491018.8741139855,572729.3335592463,659649.4591042425,805534.8965444167
2028-11-27,Balanced,386607.85341140704,490689.8444604429,572860.4090498684,659687.215039985,808311.2961228162
2028-11-28,Balanced,386483.89048530953,490935.7414638816,572859.8178932022,659736.0579595247,809896.109153725
2028-11-29,Balanced,386082.7090505714,491287.869645442,574062.4495134705,661396.8120701548,810980.9559854388
2028-11-30,Balanced,387236.87310379103,491688.6488731727,573622.9387273141,662289.4092427988,811618.7764028235
2028-12-01,Balanced,385761.0160638764,492567.98101348616,574747.7924913096,661461.0221789676,813217.9465529494
2028-12-04,Balanced,386958.0965399487,491849.2396025341,574796.8472198583,662367.4034739676,815164.1333583072
2028-12-05,Balanced,386122.09260883403,492038.9882484843,575010.7425834701,662327.2736462347,815497.7502644449
2028-12-06,Balanced,387825.12674668554,491909.9058943176,576364.8215519567,663011.653956335,815173.4888690768
2028-12-07,Balanced,388099.1625553166,492238.36445958406,577300.5479025207,663706.0408934752,814719.044083004
2028-12-08,Balanced,388362.0888027004,493182.21368416946,576807.9668158033,664345.8843153496,816888.3653062147
2028-12-11,Balanced,387858.39743663993,493837.828869203,577926.3428289068,664597.8300519931,818514.1521099136
2028-12-12,Balanced,387206.8993523329,493827.17851660284,577725.901224447,664899.1286034548,818601.6721797605
2028-12-13,Balanced,387637.1929335433,493798.85290324717,577943.0963132938,664554.3746385726,820026.6114616768
2028-12-14,Balanced,389680.11865663214,494588.9742490648,578584.7780581936,665824.0537473938,820501.5749742478
2028-12-15,Balanced,388925.45865113236,494593.49812775163,579216.8948633655,667197.2920600132,819992.1142316984
2028-12-18,Balanced,388595.8879953165,494829.1405084516,579561.0415195208,667480.2596507972,820546.400479093
2028-12-19,Balanced,388956.8613133549,495566.9208771336,580317.3802136255,668117.7789772693,822002.2231330064
2028-12-20,Balanced,388610.50609127415,496310.4882161267,580319.8974753066,669684.852580911,820968.6593606103
2028-12-21,Balanced,389718.8053783649,496223.9398599708,581730.2456260521,670021.1388929812,824067.64009055
2028-12-22,Balanced,388547.27963934577,497347.1755947417,581230.2084723228,670907.0353089159,825404.1441173624
2028-12-25,Balanced,388745.27035402233,496803.2233633311,582414.8501031772,670890.1406451652,824759.5592146599
2028-12-26,Balanced,390054.17923150904,496819.80078378133,582092.874772886,672454.9077853359,826198.5028495243
2028-12-27,Balanced,388968.98343482753,496958.8848974684,582432.1079888439,673172.9516306657,826866.5386973007
2028-12-28,Balanced,390135.0077427762,497574.25132243335,584029.6832373478,673349.0762696881,826238.5306058782
2028-12-29,Balanced,389358.862618168,497993.5593927838,584028.2743703063,673326.1810196317,827413.7207923733
2029-01-01,Balanced,389320.5457751597,498196.81522221817,584265.1113385035,674729.4697066485,827419.3712033295
2029-01-02,Balanced,389949.2703125388,498632.0979222368,584594.3529075076,674646.0540292575,829542.691447313
2029-01-03,Balanced,388678.3557388147,499330.62522338715,584508.0489124921,676394.4171745447,828714.1122644794
2029-01-04,Balanced,390077.71117620467,499735.90917452495,585271.2306940835,676166.9143052824,829044.377019889
2029-01-05,Balanced,389446.063094343,500134.49185628723,585178.381366489,676059.5436382365,829567.3568281883
2029-01-08,Balanced,389396.70404481876,501096.93339665054,585638.8001087991,676680.0482941857,831675.3418091207
2029-01-09,Balanced,390257.8716338278,502294.05640623387,586330.4522781307,677935.8846875415,832241.8514990499
2029-01-10,Balanced,390312.4903516252,501504.13080900616,586655.2458997208,679178.3302145277,834909.4268885815
2029-01-11,Balanced,390451.12215079035,501381.00558088906,587466.7280536217,679462.0777556251,835471.2312596883
2029-01-12,Balanced,390380.3223022004,501569.85527087934,587879.7002766167,679692.668125344,837074.3163845944
2029-01-15,Balanced,390371.7799213409,502255.7491027762,588495.5482417927,679990.0320464777,839097.9507347913
2029-01-16,Balanced,391118.93599571317,502147.098132099,588846.6304750703,680284.3980191944,838612.5820235087
2029-01-17,Balanced,390758.9071425639,502372.1015204364,588860.4119924934,682299.773448458,841349.2889264757
2029-01-18,Balanced,390198.02371384756,502805.7325755505,589199.9805443954,681603.2222578917,840574.5756919002
2029-01-19,Balanced,390793.8174790793,502778.86123263265,589870.0363201869,682783.0708538697,842106.1580155584
2029-01-22,Balanced,391698.24616439134,503237.07371475117,590304.1768905757,683733.1563048981,845327.8993697556
2029-01-23,Balanced,391111.2453801266,504129.41051748564,590428.3542584756,683509.6176380754,845056.1155752977
2029-01-24,Balanced,391334.2680868323,504339.29988462303,590320.3959937906,685250.993168183,844463.1789323954
2029-01-25,Balanced,390738.8793294217,504736.99009696767,590516.352262832,685952.2312501719,846921.2890417598
2029-01-26,Balanced,391181.4000533691,505279.55052382644,591076.2796520428,685820.5761564698,849046.6471052652
2029-01-29,Balanced,391962.7983227296,505492.3318624412,591505.9782611527,686784.9960853524,847967.5936935687
2029-01-30,Balanced,391472.4174798768,506208.7997238397,592249.8794278705,687089.8616557326,849549.5472491721
2029-01-31,Balanced,391783.2914481272,505365.26891781646,592734.5625523622,687740.6468066516,848486.7474773492
2029-02-01,Balanced,392147.7505716218,506232.2884153149,593076.9409906988,688247.1403747101,848817.4907679406
2029-02-02,Balanced,391878.90887464245,506659.7859245182,592697.2667620119,688048.8098316453,847128.8999820175
2029-02-05,Balanced,392691.7824139546,506837.7524962095,593407.102166274,688426.0811109386,849986.487051257
2029-02-06,Balanced,392208.2705598072,507331.1748265622,594178.8365798532,688412.5357670963,852237.4272087009
2029-02-07,Balanced,391330.29702646635,507314.7930062966,594804.3336156539,689429.5782523324,852024.3953396579
2029-02-08,Balanced,392332.83139749494,507895.7586035471,593734.7150158379,690372.3422380816,851462.2119652089
2029-02-09,Balanced,391015.20237975294,508194.9167344497,595563.3753346861,689781.6501603945,854172.3529997418
2029-02-12,Balanced,391645.843109929,508788.0374094008,596759.3192445913,691420.3434224185,855440.9977176774
2029-02-13,Balanced,392875.1442109995,508835.01774652035,597957.8347754966,691480.4431086052,857039.6411220195
2029-02-14,Balanced,392552.70953892294,508316.29707637173,597453.6163226073,691134.9847610751,856947.9308801831
2029-02-15,Balanced,393382.25534422434,508631.09520371445,598555.5646390677,691773.3588274257,857057.291456674
2029-02-16,Balanced,392966.87053012114,509049.8706312971,599135.0282730749,693105.3192136658,857036.7265393704
2029-02-19,Balanced,393897.81449993583,508558.7982096211,598945.947087008,692865.6441071064,858060.3280139925
2029-02-20,Balanced,394283.6679338417,509265.04381407273,600271.2934134764,692263.1689106002,859319.2677658155
2029-02-21,Balanced,394916.2056321632,509584.960059737,600217.5940783715,693172.7263295506,860351.6737286891
2029-02-22,Balanced,394696.72828307207,509739.47619077656,600811.7248151624,694496.5658636679,860846.5001089576
2029-02-23,Balanced,394257.4887809,510233.73181038466,601875.8358567182,694850.9381151412,862303.3735576109
2029-02-26,Balanced,394752.72633318347,510613.23165979853,601866.7296144533,695000.8021204883,862012.4487652968
2029-02-27,Balanced,396016.34272662085,511647.07200367656,602701.2765045564,695628.5876002857,863045.4832164727
2029-02-28,Balanced,396032.03533867246,511353.2372713353,602840.0545876594,696258.2114322615,865899.6306196633
2029-03-01,Balanced,396368.2135446973,511105.1147960547,602828.5850670277,697500.4479148119,865335.1866679285
2029-03-02,Balanced,397317.55485123285,511460.71465760906,603522.883902338,698422.1502535755,863071.6751382219
2029-03-05,Balanced,397945.07934591686,511207.40933305625,603976.8149575435,699012.1955016112,865767.1864672276
2029-03-06,Balanced,397693.20688336954,511283.18021701963,604489.6537686002,699247.4623346255,868330.625025556
2029-03-07,Balanced,398634.64464559616,510759.8986286551,604208.2829908549,700878.7841877089,870869.9348395765
2029-03-08,Balanced,398967.5396827214,511708.905904227,605409.5521817347,700611.0245403665,869925.5784418198
2029-03-09,Balanced,397920.85228178924,512188.64417591796,605635.996065773,700597.0652791079,870607.9673953973
2029-03-12,Balanced,397200.2047655913,512455.7957628396,606082.628586867,701657.6340256224,871314.0127922874
2029-03-13,Balanced,398007.67425817164,512771.7200437998,605825.079680231,701566.5607595108,870912.4063205759
2029-03-14,Balanced,399441.01902300847,512887.4640295204,606824.4673857193,702668.1941331715,872901.1793457242
2029-03-15,Balanced,398899.2703142968,513953.4720040361,606459.914484977,703324.0545740611,873958.4036090993
2029-03-16,Balanced,399222.18391732837,514311.73282052483,608247.498586477,704087.3380425685,871745.5377071436
2029-03-19,Balanced,398592.8944117952,515051.8350543137,607889.4775813705,703482.6161538796,873168.7698939597
2029-03-20,Balanced,399761.2375972193,514704.81999252463,608431.5315967656,704225.2518984907,872612.6331665431
2029-03-21,Balanced,398219.5289865972,515417.9169634882,609006.2122531275,705138.7142796249,874667.6965341462
2029-03-22,Balanced,397021.3119787739,516224.26395735145,609709.0868318634,705138.701944287,874600.759270532
2029-03-23,Balanced,396916.6985453379,515534.1798378668,609787.6206802335,705028.2101134436,875850.1838837106
2029-03-26,Balanced,397474.64860760176,515515.5345631322,610077.8029033619,706381.4281564283,877391.6170986955
2029-03-27,Balanced,395972.9391408499,515942.8894182949,609827.5770810642,707988.8497182158,879849.2986982003
2029-03-28,Balanced,396282.78175926354,517117.2392003894,610441.605862173,708773.1892458202,880173.1413878403
2029-03-29,Balanced,397612.78590672347,517277.24904840294,610616.7071519007,708565.5349052597,880201.1287277492
2029-03-30,Balanced,396584.823563534,517844.3382973531,611054.5162161151,708535.7472008535,881725.1153381182
2029-04-02,Balanced,398015.51541014476,518143.3549154167,611804.2960002915,709335.6753978592,883983.5692481585
2029-04-03,Balanced,399058.02467942075,517902.94559828396,611658.5591856696,709951.6108849021,884036.0787075764
2029-04-04,Balanced,400191.81154991826,517996.10866715596,613669.8908919456,711405.8682331567,884428.8246275351
2029-04-05,Balanced,400505.16928802076,518255.28517389676,613088.80973517,711661.936999976,885007.8223111938
2029-04-06,Balanced,399547.663099397,518698.1269995419,613330.2820859086,712171.0487856992,885947.2994273336
2029-04-09,Balanced,398751.4326527089,519304.83814429055,613245.7488642347,712282.4331588083,887209.7294533289
2029-04-10,Balanced,399583.3708145544,519232.45583668025,614298.1868798416,713811.035403333,888173.4185773022
2029-04-11,Balanced,398989.9753586824,519614.26982088696,614676.65314029,713512.4404710723,890874.9928458354
2029-04-12,Balanced,399718.8715631588,519461.47963955667,615848.3995397561,713425.1654787086,893806.7628576382
2029-04-13,Balanced,400247.2226204087,519755.39015018934,615190.5373243722,714689.8234402363,892446.0292818173
2029-04-16,Balanced,400976.497326922,520425.50045750866,616207.8539461234,714967.5600976127,895508.6948571616
2029-04-17,Balanced,399906.475269684,520651.1473272826,616420.061258943,715641.9789228246,894129.4111212562
2029-04-18,Balanced,400262.1664063893,520939.8420040313,617082.2481257616,715873.6227991037,895966.8338001475
2029-04-19,Balanced,401298.1569051822,522436.62683697615,617402.0120265026,716453.0331425474,897636.2367868486
2029-04-20,Balanced,401258.07632762584,521906.0060222735,616941.495903242,716403.7552422739,900609.1192147472
2029-04-23,Balanced,400848.3814039088,522033.07997032965,618221.5307034131,718008.2522404443,897971.1939621097
2029-04-24,Balanced,401772.0486517107,522607.33865565376,618401.4678722271,718063.8779655796,898424.5920825707
2029-04-25,Balanced,401110.8920033443,523641.15222611587,619350.8727209324,718699.1131588568,899629.9308263084
2029-04-26,Balanced,401173.73393504776,523221.430602183,618997.8055127836,719035.9649298213,903409.5389681541
2029-04-27,Balanced,401989.50733784545,523897.3907946677,620504.5472872767,719656.3900907738,901478.0446334657
2029-04-30,Balanced,402881.167642843,524746.0597118968,620678.6843212482,721927.7655356793,902172.2251522454
2029-05-01,Balanced,401950.7303220059,524579.9432268662,620898.9755357994,720817.1815244615,902853.2922143622
2029-05-02,Balanced,401213.2167460426,524085.6733773558,621923.1349649588,723155.2007189502,904656.7278145803
2029-05-03,Balanced,401902.4807511308,523618.27287803235,622286.2524015382,723516.4209933432,905153.5837481458
2029-05-04,Balanced,400694.4394256369,523914.50042833865,621967.6515549333,723967.1040341557,907170.5309378528
2029-05-07,Balanced,400828.7185635951,523786.5122701896,621616.573904596,723856.7106108553,908647.2122167761
2029-05-08,Balanced,400765.2005189605,523596.602017518,622182.3175231311,725793.2777292774,908754.6606765364
2029-05-09,Balanced,401820.7515512644,524404.7247657739,623106.5828662061,726596.8173463456,910464.0315386847
2029-05-10,Balanced,400559.54852769146,525002.8404013355,623535.847191756,727894.0058129518,910349.8467548222
2029-05-11,Balanced,401384.3567862005,525386.5402848641,623891.2712763688,727964.4667148594,911937.3187752147
2029-05-14,Balanced,401704.9206434961,525307.5161332998,624514.5658260381,728582.5659373258,911138.5384425103
2029-05-15,Balanced,401656.6529067257,525599.5469555215,625163.956389973,728712.7172735778,913133.0541709901
2029-05-16,Balanced,402387.15560922166,525743.4232127905,626208.8154462499,730038.3157891904,914610.7529710272
2029-05-17,Balanced,402026.6781202216,525675.4777844739,625986.7527705067,730923.8234045766,911725.1599721598
2029-05-18,Balanced,402139.3751114632,525766.9305372734,627187.7517934218,730960.335414808,912774.6315235071
2029-05-21,Balanced,403546.8556942878,526961.174433628,627994.1059008944,730468.1672728661,912602.9616034819
2029-05-22,Balanced,403105.1935219604,526931.5082160173,628758.8345904006,731488.748869173,911249.9001033852
2029-05-23,Balanced,403208.00390991545,527234.3570450376,628050.6636882911,732905.2566997209,912789.1017995586
2029-05-24,Balanced,404321.118191808,527281.8257798171,628814.6982661318,734002.8919394873,913985.0794134738
2029-05-25,Balanced,404346.95306902763,527858.2839742985,629126.9133111204,733749.7388371119,917499.6392218663
2029-05-28,Balanced,405085.28321386594,528449.5163758553,628980.2307922045,732470.3733458499,919514.373335677
2029-05-29,Balanced,405447.8184460404,529572.5033008517,629666.3870386933,732907.4179581685,920125.6561508751
2029-05-30,Balanced,404731.4077407166,530200.2194266298,629927.0043261122,733340.4301465112,921558.8658225966
2029-05-31,Balanced,404956.2860051261,530284.9002895949,629747.7224112763,734659.5475327594,922579.3064053549
2029-06-01,Balanced,405494.1549366915,531758.1721274192,630644.7447251326,735670.5094656905,923391.1696803102
2029-06-04,Balanced,405903.3030409195,531343.836436407,632402.2682407298,736207.129320768,922931.039469208
2029-06-05,Balanced,404245.30776301195,531142.8404307531,632738.5999618601,736288.7155516861,924117.6473099395
2029-06-06,Balanced,405065.15016908926,532130.3211896394,633503.4166660241,737108.7053335984,925464.3639125186
2029-06-07,Balanced,405466.3264914464,531743.9303256067,633452.5451685076,737013.056241084,925541.782295409
2029-06-08,Balanced,405530.78456064186,532802.6932290612,632443.3436230281,739156.3066282254,927736.0809222957
2029-06-11,Balanced,405573.6040071186,531839.7552387419,633024.8995966467,740796.5134554006,927963.1583015154
2029-06-12,Balanced,405293.3017409711,532120.7266327079,633993.7286937817,740274.7677225926,925976.5685442447
2029-06-13,Balanced,405029.8633849438,533146.3441437201,633944.2121431474,740189.9345923644,931091.3263258466
2029-06-14,Balanced,406110.42736336315,534266.6904658052,635348.6431796348,741292.7215786016,928673.9006191994
2029-06-15,Balanced,404681.7534430987,534341.1936550679,635602.2878602211,741765.6625103321,930145.8713223274
2029-06-18,Balanced,405656.39764108125,535323.7781240591,636915.1028556484,741627.8005118077,934568.49772587
2029-06-19,Balanced,405624.11396985344,534735.9561753233,637440.9439765082,742788.9426810148,935340.021406857
2029-06-20,Balanced,405951.5871894217,535805.7188151758,637991.6877304567,742643.8502456556,932869.9947267458
2029-06-21,Balanced,406849.4857226197,535479.1670451639,638030.5616680614,744472.144003897,935291.6934837879
2029-06-22,Balanced,407163.9266091789,536225.8510404929,637565.1622208973,744548.3501026544,933640.4900207917
2029-06-25,Balanced,406933.53068726737,536701.5058301094,639113.8433661673,746062.4571134124,935786.1587205122
2029-06-26,Balanced,407571.520014518,536308.7942437832,639750.375509282,746364.8211584063,938124.1921148382
2029-06-27,Balanced,406934.9809565934,536424.4716712665,639776.328988386,746596.3173259613,940463.3231561815
2029-06-28,Balanced,406618.7502833694,536657.1767376303,640357.4508978049,748167.0271285828,942609.9658581786
2029-06-29,Balanced,407406.9305739266,536965.6415699779,639635.1689035788,747633.6660935414,942221.8259073755
2029-07-02,Balanced,407432.3248506548,538048.6405293476,639934.1430554511,748720.1226422298,943398.4029212658
2029-07-03,Balanced,406933.2148023012,538312.1277010415,640317.7928393327,748812.135386077,942617.1011292578
2029-07-04,Balanced,408076.19054680073,538688.7686372012,640634.4020886447,749578.1024567513,943609.6138604359
2029-07-05,Balanced,408152.1238668577,539629.160644196,640625.9544220011,750612.2800719026,941224.2319030652
2029-07-06,Balanced,409300.42902540846,539449.6122346906,641422.9553990988,751252.6168784556,942470.700592937
2029-07-09,Balanced,409094.35278542567,539413.9947986783,641583.1072847992,752116.4035983954,945331.8049157489
2029-07-10,Balanced,409249.4602023934,540843.3381696994,641968.4307678498,753431.7481492384,947437.2053483331
2029-07-11,Balanced,408175.4868968057,540805.0797146733,642980.8222149871,753860.2521475715,947769.6026169551
2029-07-12,Balanced,409925.5700763811,541235.862936561,643339.90234157,755004.2037146572,948427.9863882727
2029-07-13,Balanced,408368.35743917106,541348.666740647,643530.8292984064,754593.6921306544,950979.7261351037
2029-07-16,Balanced,408450.7472734345,541916.9083582017,643798.1811010113,756815.1244894782,951948.7387693604
2029-07-17,Balanced,409373.3740863672,542433.3584138764,645483.269509845,757048.3520430834,951298.7468415643
2029-07-18,Balanced,409111.467860548,543100.019933745,644963.0550512502,757393.9825560773,952198.1372874806
2029-07-19,Balanced,410138.5547306163,542694.6214973629,646908.2170495372,757819.5684039125,953351.6396518766
2029-07-20,Balanced,409434.5820373156,544124.514256787,645591.7035547933,759252.0887637832,953390.7405933815
2029-07-23,Balanced,410374.85059554887,544328.6028696315,645395.6862390542,760113.1263612033,955567.4318760847
2029-07-24,Balanced,409942.6398087505,544562.6727688657,645860.8199517466,761101.1730630775,956488.4422868387
2029-07-25,Balanced,410437.2212514018,544855.1997136429,646328.9336097084,762715.3143430818,960227.8017456344
2029-07-26,Balanced,410674.41323796613,544618.3276773008,647296.3128102738,761533.8757152511,959254.6308693694
2029-07-27,Balanced,411531.46570166707,545026.6378761509,647765.3249038197,761520.9110923352,962250.8466996396
2029-07-30,Balanced,411593.0567728975,545942.4357852808,647789.3185990857,762103.4223846637,960582.8184696916
2029-07-31,Balanced,411862.5336597079,546104.7777826558,649295.2752400734,762066.3313870627,965291.9525053966
2029-08-01,Balanced,411706.6183996712,545520.6889035469,649008.3851198561,762117.5635920528,963073.7662115163
2029-08-02,Balanced,411403.3974221976,546361.9091649887,649007.2761859556,762885.0738979286,963892.5577905407
2029-08-03,Balanced,412478.06503347744,545824.9348185048,650971.4236558152,764041.6186925259,964325.4706382165
2029-08-06,Balanced,412280.2227807369,546080.6561612571,651652.5121768044,765982.98525649,965730.5584661698
2029-08-07,Balanced,411541.3459169363,546048.6577202284,650596.214037044,767145.8357879021,965189.8553775592
2029-08-08,Balanced,411607.89498068165,545632.9566952394,651364.7357333932,767200.283271548,970167.7020760772
2029-08-09,Balanced,411329.7176340865,547808.5066107968,651978.897837776,768092.4846263619,969690.7155142588
2029-08-10,Balanced,411332.8561129857,547478.1743970516,652176.4211843815,769360.8106361094,971871.3660490076
2029-08-13,Balanced,411458.37117877306,548382.6452662103,653072.9012324505,770469.2798331173,971966.7995509946
2029-08-14,Balanced,411838.78489842324,548037.8641075729,653494.1851825023,770387.6930804041,971530.4678883837
2029-08-15,Balanced,412808.65497755475,547544.2837283827,654028.4008069834,771305.412907457,972652.9017739643
2029-08-16,Balanced,413253.6539976855,548484.182863639,654504.0897139895,770703.037781147,975196.88159899
2029-08-17,Balanced,413111.2669184799,548544.9927280836,656187.4982054951,770372.9734657665,976594.3173683939
2029-08-20,Balanced,412411.3141849365,549225.5175828342,657358.7562455579,771261.7324236634,974902.3946255913
2029-08-21,Balanced,412965.04546974326,549113.0881752558,657234.6808241734,771532.7790907337,974322.9765377427
2029-08-22,Balanced,413596.52954522945,549338.3725794513,658024.4811621984,772881.7152058501,977188.1071429541
2029-08-23,Balanced,413417.228344488,550227.0530411389,657822.5909694552,774406.7933856868,978013.6595574135
2029-08-24,Balanced,413231.9234729191,550341.0522866086,658863.8876153177,774691.0112622512,978849.9247439337
2029-08-27,Balanced,413641.0731756612,551033.430098333,659520.4503415038,775876.3084695754,980101.534997317
2029-08-28,Balanced,414950.03443980176,552131.7152093647,660152.0482976355,776543.0300392132,980455.5116002935
2029-08-29,Balanced,415377.3862289902,551647.8543912584,660572.0062204392,775569.5240383686,979245.9369125037
2029-08-30,Balanced,414673.5353743341,552735.0207961423,661533.6036903972,776989.0649434802,980349.1678402831
2029-08-31,Balanced,415773.5412768255,552690.1193190722,661423.3527467565,778066.7909176988,979129.0334148214
2029-09-03,Balanced,416677.56370408344,552315.6163201687,660996.169900887,779340.7654479719,981080.2897623694
2029-09-04,Balanced,417111.2174215518,552631.1506831361,661200.280834043,779571.1091336098,985106.6230761702
2029-09-05,Balanced,417566.16894756083,552578.0136696522,661721.0480029474,779465.6963235046,984140.2284428437
2029-09-06,Balanced,417402.44234963227,553427.9820399855,662206.6960551478,780480.2249628269,985187.9180824035
2029-09-07,Balanced,416560.4106311986,553533.2208467931,662396.1009245991,781529.4258367751,986345.0506810546
2029-09-10,Balanced,418186.83895859454,553992.0594429093,663023.3835455531,782416.8343425421,985234.5059563051
2029-09-11,Balanced,416682.71846200427,554306.1117262559,663756.9973446124,782161.9695986081,988837.5393914874
2029-09-12,Balanced,417096.5555308359,553930.574122858,663976.611867053,783607.668521036,988465.4436713759
2029-09-13,Balanced,416610.39722234977,554000.2799111234,663425.9036001142,784659.9768132528,990563.0239468293
2029-09-14,Balanced,416788.6843129175,554465.1098963841,663548.2402614888,785922.2485872626,992108.3611205743
2029-09-17,Balanced,418034.11674304435,554685.5487116119,664698.1301555997,787169.8966841178,991706.8771585019
2029-09-18,Balanced,419788.5805578901,554235.24254978,665486.330914807,787698.2526176998,992646.243326472
2029-09-19,Balanced,419035.7011199718,554961.0496155181,665078.7618836288,788272.2274134632,993624.578396988
2029-09-20,Balanced,418470.8586285817,556212.2328536637,665585.0847210973,788402.8267887522,994166.5289036833
2029-09-21,Balanced,419501.5938904492,556965.5435634411,667185.7957472508,789076.2406940087,994745.7545339245
2029-09-24,Balanced,418752.08825587033,557266.0986535335,667758.7474818474,790242.3787107543,994096.4100198075
2029-09-25,Balanced,418811.41673463286,558155.2860672887,668071.0273513877,791565.7810668088,993618.0122052986
2029-09-26,Balanced,419082.8994231154,559058.5014825192,669381.1082920397,791274.6967607347,994119.052497872
2029-09-27,Balanced,418691.7119748866,558539.033794122,669823.8168278101,792533.7307018781,994566.4736628741
2029-09-28,Balanced,418368.54101373005,559659.2718368729,670860.6848285359,792995.965578782,993627.2980443381
2029-10-01,Balanced,419928.6058345448,559994.6537085364,671577.2374262502,793151.6392197006,998361.903961702
2029-10-02,Balanced,420728.69830529235,559681.8243509574,670590.9547217569,793822.5417958936,996688.4149473116
2029-10-03,Balanced,421184.25848475867,559906.1169129419,671958.2936624953,793989.7782035879,997124.4922518276
2029-10-04,Balanced,419638.76426261174,561071.4731754981,672283.34953818,797598.8847163878,1001020.2458565693
2029-10-05,Balanced,420348.1821084968,561648.7723521293,673052.1552219642,797338.2108591315,1002042.3602362048
2029-10-08,Balanced,420031.54714568035,561685.2455024994,673452.6607370104,797699.7814268699,1001710.3594059434
2029-10-09,Balanced,419491.7300899156,561800.3826709817,673440.7295256113,798890.4522020952,1006900.1968396216
2029-10-10,Balanced,420123.43122984143,562501.0042901835,674355.0726045184,799172.3644070608,1004715.7480809283
2029-10-11,Balanced,419701.474861351,561902.0662540642,674731.6070324233,801831.2312847469,1005818.9278812704
2029-10-12,Balanced,418814.5273751531,562397.9629272444,675061.7528021131,801856.387116481,1007923.3119956123
2029-10-15,Balanced,419630.21603151155,562499.7829937439,675433.4298569076,801589.4460711889,1008428.1594797453
2029-10-16,Balanced,420218.2219943836,564006.1904058456,675431.5804987974,802111.2045385954,1010056.8591520551
2029-10-17,Balanced,420512.9447989942,563906.687308141,676139.1448578415,803747.0355794212,1010257.6043574931
2029-10-18,Balanced,420836.3082220721,564016.64379725,677265.3553654364,804510.8416549503,1012324.5735210053
2029-10-19,Balanced,419535.4579989683,564829.6797248821,678450.7276104589,804400.1570987168,1013114.7449518922
2029-10-22,Balanced,420920.0159674791,565706.6232731959,677762.8810778973,806892.5263578324,1014791.1052019285
2029-10-23,Balanced,420484.6723839149,565990.0343663737,679232.3495996622,807591.4203949473,1016207.6240763813
2029-10-24,Balanced,419758.4866905357,566112.0815040616,678852.0179366597,808937.3726800343,1015672.991599283
2029-10-25,Balanced,420816.3372340865,566112.9693757251,679796.2355184541,808922.841824705,1019621.297803971
2029-10-26,Balanced,421041.2673435447,565748.3583419188,679762.1222270892,809757.0706230775,1016164.2925105662
2029-10-29,Balanced,420466.65030592255,566057.01332386,680461.5885244812,810179.982420519,1019060.5339414768
2029-10-30,Balanced,422145.2035317368,567072.8022722863,680554.7508380795,810513.8275543682,1022872.7653349999
2029-10-31,Balanced,423240.9631168993,567423.5833462632,680475.7269093192,810950.312905516,1024002.8643277212
2029-11-01,Balanced,421988.129707927,566953.8278049717,681498.9388993337,811519.2701425223,1025158.3728546912
2029-11-02,Balanced,423178.638123937,567946.142005932,682189.5486628558,812637.8057854734,1025320.2792557428
2029-11-05,Balanced,422497.6695266754,568478.399155677,682800.713391025,813021.9865384486,1026585.9543114409
2029-11-06,Balanced,423455.152729607,568818.2183870388,682286.7244666952,814657.0396130028,1024436.2824022953
2029-11-07,Balanced,423792.753010631,569397.5378540009,683201.7542153398,814764.0940996367,1026052.4686107287
2029-11-08,Balanced,423668.65931552625,568544.8353234277,684004.3818811148,815969.4814810278,1029000.9872264552
2029-11-09,Balanced,423859.69917396543,570158.3948961385,684207.1099699473,816389.7333627619,1030386.2033175
2029-11-12,Balanced,423571.27868441935,568984.5832717855,684122.7052052298,816849.3842048165,1030948.9563816178
2029-11-13,Balanced,422886.30782403104,569539.6926503098,684486.6688094661,817627.420792868,1031304.2445795975
2029-11-14,Balanced,423371.91848891065,569207.044141212,685134.6706062475,817660.3178979153,1032480.3469355041
2029-11-15,Balanced,424359.9848082475,569754.3584306035,685644.2074367788,818415.0680110542,1030768.8233863679
2029-11-16,Balanced,424905.14319624676,569909.9208191086,685665.9540210249,818597.4242876187,1034702.3968297496
2029-11-19,Balanced,424567.8831568371,571022.3708686202,685992.1393942474,820110.924373981,1035980.288947743
2029-11-20,Balanced,424879.9074897342,571667.1117648518,686796.1510561663,820747.7930373425,1041528.2644591602
2029-11-21,Balanced,424840.46368222404,571869.5765165136,686748.4390380657,821240.0113426885,1039520.817857173
2029-11-22,Balanced,425514.26869980205,571832.8383720065,687327.0041641151,820682.6498046352,1039454.0036915577
2029-11-23,Balanced,424049.71636356425,571395.1353596654,687830.3320095683,820487.7212532794,1041600.8146310941
2029-11-26,Balanced,425313.29586655676,571687.6948645343,689171.2791169053,822218.3508134488,1044028.4252838694
2029-11-27,Balanced,426216.2944768819,572356.6528165487,689555.9461326187,822346.426988923,1043981.2166966957
2029-11-28,Balanced,425239.8705164065,572849.9609455628,690156.6792312509,824719.7090271758,1044706.0147663251
2029-11-29,Balanced,424146.47490771266,573675.9962765953,689882.4563274349,824983.0571672403,1047975.0362223807
2029-11-30,Balanced,426359.9269883159,574347.8957094006,690405.3549669422,826023.6162942798,1048499.8487179962
2029-12-03,Balanced,425507.2652207709,573549.9763645197,691353.6272203561,826717.2048986789,1046556.062029856
2029-12-04,Balanced,426037.9733945148,574039.2037989413,691052.0854161547,828319.952535124,1050325.3146465188
2029-12-05,Balanced,425108.896191249,574661.4646078702,691101.0969669274,829107.3117608493,1050618.6193192317
2029-12-06,Balanced,425674.6479136316,575117.5080141297,692576.025276852,828121.469410221,1050503.3827957814
2029-12-07,Balanced,425540.2001005127,575975.2647903275,693287.2665725942,827966.2190452028,1050638.4699906667
2029-12-10,Balanced,425715.73019697325,576138.0141759249,694018.1259475811,829395.667527197,1051425.3959493667
2029-12-11,Balanced,426512.29233498045,576317.4042705422,694554.4932244984,830833.7129936942,1051901.0162781584
2029-12-12,Balanced,426915.14920836233,577307.881747416,694631.827994201,831969.2776069907,1053984.479558316
2029-12-13,Balanced,427424.2825105279,577266.08815723,695342.1505143235,831328.114498603,1055684.3815491765
2029-12-14,Balanced,428076.5466806124,577187.2219021937,696101.2191414546,833120.0241531271,1055979.1043255853
2029-12-17,Balanced,428934.2682531253,578316.6897564454,696187.221033857,832560.3728236448,1053645.8005842823
2029-12-18,Balanced,429033.9991717324,578436.8708103825,696146.5269056282,831940.6816674242,1057632.5832596866
2029-12-19,Balanced,429628.3865164403,578078.9424802153,697689.6471756893,832870.945254814,1057704.8286076384
2029-12-20,Balanced,428880.99456773826,578718.693814297,696945.3227246797,833791.3066652839,1059009.1682409379
2029-12-21,Balanced,428536.4398512136,579650.795641324,698551.1810551324,834536.126915982,1062848.759869599
2029-12-24,Balanced,429129.86744211445,579333.852349829,699012.0224607773,834476.9899045292,1063180.7827036774
2029-12-25,Balanced,429361.65949005913,580396.8845558425,698939.8496182472,835743.5047107462,1061388.5741216526
2029-12-26,Balanced,429788.5118648858,581325.4457086493,700047.8957270549,837150.4627330698,1062888.7990138237
2029-12-27,Balanced,429063.2704504374,581278.9521777191,700678.4914952037,836411.0391817538,1065585.8333343035
2029-12-28,Balanced,429838.4142505324,582428.2787608647,700293.9555075893,838753.6927957719,1066867.8665196511
2029-12-31,Balanced,428417.863677252,583061.0079251037,701713.7973890684,838654.296230116,1069027.929968398
2030-01-01,Balanced,430153.64455389924,583290.677367346,702829.3470507974,839848.1309871175,1069467.4194238582
2030-01-02,Balanced,430786.6712616582,583061.0135411648,703400.6976503299,840871.0371314419,1069743.4014719736
2030-01-03,Balanced,430244.8895093399,584143.1572774807,703588.5310944504,841076.4491380117,1071418.872817511
2030-01-04,Balanced,430100.64150125074,583444.9772642192,704409.1753749736,842119.5621929773,1072638.8012760887
2030-01-07,Balanced,428362.5812163107,584299.4596909948,703953.3116069832,843245.1677558287,1076878.4523916533
2030-01-08,Balanced,430450.33046947455,584146.4319019754,704270.9647514832,844434.9123783566,1077430.247632587
2030-01-09,Balanced,430742.5428747856,585007.8863627946,704008.7919544472,843970.5300989937,1079904.7526048138
2030-01-10,Balanced,431868.28791350883,585755.2277431707,704371.2226309754,844789.7298286601,1079800.9800428129
2030-01-11,Balanced,432825.6304657273,585422.3606947099,705057.2142323304,845673.6533049336,1081421.8311249188
2030-01-14,Balanced,431614.06217314734,585048.5707742881,706205.9208805359,845863.0234723989,1079768.8681673098
2030-01-15,Balanced,431909.7067004764,585331.0180065823,706950.8614574824,847282.6597271311,1084488.4154287092
2030-01-16,Balanced,432904.29866942833,586066.1069287137,707506.1873369534,847627.2965979222,1086666.621103983
2030-01-17,Balanced,432277.47273250273,586109.986606238,708344.31677701,847508.7165717098,1088527.6999414135
2030-01-18,Balanced,432959.86535511457,586006.2041190246,707710.2897611815,848066.5266672819,1090944.4338011774
2030-01-21,Balanced,432239.1525135754,585524.069437512,708447.6332089994,847699.5880926494,1090788.0950070224
2030-01-22,Balanced,433332.35429244867,585871.8888825835,708546.6006354522,849554.0384069851,1093700.0919704738
2030-01-23,Balanced,433033.42386106413,586300.2794371413,708953.2035205966,848967.9740851272,1094136.000456811
2030-01-24,Balanced,433515.47590924223,586420.7053780624,709550.3160313227,849582.0903446542,1096556.7013101005
2030-01-25,Balanced,433518.85034478287,587792.1987630669,710337.3443549152,849496.2965409142,1094490.7993895514
2030-01-28,Balanced,432890.7404604215,586400.0922969149,711428.6363282399,849159.4582609427,1095075.2197628864
2030-01-29,Balanced,434091.7509426336,587503.7516863166,711349.9908022742,850682.0157819174,1097375.1004861519
2030-01-30,Balanced,433266.5522154332,587673.5148679375,710616.5469658597,852792.1611715993,1096539.7709153346
2030-01-31,Balanced,433011.49593514996,587657.0570287879,711939.3577008898,854300.8136039546,1097313.743249561
2030-02-01,Balanced,433391.24828943436,588131.9459932251,712946.439203297,853617.7694979848,1095426.2401695207
2030-02-04,Balanced,432547.6504720632,588612.0450752263,713090.8056527977,854584.5090469545,1097050.0142148945
2030-02-05,Balanced,433361.93555145466,589395.3538413135,713163.40901064,855679.7614381666,1099757.2973618335
2030-02-06,Balanced,432266.83650953945,590609.1164058727,714604.222179016,857432.0887473073,1098660.6027189074
2030-02-07,Balanced,432638.0250350377,589574.6858045575,715772.0877685873,857657.5784545215,1104552.1069426017
2030-02-08,Balanced,434198.90278886707,590866.3649547248,716142.1326030348,857944.7789026569,1106813.0799810786
2030-02-11,Balanced,433672.3282271444,591199.9212761881,716893.1010087624,858844.9010511679,1106160.4954493418
2030-02-12,Balanced,433648.0557092579,591576.2489750048,716726.5397292392,859436.1523887056,1107102.0502971765
2030-02-13,Balanced,433292.05306874274,591723.033307462,717556.0144416078,860665.1477936036,1110585.2414323138
2030-02-14,Balanced,434799.8950949446,591836.413453217,718162.9061090501,860768.0156371954,1111830.7354768727
2030-02-15,Balanced,434816.6881172451,591951.0003043446,718829.9828115288,861584.9830510787,1115427.1323801654
2030-02-18,Balanced,436005.7653995375,592827.6019611163,719601.3904472888,863091.5254307378,1119337.3413429966
2030-02-19,Balanced,436127.80876471807,593049.162816494,719655.1564880433,862624.9628571719,1115536.6078683005
2030-02-20,Balanced,436961.7394283902,592675.8760095992,719605.8753810301,865845.5506000102,1116820.7694657526
2030-02-21,Balanced,436748.14654904767,592127.8366301298,719751.7289274362,865291.0047991513,1116337.0633166668
2030-02-22,Balanced,436213.88388966006,592576.3529371483,720399.5916257924,867500.9455157177,1116113.948805315
2030-02-25,Balanced,436607.3315040249,594072.6432767508,719905.7250479171,868103.3983529079,1116344.6403390213
2030-02-26,Balanced,436134.0715413175,594453.094994556,721890.9348782714,869945.0276710214,1120190.267721554
2030-02-27,Balanced,438082.63910344423,594254.3418026755,721900.7899638461,869942.7108393586,1120500.4643611081
2030-02-28,Balanced,435506.76045050693,594129.7024373445,722552.120030657,869426.1609446114,1122398.1432758328
2030-03-01,Balanced,436066.17696850345,593874.301625672,723517.7879350365,872333.3048540533,1122986.8692367438
2030-03-04,Balanced,437310.0867901283,594169.4730690282,722950.7507154396,871700.7385769442,1124238.561676746
2030-03-05,Balanced,436490.840834361,594533.0504919357,723034.5425609208,870321.7074883094,1124798.4452438422
2030-03-06,Balanced,436828.75363914546,595806.3178971891,723163.1302820838,872345.041769272,1125787.5962364513
2030-03-07,Balanced,435756.8022398583,597049.7885905673,723527.3233291619,872479.5162413642,1126620.2249700055
2030-03-08,Balanced,437328.65976336773,598216.7253302021,723605.4192932864,873102.3982330436,1125953.222407024
2030-03-11,Balanced,436306.9340466183,597759.6492884282,724542.3662051398,873636.0303448732,1127041.2673220949
2030-03-12,Balanced,435386.03217605676,598118.5619471914,725302.6683752579,875816.2879536555,1128188.9078372163
2030-03-13,Balanced,435212.68398389244,598572.8366305052,726162.3688005593,876681.7708605466,1128285.1983160079
2030-03-14,Balanced,435867.3015082637,599409.1064367888,726651.7088198839,877524.192001895,1130123.1593896663
2030-03-15,Balanced,434986.3041546666,600557.3447487011,726148.2674172651,876756.5242863098,1132076.3541946386
2030-03-18,Balanced,436017.6028562054,600150.2237162618,727676.2014473209,879266.6761862949,1133317.9551550583
2030-03-19,Balanced,435427.500521337,600595.3069280674,727486.3941316602,878245.2929327129,1134032.8895986727
2030-03-20,Balanced,435992.2406610113,600929.4395013282,728854.957583674,878979.3576695962,1132549.6335857622
2030-03-21,Balanced,435778.4762315626,601853.2491093886,728754.3410344206,880048.6543672031,1136123.2624341901
2030-03-22,Balanced,434097.4160235493,601910.0923038226,730406.8509289667,879404.1620860188,1138014.946482111
2030-03-25,Balanced,436746.73580421525,601771.9182104677,731054.2444104468,880534.6470967436,1140974.1823585045
2030-03-26,Balanced,434826.1050393403,602995.0500094806,731744.6124013674,881449.4610452666,1139976.7187562718
2030-03-27,Balanced,435569.1792675797,602720.331518592,732323.410047659,881742.1052434149,1142659.4491730586
2030-03-28,Balanced,436336.5837913869,604053.4966205903,731548.9518114213,881137.7493156118,1139984.5011998622
2030-03-29,Balanced,437536.6920150157,603815.0875537114,732838.7630215378,882556.6575162954,1141361.316870993
2030-04-01,Balanced,437577.9105945332,604067.1316391957,732888.6828862213,883336.5383789334,1141098.4726511848
2030-04-02,Balanced,439790.8887479651,604955.9303441142,734392.9173263733,883460.0830234592,1140027.4866646235
2030-04-03,Balanced,440385.2901800536,604608.1658964199,733604.8110485066,885349.7479554204,1141177.5198306683
2030-04-04,Balanced,440508.0036557301,606222.5382948262,734990.3466325186,888445.0433984018,1145741.710640653
2030-04-05,Balanced,439574.4593370935,606507.2967718784,735410.897927506,888972.3346901261,1143704.2971195104
2030-04-08,Balanced,439161.41290125716,605808.3151971537,736519.7643234027,889331.8716917102,1143956.076303765
2030-04-09,Balanced,439969.22380430496,606437.1592976204,737564.1687159328,890104.6569304238,1144277.677834631
2030-04-10,Balanced,439518.19735177286,606607.9488735637,738515.2503691046,890752.2198536801,1143203.6044922157
2030-04-11,Balanced,440516.3677758094,606541.8955916405,739536.4757480395,891858.2322044194,1145563.8475994605
2030-04-12,Balanced,440237.8837106278,607707.003894846,739401.1013407984,890855.9918730542,1149208.4498932837
2030-04-15,Balanced,440608.76167487213,608525.3908110071,738905.4260468769,893198.9209844638,1150832.3527281329
2030-04-16,Balanced,441099.74121674086,608904.3688392509,740234.0711846465,893461.4941108964,1155839.9353824514
2030-04-17,Balanced,443219.4714943079,609353.9652656434,740455.6288175252,895300.2963207484,1153690.1992279051
2030-04-18,Balanced,441667.14531262836,608952.3191426158,741441.3862792231,896761.9857414431,1157961.1719801303
2030-04-19,Balanced,440588.13536915387,609602.88696202,742078.2334365865,896831.4261967451,1158182.4955983122
2030-04-22,Balanced,442191.9092567587,608414.5437549392,743323.8109327476,897394.1001213077,1153197.9242246533
2030-04-23,Balanced,441967.28418788797,608655.265002586,742360.9901418379,897873.429782478,1157114.6233347608
2030-04-24,Balanced,442761.70688925777,609679.4076558503,743291.2688780278,898054.9504374596,1156303.7769924563
2030-04-25,Balanced,442136.64868211054,610389.7643921652,744592.358191071,899601.0846127629,1159482.2339208967
2030-04-26,Balanced,442577.626520765,611199.1758502545,745787.7338939589,899029.010025411,1162941.8052681927
2030-04-29,Balanced,442982.88858689595,611173.7817754105,745801.2627836089,898611.3991544018,1163845.0882163693
2030-04-30,Balanced,441336.5351915385,610714.7081191262,746024.115913902,901349.0901762994,1163042.7621493023
2030-05-01,Balanced,442458.5082336687,612452.3169438818,746213.3441239649,902761.1387531597,1162041.462589898
2030-05-02,Balanced,442260.87903475243,612090.8963047559,747166.8002418018,903277.7445131675,1164351.087240791
2030-05-03,Balanced,441167.8610366077,612257.7403687591,746559.6739262308,902941.3816091662,1163665.272682315
2030-05-06,Balanced,441546.9817100393,611807.1398652724,746753.0775533089,905055.5544106484,1160697.5575561938
2030-05-07,Balanced,443027.3855727426,611783.397858449,746099.6007667846,906440.9795968619,1164311.8034536564
2030-05-08,Balanced,442978.1785852205,611363.7204182185,747355.3515399841,907769.8473384475,1161771.2500148418
2030-05-09,Balanced,442637.48275159445,611989.9355511117,748490.955271363,907387.919467632,1168752.4092280604
2030-05-10,Balanced,443577.89831657725,611620.2435207833,748302.5653543507,909670.0733748586,1168276.9931275707
2030-05-13,Balanced,445434.10342561745,613463.7807457218,748905.2123105519,909074.9112491208,1170115.944885752
2030-05-14,Balanced,444573.42694447574,614191.7623181767,750127.1197388957,909626.0048040965,1171890.2713625184
2030-05-15,Balanced,444489.4737262273,613561.1461627975,750540.2564761448,910847.0260252173,1169202.3202981285
2030-05-16,Balanced,446153.89004775893,613293.8306149971,750205.0934711802,910526.5357283253,1172894.6600379536
2030-05-17,Balanced,446122.63294927805,614019.6343697866,750496.7785284955,912720.4934415078,1171545.4883111387
2030-05-20,Balanced,446099.34624260827,614753.115574124,752317.3642494387,913119.4460987999,1172262.998910408
2030-05-21,Balanced,447640.0797779742,614599.6712043679,751439.6602920534,912326.4004145026,1174351.5821681928
2030-05-22,Balanced,446552.77928616747,613730.3518118551,753365.096323692,913718.3946854725,1174346.0015932408
2030-05-23,Balanced,447379.57670543523,614840.8207009258,753769.2964985672,913056.7864621335,1176530.820659121
2030-05-24,Balanced,448009.699919843,615559.600982968,753549.0801066658,914676.3081167231,1178029.3057864616
2030-05-27,Balanced,448489.6169496644,616085.077961829,753819.935198273,914566.5056687011,1179489.207269863
2030-05-28,Balanced,448830.8828486623,616652.5180685351,754734.7289832584,915728.5569770904,1182824.3460462736
2030-05-29,Balanced,449089.0793087936,616297.7829752873,755928.4451022127,917413.1688146681,1181286.6877677129
2030-05-30,Balanced,447364.9977997767,616423.552273497,755328.3447956797,918390.2212700201,1185938.4836715655
2030-05-31,Balanced,447045.5790782625,617545.0843004781,755880.2376764873,917922.8890591566,1186172.3319504778
2030-06-03,Balanced,445727.60046925955,618378.8889970143,756144.1211471485,918362.2662432175,1184792.4010612466
2030-06-04,Balanced,446043.2003710301,617050.197438962,756893.6651560181,917818.4485158925,1184054.255349584
2030-06-05,Balanced,445662.448322153,618985.8588343164,757490.1933854603,919590.9247873485,1188251.0907165678
2030-06-06,Balanced,446858.90579888166,618603.6080394804,759384.0435876183,919558.2475644266,1189201.871753466
2030-06-07,Balanced,449338.24255973,619544.7295539547,760346.5592274605,921212.4624646422,1194781.4129314553
2030-06-10,Balanced,449476.9377490672,619466.2509878627,760241.6755068544,921056.8539848148,1195958.1818259517
2030-06-11,Balanced,451429.52811861184,619883.1026744812,760931.500104759,919849.4408078474,1194828.7489695714
2030-06-12,Balanced,451585.7009930096,620007.7034424815,762152.6515173132,921219.8678717454,1199284.7564026795
2030-06-13,Balanced,450047.4293541935,622015.3923188179,762402.4576889966,922902.2787521685,1200716.2570363113
2030-06-14,Balanced,450138.11336130375,621750.6583474278,763188.5640469068,923957.4150125602,1199145.8432995044
2030-06-17,Balanced,451063.2425897925,622190.1521217164,764006.3345156594,924376.3036314594,1200550.7252874416
2030-06-18,Balanced,450809.28296884213,621841.0942061808,765497.3270310966,924581.3751180297,1201517.4079021083
2030-06-19,Balanced,453006.4414022149,622825.4566203167,765430.3216989979,924426.3301833107,1204620.3702518141
2030-06-20,Balanced,451414.41557199805,623584.5023430855,765432.7983422265,926239.6294904257,1207689.6570341848
2030-06-21,Balanced,452903.5786526129,622308.6457236327,764680.0025168586,925882.7854497674,1209259.8650671192
2030-06-24,Balanced,453673.419595276,623298.8974302082,766147.8516761884,927584.1099115723,1208120.838548983
2030-06-25,Balanced,452997.49353073875,622910.8956958284,766236.7139592671,927144.7133926114,1208545.0661270937
2030-06-26,Balanced,454170.2870927506,623708.2782430573,765505.8358394203,929604.6511493858,1210091.444134166
2030-06-27,Balanced,454183.95707171573,625229.9976248973,765684.7889283292,929384.756330118,1209856.3189230869
2030-06-28,Balanced,455510.4909851732,625371.0357087166,766626.2475178465,929872.1453544404,1210707.2702214662
2030-07-01,Balanced,455072.22245669866,626372.6956014703,767593.159029434,930623.7048576734,1209945.3420079823
2030-07-02,Balanced,454713.23551753216,625683.9919871954,768508.5049790724,931166.6736877229,1207694.928972967
2030-07-03,Balanced,457202.8047508798,627648.8353863335,768235.3765315271,930941.4213687143,1212458.9223609956
2030-07-04,Balanced,456621.1463616846,627581.8717342906,770295.3800099831,931233.6007401878,1209103.0362715572
2030-07-05,Balanced,454994.5744241504,628561.1966011924,770934.851828272,932988.6428117936,1210875.6389016428
2030-07-08,Balanced,455776.47173936013,628829.4058137953,770405.7169657203,933478.6771041779,1214623.2219706364
2030-07-09,Balanced,455341.93606086524,629107.9173084659,770697.5176135208,935681.7135795184,1217218.374102568
2030-07-10,Balanced,454936.31826235045,628718.342668785,770279.1745790589,936911.839408291,1219657.0242359787
2030-07-11,Balanced,457780.08201764955,629903.4220579073,770804.8729622704,938643.9384992316,1222583.7346283467
2030-07-12,Balanced,458143.7726481805,630353.8370316569,771900.2222447274,939506.0969149204,1220481.7561956767
2030-07-15,Balanced,458489.72052493127,630798.0321785612,774323.4440028415,940260.7910811305,1223498.678456168
2030-07-16,Balanced,459156.66303406283,631218.7738522389,774292.4899392442,940533.2474832701,1222548.2763901874
2030-07-17,Balanced,459907.0547934401,632675.5518683083,775294.1510610525,942400.7282093188,1224894.0923177851
2030-07-18,Balanced,459625.8667476677,632875.5794002138,776271.4758735439,942475.071577883,1227559.4291689985
2030-07-19,Balanced,460931.0857972721,632980.18131863,776032.3943032317,943106.7474270101,1223770.2883896404
2030-07-22,Balanced,461350.17833842826,633904.6369842985,776246.7665765325,942829.6151701859,1226682.458199273
2030-07-23,Balanced,459954.4037651559,634991.6392939494,775798.041856172,943329.4029867261,1226077.4934053926
2030-07-24,Balanced,461809.89166513114,635199.328091563,777080.5371749513,944784.6316930794,1228285.8870828291
2030-07-25,Balanced,461672.49908725964,635806.5283666037,778458.0318884454,945548.0800590729,1234006.8767993455
2030-07-26,Balanced,461489.925949774,635385.2721580669,778833.6348012544,946171.7467860435,1233337.0530561935
2030-07-29,Balanced,460910.3589756902,636473.4566424792,780298.5767597202,947698.636434031,1233930.445627869
2030-07-30,Balanced,461204.77172497817,637125.3519760157,779333.3660260872,948938.7927686409,1235603.512496126
2030-07-31,Balanced,460987.6875827268,636721.4100424601,778204.2216637228,950829.0808211213,1230186.648384163
2030-08-01,Balanced,462150.4919642576,638033.5574467033,779342.2110802575,948882.901514499,1231122.3564305617
2030-08-02,Balanced,462960.8225187167,638380.2197044543,780399.9909441373,950205.4093342888,1229707.2307417006
2030-08-05,Balanced,462706.17553424987,636532.349789659,780679.5431202943,950492.1072680823,1232808.17493299
2030-08-06,Balanced,462324.3248866904,638070.5878752698,781320.4473396982,950502.9016561768,1234825.0618890002
2030-08-07,Balanced,460287.54441541806,638979.9437856376,782413.3770963212,950652.4202943335,1239295.215487182
2030-08-08,Balanced,460326.6505334434,638594.3715880679,783070.0144095056,950209.2414275358,1239477.4834195639
2030-08-09,Balanced,462333.3588994907,638774.8353703251,783414.3802487667,950914.9095973086,1238105.3464277582
2030-08-12,Balanced,460669.7674581189,637466.070112694,784477.7227543131,951919.2333167279,1241234.5289849986
2030-08-13,Balanced,460755.064344702,639984.0515555238,785083.6046188984,952414.7669524935,1240237.3561799035
2030-08-14,Balanced,460738.11480684194,639230.7167630113,785604.5745506478,952779.4182982281,1241548.274864689
2030-08-15,Balanced,460544.9487008743,640239.7360562015,785477.005146947,953366.3658152773,1241370.890197454
2030-08-16,Balanced,461773.24306141835,640530.4504639023,786366.9013367717,955821.7074579546,1241784.96033943
2030-08-19,Balanced,461534.2366401122,640557.6923365521,786617.8783905018,956869.9540953231,1245069.3784828999
2030-08-20,Balanced,461896.61396475346,641860.1585253585,787892.867107841,957721.2680077906,1243561.5727243477
2030-08-21,Balanced,463475.07325375045,641881.2076521559,789276.4054646998,958776.8215053028,1245543.2460419596
2030-08-22,Balanced,463978.58591106295,641716.7175115682,789779.9994016902,959314.7822603227,1244493.011921207
2030-08-23,Balanced,464523.19330050144,642641.5218276992,790856.8466900043,959738.48218919,1249597.946658505
2030-08-26,Balanced,463741.22942635283,642494.2725890945,791235.2959584142,961853.013735346,1249116.0431581333
2030-08-27,Balanced,464142.02227423154,643019.4865650315,790863.3865492784,963242.2380465993,1248652.71580896
2030-08-28,Balanced,464132.1236280066,643219.1638316158,790981.9678550599,964261.202044945,1249150.4297902647
2030-08-29,Balanced,463665.3049874839,642631.9759782746,792526.8213918452,965308.4691522982,1250306.2225586092
2030-08-30,Balanced,463359.6882222586,643712.7078610774,793346.34775043,965109.1922290237,1251567.5439708626
2030-09-02,Balanced,463660.4174922269,644136.042619838,792210.3947583039,965181.8460163086,1253727.963050888
2030-09-03,Balanced,463904.2948305246,643377.892945261,792523.6633887662,965914.2522889891,1254842.2320991817
2030-09-04,Balanced,463699.97010201536,644828.8760657518,794512.8933342345,966842.3143032788,1252650.4121195122
2030-09-05,Balanced,464690.2391478473,643753.6888399309,794673.0137017427,966967.051848949,1253068.604374259
2030-09-06,Balanced,462414.69552511856,646757.6999831556,795221.991624166,968098.4056001832,1252745.5860811898
2030-09-09,Balanced,463346.1626960578,646300.4383118978,796070.4506786545,969303.0706968133,1254328.6944659976
2030-09-10,Balanced,463201.49547326297,646688.9633955945,796057.9703080822,968993.5549184205,1253661.3635017877
2030-09-11,Balanced,464127.94923709304,646646.8775653362,796731.8107452103,968652.5725859783,1259598.4545632692
2030-09-12,Balanced,464409.0576670851,647153.8265765597,798986.5200347796,970271.670466544,1260129.6954977883
2030-09-13,Balanced,465068.1576999747,647590.4218006266,799503.9170980181,970427.6916616573,1259404.9502966872
2030-09-16,Balanced,465202.51302937046,647436.0985759313,799333.3089402281,972338.9226375155,1260112.8805442173
2030-09-17,Balanced,464907.7802706936,647398.6796995646,800663.7688082699,973276.0728468171,1262067.2326698748
2030-09-18,Balanced,466870.9581354225,646967.1993237198,801480.8822008893,974987.0675658957,1261825.784528098
2030-09-19,Balanced,466909.30512654624,648060.1247490701,800980.6733403667,975866.3359106522,1266348.3058134282
2030-09-20,Balanced,468145.0086843919,648016.1795307465,801706.1499989212,976886.5895354189,1264329.5964678247
2030-09-23,Balanced,467897.56814583787,648557.0159420548,801183.8032042764,978262.1701483359,1263465.7971788459
2030-09-24,Balanced,468556.60610371764,648660.4858100973,802756.0423730607,978975.1815787241,1264598.9615246675
2030-09-25,Balanced,467551.3800383396,649254.5817416573,803003.3509248687,980068.1111024871,1263749.7315340915
2030-09-26,Balanced,468029.1959080879,649703.9697210963,802797.1857008853,980809.8966733546,1267482.9355397178
2030-09-27,Balanced,468639.6893371147,649843.7368966243,803328.9218002978,981397.8098377151,1273798.4977801077
2030-09-30,Balanced,468627.71118022996,651153.8554756267,805137.6041065956,980003.6636474292,1272919.1809279497
2030-10-01,Balanced,468955.872045113,652408.0974918224,804755.6680725422,980103.4646586295,1276451.7640422597
2030-10-02,Balanced,468673.27789816307,652907.2905912478,805322.9882749612,981914.4465577472,1274896.153733178
2030-10-03,Balanced,470887.8824038015,652421.3410698505,806208.6663971266,982670.7677555415,1274090.7745443687
2030-10-04,Balanced,468037.71532418724,653588.6325248952,807880.7396579676,983022.1777303906,1275315.460969226
2030-10-07,Balanced,472128.09203210624,653412.123755485,808831.6885747798,982858.3911397733,1277669.8682568262
2030-10-08,Balanced,470722.20464925264,653422.184393302,808854.3516262055,982211.1933547116,1281878.0487224928
2030-10-09,Balanced,470977.22634728515,653697.4520091594,810577.41648131,984583.1334696232,1281129.1824976879
2030-10-10,Balanced,469560.59374091006,654083.7035555358,811094.6905963081,984128.4816034978,1279807.148322392
2030-10-11,Balanced,469795.9084902865,653937.2055551899,811819.3310361137,985364.8049838343,1280590.577193893
2030-10-14,Balanced,471196.3967325685,653822.5095843947,811261.4861665238,987248.0309175623,1283275.4157074748
2030-10-15,Balanced,470631.9386162776,655714.5840809994,812139.861260996,986801.9283228158,1286564.825728726
2030-10-16,Balanced,471275.6993633871,656953.083803065,813151.9023639262,987373.0202302935,1288634.953305147
2030-10-17,Balanced,471500.52577561093,657607.6549063995,812483.0123649798,988579.6295004799,1288648.8380048359
2030-10-18,Balanced,471186.18973748176,657670.3223231816,812129.4985383158,986630.1693809584,1287236.0229666454
2030-10-21,Balanced,472169.56274886325,658039.9956583541,813027.184549035,988195.405869966,1294467.0089029807
2030-10-22,Balanced,472189.2422205222,658274.4459926029,814365.5131070951,990824.821575321,1295029.2275982257
2030-10-23,Balanced,473565.59058262943,657733.7656215176,814701.6909248163,991708.2018034726,1296938.7093121847
2030-10-24,Balanced,473814.4705536124,658557.2349979714,816624.5174184506,992972.5227812892,1296976.3844041112
2030-10-25,Balanced,474571.1278600181,660033.5929416905,817590.764554057,992330.8186625502,1300271.8512329613
2030-10-28,Balanced,474949.6851871035,660262.026058743,818422.5672188308,993627.9436077678,1299321.8594157768
2030-10-29,Balanced,475234.0131877628,659908.6792415449,818602.742662696,991625.358387758,1305057.5364194354
2030-10-30,Balanced,475452.6865935287,659384.2024886578,818593.3848865496,992497.033504019,1303855.5366422634
2030-10-31,Balanced,475490.55536939617,660555.563153829,819630.9571210013,995457.0278412815,1305037.4343708332
2030-11-01,Balanced,476479.5658647512,662394.8476987317,820462.6383583483,996540.9047823964,1307479.7055869042
2030-11-04,Balanced,476495.59433856717,662082.3581867829,820013.2572094519,996480.7660818219,1308393.0510150257
2030-11-05,Balanced,477978.9089576208,662836.3080996865,820078.3127018285,995282.1859387836,1309697.9866610796
2030-11-06,Balanced,478600.8354352348,663725.3755025876,820038.3794489421,997403.5242988588,1310144.934504389
2030-11-07,Balanced,477853.3776856331,663623.4026829603,821627.4836833617,998391.2115143354,1309440.808821155
2030-11-08,Balanced,478977.8761328091,664436.7789941313,822070.4746213886,998309.4169092558,1314377.9265796903
2030-11-11,Balanced,479409.4710365136,664810.0252636761,822998.2522029665,999745.7092195201,1317147.595735391
2030-11-12,Balanced,479265.17543356575,664900.3464493956,821946.9988813491,1000385.1051673545,1314012.0008105193
2030-11-13,Balanced,481214.56734879425,666684.5391548611,822541.3012364556,1001918.1529163353,1321273.7373963485
2030-11-14,Balanced,479825.80633136374,667240.3296242139,824397.5816049154,1002473.3647929947,1321903.3922807088
2030-11-15,Balanced,480060.3429850508,666908.0690500706,824710.5697775667,1004500.1916840249,1321826.4091141738
2030-11-18,Balanced,481972.4181906549,668297.9796940546,824437.634722863,1006093.2012844322,1324238.221993782
2030-11-19,Balanced,484066.22323338705,668637.3199464558,824466.5330781887,1006443.6528011982,1324188.3565871145
2030-11-20,Balanced,481604.6267595854,668500.9764072157,825720.9979217376,1005602.0497718508,1326114.7408500244
2030-11-21,Balanced,482585.3021925883,668708.7332317734,826659.7505774647,1006268.1939716395,1326661.8874534701
2030-11-22,Balanced,483737.72356355307,669365.9664754488,826905.2713942777,1008105.2489182705,1325627.183452492
2030-11-25,Balanced,483604.1896908067,669654.3536026344,827236.9326454141,1009048.9118367098,1323723.9830039798
2030-11-26,Balanced,483475.8869861732,669775.8692642682,827680.1919492717,1010025.245735529,1325637.1897129684
2030-11-27,Balanced,484655.07890922256,670748.885235046,829047.0641290888,1011611.7835470164,1326478.5054820091
2030-11-28,Balanced,484048.8051964724,671049.5099419937,828400.9934265146,1013356.041240402,1328711.117873229
2030-11-29,Balanced,483510.0434116047,671997.758135813,828496.0844236955,1013766.6896959442,1327386.7625450548
2030-12-02,Balanced,484287.88323237153,670337.6741865072,829077.8784725004,1014588.6864160717,1332350.0269417681
2030-12-03,Balanced,484205.8467168307,670327.2926536367,829673.8675970576,1015857.605843747,1340685.7907875248
2030-12-04,Balanced,486109.53282298945,671546.319729847,831012.2908502759,1017166.6255434768,1338395.8934094158
2030-12-05,Balanced,487177.1405974495,671918.5317379998,832218.8055811453,1017253.341543605,1340162.8679922216
2030-12-06,Balanced,485806.4968696325,671040.75178214,832223.5686664027,1018343.9471944352,1340248.6140431718
2030-12-09,Balanced,486053.32549846655,671228.68969432,832949.3904382148,1016857.087518766,1339007.5394337634
2030-12-10,Balanced,486302.82749057777,672530.3211177114,833534.5656794154,1018308.3362629903,1340850.9335418977
2030-12-11,Balanced,487579.140548946,673295.6758974594,834129.0571799864,1018929.2147224732,1346317.3310766302
2030-12-12,Balanced,486762.5823908317,673345.6016846205,835126.6573624492,1020094.2572772197,1344799.8734163987
2030-12-13,Balanced,487408.22894829954,674819.5671346736,835902.5558832996,1023150.6641364488,1345250.0671518543
2030-12-16,Balanced,488811.7627363699,676088.0484814529,836321.4224800966,1020911.0436049656,1349635.4641399863
2030-12-17,Balanced,487302.7935962088,676932.0033130565,835785.3278837528,1021207.1974765018,1351692.5998724743
2030-12-18,Balanced,487373.3997674091,676646.8694648702,837720.9552988294,1021615.3823073201,1352549.5326095414
2030-12-19,Balanced,486398.7706759552,676478.2762307262,839433.9485454732,1022772.339733708,1352260.7287818657
2030-12-20,Balanced,487101.5909607134,677964.7905587321,838721.7396022973,1023393.5497489291,1353560.8508276036
2030-12-23,Balanced,484482.3109131176,677740.7313696265,840312.7397652748,1024368.4180124264,1356145.1043984261
2030-12-24,Balanced,485449.1306100805,677414.8697904593,840795.3155924015,1024752.7696793191,1359460.9899538308
2030-12-25,Balanced,486787.9611226347,678231.0829191064,841315.2063534863,1025606.3843315314,1360281.2196806117
2030-12-26,Balanced,488556.8120326589,677173.9866692182,842488.7471433985,1027299.2821341545,1363370.7226768697
2030-12-27,Balanced,487231.33895285917,679027.3456921526,843684.1264189319,1026398.5960397613,1361294.5932289835
2030-12-30,Balanced,489762.68411962,679752.8560477714,844480.6535360191,1028052.2158348111,1365823.2062199377
2030-12-31,Balanced,486478.8091935397,679176.1104066926,844536.1178342886,1028837.0651229221,1365921.4793664615
2031-01-01,Balanced,486964.25978037366,679778.4086962133,845161.9917516615,1029182.1302996364,1367033.670851902
2031-01-02,Balanced,487088.0827480461,678839.7704137396,845139.804993862,1029838.5765494532,1371133.3258149938
2031-01-03,Balanced,487419.4852588814,680054.2063780356,846393.1801530949,1032254.5734908136,1365730.370467537
2031-01-06,Balanced,487920.098543619,680759.8340966506,847483.9056898153,1032262.0483455312,1364063.3991532365
2031-01-07,Balanced,486083.7879716599,680006.0161495408,848044.7085113048,1032791.3518145351,1366971.4146697503
2031-01-08,Balanced,487365.8692561935,680817.9857096008,848123.1833282448,1031909.5808900965,1366700.645382541
2031-01-09,Balanced,486700.72720500786,681986.9034756171,848887.406719436,1035340.5428599163,1369218.8358767815
2031-01-10,Balanced,486077.71833161643,682565.1190721991,847810.5367998878,1034915.390597659,1368703.923085552
2031-01-13,Balanced,487473.6553569805,682878.5907527944,849241.8472795535,1036327.7013920604,1368742.2240536646
2031-01-14,Balanced,488148.95884408464,682428.6115630134,851148.9958348875,1038675.1644442597,1373798.8682831365
2031-01-15,Balanced,487450.6441177955,683497.7566206596,852500.0245065757,1038649.4211085243,1378120.050542533
2031-01-16,Balanced,488345.13607424934,682939.5546319871,851360.9316979327,1040363.603586846,1374225.7988479787
2031-01-17,Balanced,488193.7401118659,684173.8360711285,852446.4169012228,1040483.9999294116,1377566.7079448246
2031-01-20,Balanced,488151.2472663405,683717.5228728465,853873.8529909231,1041337.5958829654,1375261.5887071467
2031-01-21,Balanced,487931.5048497546,683694.5120095293,852950.6589424438,1042111.6765238622,1374990.1845550062
2031-01-22,Balanced,489909.5839223942,683327.5544310584,854549.4271415775,1042470.1335823387,1377171.7963930112
2031-01-23,Balanced,490767.974718973,683724.3447443141,855167.6168627377,1045458.4118863065,1377417.4825994656
2031-01-24,Balanced,491250.66338984075,684342.8265397013,854396.6892051883,1045744.6469024733,1377772.2294996963
2031-01-27,Balanced,490662.94020167115,684933.8606472305,855532.80500442,1046240.9509475842,1373229.6657217303
2031-01-28,Balanced,490238.0971681971,685626.378199399,856821.8220895228,1046842.5518641463,1376447.1016697593
2031-01-29,Balanced,489491.6121624261,685920.8875345981,858154.6230858591,1048652.7217433879,1375943.2258954272
2031-01-30,Balanced,489930.5146262711,685556.9436933046,857928.6774267156,1048841.816425992,1380342.7611461803
2031-01-31,Balanced,489112.8407004458,686497.6271245962,858974.1295563859,1050763.9602554382,1383328.5833349288
2031-02-03,Balanced,489899.8924963728,687133.3506915481,858756.801508638,1051908.9754652681,1387142.784908129
2031-02-04,Balanced,489726.9142686843,687478.8223358981,859025.7054876861,1051888.8509555266,1389518.8567396991
2031-02-05,Balanced,490447.7299718365,687834.7884752541,858221.8132274989,1053036.5102140221,1393269.4678778804
2031-02-06,Balanced,491704.5219269962,687028.4948007483,860744.3984615828,1054943.2506303904,1392123.003482098
2031-02-07,Balanced,490852.5615079727,687447.9695005555,862083.8668427994,1056414.9802659778,1393916.1838150797
2031-02-10,Balanced,492542.7381637728,689500.5495172729,862727.1434285436,1056999.9113206444,1393966.2880664074
2031-02-11,Balanced,493297.04406192515,689108.3266371049,863598.5600847229,1057556.4770455332,1393392.2394677075
2031-02-12,Balanced,493177.8750064104,690395.3521104112,863109.6353822656,1057676.2814578118,1393111.3644609726
2031-02-13,Balanced,492708.25012909854,689591.6325105502,864201.3765201182,1059659.6578148864,1395174.9421228298
2031-02-14,Balanced,494937.03976756247,690582.5340937977,864027.3589282305,1059335.184864249,1391699.1171092729
2031-02-17,Balanced,493157.8431854095,690689.1722489791,865307.4038648566,1060058.2712136444,1394964.891346759
2031-02-18,Balanced,495010.02246648015,690631.1894172328,866831.9225549845,1061244.915526437,1396850.842938818
2031-02-19,Balanced,494593.4363634511,691466.0434412454,866267.1189809507,1061935.0922728463,1397080.058878719
2031-02-20,Balanced,494448.1074361541,691902.0783919448,865792.5808615226,1062834.6220969139,1401511.5036551969
2031-02-21,Balanced,493204.05868412595,692821.7753137088,865710.4683105312,1062549.1781816224,1398898.4912219632
2031-02-24,Balanced,493611.04391083133,694105.371535483,866896.7904563833,1063953.424818738,1402217.7935775553
2031-02-25,Balanced,493523.73674583976,693768.7824211784,867427.6772237996,1063913.3321060257,1399146.2602752321
2031-02-26,Balanced,494733.8214637263,693098.2184771107,867514.2299101853,1064777.7255379453,1402627.780147424
2031-02-27,Balanced,495429.81191286194,693537.5680881485,869315.2317548983,1068567.1619054722,1405568.3741394617
2031-02-28,Balanced,494949.7355447456,694721.9049411518,869375.5383534839,1068468.9903817594,1408560.7342554925
2031-03-03,Balanced,496264.8836965078,695137.9953464168,868938.9887530897,1070285.928956493,1411551.1928608143
2031-03-04,Balanced,496205.65447431186,695819.6050126794,869277.2284657697,1071319.564094863,1412320.8542520332
2031-03-05,Balanced,495458.3323240699,696831.2612190847,868852.1209735618,1071946.963279394,1413801.136465111
2031-03-06,Balanced,496191.70699241845,697222.9730988975,870452.0082399563,1073074.7547426545,1418312.1921175255
2031-03-07,Balanced,496605.17668302986,698166.4418429295,870169.523690254,1074749.9197186003,1419682.651778212
2031-03-10,Balanced,497437.1911533172,698621.5514920701,871632.0218782999,1075362.498291641,1420159.9916040138
2031-03-11,Balanced,498340.84142714913,699616.7003361271,872476.8614804838,1074889.5651248698,1420833.4470586397
2031-03-12,Balanced,498963.00948865316,699452.8557255825,872428.7279019326,1074914.3103549555,1422187.094434096
2031-03-13,Balanced,499096.13764946116,700626.0595880146,872589.4845723785,1075754.658738993,1423336.9856732544
2031-03-14,Balanced,500835.58790600585,699935.9223748201,873793.852813405,1077777.634439777,1423840.0846193365
2031-03-17,Balanced,500664.46611679357,700545.8089436962,874424.2462798168,1077565.9447762151,1427050.1904688748
2031-03-18,Balanced,502518.3298362433,701437.8289744973,875399.4369435664,1078126.3513587434,1428181.601502376
2031-03-19,Balanced,499750.237844445,701916.4257265877,875187.4276025242,1080215.6461316934,1432730.5081716168
2031-03-20,Balanced,502421.78309099737,702783.2031567132,877964.9285607974,1080217.9540935534,1431050.8771729986
2031-03-21,Balanced,501593.70236614544,702625.7680851701,877528.5815975007,1080757.3634598248,1433994.432405772
2031-03-24,Balanced,502045.3038622448,703176.5318449185,877874.8564862295,1081666.9951354845,1432198.950352033
2031-03-25,Balanced,502562.9999762591,703980.459855828,875931.4120426672,1083693.7628796236,1436853.818084751
2031-03-26,Balanced,500930.3841669964,704381.0649604927,876550.3037827769,1084742.4332045112,1438129.4212329916
2031-03-27,Balanced,502764.63264345407,704979.6510250024,876155.3609801071,1085565.2562198667,1439929.6684286983
2031-03-28,Balanced,503173.6939705488,703215.6250995515,877523.5075043929,1084733.0324730445,1442566.7510929226
2031-03-31,Balanced,502042.2777971744,703682.9246400531,878575.5443541574,1086345.6925217418,1444151.4867193904
2031-04-01,Balanced,503111.34532240016,705695.9304493465,879796.7458495098,1087197.2649956248,1444774.8902966531
2031-04-02,Balanced,502875.4725473085,706015.0532560858,880844.6854021836,1089128.798531387,1449256.316245788
2031-04-03,Balanced,503078.92467722425,706399.4636585126,883294.7683543788,1090233.3415591025,1452113.5027538284
2031-04-04,Balanced,503327.58377799095,707607.7780280146,884057.8464982354,1091760.4719655178,1452628.1303569207
2031-04-07,Balanced,505312.5991071274,707458.9149561215,883117.3708578919,1093404.3061384126,1450486.4144195213
2031-04-08,Balanced,504484.82715779135,707584.0527075886,884520.738834972,1094247.800714883,1456992.2506334179
2031-04-09,Balanced,506140.58498548355,709565.0894097313,886231.3036430066,1095079.8054709297,1454246.395106468
2031-04-10,Balanced,503260.5724580327,708245.8488162424,886838.2027106175,1094735.6928681168,1454804.7618593108
2031-04-11,Balanced,504004.10281764145,708189.4832567428,887557.6782797552,1094187.2886082917,1456140.4404934682
2031-04-14,Balanced,504426.96684550226,709070.6613834825,886607.8358528093,1094442.4415172052,1461139.12884809
2031-04-15,Balanced,505185.2773079279,709683.809805681,888418.9226572997,1096486.6553928747,1464327.2008131351
2031-04-16,Balanced,505208.4491495031,711361.1366997295,888865.9614749805,1097135.1734265864,1464277.7634387547
2031-04-17,Balanced,505440.0694246305,710895.7298245764,890144.1518359799,1096414.4576756957,1468687.2500245008
2031-04-18,Balanced,504577.015678849,712281.9304832502,889287.0958506993,1097742.6430233975,1469253.7295958712
2031-04-21,Balanced,506612.1056682281,713471.0729578268,890458.2733850026,1099557.6139342196,1470800.1238701525
2031-04-22,Balanced,507098.76736430114,715185.8643074625,890984.6285577514,1100784.9964786344,1469929.5694452007
2031-04-23,Balanced,507655.4788924851,713392.1788491989,891388.7043027683,1101443.4780953203,1470906.0961064973
2031-04-24,Balanced,507109.950101022,715020.0866358667,891698.810692447,1100980.789299878,1470065.5096580868
2031-04-25,Balanced,507803.59380322066,714765.2967307178,893005.73617827,1104171.8128042133,1473209.8738655655
2031-04-28,Balanced,507064.7240334141,714862.1094817446,893870.7736184302,1102664.2654371015,1472982.918193812
2031-04-29,Balanced,508780.102393035,714187.75299108,893804.795700355,1103771.8559450503,1473500.00634778
2031-04-30,Balanced,509060.670272335,715044.5088085176,893640.0910081455,1106157.1583766588,1475160.4535034169
2031-05-01,Balanced,508489.5098995908,716569.5261587135,894734.3645636055,1106036.9138968182,1475353.445503707
2031-05-02,Balanced,508670.51381475816,715466.9840839677,895664.3032739826,1106353.6696901275,1476368.3259023707
2031-05-05,Balanced,509302.32414874656,716969.9378532404,895818.6205462246,1109240.342427704,1479590.546410486
2031-05-06,Balanced,509723.88693830563,716923.2948411526,896475.888720953,1109753.0155417598,1479154.0483604318
2031-05-07,Balanced,509206.8247498598,716735.7853716438,897804.5777816956,1109637.8756940246,1482586.169412851
2031-05-08,Balanced,508946.72474773164,717280.4830420839,897338.481054652,1112528.582069498,1487052.2581438047
2031-05-09,Balanced,509766.68382798834,718077.5561808742,898659.8719196722,1111285.048721487,1485278.1479615741
2031-05-12,Balanced,511296.54152564623,719340.7166226705,897995.7521160722,1111136.8256641915,1485751.7619722374
2031-05-13,Balanced,510795.7129738084,720300.1901203879,899538.9065055728,1114109.0846436676,1486234.2485982736
2031-05-14,Balanced,511704.01803592016,721318.0038097322,900119.2689800103,1113642.3659943077,1491395.9754606364
2031-05-15,Balanced,511977.85927770607,722479.1138549685,900358.6743600047,1113664.950410153,1493266.968615484
2031-05-16,Balanced,512547.8932000241,722373.3927359295,902553.1819666976,1114026.809364204,1493578.6740076805
2031-05-19,Balanced,510855.3908362753,721603.3538321694,903249.7279548064,1114040.3201870448,1498004.9735861684
2031-05-20,Balanced,512226.9122814894,722482.4261432714,904146.2919611463,1115355.103483921,1499878.6780945193
2031-05-21,Balanced,512425.81715161126,722663.5535365775,904541.963705196,1115422.0282234624,1495632.9104253557
2031-05-22,Balanced,512045.8573078385,723081.6451403801,906954.94287528,1116302.8514620163,1500024.2416791413
2031-05-23,Balanced,513344.2784589921,724378.0976058771,906918.0175318415,1118605.932572674,1500603.65729519
2031-05-26,Balanced,514360.44780663855,724672.9121611187,907527.605933696,1118182.2651074142,1503993.634236337
2031-05-27,Balanced,515311.8800976757,724340.4489866273,907620.7900167212,1120235.770833038,1502392.638483056
2031-05-28,Balanced,514886.9719072308,725839.2300073017,907540.0149360369,1121315.4608752448,1508969.7484970358
2031-05-29,Balanced,513982.9828044559,725304.1955111439,908013.1972799345,1122272.955131809,1507571.2746957303
2031-05-30,Balanced,515631.7288658454,724875.3412718882,907887.0789902951,1123086.2924679262,1510971.667523577
2031-06-02,Balanced,514680.2883934985,724550.9727175417,909098.8321512173,1124259.870283859,1512149.5957407139
2031-06-03,Balanced,514914.81525148434,724787.286325959,908556.5145069361,1125031.767507287,1517322.2414155626
2031-06-04,Balanced,514207.0358073622,727048.999430393,909086.5867593666,1128297.2039388416,1517901.7904500545
2031-06-05,Balanced,516909.6630743152,727705.0617093645,909442.4951610804,1128330.663496264,1517135.2560560838
2031-06-06,Balanced,517049.44689168176,728081.5297386546,908822.2799466394,1128801.2499071267,1520013.327408442
2031-06-09,Balanced,520288.55208460946,728586.039842925,908945.388800711,1129525.8329955712,1522830.320285033
2031-06-10,Balanced,518782.4704394071,727252.4606209937,909575.9387736956,1132881.2693577916,1525793.7247719907
2031-06-11,Balanced,517109.6963103431,729507.8886650561,911246.7960747965,1135136.0712531374,1528311.8697676645
2031-06-12,Balanced,518124.28696118103,729386.1826615068,910948.991291288,1132374.745228303,1529324.132015782
2031-06-13,Balanced,519602.13381210534,730708.723849437,911554.3349916141,1133042.9225886795,1528035.349139895
2031-06-16,Balanced,519110.98441511154,730996.3589201005,912709.5024848087,1136227.98194661,1529074.034268903
2031-06-17,Balanced,519044.5391439645,732800.5568379594,914705.0384693064,1136169.7913170995,1527572.5332180753
2031-06-18,Balanced,517861.64487828873,733164.3812450307,914798.2419991409,1138130.8308592092,1528131.3018368373
2031-06-19,Balanced,518348.25545144314,732519.8633802537,915063.2502926362,1138410.3814391748,1530748.5132126703
2031-06-20,Balanced,520249.0490418213,731805.9012680677,916526.192658202,1139633.3348360884,1530026.5379079622
2031-06-23,Balanced,520278.2952551641,732405.6806547969,916387.1796438377,1142349.7295017734,1533452.4114653608
2031-06-24,Balanced,519540.09680036106,732620.3667690705,918007.3687476725,1140919.17055732,1535375.9607418268
2031-06-25,Balanced,520053.42586421,732839.8127805887,918266.7342004098,1140992.5631294493,1536889.966656302
2031-06-26,Balanced,521830.4670281225,733561.1264595488,921181.0568810003,1142009.309950055,1536360.570327029
2031-06-27,Balanced,523087.12391086237,732699.4039969703,919941.8152567395,1143177.86911387,1534767.141163991
2031-06-30,Balanced,522979.24880623334,733688.3089201741,921523.2790292273,1143643.667263567,1540065.6881462836
2026-09-01,Growth,631868.6456223862,643776.6207801542,649968.3870174313,656246.8972074083,667383.3807788327
2026-09-02,Growth,624677.1231283403,641792.7795267652,651732.8659815555,659314.686157779,674881.9548139496
2026-09-03,Growth,617880.8536023877,641020.4672313468,651521.0800903463,661690.7490848647,682453.2481861105
2026-09-04,Growth,614380.6969947055,639954.5498751112,652273.9535950951,664008.3949376666,690428.7827217645
2026-09-07,Growth,612337.8006971797,638910.9997503373,652872.072045084,667034.6532187543,693750.5955101927
2026-09-08,Growth,608218.7764414106,637413.8539879317,653776.0301655079,670057.6663080158,698275.6377577501
2026-09-09,Growth,605875.9024046182,637285.9745208785,654554.1819250814,671788.2133774878,702099.6472553787
2026-09-10,Growth,602221.1639603623,636683.0794417129,655738.347772881,672443.7068801585,704574.5831028937
2026-09-11,Growth,600057.225641727,636314.1540902782,656262.7352853334,674044.2394386114,706935.1191914784
2026-09-14,Growth,597763.2839185732,635603.309712252,657567.1514207693,676453.5796540196,709401.8511112813
2026-09-15,Growth,595380.1867949043,634560.8749053921,658525.7801268928,678103.6565257192,712619.7050764405
2026-09-16,Growth,591616.8298227446,633703.2124031486,659669.1980215432,678365.1430929282,716855.1280796743
2026-09-17,Growth,589312.9118309632,634083.1304633123,659982.8219510792,680731.0842754686,721450.6091142078
2026-09-18,Growth,587735.3256970091,633133.0710501038,661667.025089787,683510.718880702,723496.268040754
2026-09-21,Growth,589089.259406033,633071.9055555265,662125.7610712713,685088.6280898969,729713.0698713149
2026-09-22,Growth,585582.3324457572,632803.1648876716,663698.6048270494,686137.4384285975,731268.2907073314
2026-09-23,Growth,585916.5990753601,632342.1497529646,664349.2085153114,687554.1970840584,735486.4354467784
2026-09-24,Growth,584733.8617551174,632619.1717198112,665242.5257305476,690007.4005269408,737760.1817688593
2026-09-25,Growth,585679.3594220225,633008.650539238,665323.3744587756,691132.5700549064,739759.5002017433
2026-09-28,Growth,585294.8350083343,633276.127938541,667479.1655473189,692929.2754751976,742982.2009226427
2026-09-29,Growth,581457.3211885878,632471.1904598249,667055.6318009946,695769.8292749916,747835.7938918336
2026-09-30,Growth,580687.2454512845,632447.2085660939,667116.4283055762,696688.5251821013,750268.0580755267
2026-10-01,Growth,581149.1204668782,632184.8245983324,667576.9378659058,700099.8283404357,753528.2620271412
2026-10-02,Growth,577713.162759488,631463.7075873716,668335.7412087399,702221.0633815094,756905.1100361057
2026-10-05,Growth,577183.1721203303,632312.6044148124,668942.2133085091,704610.2244669253,760236.842499194
2026-10-06,Growth,575820.0960428308,632250.5432778014,669463.4627607903,706098.7630506582,764383.0640609785
2026-10-07,Growth,576043.6822503238,632511.4321567556,670067.3265880174,706198.3778556952,766068.2805088845
2026-10-08,Growth,573860.0906489411,631889.3622101184,670435.4481601261,707447.8284521655,767676.0128282012
2026-10-09,Growth,573171.4001817009,631757.517359908,671242.5589219811,709040.3351527234,768135.8545829926
2026-10-12,Growth,571823.8478563507,631808.8117910727,671718.0208416119,711251.4717271456,770899.8363210919
2026-10-13,Growth,569828.9454036317,631741.2080832038,671828.3364509617,711952.6997115931,774512.6652034132
2026-10-14,Growth,568874.9821966127,630972.9008819218,672748.3825999968,714056.0793602242,777228.7428819403
2026-10-15,Growth,567396.7040181047,631014.6008170171,674372.2170193456,715545.0247384537,778613.3823438121
2026-10-16,Growth,566093.430102774,630963.7047083094,675110.2116874079,716764.2561509592,782019.225451684
2026-10-19,Growth,564788.5762794027,632221.2661889299,676578.9050608583,717859.9228272167,785285.2698486134
2026-10-20,Growth,565069.0538566613,632218.2947476015,676691.94245852,719135.1468793141,788259.8984164776
2026-10-21,Growth,563582.6262487045,631578.69523258,677061.3598211489,721183.1257906763,790477.4205038404
2026-10-22,Growth,563193.8842231465,631067.6421419964,677306.4245045887,722437.1490017351,792874.559033046
2026-10-23,Growth,560429.7011798539,630633.4772712769,678064.9776634991,723920.6306778028,795823.4272808918
2026-10-26,Growth,559809.4454237265,632067.1247621067,678787.893715753,724418.6167760512,796832.098926358
2026-10-27,Growth,560793.349098153,630938.2209824969,679310.0098119413,725475.9029076993,799027.5426723716
2026-10-28,Growth,559907.2003557313,631117.046587113,680013.9159928074,727793.5988998428,803487.3020297005
2026-10-29,Growth,559344.9325185344,631371.3843248971,680886.2428506961,728901.3232251557,805459.7895030215
2026-10-30,Growth,560135.0961287576,630704.6417788231,681756.8805870253,730286.3169006221,808536.9206287647
2026-11-02,Growth,559924.6161312666,630309.1497393885,681384.331317429,732052.7740448348,811372.9279027577
2026-11-03,Growth,559108.3627680572,630090.4386190529,680844.3266300648,733114.0966724511,811991.1820259744
2026-11-04,Growth,556398.939202461,630286.6776829102,681873.9446105771,733896.8005084605,812592.9052520881
2026-11-05,Growth,556222.6751063088,629628.1948741549,682941.4763564706,735355.4836663299,816691.6179619817
2026-11-06,Growth,557522.6416889002,630278.5216117158,683517.878399554,736988.5030298119,818750.6743223786
2026-11-09,Growth,555612.5650319493,630240.6963656426,684237.1052563536,737807.970411814,820762.332532906
2026-11-10,Growth,554917.2234579487,631070.7816376264,685223.8483957986,740343.5782918026,821177.3671340995
2026-11-11,Growth,554019.9033979609,631310.4018506403,686347.9723127647,740551.8573402085,823533.4594039575
2026-11-12,Growth,553436.4926728228,631255.4754783063,688065.3291089567,741255.6338068299,825729.080692853
2026-11-13,Growth,552786.7263630969,632243.2211686608,686899.3412570279,741749.3432658892,828540.2949337994
2026-11-16,Growth,551820.6494281096,631737.0414921418,687763.286574027,743576.180738877,828501.1995342094
2026-11-17,Growth,551477.4558220624,632485.7087864988,687877.9757613959,745898.0412253076,835008.4657725625
2026-11-18,Growth,552371.9315646904,632529.478320692,689184.1680701512,747811.0836701079,836613.6082080383
2026-11-19,Growth,549682.903763066,632594.2457930828,690317.079651548,748338.7648488776,839452.0452384751
2026-11-20,Growth,548262.6989682983,632779.8246562211,690689.4589959069,749736.078367348,845358.4202792397
2026-11-23,Growth,546733.3760903277,632535.2279238537,691766.2930988907,751019.2854482436,845114.8638911437
2026-11-24,Growth,546018.6495491605,632680.2672387329,692242.4909930982,752117.5976423763,847975.5710754641
2026-11-25,Growth,546114.1416078834,632299.399439244,692984.6815303834,753394.8308762097,850864.6379848269
2026-11-26,Growth,548301.9987388927,631601.3567912104,694342.9971513983,753211.5345304185,854344.7088626582
2026-11-27,Growth,546050.3239664232,632449.3541803269,694431.0991923743,754002.7409076656,856397.1951114194
2026-11-30,Growth,545929.7642038186,632291.868702349,693984.2670922611,755246.8139784209,858273.1566395639
2026-12-01,Growth,545925.948882766,632888.0716849802,696331.5420033969,756740.6630060235,858342.8940539815
2026-12-02,Growth,545461.6322744223,632705.2859234351,696730.357616446,758468.9170917107,862000.1520044857
2026-12-03,Growth,545326.589460601,633399.2075880485,697338.2416059921,759605.8624833497,859785.7627245239
2026-12-04,Growth,543876.1004647384,633047.4183412355,698775.7717121686,762296.5231748547,863379.571052083
2026-12-07,Growth,546591.9677270631,633908.6419905315,699369.5419418795,763164.58473662,867480.3648129232
2026-12-08,Growth,544899.3399303092,634746.3199841182,698579.575766766,763760.0299713807,870045.4859668742
2026-12-09,Growth,544128.9276647788,634181.3950761096,699178.2516668353,765516.0704921604,876303.8564655057
2026-12-10,Growth,543520.4943793301,634954.9674265495,699986.1176224361,766216.2730740532,876878.9655013726
2026-12-11,Growth,542197.1914616051,634103.1612501972,700314.609101628,767998.5646483141,878910.3842548296
2026-12-14,Growth,542637.5196225143,634329.0050425824,700650.4432314235,769438.6197520863,880499.4742329351
2026-12-15,Growth,539891.8069897903,634235.6160303133,702431.7278358956,772774.4880968087,883186.994691094
2026-12-16,Growth,543046.3645096734,633756.0472270146,703134.3348180738,773279.6400615405,883395.4281072028
2026-12-17,Growth,540993.820233594,634893.435639828,703973.7661682956,775269.3301338274,885377.5096320495
2026-12-18,Growth,540305.9613403246,634282.7489789661,705427.6853526598,775307.0969730678,890817.6079101587
2026-12-21,Growth,541858.1224906896,634552.2411042639,706349.1015769811,776117.3211243445,893368.3191086627
2026-12-22,Growth,542994.1221265957,635109.6511240655,708280.6848070964,777711.5717860096,897408.2902797317
2026-12-23,Growth,541421.3540998625,636178.902262041,708144.1467767218,778806.9251175434,900008.1330147315
2026-12-24,Growth,540846.860262814,634426.339874718,707829.6303260524,781058.8706109319,904070.8195618859
2026-12-25,Growth,539002.8478484735,635182.9397334077,708778.029777219,782351.4150192384,903267.2382461732
2026-12-28,Growth,539414.7528205004,636221.8029148662,708729.0275198288,783827.8288524405,902990.7065087088
2026-12-29,Growth,540451.217524553,637235.2527399639,708940.3959890631,784869.42185782,904748.9512660154
2026-12-30,Growth,539570.430084734,638479.193673927,710255.3842218157,785228.5330371606,907566.2396216552
2026-12-31,Growth,539562.4299961036,638776.4427880556,711114.0609259119,786081.5128572471,910068.5290397938
2027-01-01,Growth,540030.5869377265,639164.8227725943,711710.8019456505,788232.4824117471,910229.3684924418
2027-01-04,Growth,539839.3978276845,639270.922323512,713398.8179419889,791143.6159050409,912651.9798832674
2027-01-05,Growth,539392.7431286029,639648.1476997229,714573.8434153884,790085.2267739336,916995.0019543385
2027-01-06,Growth,537014.8230701567,639340.0338928964,714286.5956108037,791993.4559061369,916714.1982493859
2027-01-07,Growth,538148.7192192277,640465.6331606195,714186.9909354125,792816.5902551097,919057.8672343603
2027-01-08,Growth,539542.9571398686,640194.6262751023,714876.1233385121,795240.5498352615,920886.9032116678
2027-01-11,Growth,538084.916037964,640456.9681719376,715644.3570266473,795649.1550446579,925750.5348541599
2027-01-12,Growth,538820.835902466,640555.6434788449,715554.7092718078,798592.1105021243,930890.1306539369
2027-01-13,Growth,538118.6513489318,641163.2023198886,716207.3249950777,798599.4671380915,931892.6427291621
2027-01-14,Growth,537917.368711166,640436.2755782364,716833.3592558648,799418.9286396538,933832.478852618
2027-01-15,Growth,537947.5044205427,640452.1640206957,717665.5549183744,800102.0179061585,936303.8348778477
2027-01-18,Growth,537100.6741980131,640781.6137192918,719113.2979339104,802335.2689631976,938651.0175065761
2027-01-19,Growth,537021.4804644423,639771.7204260896,718775.5715717017,803095.5435080086,939978.3849582161
2027-01-20,Growth,535865.3598058186,641078.9366456755,719889.9003496384,804970.4084541247,943977.6385812943
2027-01-21,Growth,537197.2019237697,640762.7930336042,720174.2892669246,805297.2108588208,944809.4250500526
2027-01-22,Growth,537770.8258687757,642047.1514600595,721021.370574893,808429.3740939623,948863.375265874
2027-01-25,Growth,539852.3923861617,641276.8899093312,722895.4190880463,808938.5466431903,947608.2544877143
2027-01-26,Growth,537920.5484893557,642628.6835064968,722418.2898285035,810113.3467727705,949862.1249982545
2027-01-27,Growth,537810.3645038274,642431.0138729374,722143.0613764704,810118.8041185786,951494.222115017
2027-01-28,Growth,537802.426959832,643270.0550164775,723085.0734721008,810996.2594996903,952984.7942902374
2027-01-29,Growth,536535.8996783469,642636.1515379815,722946.4352857384,813586.9675493035,952334.5893356394
2027-02-01,Growth,536922.7579705915,642525.153716855,725455.5919274131,813870.7915321216,958259.4227182532
2027-02-02,Growth,539533.9042942143,642586.4921469952,726282.7423626713,815887.7293793522,959465.1801291859
2027-02-03,Growth,538983.9145838785,643839.0637063094,726921.833491186,815745.73932863,963336.5517315222
2027-02-04,Growth,534893.8245898073,645912.2337673831,728002.7791793947,817308.3964569279,964668.0670478311
2027-02-05,Growth,536261.8777537582,645858.7557415296,728170.3202245685,819289.5598256154,966947.7798452753
2027-02-08,Growth,537650.8732514888,646597.573842091,729360.3359794529,821692.176643319,970088.9005862251
2027-02-09,Growth,537673.8378324427,646811.1978641659,729757.401473491,821947.9929443769,968607.7125358373
2027-02-10,Growth,537146.8403275646,647281.5652853916,729938.5670891579,824135.6550015938,972567.4597905506
2027-02-11,Growth,538140.3906834476,648358.6544602476,729644.4443150756,824901.0960345066,973466.7811287654
2027-02-12,Growth,535984.9916980461,648103.1704616381,733115.619380286,826731.4811282972,977825.9937102436
2027-02-15,Growth,534627.5777917075,648683.3634792434,733103.8568610176,827807.0575581099,984018.5941451828
2027-02-16,Growth,534927.3570074576,648463.2348368557,734109.129466282,828675.1003946185,985779.9956874214
2027-02-17,Growth,534307.776304402,648327.6158487506,734533.9403871719,830037.5099724156,987329.1194505836
2027-02-18,Growth,533962.5507707305,649034.5694191569,735560.7851154003,829412.8797145335,985431.7029298999
2027-02-19,Growth,534979.2942723309,648074.8892139769,737579.3844814796,831916.0901240758,988601.0391045752
2027-02-22,Growth,533078.1993709131,650180.9246448923,736777.212276533,834136.3884178312,990619.9515981969
2027-02-23,Growth,534038.5566625192,650170.5252279459,737777.17312738,833203.3522605209,990775.7747417049
2027-02-24,Growth,534194.1736982925,651186.6073914096,738800.0495182772,833288.6596847144,995789.4426514468
2027-02-25,Growth,534650.7359208133,651162.383753104,739033.7570417246,835344.6330417971,997101.4868393857
2027-02-26,Growth,533776.0982085885,650290.8512577128,739333.1532097555,838265.3022423197,997137.0011983579
2027-03-01,Growth,536437.6298930094,650960.3619301863,740859.2083964674,838713.8446844397,1000600.775517241
2027-03-02,Growth,536614.7433104168,651833.1810647219,740977.1227610831,840718.0266336557,1001508.7307869575
2027-03-03,Growth,535898.0549829522,652354.0964424112,740951.3170757599,842195.2592772897,1002528.0539300917
2027-03-04,Growth,537483.302957125,652582.1210127784,742920.2348235312,842608.2726379728,1001682.6515481224
2027-03-05,Growth,537769.1120095733,652669.4345093886,744234.5694797924,842728.1990033959,1003507.2022603836
2027-03-08,Growth,535457.2740434681,652864.4142066716,745350.0445869472,844505.0398672145,1006605.5104414072
2027-03-09,Growth,536520.7511297778,653255.7376472356,745380.6348973408,846246.6566926101,1009020.7152059801
2027-03-10,Growth,537252.2613724248,653107.0495123474,745324.7264729695,847083.7212131843,1009448.9351729891
2027-03-11,Growth,536134.6557991114,652824.6585097279,746568.5254940472,848323.5694408652,1014140.3603514787
2027-03-12,Growth,535344.7218566993,654154.6568449382,747300.2242376435,850435.5312728921,1012802.6282480556
2027-03-15,Growth,537052.9225664996,655118.948722103,747537.2614220921,851116.1732163432,1017908.2704421212
2027-03-16,Growth,535793.6970834308,654944.364060411,748109.2003384727,851244.7140125269,1021020.368395755
2027-03-17,Growth,533526.3367676002,656305.1994715225,748390.3706940114,852901.8828861732,1023500.0936494252
2027-03-18,Growth,533801.2313674064,656287.7336730001,748643.4790196954,853663.8874587743,1024776.4584046622
2027-03-19,Growth,531697.32313962,656874.3225517907,748340.2556074581,855430.4809243507,1025739.7211381092
2027-03-22,Growth,532992.461981322,657524.0936162939,749325.748966536,856775.305167269,1030335.8041507797
2027-03-23,Growth,531171.8566377568,656991.5632674999,750484.0183915577,858757.5956103967,1031355.3592766614
2027-03-24,Growth,530319.7662892137,659437.5675997069,751537.6320706415,859278.6521546356,1036122.9230009145
2027-03-25,Growth,532219.1762338916,658892.4970819289,751667.3980359053,861157.4547745385,1040391.1230984228
2027-03-26,Growth,533396.3196523932,659903.3422478096,753143.17717456,862474.3706285979,1040881.0609156833
2027-03-29,Growth,534964.9484495466,659646.4417586095,754133.1342772518,862905.3970346153,1043692.9418044644
2027-03-30,Growth,533901.1114777958,659087.0187428074,754135.0159057502,865019.2383172899,1045077.4434688563
2027-03-31,Growth,535184.1368672316,660580.986527787,754952.6616265066,866733.7558631422,1048020.5556231606
2027-04-01,Growth,536033.819447517,661502.1537581917,756994.6797367798,866937.8525572753,1053921.7735421965
2027-04-02,Growth,535233.3702239726,661544.1256776676,757904.3159360804,867299.7356109843,1056854.2866487326
2027-04-05,Growth,533408.2638910152,660212.8977549018,758254.1981827798,869855.6090433963,1057065.0618849194
2027-04-06,Growth,535569.6960202308,661158.9342228894,757314.6534014051,871442.4304900677,1062427.483187311
2027-04-07,Growth,534727.4888565724,662851.610675521,758050.1454496116,873766.9276307328,1064166.8876798658
2027-04-08,Growth,535864.4695314444,662968.1901460432,759309.0442355123,874068.7934756719,1066352.0560356427
2027-04-09,Growth,534248.2438513967,662445.601112965,761836.9795981355,875131.3638763292,1066468.1287176663
2027-04-12,Growth,533070.6254579666,662506.2381738173,761542.0554324191,877204.8172704249,1067139.9225480745
2027-04-13,Growth,534060.6567664559,662022.1780652362,763699.9146687174,877828.9487537219,1070944.5805711385
2027-04-14,Growth,533968.2817928001,664637.092892557,764262.593728976,879575.5667056617,1073578.3173428583
2027-04-15,Growth,533305.1014960565,664465.4228046421,763176.9211682798,880579.848181126,1076844.898459658
2027-04-16,Growth,532819.7311790807,664209.3895139231,764526.4760550034,882081.3414774983,1081043.8660971045
2027-04-19,Growth,532172.6098057069,663762.0256859403,764915.3322377704,884239.0121116379,1081854.300489504
2027-04-20,Growth,532888.3173064474,666460.897206695,764272.8753570423,884434.1301904966,1083411.3487281909
2027-04-21,Growth,531659.2298622731,665491.7909637617,764854.793773412,887750.1040200634,1086293.4671515792
2027-04-22,Growth,531691.0708601233,665964.2818239236,766715.1472331849,887962.3020253497,1087123.6553631728
2027-04-23,Growth,531448.6700500775,665243.6970843496,769072.4886062699,889516.938641403,1090661.4016048342
2027-04-26,Growth,533039.8944462454,665069.310271861,769171.497666206,888722.1524340207,1093882.7129703464
2027-04-27,Growth,533702.0242358899,664848.267535877,768919.327297583,891357.1502777284,1093517.841413164
2027-04-28,Growth,532601.9147410716,665047.4674587592,770429.6642519534,891405.2454171225,1092820.574820032
2027-04-29,Growth,530856.9250439453,663280.1818600948,771454.0476649317,891486.0725427489,1095525.9479801198
2027-04-30,Growth,530488.4603034786,664210.7586137877,772503.623655501,892145.6117787007,1096657.7038062254
2027-05-03,Growth,530578.8305529064,665366.5551000214,772680.6321183161,893820.3120318621,1096873.98324501
2027-05-04,Growth,530823.4565017737,664778.3163667213,772201.3524953048,896611.9722339162,1097688.147606182
2027-05-05,Growth,528825.6409676594,664088.0922493667,772605.2495556666,896235.0526017643,1099611.8287450909
2027-05-06,Growth,527661.4605153856,665163.7457477455,774937.4415747954,897847.0087481857,1099564.8491963292
2027-05-07,Growth,531274.7256346998,667246.694154557,776001.2146852722,898850.8340701602,1104465.5987441323
2027-05-10,Growth,531732.7007233681,667247.0362596825,777462.305504041,900370.0243734405,1111515.004466214
2027-05-11,Growth,531576.5896923012,667887.0173575055,778064.807255813,901096.6199008981,1116490.435595453
2027-05-12,Growth,529986.0947101928,669124.970107135,778440.7382719935,902560.0588016389,1118958.0409853272
2027-05-13,Growth,528496.0823907611,668296.79565296,778710.254097162,905129.8874704243,1122069.4479669216
2027-05-14,Growth,530919.5859966287,666738.0492924645,780234.3754304987,906871.1254154686,1124849.468961363
2027-05-17,Growth,532995.5746726184,669610.9511201355,780810.1372162729,908459.249893048,1127257.6536469485
2027-05-18,Growth,533137.6870236548,670215.1113394808,781947.006269387,909441.9916064315,1128799.4503329303
2027-05-19,Growth,532903.6013067977,671327.8245835279,782114.0593078174,913788.3025794869,1130771.5288956754
2027-05-20,Growth,533552.1482358187,670664.7519818447,783113.3303515576,913145.9627665593,1134192.3468912798
2027-05-21,Growth,532299.7800430796,671052.2647046306,782707.4853902205,914343.0861559634,1132996.2531720207
2027-05-24,Growth,534090.1136201288,671787.6956216086,783504.0496120215,915666.0864783352,1139048.8011753117
2027-05-25,Growth,532178.8352224841,670899.0963942157,782380.8420761221,915704.4059778645,1137828.454986347
2027-05-26,Growth,531905.8669506605,670502.5429472809,782668.61088556,917079.837913363,1136841.0034246019
2027-05-27,Growth,531752.3494960443,672407.9587257591,782604.1312523285,918621.5407910111,1141717.0938588278
2027-05-28,Growth,533671.1170931506,673675.0483705595,785449.8415572399,919376.6722511927,1144059.0540799822
2027-05-31,Growth,532882.0297793362,672846.8826314714,784602.8790776418,920648.2445296069,1152640.382942208
2027-06-01,Growth,533937.8403453818,671533.92406064,787575.0011496485,921615.1003816614,1149328.6015303698
2027-06-02,Growth,532386.0322301225,673283.4426907254,788395.9766533484,923801.1319130268,1149304.4280419343
2027-06-03,Growth,534364.1685827593,675399.441295093,788186.2571481809,924814.291181179,1156861.4468108416
2027-06-04,Growth,532863.5307306082,676139.0130087185,790274.042138522,924707.71797062,1153224.2227564943
2027-06-07,Growth,531535.5249556962,676001.8892215404,791315.3594070984,926971.1233970539,1154585.939847779
2027-06-08,Growth,532479.639747586,675899.352886375,791361.9638074748,929495.4469719045,1162837.7135039833
2027-06-09,Growth,531423.3794985972,676082.4130618535,792214.7292631322,931456.2913091816,1167983.5677633726
2027-06-10,Growth,531170.4066941971,675719.1296361723,792225.1702337427,932896.035783845,1174485.1369171555
2027-06-11,Growth,531203.7192409071,676257.3094105538,791654.0971613498,933026.9075615141,1176499.7223653193
2027-06-14,Growth,531073.5743555005,676752.0295768015,793932.821515651,932359.0019390112,1174032.7396393493
2027-06-15,Growth,530627.4602526851,675811.1544092323,795675.5449212168,935726.6642155657,1177843.1815435705
2027-06-16,Growth,529863.1179535353,676193.521738218,796854.3426060858,936153.4457879632,1180227.46818955
2027-06-17,Growth,530759.8076805997,676255.6419438256,797204.8410690043,938263.4301262759,1178796.6253712852
2027-06-18,Growth,530480.6365287936,676719.831712003,798046.5574819059,939186.4762316362,1181589.7424307584
2027-06-21,Growth,531686.3260250888,676438.4194699402,799283.0043683768,941089.7526514807,1180335.070729934
2027-06-22,Growth,532126.1057590012,677253.9755657571,799023.3658469787,939369.322054229,1180750.662809172
2027-06-23,Growth,531127.0334635914,679124.3984729357,800785.3321826579,942328.2792107279,1185105.2461525667
2027-06-24,Growth,531846.1400314372,679147.4376871947,802303.4210252035,941781.322982663,1186259.204370038
2027-06-25,Growth,530427.5238283123,678232.4226911407,803034.5796101331,942989.7449426571,1185279.3784256969
2027-06-28,Growth,529948.1005932865,677768.4218883925,804232.3918091033,944972.7086721584,1188317.2414543475
2027-06-29,Growth,530579.3607719447,679847.2068129908,804733.2044066762,946118.8274530481,1195270.4878542433
2027-06-30,Growth,530867.8703745393,681233.0535523541,805634.520390434,948582.5256893756,1196950.746445732
2027-07-01,Growth,532185.9863444807,680770.2574262728,806119.3391182622,952362.3504244495,1198496.7870408567
2027-07-02,Growth,531891.5105360007,680530.6665463784,806943.4680546562,951441.603565691,1201876.063160293
2027-07-05,Growth,533066.1014289189,680001.2161283973,806072.402566469,953942.4784912216,1204752.3587081793
2027-07-06,Growth,532764.3527176752,680193.7303073282,809014.2771635924,952574.6318939972,1205657.6653495543
2027-07-07,Growth,533770.5641064767,680800.9547357548,808269.1808165055,957042.1773506696,1206749.907565668
2027-07-08,Growth,531953.125889638,681003.3745592707,808374.6770712011,958093.4149596167,1209074.220554154
2027-07-09,Growth,530420.7322548908,682036.1476092605,809404.8277758604,957437.0283118375,1215791.50253277
2027-07-12,Growth,530385.0738902038,680171.1672289544,809951.3102969147,959011.8582585257,1216281.4874093025
2027-07-13,Growth,529144.5611452607,681466.0011361011,811535.1685782515,958525.5711041505,1224287.2873560598
2027-07-14,Growth,530665.1094659752,682189.6609653569,812634.5506485945,961913.5905872136,1225223.5555850808
2027-07-15,Growth,530260.4837653445,683515.4438803588,813062.4026753192,961970.1911886085,1224718.1153693697
2027-07-16,Growth,531971.5568899044,684690.0577433837,814165.6769040346,963347.0048735212,1223483.6269960687
2027-07-19,Growth,529275.6606170171,684598.6033015389,813387.3872938361,966916.3754667145,1231082.966523508
2027-07-20,Growth,532006.28710851,685633.5551275485,812734.4219830886,966799.255848519,1234618.5528494653
2027-07-21,Growth,532832.8253919914,686659.8846501784,813921.1297439856,967462.7423915885,1237503.9802925356
2027-07-22,Growth,531158.0489727516,687189.5193908268,815427.0172577304,969614.6175369034,1238481.9716332895
2027-07-23,Growth,532347.285968325,688458.289848816,816219.9866225442,971298.0745313684,1239831.8199102203
2027-07-26,Growth,531902.58878556,688105.8684757687,818233.6547336832,971627.566786227,1240481.4769017834
2027-07-27,Growth,531120.6109527779,688337.6618265654,820260.7604608245,971908.2765933981,1240730.617911676
2027-07-28,Growth,533082.0821757095,689171.0282181614,821553.8380920808,973418.7400723936,1245960.1869543993
2027-07-29,Growth,535523.3731290349,689647.1755198293,822571.9355682587,974875.3777774558,1250133.9429520494
2027-07-30,Growth,534399.1961764963,688908.2563119978,823463.0135622853,976992.8395821926,1248250.0440334328
2027-08-02,Growth,535476.6695120872,687806.098496219,823434.509706843,976809.8266561099,1252670.9522037313
2027-08-03,Growth,534171.4046810318,688057.8790223582,824662.6643470172,978095.7918310468,1257134.951253716
2027-08-04,Growth,537176.695219377,687931.3296356618,825583.0773368813,978345.8083650209,1260599.328777377
2027-08-05,Growth,536804.2769702569,688405.6957743694,824684.8702125482,979885.7493817067,1268824.196967155
2027-08-06,Growth,536851.4249134243,688995.4658140849,826121.8624510826,980858.8905744979,1273331.8729594166
2027-08-09,Growth,536300.4819736361,691623.3923040236,826890.55568895,982485.3477461995,1272405.6587029386
2027-08-10,Growth,535811.5590216527,693704.3962160235,827899.5752470363,984390.8710806067,1272325.6972342038
2027-08-11,Growth,535274.1997801742,693787.2182205238,829338.3414279888,987053.1043409192,1275747.84312356
2027-08-12,Growth,537091.421856915,693297.2967938738,829123.6385787479,986575.1677983617,1277421.9303433928
2027-08-13,Growth,534340.9969667443,694787.6960202362,828861.7933584428,989588.9577634566,1279283.4393752154
2027-08-16,Growth,536935.0054323552,693846.6203267891,832065.5121137344,990517.8792841254,1280158.234680428
2027-08-17,Growth,536423.002710167,694671.0725005786,833543.7259171446,992352.6356479874,1284603.2411108513
2027-08-18,Growth,535983.0683905713,693874.1268317357,835271.689200558,994616.7489367565,1284103.5628207088
2027-08-19,Growth,535656.3303729204,693347.5437425893,836558.5596799476,994060.3192713751,1284570.6636452621
2027-08-20,Growth,534669.7181957728,695678.4700885504,837355.3775270908,997260.8272944691,1288499.2185198942
2027-08-23,Growth,533903.2563125225,696571.3262468604,837745.1801962745,997636.6371990589,1293997.1778788653
2027-08-24,Growth,534198.9380429607,696521.6709613726,837329.7677928479,1002243.8984233625,1294739.556717465
2027-08-25,Growth,536172.4763064781,696622.0158201738,838990.5738773919,1000019.4305500669,1297895.7691008088
2027-08-26,Growth,535326.1838850402,697700.4067807854,838325.1777767324,1002381.3993762736,1299534.2395869214
2027-08-27,Growth,535151.3066441867,698224.6565337963,839174.7375198897,1003088.5924529048,1297505.0080415315
2027-08-30,Growth,534600.2808742326,699326.184334975,840073.2457005514,1004630.5630264309,1301201.2834196768
2027-08-31,Growth,534802.6194138117,702105.388391153,840340.8502258796,1007066.9479452196,1304448.2743583948
2027-09-01,Growth,533401.7120562826,701112.6430183363,840774.5143634917,1007335.8463927832,1311312.1947136696
2027-09-02,Growth,533779.7107071859,701565.1216578967,842056.3956297748,1008048.7909763426,1317663.6300834555
2027-09-03,Growth,533568.815291347,702680.8677337039,843452.2670849046,1010653.7204917201,1320156.6579779992
2027-09-06,Growth,533687.1527481135,703413.9831033424,843638.1878577969,1012450.8242502009,1319865.7885303523
2027-09-07,Growth,533157.2045907718,703678.5089383149,845808.884609626,1015267.6485689564,1317405.4175530775
2027-09-08,Growth,534674.0423245986,703290.7310321466,846756.3114169859,1016468.1790140739,1319753.288536509
2027-09-09,Growth,534164.7654768442,702897.8992008297,847512.0325067819,1017995.1517898585,1319818.2997103387
2027-09-10,Growth,536898.3493083376,704185.0010021132,847985.4572685962,1019506.2006050771,1326838.2435825379
2027-09-13,Growth,535248.3395599852,703169.0469169148,848469.329615383,1020152.2961194031,1326921.637105574
2027-09-14,Growth,534817.4973013677,704831.6428340997,850701.2262279914,1021784.642179955,1332455.6920313353
2027-09-15,Growth,536248.1399142116,705583.4858944941,851794.7909707217,1022532.2780302573,1333167.8411180943
2027-09-16,Growth,537227.6613097623,705688.9314204691,850993.9153807017,1022135.6622785333,1335597.4794415627
2027-09-17,Growth,536918.3173929099,706793.6153448331,853680.8526568091,1024872.5436467058,1340565.2603638235
2027-09-20,Growth,537007.2721548552,707399.7567506388,854135.1550234954,1026991.3100472745,1339312.1772562389
2027-09-21,Growth,536657.3274206627,708875.7954910557,855413.1444291277,1028911.9920727697,1340979.6333171898
2027-09-22,Growth,536668.1212561863,711226.1722842414,857569.5731677337,1031218.11494932,1341571.2671612592
2027-09-23,Growth,535090.9900349741,710534.984203639,856742.4652740514,1034452.5123141265,1343532.752268564
2027-09-24,Growth,535589.764379921,710668.5410167824,857501.6440119303,1035019.501489711,1342817.0577599022
2027-09-27,Growth,537961.6078113626,710834.8061882799,860814.3846753758,1034206.9987453994,1347929.7052361353
2027-09-28,Growth,537478.0573376068,709013.1748722084,862097.3782849459,1035945.2773195249,1356528.4770780029
2027-09-29,Growth,537301.8248243365,710098.1497958715,860472.4201806588,1037658.1684393593,1356053.248453025
2027-09-30,Growth,536695.9038708709,711413.7389853799,861192.7961135856,1038645.2538188961,1358399.8405603762
2027-10-01,Growth,534931.2813946266,711605.7809583747,862296.6690922404,1039122.3059171054,1363236.9344446391
2027-10-04,Growth,538095.8164700165,712295.2817123546,862552.9537000273,1042011.5309377494,1362456.8960441458
2027-10-05,Growth,536860.2177493479,712225.4249192311,863104.1389561421,1042866.2578050931,1364107.5929553946
2027-10-06,Growth,536203.8871138219,713018.4139020178,864392.5288131506,1043624.8491983329,1370444.889808938
2027-10-07,Growth,538563.6097885673,712312.7244413848,865704.166422411,1042713.6308941816,1366364.113112846
2027-10-08,Growth,536802.2667319292,714739.1536648815,867040.034470372,1046201.3071418146,1373416.201744733
2027-10-11,Growth,535491.1009491706,715356.9343318194,867838.4608970558,1048490.1247012521,1376365.8855640693
2027-10-12,Growth,537609.212300996,716628.6800287822,868371.390155849,1049083.6698629083,1378175.3080616377
2027-10-13,Growth,537440.640756096,718454.4647553856,869869.9116473893,1049727.066616186,1373376.1770807914
2027-10-14,Growth,536702.2611988924,716003.5760493877,869652.3214099426,1050919.4743201074,1388719.9484257074
2027-10-15,Growth,535584.3132485223,716312.9035216747,870860.780053717,1052013.5854140432,1391060.3921991074
2027-10-18,Growth,538648.8850357917,717081.0959689717,871520.523498842,1053262.4587616657,1391603.1480793715
2027-10-19,Growth,539236.5273164026,717506.1424366243,872883.6398240937,1052484.6072472702,1393420.9044717446
2027-10-20,Growth,538436.6402790213,718208.0704143101,872413.0407945185,1055745.4648694056,1397272.8558781329
2027-10-21,Growth,539411.2172392687,718666.3038347092,874564.6126068421,1057545.0361422992,1401945.1866664647
2027-10-22,Growth,539769.9946568746,719919.4877571495,875376.492695478,1061548.962034903,1399201.4818669225
2027-10-25,Growth,537408.8823077196,719092.1741090621,876358.9364271458,1061486.5537585304,1403016.7224966947
2027-10-26,Growth,539610.1381841429,718011.1167827026,875435.3884419261,1060465.8113905776,1410027.589023339
2027-10-27,Growth,540032.6066885489,720479.2651478436,878629.1553461421,1060109.1417296943,1414555.4579765713
2027-10-28,Growth,540515.9824835992,719978.797151024,879001.5647297173,1063270.6655835097,1414711.572178323
2027-10-29,Growth,538076.8324676428,719234.0505909139,878983.9207872456,1064867.9524276832,1416946.791222856
2027-11-01,Growth,537041.3411196136,718803.2421777253,881153.7967320518,1069620.6245572583,1422626.1551951156
2027-11-02,Growth,537449.0370884269,723437.9187138922,883240.9415302947,1072383.0676457817,1427675.0183927172
2027-11-03,Growth,538082.3703536049,723533.5025236418,883180.2348943506,1073103.9849086625,1430678.0940129168
2027-11-04,Growth,538825.0560477884,723312.7727190942,884914.0028040844,1073311.2974129803,1435377.447089903
2027-11-05,Growth,540017.0057263646,724167.3598663078,887056.6075982845,1072578.3005280138,1436637.399374038
2027-11-08,Growth,538438.7073640063,725571.6580995593,886870.6816598186,1074696.2132070656,1437512.6646625074
2027-11-09,Growth,540899.800637438,726097.6352624472,886997.3765395876,1074175.434584182,1437840.6699809593
2027-11-10,Growth,540082.6989824632,727953.5467255053,889230.2535093888,1079416.9554293286,1442732.4498104507
2027-11-11,Growth,540666.1516948412,727782.2455678362,889412.4479173427,1076252.7107718303,1445649.3626729823
2027-11-12,Growth,541542.2202442532,728847.6269721054,892202.9150323062,1078033.240065758,1451923.0971144447
2027-11-15,Growth,541195.5960634162,729924.5642108169,890598.0618174344,1078219.8406449277,1452772.8313817391
2027-11-16,Growth,540300.8544785206,730277.4038573054,891794.4680922041,1080323.757128999,1452456.912855981
2027-11-17,Growth,540651.9390953832,731172.0389341568,892647.3609704187,1082949.1633262709,1456840.788718091
2027-11-18,Growth,540420.8636172545,730773.0061589951,892988.8267019743,1087599.9405760593,1464570.2177299943
2027-11-19,Growth,540067.1593585936,731152.6306982749,894702.8653598214,1091311.7463889578,1465550.8705179628
2027-11-22,Growth,540573.8742783671,728226.4064578908,894813.8808663241,1092193.6582885953,1467787.0103472895
2027-11-23,Growth,541333.0100331545,730478.7310155898,897600.7510645413,1093547.0497610285,1463516.4849206512
2027-11-24,Growth,538928.3007751487,728139.1741845448,899767.103876989,1093235.0094224275,1472228.538544758
2027-11-25,Growth,540629.3648746137,731046.52747165,898323.0247448959,1094379.685427099,1480875.727566098
2027-11-26,Growth,541006.2610523619,729100.2377247381,898794.0563210193,1098685.3390769714,1485923.7349815725
2027-11-29,Growth,542831.6059536913,729198.9814225585,901370.5225971579,1100787.6899640253,1482293.3933015103
2027-11-30,Growth,539541.7443188288,730017.8347874464,902421.0642875815,1103606.6654752248,1478001.7800978245
2027-12-01,Growth,540030.4529836274,731843.3611086805,902226.4580719714,1102128.3277453333,1487292.6591559632
2027-12-02,Growth,536617.441469345,732955.2111499526,902276.1244722707,1103290.6506231173,1496716.5635776941
2027-12-03,Growth,541535.3117522801,733046.5621269422,903920.636506964,1106332.471211425,1498707.617911261
2027-12-06,Growth,542925.9787906242,735157.127652203,903913.6941267594,1106117.5270384566,1493646.469127374
2027-12-07,Growth,539772.7190777801,734417.6408850863,904530.558868076,1108719.0412205108,1487855.1742860705
2027-12-08,Growth,539053.8214811588,735930.4317872516,903754.7420612432,1110714.2093266146,1489079.8433908862
2027-12-09,Growth,538874.4518476421,735846.6404941303,905037.0869154795,1110601.6206965344,1498581.40979772
2027-12-10,Growth,539174.2398819322,734958.7385634556,907524.3755407145,1113543.950501847,1500861.2692222327
2027-12-13,Growth,538424.5149192197,736442.5419576305,906808.2644174197,1115325.0552759327,1506062.3094207996
2027-12-14,Growth,536676.4014286863,737966.5229659869,906641.1789431088,1117167.260000981,1507646.519704176
2027-12-15,Growth,537318.5208715962,739291.7399458026,908641.195117757,1118305.6442149242,1508908.1215953997
2027-12-16,Growth,535729.2177519256,739075.8378238375,911913.8179334309,1120159.8040566,1508480.5650196888
2027-12-17,Growth,538593.9654288455,737821.1242596221,911864.9233952423,1121528.6252608206,1512294.096882737
2027-12-20,Growth,537458.7377529484,740115.4189777325,911886.0451218246,1120204.3375717076,1514803.3819240585
2027-12-21,Growth,535318.5160581293,740354.1555828683,910325.3547615844,1125195.6210646082,1514604.8518830368
2027-12-22,Growth,536615.9073654015,741290.9431379028,911944.0237453403,1126502.863173951,1520331.4185441572
2027-12-23,Growth,538270.5134875425,742146.5397659235,912855.3134010991,1126297.7509242538,1521151.952736652
2027-12-24,Growth,537700.3172437489,742364.2688938952,915891.3951906706,1126382.812948668,1519755.5068888562
2027-12-27,Growth,538336.237400123,743408.7541892595,918356.9369528244,1129654.5075507495,1526978.0159172546
2027-12-28,Growth,539196.4799765178,745124.6036815952,920013.0653551127,1132545.5320731588,1527317.1372805343
2027-12-29,Growth,539032.366300353,744267.9624624164,920853.7068315225,1134467.2282370608,1524373.6294987334
2027-12-30,Growth,541924.0690350865,742688.8003769603,923520.2046864675,1137205.0581501545,1533147.209562977
2027-12-31,Growth,539908.7916087804,744433.8652690058,923811.7733406383,1135708.9114816152,1534292.8726196927
2028-01-03,Growth,539628.0189751853,745433.8077649022,925197.8961731103,1135600.8432972871,1538159.1030169297
2028-01-04,Growth,540641.2127903077,745987.0355964415,924204.0979694284,1137960.4732973916,1540243.6244455043
2028-01-05,Growth,538912.4048121212,745226.3671597419,926653.7693047111,1140450.313748041,1546715.8887859194
2028-01-06,Growth,539941.2991799791,745184.2142315911,927736.1925982486,1142716.6150023155,1546703.6543961484
2028-01-07,Growth,541192.3485607455,745930.1421235884,927128.5809765288,1145166.1795175318,1548395.4875442341
2028-01-10,Growth,543632.8406404726,744768.1139553188,927733.3092703556,1149101.018982244,1552817.7630929109
2028-01-11,Growth,542515.4040744638,746564.9591821025,930655.7576644756,1147120.8711840678,1553365.0552506538
2028-01-12,Growth,539852.0720846578,746931.2457212968,930670.6363832226,1149161.6274013072,1559021.7812686563
2028-01-13,Growth,539757.8209698014,748164.6713979882,931792.457910595,1149763.3360614066,1561721.544961391
2028-01-14,Growth,539708.2171178628,749075.6307780119,933195.3219159634,1152646.9771248635,1561295.5143699115
2028-01-17,Growth,541673.9878363067,747733.1877478291,933768.4428358197,1154812.8402055171,1566807.5277524793
2028-01-18,Growth,539908.5594565945,746146.4378903864,934571.5693255266,1156431.2355762436,1566707.859371885
2028-01-19,Growth,542605.1053698437,749086.7594997785,934945.4750104807,1155168.12321515,1571693.3693229866
2028-01-20,Growth,544175.7714183797,748626.1336885008,936151.808409064,1160893.9529926213,1565572.4545455684
2028-01-21,Growth,542381.8605942458,750774.3496662675,935605.0194110061,1160428.861381754,1564651.7387007612
2028-01-24,Growth,542450.2849520858,752443.694056273,937288.3456305868,1162292.8513937043,1574069.099858254
2028-01-25,Growth,543253.7826558436,753342.9516721776,937282.5160675958,1164852.6947462377,1574317.0632498288
2028-01-26,Growth,542259.8176652631,752063.1860974896,938553.5698454664,1164499.5954826255,1578226.7706282833
2028-01-27,Growth,542280.3244371602,753316.1189138305,939745.4532441965,1167506.246939079,1588929.9419381635
2028-01-28,Growth,545820.295167887,755106.4865761171,940746.7799323846,1166735.2125052302,1582460.2699716608
2028-01-31,Growth,544664.2258057978,751755.1863418164,941024.8598103598,1166515.0901752808,1589544.1295525902
2028-02-01,Growth,545995.5784295895,753097.7698225781,943964.5038157448,1166717.9895924544,1588051.0366861196
2028-02-02,Growth,547001.5698187503,755130.1889258248,944127.8175804245,1172188.482371719,1594453.692247542
2028-02-03,Growth,545770.7933281653,753889.9529439732,944012.052098539,1173520.3683362887,1592231.7926664867
2028-02-04,Growth,549565.2329226123,755712.7272358419,946221.9468651193,1173658.4532594236,1596700.7138031635
2028-02-07,Growth,548800.0975756325,756909.2574983763,947757.7393801041,1176536.5711606676,1606710.7869436194
2028-02-08,Growth,549671.5911932534,757765.5296110492,949382.4376822255,1178280.5886221798,1607648.903964085
2028-02-09,Growth,550874.2912208841,759548.7839877341,947907.6877950025,1180281.239338453,1607270.8752225584
2028-02-10,Growth,549190.0851783109,760200.1142417741,948757.4888499263,1181053.2682162893,1607219.9691111362
2028-02-11,Growth,549514.9100838101,760230.2187059512,950144.2048394252,1186327.8490057436,1611644.7684088538
2028-02-14,Growth,550728.1400998076,761924.9247671759,951719.0577775496,1185847.5778815043,1617250.9578207112
2028-02-15,Growth,551756.8950589926,762908.1664980832,951913.8356378254,1186153.3139422603,1617407.529293197
2028-02-16,Growth,552753.7463212984,760339.4383106806,952200.4380994185,1188145.742880175,1619182.5681141524
2028-02-17,Growth,551539.8167151925,759358.7313265433,952109.4769222946,1187744.4940023974,1619522.089187457
2028-02-18,Growth,552739.21764644,760405.8208148238,954468.4387140417,1191534.733171672,1624866.045008586
2028-02-21,Growth,550254.9305119325,759390.2194153138,956770.3590707205,1193211.6488416693,1631018.6541606917
2028-02-22,Growth,548918.2909836398,760978.8813947857,956445.2877109156,1194100.8859643373,1633596.746631805
2028-02-23,Growth,549366.7635581484,761156.2411113114,959276.9369401851,1195917.9316903562,1640820.5393870324
2028-02-24,Growth,550785.3203756018,764117.6380461017,960132.8914856202,1195132.9808578717,1640256.9527618242
2028-02-25,Growth,550441.7234798651,763281.1464523778,961604.6019608144,1198864.197552819,1642999.5465005385
2028-02-28,Growth,554717.8279783024,762535.3757171743,960410.3901629555,1198108.2235333077,1648702.1833635722
2028-02-29,Growth,553895.682772973,763769.4802076721,963665.4497211478,1199189.619061086,1648018.670543218
2028-03-01,Growth,555595.8832960883,764381.3806427531,964152.7052643475,1200504.723625869,1654791.7112878223
2028-03-02,Growth,552999.8676001444,765254.5946738787,964662.6760716073,1200894.6952604547,1652200.4996216216
2028-03-03,Growth,553613.0531380889,764518.470431411,962536.1025584848,1202204.598061591,1651484.49177653
2028-03-06,Growth,555483.9103277613,765650.6228339038,965070.0515783101,1203065.2205799015,1650752.004625161
2028-03-07,Growth,553048.6960561695,766756.4608321703,966828.5820568334,1205388.052757986,1660575.855336728
2028-03-08,Growth,553849.1753672773,767634.9135623537,966746.5504594191,1205134.664610293,1663384.9117348818
2028-03-09,Growth,552747.894513636,765957.9454261247,967532.0574161876,1208213.2706217417,1664160.1483393796
2028-03-10,Growth,553728.0297704645,766472.421812204,969447.9432575391,1208072.7219945611,1666818.1972397645
2028-03-13,Growth,552989.2147109188,768481.1527343143,972098.3162111015,1207722.886842411,1668672.3615529074
2028-03-14,Growth,552538.3365177915,769269.649441322,971283.0535945921,1213477.900532013,1671408.6843400197
2028-03-15,Growth,553576.145945821,769934.1917932844,973944.3872729018,1214302.8921988118,1676703.9718070216
2028-03-16,Growth,552791.5754317917,769868.7483617455,972997.4378370923,1215658.4075659388,1679293.5351845045
2028-03-17,Growth,551704.23330128,770483.2418551109,976278.2596973026,1221126.971232185,1690919.905602397
2028-03-20,Growth,549435.4585212844,772282.675228383,976610.7709114624,1221563.2191292106,1692808.428981821
2028-03-21,Growth,549928.0743048472,772020.2498450784,976378.2945331975,1223285.1168811652,1684189.2198883034
2028-03-22,Growth,551281.611101116,771756.9709796367,976092.9844553507,1219350.653585105,1691279.6473163378
2028-03-23,Growth,553500.5174822434,772852.134432175,978037.7294210298,1223890.7606292698,1695463.2678238614
2028-03-24,Growth,555820.6146940502,774446.3043256806,978512.4050982299,1224886.481837822,1697919.9506507441
2028-03-27,Growth,558053.8437807839,774314.1626725662,977959.7236805896,1225565.2816288483,1699898.7662438212
2028-03-28,Growth,558238.5504189564,774897.4365034644,981539.0836527724,1227002.8969790628,1707255.9033709725
2028-03-29,Growth,554328.7739004854,776340.3277049481,981323.5399921435,1229028.3293215255,1708732.5360177516
2028-03-30,Growth,551719.4357142985,777406.8021319734,983246.0746865044,1230344.6078504787,1710564.193374172
2028-03-31,Growth,555503.9148982591,777079.959701726,985974.2836903443,1230792.4299837584,1711660.9815123305
2028-04-03,Growth,555053.4683246076,778453.7978682804,986122.7091414793,1230811.1508972882,1720844.0200846593
2028-04-04,Growth,554902.7698075759,778128.0648956064,985951.7201490665,1232660.0934353091,1712230.1772374755
2028-04-05,Growth,557116.126808685,778236.6848601429,988276.825363426,1235541.9769273144,1720871.1366824664
2028-04-06,Growth,557543.176982215,781047.5788878419,988717.3794127416,1235869.1568339858,1721116.5918675326
2028-04-07,Growth,557198.4739350304,780752.4470378733,988239.6083364731,1236333.696173064,1718573.3136776793
2028-04-10,Growth,557096.2112743474,781340.7383714524,988517.0015804438,1236134.65183265,1724902.2603992962
2028-04-11,Growth,558647.66423956,781180.4407916385,988446.3097983883,1241473.8927910994,1726494.1953629681
2028-04-12,Growth,558818.4807969027,784240.8674776696,988515.5808808054,1242589.83600773,1727010.151047486
2028-04-13,Growth,558219.9956651318,784702.7555805023,988169.4574923662,1244106.1012911429,1725559.6077285167
2028-04-14,Growth,559089.8962710637,783024.054227977,988165.8391880122,1245448.0117077697,1729026.2550127648
2028-04-17,Growth,559414.7966278832,785283.6421751376,989172.4829549489,1247959.2728746226,1734814.2157832535
2028-04-18,Growth,559110.0691377056,781749.7682464465,991362.7931838001,1247444.529297853,1737734.3495621728
2028-04-19,Growth,560744.8615102933,783335.3655031974,992300.9419193703,1249958.4517293395,1739925.4115478676
2028-04-20,Growth,561472.1230973925,784548.1869991102,993624.2095050503,1249022.3561632028,1743395.1196201334
2028-04-21,Growth,561154.744060985,783596.2998958322,996524.6318471805,1255056.107620466,1750326.9599875335
2028-04-24,Growth,560623.0987638776,785180.0028570895,997033.7791937656,1256292.4685564106,1751402.5346496836
2028-04-25,Growth,559741.3625095934,788620.0323028264,999038.1308623366,1255660.9656751258,1746929.452638825
2028-04-26,Growth,561285.1207884058,788035.4913324092,1000083.3637108626,1257268.5513793633,1751250.2617492133
2028-04-27,Growth,557826.8374751963,787748.1001843616,1000187.4038774704,1263493.426569223,1761186.9850899032
2028-04-28,Growth,556653.8319010101,788407.4802614021,999830.9409721777,1264240.609460701,1763782.1955912379
2028-05-01,Growth,554894.227340475,787332.4231538319,1003186.8993703108,1262707.4073548345,1767521.9713752596
2028-05-02,Growth,556762.1943750113,790361.7307380306,1002864.2224149269,1263791.8553998857,1772766.9506553917
2028-05-03,Growth,559054.4642819366,787972.2368246152,1002617.9780012879,1265146.3284165123,1778429.5589784575
2028-05-04,Growth,559773.356406338,789738.5405508319,1003553.2543386138,1269287.10646543,1781348.7818089281
2028-05-05,Growth,560609.0864130041,788126.1139731223,1005537.1681532558,1272609.6463967809,1775927.2416334671
2028-05-08,Growth,562408.7908732103,791364.8586828448,1006137.3172237142,1273912.5626996905,1780067.1683336475
2028-05-09,Growth,559607.9625882892,790192.3663709972,1005984.9075793999,1273386.590422767,1786568.3190582418
2028-05-10,Growth,558641.4864706751,792364.0056518055,1008575.9744011902,1271959.096395635,1788127.5968414873
2028-05-11,Growth,561682.6794144835,792197.8858140534,1007379.6752360336,1273515.8051972543,1783020.3213414736
2028-05-12,Growth,561503.603531716,793580.2694998245,1010615.3001081473,1277449.7511894768,1787030.7087449597
2028-05-15,Growth,559108.001664218,794043.0372989415,1014474.6514995,1278771.7444571434,1787316.708285998
2028-05-16,Growth,558936.2034057246,792705.659462628,1014020.5982876951,1280266.9150465075,1791343.1526651666
2028-05-17,Growth,556645.9545422653,793520.1557015101,1015985.9219098887,1281380.5675060004,1796377.8131672943
2028-05-18,Growth,556632.5253016675,795184.6059188092,1015643.7767099525,1280504.9355168096,1799698.6316818472
2028-05-19,Growth,555715.3899457918,795168.6824744903,1016832.8871122741,1286009.4512978932,1804457.2708890557
2028-05-22,Growth,556939.495336072,796855.4040285166,1019419.805114092,1286262.0889191818,1809938.326756635
2028-05-23,Growth,556479.4517108827,798202.8121668771,1019425.1771244954,1282808.9954352467,1810539.345451175
2028-05-24,Growth,560507.2787724766,797733.798235223,1018620.5765451284,1285846.5229590936,1810499.2539006872
2028-05-25,Growth,560889.5822029288,799574.9167231531,1019142.2630068997,1291711.0459216384,1816516.131112253
2028-05-26,Growth,561002.2086009069,802574.724652603,1021936.8594436529,1290397.7173148328,1810618.855683987
2028-05-29,Growth,560653.4121966329,801702.4499255146,1022424.312400125,1294202.4527349428,1820499.2233441486
2028-05-30,Growth,562115.5152330626,800288.1476648676,1022434.2900472763,1298626.5819722812,1825919.2629699484
2028-05-31,Growth,560879.2969127895,801906.21056536,1022973.5474016985,1302136.3067619372,1834021.0421619583
2028-06-01,Growth,560433.4467265604,804710.3148299258,1025366.2234549725,1299204.3375854874,1833072.8403670015
2028-06-02,Growth,562467.9367747166,802621.4974261569,1023845.8386410051,1304044.4010305728,1827564.6542055386
2028-06-05,Growth,561555.7842443491,804716.8193301413,1022766.466825766,1304222.6625109897,1833998.2561185837
2028-06-06,Growth,561981.9970982759,804999.4149845305,1023307.2376280581,1305586.450171487,1841547.6920289635
2028-06-07,Growth,564989.042852559,804829.4323955951,1025643.8624425578,1305864.807131264,1849585.7493510062
2028-06-08,Growth,562574.1347605145,806849.4023084607,1029446.3919616792,1311115.5160837627,1856643.411800255
2028-06-09,Growth,563609.637051811,807609.0088237338,1029627.2826571428,1314740.5167191254,1864559.4495325345
2028-06-12,Growth,562286.2677023284,807745.9082273226,1029469.1181797562,1315808.671569363,1861171.2581942787
2028-06-13,Growth,562861.7729067468,808944.0962844079,1031844.0885321494,1314907.420498028,1867686.662922835
2028-06-14,Growth,562548.8965611935,811109.3058279919,1032782.435921041,1315238.160730847,1879795.2279894107
2028-06-15,Growth,564154.5570184232,811725.90759139,1034821.4844886059,1320493.9740572148,1875350.2530293562
2028-06-16,Growth,564778.8201909933,810352.0730984883,1035737.7520195332,1319828.4830582784,1873871.8279668542
2028-06-19,Growth,565091.9523237115,810970.1622509103,1036180.7884435235,1318392.4514681213,1881021.9884412612
2028-06-20,Growth,566656.7427830008,811240.8993060595,1035553.016224994,1323014.1631439351,1885214.54926187
2028-06-21,Growth,564997.1915905774,811150.558289704,1040231.8243060149,1321053.302516074,1888023.8305432836
2028-06-22,Growth,567664.4596829914,810743.469449738,1039094.6113426634,1324150.9190016142,1889135.212425719
2028-06-23,Growth,566226.7222175411,810668.1079655893,1040656.3954486456,1324538.1793961704,1875859.686513739
2028-06-26,Growth,566491.4617539693,813610.900767621,1040572.627188653,1323773.1555583556,1886487.4759666473
2028-06-27,Growth,568066.3514727429,813403.0265384446,1043857.4760270077,1324660.5370374082,1885281.699863263
2028-06-28,Growth,567699.1671098414,817317.2737361183,1045747.593828549,1328287.7077898097,1888833.698935633
2028-06-29,Growth,569223.063775546,818457.3532059783,1045421.9568434018,1326050.6014449007,1888072.2127829422
2028-06-30,Growth,569850.8761395172,817602.4380581242,1046029.3344000753,1330393.7793274343,1893395.6071946372
2028-07-03,Growth,567603.647902458,817002.7438467056,1045728.5361202767,1331880.7125686007,1905763.1430971727
2028-07-04,Growth,566150.778947974,817244.2996632301,1046865.7277271976,1330624.1862510738,1897774.255976997
2028-07-05,Growth,565383.6243615511,817472.3341403118,1048571.5084267674,1338191.8262963733,1898844.466646361
2028-07-06,Growth,566563.0176080723,817603.6238281283,1050845.991694043,1336764.3669315432,1901152.2517469442
2028-07-07,Growth,565107.9443840312,819321.7391332985,1053513.1792722126,1336607.3994660066,1910087.8863574297
2028-07-10,Growth,564995.9640396138,818997.3628069625,1050846.2391829528,1344908.7262463584,1917816.6549445025
2028-07-11,Growth,566242.0068626547,821077.8293123579,1051172.2048672396,1351084.8396146882,1915606.64857941
2028-07-12,Growth,567871.1760401565,821192.6150247387,1051757.2658635504,1354695.7905827102,1923493.806802155
2028-07-13,Growth,569334.6282803218,821188.7161374873,1055061.3612367439,1352021.4538722606,1925864.6515757348
2028-07-14,Growth,570974.8194422267,822206.8746654138,1055409.0722252463,1354584.3075284772,1938720.1436776686
2028-07-17,Growth,572572.4288435989,824356.6849436102,1056787.3747997927,1352144.4783583959,1932829.8094911785
2028-07-18,Growth,573127.3182957387,824086.542712296,1055831.370822237,1357385.6333606446,1936293.740133748
2028-07-19,Growth,574367.0130015346,823439.2922146231,1057290.4066312544,1356027.8608931173,1941254.1129045612
2028-07-20,Growth,573026.0246489756,825917.9276247551,1058758.730846695,1358644.269155354,1938240.6475699795
2028-07-21,Growth,574210.9676272939,826396.4907681912,1059936.518477398,1361118.7757335335,1939157.5106505053
2028-07-24,Growth,574897.9687571428,827651.342565223,1061117.245016997,1362403.5728737335,1946236.9954369501
2028-07-25,Growth,575131.9750586685,827948.8509193726,1061103.1216567494,1365320.3114817124,1944702.5858010706
2028-07-26,Growth,572751.8083959175,827172.6204237285,1062618.1204266772,1367155.8634485004,1945208.2240632745
2028-07-27,Growth,572832.8494946881,828051.8783639353,1065268.980615495,1369731.9693269837,1950257.5915147918
2028-07-28,Growth,571943.58652186,828102.6166398686,1067803.3166528898,1371133.0453601182,1958522.8200109408
2028-07-31,Growth,573823.2599740362,827471.9979990103,1067356.788964979,1367937.839629274,1960366.9142791652
2028-08-01,Growth,574806.7634910708,827218.435322984,1067418.3051853334,1372045.2600922042,1964597.8783527846
2028-08-02,Growth,576233.0650519332,829611.4345875616,1067936.9616255704,1373330.1540070877,1977508.4411165842
2028-08-03,Growth,576203.944156949,831134.0022043977,1068230.8286053953,1379554.2291229898,1972586.4333276064
2028-08-04,Growth,574500.60842285,829576.8747074286,1069783.9278268083,1377034.786462336,1974475.110097974
2028-08-07,Growth,577034.2897765542,829155.8431840232,1069661.042582802,1383334.1786635057,1973208.0633252126
2028-08-08,Growth,574138.2867125276,830635.5910940346,1070425.015102303,1384605.3159641037,1973573.510205597
2028-08-09,Growth,574760.5411997194,829518.2505804931,1072846.3087628712,1385801.8039075427,1982117.7655926514
2028-08-10,Growth,574121.6995117322,832642.0860192546,1070972.633583908,1391611.9069004024,1988904.9505594391
2028-08-11,Growth,573246.8371694074,832951.2480618405,1073504.0496527827,1394440.2326423014,1995902.241567096
2028-08-14,Growth,575545.3933410287,832942.5767062291,1072891.103385149,1394382.3309693243,1999594.893532153
2028-08-15,Growth,573847.883840988,832955.7519340742,1076997.3213473642,1395847.3658341134,2000867.0301841768
2028-08-16,Growth,574396.5608560104,834445.1884557656,1077810.7181947408,1400446.4404432399,2004251.2656918904
2028-08-17,Growth,575713.8827736294,836578.4958586986,1078213.8252109087,1402960.1207632776,2007140.712806748
2028-08-18,Growth,575790.0498804711,836338.798851714,1079292.8513535063,1403270.6881146687,2022500.94584019
2028-08-21,Growth,573482.7514279833,835411.2043607025,1080301.38851476,1406858.8007519182,2022858.0849402675
2028-08-22,Growth,576273.2945335299,833974.3071834601,1082683.498463181,1412128.0437408849,2023962.563788379
2028-08-23,Growth,576990.2003674158,836693.2882387524,1082925.9216271262,1412674.9675864698,2019911.123352367
2028-08-24,Growth,580033.2773265701,838147.4181810385,1080513.6156103602,1413600.2515328315,2025833.5895919653
2028-08-25,Growth,577631.2833917021,837390.0141288833,1084734.339408886,1414558.7410209575,2026081.4860473524
2028-08-28,Growth,578219.6617402018,838610.7540097509,1085718.518175911,1419451.2769578355,2037936.9168379763
2028-08-29,Growth,577655.4328253974,837349.3612098615,1086220.1461075777,1420411.8225872354,2034482.4003982584
2028-08-30,Growth,577966.1561299562,838981.5772100631,1085004.4070950178,1420428.2885971372,2051045.569537826
2028-08-31,Growth,576214.7339855484,839674.7658001869,1086347.1777938898,1423943.7032882012,2042582.2955465845
2028-09-01,Growth,576998.089669007,838798.3682082493,1087018.429883285,1424538.8493463513,2051466.1500295128
2028-09-04,Growth,577797.0661978454,841467.6247997587,1086846.8005001987,1424491.0048366576,2056113.2164220253
2028-09-05,Growth,577671.4849217739,842722.0177029708,1088721.62305836,1428132.688111175,2058197.5169740485
2028-09-06,Growth,578754.479268501,842953.182861786,1090277.314900151,1424256.8200279414,2068142.3884858368
2028-09-07,Growth,577673.519818307,844733.3749765824,1091733.127072541,1427664.5525795375,2058046.3766733569
2028-09-08,Growth,577183.3171532823,845690.0520693442,1094913.6303525604,1425914.3365842884,2077586.2377174634
2028-09-11,Growth,574116.2887845851,847761.2917017092,1094488.2249356015,1429614.338586831,2078346.359658644
2028-09-12,Growth,575139.8305099932,849159.4751680321,1100722.8575388752,1430472.148302581,2076142.4540938516
2028-09-13,Growth,574162.1308117943,848106.8876073051,1098921.217157451,1429297.4192379229,2082146.5314608759
2028-09-14,Growth,576395.2866699576,846089.1335320692,1098836.1380914198,1434464.8730628344,2091854.0711437927
2028-09-15,Growth,577833.4540348896,847717.2140901661,1101957.567478713,1435557.3329129934,2092683.6783851013
2028-09-18,Growth,578781.0881960961,849389.7790521373,1102751.2131517588,1437363.3797737197,2093288.602450476
2028-09-19,Growth,580694.9946006958,849082.2097858131,1102363.5678412411,1441047.0814424907,2095408.4869010267
2028-09-20,Growth,581001.8360134589,847630.7212720029,1103488.2354606134,1440329.8693612625,2102331.7902605017
2028-09-21,Growth,578329.2808678783,850587.3660590514,1105448.1950128982,1440861.317057903,2115961.595174948
2028-09-22,Growth,580617.8386040743,851291.6457118918,1102096.8254686492,1443652.5203894125,2113642.2715368383
2028-09-25,Growth,580577.684403888,850740.7769661718,1105597.5253646756,1446241.2464168775,2114395.3962774025
2028-09-26,Growth,581086.1443919668,852807.9712749673,1105598.718033927,1448833.3610434798,2116772.9708602857
2028-09-27,Growth,578673.3520257408,853957.1430535782,1106812.6162467964,1450255.199324947,2118059.3142850916
2028-09-28,Growth,578650.5407503208,851168.7251300473,1109494.0034015102,1451127.918863784,2122350.96802085
2028-09-29,Growth,581651.8069817983,852154.818728469,1108258.6680513513,1453871.9296553282,2124895.1509285592
2028-10-02,Growth,581136.4704598911,852102.4133827621,1110990.0982752247,1455251.0618493143,2138265.25071347
2028-10-03,Growth,581426.4106741353,854051.3301506427,1111239.6151611614,1461649.838014235,2140015.3029971486
2028-10-04,Growth,583612.618603088,855204.9859150782,1115639.112056878,1462258.471646017,2137294.983765078
2028-10-05,Growth,583037.9431425203,857117.2905380983,1116302.4466476664,1457254.6316761398,2128552.2448418634
2028-10-06,Growth,583142.6487991926,855819.4320130013,1117630.8291767023,1459270.1246737032,2133534.659401183
2028-10-09,Growth,583016.3645960584,858862.7798105013,1119402.8420520574,1460293.4465557118,2123466.80589977
2028-10-10,Growth,583523.0052869455,858818.3737370253,1122302.078555527,1462243.045610659,2124173.102477841
2028-10-11,Growth,584692.281386232,858155.956086028,1124282.5337547837,1464987.7610347671,2122289.7874168097
2028-10-12,Growth,584930.9966789107,861525.4748167885,1125884.5624954535,1469091.1008750992,2128490.327529709
2028-10-13,Growth,582664.7174666341,861913.2613001869,1127408.4777066316,1472204.4415076706,2129823.272939246
2028-10-16,Growth,584185.2463001265,859030.2076824906,1124550.3739977297,1472633.2867701752,2137812.3520664657
2028-10-17,Growth,586546.1125856354,859609.5868262182,1126240.6514275395,1473804.006850171,2133234.4187375032
2028-10-18,Growth,579496.6311850322,861128.5856824389,1127142.4509001076,1476261.4965444733,2139844.6428444516
2028-10-19,Growth,581974.4648624507,863220.5151334243,1128092.5431109332,1474432.1502126604,2148596.5749391317
2028-10-20,Growth,582910.8957586639,862366.2371986562,1132836.978250423,1475626.5961694045,2160490.458235531
2028-10-23,Growth,580851.7360460254,863648.0472124361,1131700.7860891377,1474685.800370208,2156900.196395233
2028-10-24,Growth,581963.0549696339,863056.1720251207,1134308.667352194,1481309.7015717332,2158434.9121534945
2028-10-25,Growth,580765.0317472405,864281.8761806659,1132048.4478978426,1480719.009148546,2158479.463036369
2028-10-26,Growth,582574.9811299614,865115.3563174268,1133505.5582889095,1485126.0266489945,2175019.0599738266
2028-10-27,Growth,582410.2331894578,864255.7952723769,1137480.2902749868,1488316.4475833443,2164142.8168140734
2028-10-30,Growth,583861.8563084322,864780.9138451002,1138013.52725432,1488390.4443799965,2160105.1651215428
2028-10-31,Growth,586256.601214425,863424.7298340527,1139546.0268866967,1493889.8246910225,2172475.125266132
2028-11-01,Growth,585166.754531133,866209.6083599587,1140639.2967070206,1490828.1384642427,2184103.710111747
2028-11-02,Growth,585711.9918404846,866274.1908435184,1141237.95298144,1492972.7870587728,2183637.472718616
2028-11-03,Growth,585886.2954712275,867843.8655377179,1141663.6104953354,1496895.3803497904,2175814.0384581867
2028-11-06,Growth,585332.6498614228,867434.9979520374,1148305.9812627998,1500474.8236514442,2166495.153434245
2028-11-07,Growth,586158.2568864984,866133.583692258,1149082.242223329,1499506.0349955303,2184388.42234949
2028-11-08,Growth,585077.6243795443,869295.5313642065,1150362.0968069346,1501829.8849056887,2173325.590721026
2028-11-09,Growth,586334.7105142266,868813.4608871208,1150626.4407826455,1504720.8542742198,2186687.0581786465
2028-11-10,Growth,584240.2243895654,872112.551121952,1150205.2699577902,1508012.5892831166,2191594.7955689277
2028-11-13,Growth,585537.7356374605,870929.9474537948,1152546.52369946,1509612.95093047,2192831.8810567106
2028-11-14,Growth,588403.1862096834,872509.3228954867,1153082.861293987,1508834.2264246133,2191545.028243989
2028-11-15,Growth,587450.1880418437,873428.658446045,1154709.8616779915,1509661.229332021,2205810.94433114
2028-11-16,Growth,586860.4273537009,874654.5541430564,1156942.1960792362,1513451.2577164765,2204004.38219561
2028-11-17,Growth,589393.3925242673,877992.5099971105,1155456.4479237264,1509996.6686792686,2202441.044175635
2028-11-20,Growth,589390.1716466945,879055.86102867,1154751.4787555279,1514630.5988899725,2206370.809042532
2028-11-21,Growth,586542.5906248756,881268.1945422854,1157415.0287758857,1518754.7114844013,2210028.038062085
2028-11-22,Growth,589611.6405880601,880637.3938931355,1159624.2864909824,1519142.4552290323,2214637.666235974
2028-11-23,Growth,589594.6393632373,882359.4838985766,1157294.6073403414,1520833.049505179,2218963.339809069
2028-11-24,Growth,590328.1908978914,883900.3547788367,1155715.5706675136,1523571.6683002175,2212615.540330334
2028-11-27,Growth,591799.98726082,885042.4359843122,1158067.3879797528,1524981.4073188973,2202328.687970578
2028-11-28,Growth,590637.1294003727,884907.5618923372,1158311.2206148852,1527039.6786536793,2212248.331230237
2028-11-29,Growth,591823.7528570519,884530.819357457,1158019.5286808615,1528278.2296692298,2216120.0501931165
2028-11-30,Growth,596629.5740516881,886572.2963982316,1157187.6533259428,1529949.003462748,2219587.288846945
2028-12-01,Growth,591902.0856861755,885150.1519402952,1159103.2433818616,1527926.6214530105,2223945.362539871
2028-12-04,Growth,591714.3606835947,886409.2232053629,1157969.4326760331,1535751.0149114612,2229569.908008165
2028-12-05,Growth,590991.0739997947,886032.1164444899,1160644.4890908673,1536866.2589032706,2231889.670762572
2028-12-06,Growth,588941.3174891401,886461.3095279245,1159861.5503363884,1538031.513563408,2233639.23135261
2028-12-07,Growth,585835.2467872992,888604.9794043886,1160412.8106198478,1541679.7281800834,2231208.9328189525
2028-12-08,Growth,589078.3619712574,888720.0363618252,1161647.8347622897,1537571.8713147982,2235888.7713096137
2028-12-11,Growth,587574.124803582,889216.6627826524,1162127.5276410598,1535162.8745371606,2250874.0917436853
2028-12-12,Growth,589780.3615134641,889201.2296819447,1163806.0576250334,1534792.8910220372,2254331.551418107
2028-12-13,Growth,589213.4401728038,891000.6368526174,1164835.350920386,1541005.839368617,2253273.0532479873
2028-12-14,Growth,589942.6154931843,891454.2626212249,1166359.828304531,1539948.0950753028,2251918.2762665693
2028-12-15,Growth,588128.2681616348,891562.4245113913,1166413.4280154975,1542975.2535112314,2268081.3713689814
2028-12-18,Growth,589523.890089214,891016.034419246,1165770.8024264846,1544876.0260516459,2277078.2362577976
2028-12-19,Growth,589242.617331012,893845.309360233,1166784.7608723894,1544056.5181895846,2285788.679358003
2028-12-20,Growth,589833.7382336566,894645.1563737988,1166793.2075746753,1547804.9546897698,2281434.24892313
2028-12-21,Growth,593407.8004721906,892772.1565137177,1168401.6588659745,1550019.3113986044,2286446.5677564833
2028-12-22,Growth,590133.0753252386,894399.17984984,1171415.6139790053,1554734.8797265696,2293219.1596088726
2028-12-25,Growth,590095.7353569417,895821.7274466648,1171374.4931197865,1552922.6226463253,2289554.161037606
2028-12-26,Growth,590309.1452387982,894195.9148331059,1174260.7732386524,1556414.9115876264,2299487.810744063
2028-12-27,Growth,591151.5246731108,895786.0661874347,1174395.7654112983,1555779.143993222,2296692.989958548
2028-12-28,Growth,592620.6338204906,894332.9527630322,1178489.6406487082,1555163.785357751,2304386.9092083266
2028-12-29,Growth,596316.0076663481,894913.0784496168,1176928.8536724667,1552120.72520475,2315419.164196694
2029-01-01,Growth,594348.423645599,896028.6031811069,1175674.2636549035,1554385.3447010762,2327237.3917708504
2029-01-02,Growth,591686.5507314675,896998.8564295288,1178039.4854762442,1561372.8921365293,2327520.7223439245
2029-01-03,Growth,591949.7897581625,895715.1042591683,1182411.025996908,1562437.2928351643,2333468.321355888
2029-01-04,Growth,593943.295127147,900194.1978355027,1182517.3941009596,1567711.1576274708,2337661.234550516
2029-01-05,Growth,594551.3238050708,901332.7461580101,1183211.2888430874,1570904.1013388445,2339549.0791255743
2029-01-08,Growth,592536.5278784357,902057.5613106365,1184212.8897589797,1574334.4483101692,2339801.95367412
2029-01-09,Growth,593213.2550177971,901485.2678208454,1187747.1413748157,1577425.9767315977,2344570.102299186
2029-01-10,Growth,588307.6465082851,903226.5027434323,1187744.6628874983,1575293.6690034997,2343325.556535571
2029-01-11,Growth,591862.9879406847,904768.7400272908,1191614.175265802,1579425.9810400158,2336310.435443775
2029-01-12,Growth,594124.3962426827,904648.1448374063,1191116.6189949634,1579863.5469075933,2339453.027344264
2029-01-15,Growth,594917.9368097653,904309.8042706334,1192118.6706693745,1582066.4335085629,2342652.592162592
2029-01-16,Growth,595669.3889057686,905852.0428365715,1195429.6784023822,1589801.6786550826,2348839.678440894
2029-01-17,Growth,591683.8869392746,907443.7176631922,1197580.7001793191,1590824.1000368448,2343711.47593762
2029-01-18,Growth,593352.9710538205,908909.7886519812,1200410.4150381756,1591675.0042043927,2358383.922062103
2029-01-19,Growth,595602.5571679078,907120.2460284894,1202210.2041007886,1597737.0976083041,2366780.715023288
2029-01-22,Growth,593585.438103408,909717.50146259,1201519.0030306363,1596637.159917376,2378101.6672761887
2029-01-23,Growth,592334.2120430345,908052.7191656269,1203377.1088955016,1599394.990287822,2364665.0569609255
2029-01-24,Growth,593859.9149472017,910872.7598374322,1203632.8809061456,1595579.145670211,2382818.199125051
2029-01-25,Growth,593791.3951519947,908987.9109892151,1202859.0677103,1601799.308981364,2372989.2488131453
2029-01-26,Growth,591941.5878345639,912057.2816320588,1206319.0912448394,1605180.5474981822,2382209.733906953
2029-01-29,Growth,594565.8223603987,913011.734417851,1203397.9612142807,1604894.2194763934,2377637.6225762814
2029-01-30,Growth,594770.6248506644,913080.7252294443,1207236.2831720875,1605165.390118632,2382672.0268774703
2029-01-31,Growth,594986.0092463776,914201.1892695633,1210267.1416857732,1608755.4511272106,2393197.0646756687
2029-02-01,Growth,593630.4622373818,914015.19362035,1213609.1710344502,1606507.1545682773,2393358.649622556
2029-02-02,Growth,595395.0043033973,917244.0933565858,1213761.8553291243,1610995.1658917782,2410632.5518316226
2029-02-05,Growth,595515.6461121548,917494.8945377648,1213317.4996889147,1611758.843637581,2416660.7593445065
2029-02-06,Growth,597660.9830814516,918674.4280967752,1213678.5435237582,1612138.7347267726,2418888.5289305104
2029-02-07,Growth,599316.4596337858,919074.5125465469,1214573.2038025479,1618382.4316952461,2408474.264324897
2029-02-08,Growth,600114.294640762,919738.2399976832,1218772.2367299893,1618189.5696934944,2412663.99520524
2029-02-09,Growth,601654.3254187718,919969.3226324525,1218517.2785480162,1623006.7946266693,2403169.1116779577
2029-02-12,Growth,600349.0005785333,925310.2180774927,1222564.5771449273,1622979.9978882642,2402220.6851274897
2029-02-13,Growth,604033.8393945019,924663.267620779,1224645.5552175627,1624381.9754208492,2405088.3928724243
2029-02-14,Growth,603073.5977039973,924364.9835137144,1229048.069114091,1631310.307821325,2409160.4875891693
2029-02-15,Growth,604671.2914968104,923567.7903259902,1232269.8635533252,1628978.8926276402,2426340.152368525
2029-02-16,Growth,604371.5736964265,924168.575451545,1235430.3943256028,1626077.7098948455,2427765.9195580906
2029-02-19,Growth,604213.7252911212,924352.5874356038,1236713.0104285728,1627507.0252020117,2442020.1855315324
2029-02-20,Growth,599279.6108063998,925103.0460372253,1232707.6495804251,1631114.739480925,2449166.3528766125
2029-02-21,Growth,600617.1823738987,925056.916320056,1235512.5703337626,1633255.0415396094,2445601.9583924185
2029-02-22,Growth,601665.137614869,926368.5051774195,1237242.027597419,1633684.9750024432,2444271.0653803423
2029-02-23,Growth,602805.4549167666,924736.8933091167,1239889.1455970774,1639194.1284656068,2446906.5384911755
2029-02-26,Growth,600511.0656422473,926132.2044601382,1237824.8382950714,1639077.2829917085,2459947.0135584106
2029-02-27,Growth,605539.9663290458,926151.3716273274,1241520.4067181647,1636190.970477348,2462457.047272225
2029-02-28,Growth,606041.547018103,925338.8966719585,1243918.5274283395,1639567.356508422,2462427.84164077
2029-03-01,Growth,604246.7790658902,928202.2667872916,1244419.4102422977,1647289.9128187466,2460040.8357325024
2029-03-02,Growth,605004.9837908228,927293.0637290846,1247620.3987319064,1647881.38383866,2464250.7403058177
2029-03-05,Growth,605750.0361216133,927650.0106732465,1246772.7781987144,1650221.8006042675,2469433.21644894
2029-03-06,Growth,605331.8852644415,929569.7430596296,1247027.852573262,1652559.5850040829,2473068.8747524624
2029-03-07,Growth,608382.1713932948,929600.2688653879,1245584.9149513105,1650718.710029431,2477444.1909173843
2029-03-08,Growth,609524.3507294413,932981.5816652932,1250199.9686243301,1652609.37000237,2483157.366777881
2029-03-09,Growth,604466.689369656,935704.0856704138,1250142.687501919,1660217.4898836617,2486826.7343204995
2029-03-12,Growth,606715.8072974287,930455.4185846866,1252776.0923524387,1660916.3952278418,2490503.7317676297
2029-03-13,Growth,607473.8959153712,933201.899953362,1252295.9265789995,1663910.453815997,2501091.9272358106
2029-03-14,Growth,606294.0114100272,933383.5979289762,1251077.2730091023,1667026.488058981,2495353.6989525515
2029-03-15,Growth,607516.6760918284,931207.89692446,1252135.9034582963,1663118.3426337817,2501113.680424915
2029-03-16,Growth,606728.9334067652,933001.8490632593,1254273.8925750707,1671858.6629121057,2513111.286165366
2029-03-19,Growth,607852.9435082319,936023.3440978943,1255213.6286731162,1677895.2447374875,2498735.3336758534
2029-03-20,Growth,610232.045938916,934641.7137380093,1256184.3664813912,1675035.7289373856,2524792.551651965
2029-03-21,Growth,609538.9550383936,933923.2809310452,1256496.5171675282,1679191.3452532091,2524627.529338927
2029-03-22,Growth,609496.3173557246,934528.738571886,1259635.5966806365,1680666.721701007,2526877.22032719
2029-03-23,Growth,612242.4531748116,935052.5643720753,1263545.2012428218,1684219.1190391337,2527440.8323831274
2029-03-26,Growth,610129.7121899257,937811.7957755784,1262970.4939467283,1685348.8595124106,2539073.206652153
2029-03-27,Growth,607071.1189136523,939484.1397796228,1260559.1701456322,1691035.5067243262,2538162.049688193
2029-03-28,Growth,606930.5513569446,941083.3247567208,1261923.466281734,1693439.4430818942,2544376.485337225
2029-03-29,Growth,603748.8901170883,940298.4219900382,1266112.9337009687,1691697.4464953993,2551140.4940229338
2029-03-30,Growth,606471.5370917834,939743.1315854588,1266817.2178264372,1691860.6686716573,2560814.5913120136
2029-04-02,Growth,608493.0831388847,938635.2754768443,1262993.441980541,1689751.658632804,2566201.2273599603
2029-04-03,Growth,610482.59453051,937533.3663515444,1266175.2740108566,1695964.3593917834,2575237.17560245
2029-04-04,Growth,609872.3904077504,939979.913030588,1266601.4657047482,1696767.3989795193,2565893.588175443
2029-04-05,Growth,606870.9307078556,941738.5764518825,1267486.4819537473,1698317.469634429,2576386.9400225105
2029-04-06,Growth,610116.6294291156,944221.8600328956,1271093.9475813229,1696831.2987834113,2581041.188618321
2029-04-09,Growth,611079.9522413359,945193.7910094018,1268869.2714616638,1703273.1491304983,2582868.3553477563
2029-04-10,Growth,614974.6984340003,944066.3656403194,1267760.4148272765,1700881.0735791144,2586462.049937759
2029-04-11,Growth,613554.4731812194,944987.0315800188,1269929.2470141677,1705958.704476974,2580117.4419033425
2029-04-12,Growth,610078.242228175,946983.6608859127,1266961.4585566288,1704131.894001627,2585081.2415219983
2029-04-13,Growth,611558.5699154743,949908.0127612653,1270364.5405214126,1709586.823106005,2596444.812183543
2029-04-16,Growth,612086.0574818113,949150.1375850859,1274021.613880751,1712807.211986779,2595208.8329362883
2029-04-17,Growth,614220.7856158909,951901.8735322739,1274999.5817553457,1716034.2065807956,2584586.19413856
2029-04-18,Growth,614206.7091735371,952874.409881704,1274402.2450630283,1716692.8184161382,2596234.7574149733
2029-04-19,Growth,615309.1802879068,953278.767790472,1277934.3407590347,1719402.0066365814,2598881.144127346
2029-04-20,Growth,615978.3716511871,953701.6452284807,1279952.8837002856,1724904.1759506105,2593249.460813138
2029-04-23,Growth,609634.1948254656,948131.4743937074,1277597.3272035555,1726683.1159734218,2591225.605451756
2029-04-24,Growth,617340.3952646541,949080.6744984685,1278649.496562673,1727619.2239410111,2609338.1649117684
2029-04-25,Growth,615425.953890253,952820.9581859258,1281383.724753297,1729533.5174315502,2614104.3661561576
2029-04-26,Growth,613929.1299537687,952860.3435621684,1284593.936441607,1735089.833948695,2613183.7312069396
2029-04-27,Growth,617082.3757514117,955262.1063749036,1286529.8970275642,1734401.0873810071,2618416.929252568
2029-04-30,Growth,615228.3972472334,957264.9046131741,1285947.2548401374,1741209.3812693958,2628454.2430910324
2029-05-01,Growth,618437.8225323644,956005.9037112631,1290261.2706838243,1738821.589792247,2624648.6933219577
2029-05-02,Growth,615620.0489178762,956447.6599790716,1289152.5190914837,1740744.0125125041,2636071.4459252446
2029-05-03,Growth,618021.2575713849,957821.0371761638,1294133.6571375355,1740754.293751665,2641673.1901524137
2029-05-04,Growth,614914.9117631032,960132.6973281365,1296641.873053058,1742324.353773834,2641075.169889309
2029-05-07,Growth,617081.1036620808,961911.8118055619,1292560.3243290214,1744313.09644824,2652830.818886792
2029-05-08,Growth,616872.8901215867,963311.0834237188,1295081.0479142824,1747110.921311232,2666703.7776506008
2029-05-09,Growth,616893.4281149507,961681.881701648,1299894.6713635577,1748804.3330659566,2666813.7630366785
2029-05-10,Growth,617234.0250525118,960195.64443956,1299626.8674744947,1754569.116334714,2676292.5706578977
2029-05-11,Growth,620671.079727921,963105.1246002994,1298602.4701887243,1750430.2082852924,2675668.5525165256
2029-05-14,Growth,620217.0299492801,963578.4593909386,1300696.32092987,1751976.532076438,2685853.8742500674
2029-05-15,Growth,620215.3627500926,965050.5902603463,1302372.4289127216,1757248.672542803,2682642.4321427215
2029-05-16,Growth,617402.6717433879,962364.9182614692,1301229.059568895,1758659.2254105639,2691459.7245179377
2029-05-17,Growth,617621.1510365038,964903.3092381097,1306455.480874994,1764817.0248067742,2689757.001301547
2029-05-18,Growth,619402.8517477082,962587.7949573703,1306800.121679036,1765289.7542624075,2695031.496416921
2029-05-21,Growth,619539.2377141936,964191.1185891568,1307378.3070940685,1766200.8059326354,2689776.8814810603
2029-05-22,Growth,620035.1520840717,966198.8036671538,1308947.7486374446,1767045.9632717832,2700145.615514491
2029-05-23,Growth,619472.1417299042,968008.4598069708,1309641.7061712653,1764753.3814192365,2693742.5046232124
2029-05-24,Growth,617453.3351558666,970340.2648837874,1311311.6219965736,1771125.0011788076,2709656.275907478
2029-05-25,Growth,615379.5657663089,969416.2901761557,1312772.5942311445,1769419.5621987865,2702177.5551891336
2029-05-28,Growth,618237.2044560427,971445.5759710172,1308036.51896876,1772022.4671827655,2718532.2345930566
2029-05-29,Growth,620432.3061266745,972990.0784951203,1308913.0881427769,1775823.6841574418,2727362.8460745835
2029-05-30,Growth,620918.3891808732,972212.2870014614,1312085.419814942,1774581.3313597017,2736960.2838484985
2029-05-31,Growth,623174.4930459752,975476.5033935162,1315425.9024106846,1777651.5899310086,2733670.9578740415
2029-06-01,Growth,621176.2672126212,976870.9366564438,1314966.4372949041,1776642.7023675828,2741965.1280098734
2029-06-04,Growth,621168.0338786738,980806.9028285679,1316749.7677009364,1778432.8438455923,2755863.7491048127
2029-06-05,Growth,622543.1232199989,983891.2416563643,1316537.307658955,1787474.1166402488,2774510.806298674
2029-06-06,Growth,622583.134534115,983048.1812324285,1323929.8394312686,1785818.5321941543,2774725.2450876418
2029-06-07,Growth,617126.5670938472,984012.2315806996,1323805.3626137818,1791492.0677979079,2781331.722038087
2029-06-08,Growth,618320.3199654992,985722.2561817762,1323769.9576068304,1793360.065415712,2798976.13712122
2029-06-11,Growth,617728.8272093317,982000.2561253135,1323466.106495868,1794208.3578827023,2820774.053297267
2029-06-12,Growth,618837.6483447477,984437.1745586465,1324043.8371380635,1795253.4412815643,2810583.919756403
2029-06-13,Growth,618874.5639354581,985639.5843319155,1324115.767157442,1797657.9388729795,2818186.879706607
2029-06-14,Growth,616232.9238372954,986663.3893706456,1324457.423275813,1797013.7094007377,2824938.999508265
2029-06-15,Growth,618851.3767326543,985359.026604345,1326387.4273028038,1796218.4586509066,2816960.162971865
2029-06-18,Growth,620062.6616239101,984694.568762471,1326367.611296935,1799510.555739698,2832373.43213359
2029-06-19,Growth,621417.3125082303,986291.8897110272,1331593.9402383235,1800009.5842413201,2841649.1564961025
2029-06-20,Growth,620321.6210405888,987533.2168466584,1326232.8538035182,1805103.3114425885,2839812.048920223
2029-06-21,Growth,618478.8602461829,988340.8696434805,1329695.589536782,1807045.8634241507,2848837.0074804313
2029-06-22,Growth,621601.3720630909,987788.3467431864,1328172.40765493,1813242.510419626,2844672.7823903323
2029-06-25,Growth,619226.8211348885,988952.3899980048,1327389.3501186862,1814571.790608177,2845738.620053304
2029-06-26,Growth,619453.0978092231,992784.6852173484,1331345.6588633624,1809454.6431096108,2842908.562427605
2029-06-27,Growth,621852.6973570113,995299.4964184912,1333827.6826707625,1817945.2696392843,2850130.8467878085
2029-06-28,Growth,622086.3271228453,996562.6807745243,1332246.6197977343,1816787.050356275,2852414.2779456163
2029-06-29,Growth,620670.9249202649,995706.9007584846,1334254.106246244,1825014.2510886367,2868502.6315880343
2029-07-02,Growth,621366.0444748665,995311.1949023884,1337681.8023082078,1831351.3606705116,2876472.902448939
2029-07-03,Growth,622687.8704218034,993827.054939245,1338723.4588142983,1828205.2169584525,2863143.181441816
2029-07-04,Growth,622555.9028896828,993256.2325006003,1336986.785523334,1827750.1979613435,2876083.6556456015
2029-07-05,Growth,620891.5390969961,991137.1915778897,1337869.4181347392,1829594.2992390487,2896666.9884992666
2029-07-06,Growth,625260.6790963357,992651.8446431505,1335884.6602991573,1828078.7111332144,2897534.1765720705
2029-07-09,Growth,627027.090728073,995121.7642742845,1337337.7985361367,1830915.0916461805,2898053.247872732
2029-07-10,Growth,630974.4470741698,994609.7210697762,1339367.9491751625,1828800.2398823302,2904784.131135908
2029-07-11,Growth,627968.086003738,997613.6435826827,1339435.6947984109,1835103.206098243,2905470.9860515995
2029-07-12,Growth,629286.9300089735,997247.8136847924,1340819.3458852726,1833801.481941694,2908748.294888691
2029-07-13,Growth,627418.7610166897,995434.2891848816,1342874.7602992011,1840838.6637144722,2910593.57111523
2029-07-16,Growth,623065.588511544,995820.3259430041,1341699.9472069074,1845019.5804076549,2913385.777016211
2029-07-17,Growth,629336.2346478145,999981.8343320813,1344945.1538090215,1849336.074994665,2916660.315287333
2029-07-18,Growth,631931.9691691828,996098.0839655305,1344179.0650729516,1850049.9236292331,2910341.5009501185
2029-07-19,Growth,627368.9736476395,995892.5337025961,1344990.5861869697,1853235.0516547533,2920763.3783904645
2029-07-20,Growth,629449.3840002833,999645.3131658315,1345188.022502482,1851275.670609196,2915914.3570203506
2029-07-23,Growth,631567.5358301514,998133.9900855584,1347948.295052256,1854255.3259365666,2923661.9024374327
2029-07-24,Growth,631096.9567180029,997604.3928548892,1351588.647086178,1853194.519048377,2930532.7535232063
2029-07-25,Growth,632055.7921412516,999019.219822185,1354314.8929559607,1853757.9298708972,2951314.994579275
2029-07-26,Growth,632730.5306021762,999680.21005306,1352112.7931217374,1854239.5273375243,2945673.085900793
2029-07-27,Growth,632704.7846971372,1003299.8474492953,1357954.6955402058,1854831.384058137,2957291.296605705
2029-07-30,Growth,630051.2620352731,1004300.6435379456,1357164.750060024,1859160.5212572126,2952316.038243202
2029-07-31,Growth,632105.9906787479,1002956.8268405701,1354813.0514743198,1863090.0665595583,2954532.2834185003
2029-08-01,Growth,628753.1463635591,1005009.0091439288,1355146.047417642,1869262.4871726881,2961530.8991471254
2029-08-02,Growth,627802.6124804883,1004538.2683624226,1356199.1549200707,1873292.7793691452,2962313.232711375
2029-08-03,Growth,632262.8257742957,1002558.0283329505,1359820.7693763678,1875872.0655426325,2976347.323034936
2029-08-06,Growth,635004.2220289533,1003383.2235195093,1359781.628913827,1872340.0968804052,2956258.741673571
2029-08-07,Growth,634153.8211636879,1005913.5145447447,1356554.6490127777,1880194.5100769296,2955621.1894463454
2029-08-08,Growth,633917.9950829676,1007867.2454441368,1359766.5651234938,1877254.7196274935,2959020.707026121
2029-08-09,Growth,630159.4072260108,1008762.0148616454,1362004.2557825972,1874046.3300623281,2955299.2002968607
2029-08-10,Growth,633165.8224406188,1009194.7441930743,1364059.1571574511,1879306.8038387115,2954802.647701648
2029-08-13,Growth,634579.3872042325,1009376.5069225291,1366814.0475857062,1880361.6179345776,2961167.151989928
2029-08-14,Growth,636905.6627838716,1010485.8005652588,1368562.5883294456,1888988.809869492,2948761.850657446
2029-08-15,Growth,632100.2526527244,1009953.629015971,1372526.948073485,1887673.7077638688,2962698.416569496
2029-08-16,Growth,634115.52226711,1010544.3933213064,1373413.4446189504,1896667.0475085317,2975165.0875778804
2029-08-17,Growth,635368.6382735571,1011606.0305333675,1373522.986455987,1897020.7985164789,2982639.8021861343
2029-08-20,Growth,635631.8828459667,1012340.3769907474,1372480.260549729,1905477.8906203166,2994572.8894771026
2029-08-21,Growth,637302.1451203107,1014408.0170125335,1373188.890813014,1905377.9558916562,3013548.0259630834
2029-08-22,Growth,636886.4407008064,1013317.1079142517,1375232.5974275214,1906932.1428915353,3012129.823819298
2029-08-23,Growth,641563.4747746446,1011323.9012333448,1379124.4160753838,1901120.8516153058,3006068.1305170576
2029-08-24,Growth,637324.2435925825,1013687.4367735154,1378639.3136150253,1901563.7188848266,3005043.138972112
2029-08-27,Growth,635805.6335341715,1014940.4526364281,1376628.207356561,1914718.999170566,3005383.634697744
2029-08-28,Growth,636804.2352663652,1018022.1324706081,1379309.4976556574,1913318.3155894908,3009244.3526514117
2029-08-29,Growth,638493.0277300077,1020302.183674475,1379523.7421988375,1918485.7659664843,3015002.1237252466
2029-08-30,Growth,637450.1358404051,1020683.4412644433,1384239.4289835799,1918894.4472519234,3031460.047372774
2029-08-31,Growth,636748.3581431324,1023801.0034600944,1386878.6644041776,1921636.5207313383,3031609.762924432
2029-09-03,Growth,641951.1647002184,1025400.5926248811,1388249.5220962802,1924105.767820757,3036839.205072664
2029-09-04,Growth,642280.3880904184,1023945.7587000737,1388455.9104612567,1928563.2126967574,3033483.972845512
2029-09-05,Growth,641682.871515142,1026504.0071904571,1384606.8721141466,1921168.8558936284,3045628.297619234
2029-09-06,Growth,644621.4385361578,1027313.9636412818,1392489.746731921,1925797.4975054727,3047546.075307409
2029-09-07,Growth,646315.2577809605,1027915.0684327949,1391373.897176527,1925931.1153941494,3064565.6046191463
2029-09-10,Growth,645171.4541667247,1028879.5555067717,1393462.4591778666,1934702.0089942955,3065862.3650355525
2029-09-11,Growth,646132.0729167169,1030107.5171024734,1395956.1418076218,1936687.397187098,3071077.524551873
2029-09-12,Growth,649400.8951078515,1029460.612877152,1395876.9666626435,1936705.1394912803,3069540.939258083
2029-09-13,Growth,651740.7257146408,1030287.4916523353,1399298.5031349447,1943407.1710627896,3057643.442508129
2029-09-14,Growth,651141.3049407263,1031559.209855161,1398234.2489954052,1945919.8143813144,3072926.384057838
2029-09-17,Growth,651725.2475359535,1032404.6632659407,1396843.0775151215,1952460.4468786402,3087521.799039164
2029-09-18,Growth,657766.9775508958,1035350.3595761957,1397735.7661813716,1949857.697208284,3085501.6059595263
2029-09-19,Growth,654059.3728197544,1031940.6695197995,1400277.8022392206,1954755.1083323236,3079202.2269472927
2029-09-20,Growth,655032.9425139835,1030955.8601270248,1403547.5934221188,1962840.9419283445,3088399.8888833695
2029-09-21,Growth,652438.3168681039,1032154.9483976574,1403647.8536264342,1958552.650770533,3104496.374570215
2029-09-24,Growth,651887.5182355948,1037813.4390278548,1404944.8425033353,1957261.6754729622,3111581.9548597815
2029-09-25,Growth,651130.5955648074,1034316.7870201771,1411678.7340231151,1964422.1257289432,3095997.0480009643
2029-09-26,Growth,648008.5930457392,1036986.1216641744,1412096.1163638434,1966166.7279639128,3111746.6990639595
2029-09-27,Growth,647496.2743927045,1034137.4467865829,1417723.8249050602,1966375.0355378534,3123636.357013306
2029-09-28,Growth,646727.5019465443,1039804.7073619427,1415907.0214807843,1965846.692432812,3134300.349726518
2029-10-01,Growth,648688.6292125256,1040789.2095002263,1419462.7381291024,1966535.1868489177,3129139.4279431636
2029-10-02,Growth,655249.224318715,1042271.413692862,1422131.3227847586,1972815.3286541416,3127733.679600226
2029-10-03,Growth,651021.3625392158,1043729.8591094218,1422082.9061862896,1976626.3214229308,3134832.7575495997
2029-10-04,Growth,648853.1746658647,1046328.2798772877,1423862.4431175848,1976111.5250661238,3145803.6922179735
2029-10-05,Growth,644647.9768815913,1043467.7902184662,1429244.8109935117,1983894.369494026,3137623.5772533757
2029-10-08,Growth,645073.0728632292,1043642.9650394123,1426958.8972174304,1983569.720002728,3147312.7178744255
2029-10-09,Growth,645690.3116496755,1044741.173831966,1426541.1535488963,1984483.6368892686,3171119.044091878
2029-10-10,Growth,644215.2984857238,1046131.7070176764,1430079.644005823,1987228.3898346017,3168693.07564822
2029-10-11,Growth,645696.4394814004,1043695.377999066,1436428.4039701796,1990989.8081194519,3171766.929861216
2029-10-12,Growth,650220.831771853,1042605.9840425075,1436516.0612929915,1988052.5507186856,3189115.4992164695
2029-10-15,Growth,647940.9862505472,1043886.6125790514,1437673.6987831304,1994362.4781083849,3179256.49672447
2029-10-16,Growth,648509.295294318,1044654.239848073,1437493.7303744205,2001852.416481524,3197402.4784665294
2029-10-17,Growth,648080.3122009109,1048988.1054825825,1440413.7960463623,1999361.4232038376,3209724.328927684
2029-10-18,Growth,653667.4643915057,1044848.7230629525,1437536.2063707928,1999176.849812112,3215555.450041648
2029-10-19,Growth,655741.9441168394,1046788.6019380444,1441282.3308404386,1996580.1293131888,3226110.1672117324
2029-10-22,Growth,651599.4241479347,1048635.2059997348,1444459.10172288,2008409.6610132824,3248072.2746911906
2029-10-23,Growth,653081.2633712864,1049754.078880853,1443652.5134802195,2007276.6303709236,3244333.330980718
2029-10-24,Growth,653211.0710044447,1049845.976776566,1446683.996530227,2007669.1381170477,3224906.070740605
2029-10-25,Growth,653825.0251824952,1055645.1036162574,1452878.2200214844,2010508.8794039628,3249658.2980814837
2029-10-26,Growth,651821.9494961004,1055525.7754965075,1453745.7999708625,2011288.516932757,3258405.8386482634
2029-10-29,Growth,656071.2203248818,1054967.4564334005,1452742.1207586166,2010155.2859826146,3271452.26199686
2029-10-30,Growth,659219.24614826,1053828.8528733323,1454169.2020155098,2022282.6916226,3278812.619951283
2029-10-31,Growth,659223.724821336,1054210.364740502,1455051.6800169833,2021192.678575462,3264885.4261072967
2029-11-01,Growth,656902.2211992474,1056932.3977192244,1458640.7441686327,2022310.5347067276,3277347.1409668494
2029-11-02,Growth,655762.7080747294,1057634.179339765,1460244.593019118,2024299.6601385016,3274738.0776917776
2029-11-05,Growth,653665.5821785592,1059366.8099005003,1463362.7374206237,2028578.555475949,3272933.5523928823
2029-11-06,Growth,655032.2125138782,1056987.5757691085,1463762.8615743686,2036511.7780439006,3273528.1030817125
2029-11-07,Growth,657887.2019647716,1055707.2419299325,1463393.7809387222,2044160.8156156163,3271009.420065878
2029-11-08,Growth,661357.8332511008,1057659.322590008,1466122.8774583284,2039021.6437816117,3270794.0277534914
2029-11-09,Growth,662039.1171392021,1061033.1723716585,1464938.921155745,2037456.6172448709,3297488.070639237
2029-11-12,Growth,664217.3753500811,1058490.9651337587,1464648.4249523073,2040285.1955695276,3295893.7339408747
2029-11-13,Growth,657025.9388127965,1059338.0716527423,1462362.1831867709,2037326.6269015495,3309277.034687056
2029-11-14,Growth,656368.7517134629,1060893.0322951372,1468113.2712910315,2043282.1254836852,3313079.625992281
2029-11-15,Growth,662250.5074095685,1064910.1705501527,1466936.1390115705,2044107.9650949473,3303769.9299815097
2029-11-16,Growth,660769.356899828,1064207.7671376492,1472317.9150426527,2039195.8730339857,3323417.572536458
2029-11-19,Growth,659070.0757050973,1063963.1047134134,1474431.2495134273,2041893.0903107664,3308748.0309172138
2029-11-20,Growth,661341.5389314585,1064914.2535287195,1479008.4108929164,2051639.0010169009,3315960.1044405075
2029-11-21,Growth,659457.2212378593,1064868.0286578934,1480462.6708676051,2053285.3257771072,3325963.0358257014
2029-11-22,Growth,660130.2956041708,1062718.2302413133,1481145.5073100505,2053465.0200859278,3318210.817301679
2029-11-23,Growth,660187.9108695217,1062998.9220379584,1484434.2708918152,2057662.007486961,3333146.319116947
2029-11-26,Growth,659187.4785760815,1063587.3104617863,1483783.5671549325,2059397.3059603006,3343858.689248062
2029-11-27,Growth,660181.7552265646,1062988.3243466718,1487880.343276612,2061962.9402278105,3336560.3296186402
2029-11-28,Growth,660651.0124701791,1064925.0256658886,1492516.5761582886,2064516.9554097948,3345774.1245007203
2029-11-29,Growth,664858.5031648709,1065874.1837536308,1487455.2331175325,2070891.6062786048,3348220.205916064
2029-11-30,Growth,663141.2552451775,1066720.1449833375,1491206.965670803,2076617.851952163,3339846.42051635
2029-12-03,Growth,662736.9726287309,1068954.539059201,1493493.3725019987,2079781.2236360514,3363025.5141468653
2029-12-04,Growth,664560.7070684963,1071998.4623159787,1496977.9869972311,2077113.6097452738,3375386.509335682
2029-12-05,Growth,665241.0329671892,1072908.0088362396,1500327.200468544,2076248.7991086652,3382178.093209959
2029-12-06,Growth,668149.858645568,1076777.0241043991,1500080.4393035541,2076780.6897090655,3388326.697272511
2029-12-07,Growth,668318.3714058204,1075600.979013365,1502004.1640102998,2084303.0046151555,3385126.58276715
2029-12-10,Growth,667163.065257015,1075499.823157922,1500218.323595787,2086171.2315247827,3382623.8008565195
2029-12-11,Growth,670438.9912164033,1075245.5084503852,1502172.8674227307,2088786.404824424,3376791.1145762755
2029-12-12,Growth,669385.9917792239,1073290.5510002882,1510021.1344217046,2091149.9866108664,3392116.51619448
2029-12-13,Growth,674390.862310727,1075537.6235171421,1510665.221165417,2094161.9171655276,3399354.1003826377
2029-12-14,Growth,668792.2813897104,1075238.6858501988,1509483.139578951,2098607.771027793,3411182.837832566
2029-12-17,Growth,673343.112343383,1079242.8748837914,1514259.0141902284,2103800.466291269,3412361.8306701197
2029-12-18,Growth,673695.7423759676,1077754.155793286,1516873.802143069,2110823.6097309245,3414367.3886555154
2029-12-19,Growth,674233.8837497996,1076669.2782901602,1515423.0930021438,2118918.2301892666,3414677.0907735205
2029-12-20,Growth,672591.1447842602,1080562.1355428528,1517709.0157642742,2123327.6760030854,3421952.643899796
2029-12-21,Growth,672774.4348521435,1081465.799265403,1516100.8693595352,2123711.300321907,3415654.053148781
2029-12-24,Growth,676622.4656838514,1081752.1562972285,1516819.7934926683,2126143.042881011,3421370.180633977
2029-12-25,Growth,673165.4370799178,1084225.6594060508,1519190.068529489,2125869.687939858,3427261.0385260214
2029-12-26,Growth,673889.5195987899,1085098.734586652,1523010.7524402463,2130322.2467341595,3419306.8299679873
2029-12-27,Growth,673509.9350318481,1083766.6636000397,1526530.1646575294,2128182.34708557,3436377.0772933713
2029-12-28,Growth,672024.1973229017,1084163.4652699367,1521740.1935673645,2137288.4224703163,3427590.1294157403
2029-12-31,Growth,674210.9738091757,1085992.1516348459,1526956.1533030604,2135465.742635594,3441992.969698918
2030-01-01,Growth,673684.6171787288,1085754.5345802035,1530360.7483251905,2131976.0700600124,3449326.614770446
2030-01-02,Growth,677937.1991629609,1086325.1421625798,1529595.597814851,2140591.686084903,3453824.7306425134
2030-01-03,Growth,677416.2674232532,1086107.7489454253,1532645.309920902,2143085.841462832,3453180.5734288427
2030-01-04,Growth,677052.2336061642,1085959.7660480489,1531698.3009227603,2144083.4212879976,3456136.2545225234
2030-01-07,Growth,673631.9242337464,1086247.8904295126,1532211.0804925216,2144479.392976296,3473402.1429745196
2030-01-08,Growth,676405.7592433988,1087916.2162989539,1533386.072085461,2151400.169245877,3486816.1386617636
2030-01-09,Growth,678118.2394371121,1091273.821904999,1529832.3667766182,2149448.473597945,3501929.134478636
2030-01-10,Growth,676082.2943002512,1091308.4871697107,1533572.6023519838,2148362.5437915446,3503979.7876145155
2030-01-11,Growth,680109.3115449873,1094074.6285047485,1538274.021842976,2159543.741210635,3502486.883952456
2030-01-14,Growth,679935.8969231189,1093784.2809967925,1539127.5096455987,2163446.977054499,3529464.7174938084
2030-01-15,Growth,681841.7581158661,1094971.29246765,1536801.3014047304,2171960.342744625,3544298.993942696
2030-01-16,Growth,686231.5166863464,1092909.3893303135,1538278.3816348603,2168900.6321141855,3558237.4767860076
2030-01-17,Growth,685986.2273961414,1095689.2743278346,1542531.3839302897,2167279.460928099,3569292.0848249937
2030-01-18,Growth,683149.0117604823,1093626.8997906456,1541658.0901217829,2171286.1750996727,3543652.1681833263
2030-01-21,Growth,685193.4542396347,1094792.8044133624,1548516.9655615024,2169779.612976033,3567853.0789540685
2030-01-22,Growth,682677.6674529103,1097414.2496083686,1545115.9177660611,2175129.8067496726,3562190.2796062715
2030-01-23,Growth,682541.876935909,1097883.2901035203,1550648.6364961965,2171662.594598407,3574429.2491580057
2030-01-24,Growth,685840.2209080902,1096662.2966764588,1552397.058235432,2176268.2447143868,3575217.816293864
2030-01-25,Growth,686408.1820863263,1101271.9272807278,1552929.523637685,2181085.0877825907,3572112.112757298
2030-01-28,Growth,684372.7546744174,1097727.5685596133,1556710.0461185006,2188191.1351072956,3569665.8546880134
2030-01-29,Growth,684866.3985672608,1099318.289051123,1560043.0561274637,2187677.5288923117,3559288.083181473
2030-01-30,Growth,686111.8334772291,1094819.0014457854,1559547.3703063154,2181969.5947114145,3569257.701575392
2030-01-31,Growth,684767.7860349409,1097432.5929147443,1561349.3934848194,2193693.2789838836,3573063.6766425218
2030-02-01,Growth,684676.0534539666,1098718.5503454874,1562025.771890773,2185254.391622574,3588512.040765119
2030-02-04,Growth,688782.5248313902,1097966.4977794285,1561905.2559705835,2188326.8385000536,3595980.6229589926
2030-02-05,Growth,684596.5078499669,1100917.4603355709,1563429.9107537123,2200258.1154508693,3603747.6549847797
2030-02-06,Growth,688103.5535568915,1098666.2554192326,1563813.9852776455,2200686.3235818436,3612887.02224975
2030-02-07,Growth,689344.5020261563,1101830.2254068325,1564723.4185452797,2199112.772564072,3616705.9679317945
2030-02-08,Growth,688011.5836745576,1104175.1634029779,1570062.479723792,2200500.4952920065,3623470.2518155
2030-02-11,Growth,690658.0391890884,1103841.7983662502,1571761.510419393,2200780.802213777,3630801.9857160193
2030-02-12,Growth,689805.3368008811,1104368.991997168,1572815.4623894366,2204855.7064521182,3627488.071172463
2030-02-13,Growth,689720.033797184,1105990.2172777746,1575885.5763541765,2212109.3137488533,3631147.0734080113
2030-02-14,Growth,686300.7511354734,1110159.636790362,1575566.5829012697,2213331.9099523327,3652942.0054253773
2030-02-15,Growth,688455.3326620937,1110278.7555315378,1577119.5978302087,2219149.5630855085,3656265.889012245
2030-02-18,Growth,687648.2546266891,1113783.363706259,1578955.1848470233,2215632.294455207,3644597.437071311
2030-02-19,Growth,685009.8871810959,1112284.1987249583,1586276.532933244,2216869.7210278,3671454.8234282136
2030-02-20,Growth,685251.9352406936,1111921.3685703217,1587802.5432440345,2228539.4316000585,3666384.989082475
2030-02-21,Growth,688493.2218412063,1109957.6900759188,1585830.7380614902,2235897.673093129,3682902.573387473
2030-02-22,Growth,684673.8488576151,1113368.0196897152,1583953.000379824,2237475.5598420757,3688728.4043086586
2030-02-25,Growth,686429.8366714735,1114299.857696726,1582430.203494649,2244180.2888020966,3689971.5602617986
2030-02-26,Growth,685336.4288057972,1110574.711504196,1583983.6616041497,2247249.0210484085,3699474.754844486
2030-02-27,Growth,688991.671579899,1110438.9786527553,1586203.5601274339,2247798.834323396,3723791.6436140686
2030-02-28,Growth,690801.8266764831,1114505.9977668084,1588202.305026988,2249285.612524063,3699953.147715286
2030-03-01,Growth,684296.9139491686,1115264.4064317858,1586461.8916821207,2259645.0761197717,3707345.874679591
2030-03-04,Growth,684194.2716882633,1119604.882437493,1592236.3087062906,2269209.7806877187,3703095.66599475
2030-03-05,Growth,684151.8606819427,1120405.0147900279,1596842.1368472688,2273261.4945172593,3711416.65594236
2030-03-06,Growth,683388.2445991477,1120709.8581097568,1596209.0196575623,2273020.047791143,3734171.119819955
2030-03-07,Growth,687153.2398208685,1120532.2269071436,1599086.3425552696,2271041.572714604,3730473.21300318
2030-03-08,Growth,686675.238492722,1124775.1529626192,1597655.5115231285,2281937.9792855764,3734873.681410747
2030-03-11,Growth,694595.7739819221,1122486.517515075,1605081.5556391736,2286680.3112383224,3712836.67920932
2030-03-12,Growth,691517.9736785435,1123628.7790943626,1602168.7994940274,2286376.0963829467,3725261.289353017
2030-03-13,Growth,691523.935237123,1124324.719085568,1604150.0096697088,2288108.53230121,3744080.439596803
2030-03-14,Growth,686296.1931496881,1128577.6776480402,1605313.751707018,2288267.4154478936,3760481.9446473913
2030-03-15,Growth,687451.1281364509,1126155.7334545986,1605097.146737774,2296483.158958713,3762435.7241344834
2030-03-18,Growth,687481.1853620335,1128764.4565676479,1604448.3245657969,2300638.0960843163,3770301.5435704957
2030-03-19,Growth,688387.7102136313,1128321.5900950856,1607486.0842109392,2295095.6039486695,3772031.9888176904
2030-03-20,Growth,693358.8739183453,1129880.7800399277,1607712.470173244,2303286.123385205,3770294.805098943
2030-03-21,Growth,689912.389051943,1131335.4689345811,1611918.7401969426,2298512.9493803997,3769013.552440461
2030-03-22,Growth,689778.8596448797,1136798.5667398917,1612827.0223033899,2293883.729524186,3767725.0401134132
2030-03-25,Growth,684264.7654505769,1139745.342056253,1616900.8959059967,2297904.6260196343,3775201.4066155213
2030-03-26,Growth,686401.4414895254,1141624.2801029747,1616360.371385565,2304639.8585527204,3780030.955919629
2030-03-27,Growth,684770.2085214627,1141408.6878042566,1615911.9175170467,2311850.338030623,3778713.3908272833
2030-03-28,Growth,684794.9935647717,1139068.2484602758,1618319.7386380676,2322758.8567206743,3794655.074960467
2030-03-29,Growth,684344.377803265,1142142.1270560748,1621024.2875182359,2320655.6247326517,3811986.9221593128
2030-04-01,Growth,688357.0668014433,1141109.730768722,1619928.2104955362,2319990.3824161272,3804921.279776861
2030-04-02,Growth,691750.7920803423,1142790.9147036248,1623702.0637313686,2319252.0199780706,3803968.788406133
2030-04-03,Growth,688633.0965043643,1144003.7169451534,1620283.4724708102,2323847.6975913793,3807548.9279189277
2030-04-04,Growth,691696.689977735,1141357.871939939,1621119.071076923,2327295.9337356375,3796178.222411051
2030-04-05,Growth,690259.7665640619,1145755.1513935095,1624174.299734412,2335521.425695119,3800666.8518337435
2030-04-08,Growth,692173.1313136938,1146583.4813890548,1626424.0519557977,2337006.987509544,3811594.6353471344
2030-04-09,Growth,692431.7105091811,1143959.1311268702,1634801.2318833596,2335873.7445052825,3818219.048794238
2030-04-10,Growth,692636.1794638787,1150702.8322105475,1633648.8917450304,2332837.0113171744,3833112.8923811605
2030-04-11,Growth,689475.3285584246,1149299.6773775737,1637754.8860796809,2335830.116889638,3873407.4925714536
2030-04-12,Growth,693771.8164508954,1148003.961526682,1639776.5573193263,2342321.0912414584,3868045.978055511
2030-04-15,Growth,694044.7566163336,1149290.8150168222,1640529.1644964889,2339815.5698637576,3871783.0529501424
2030-04-16,Growth,695946.4507757743,1149762.1435991044,1646531.1240793047,2338988.8415619084,3883512.3744001933
2030-04-17,Growth,698270.8384010511,1149432.7736577275,1640953.5660272632,2339309.52003259,3897408.4021824715
2030-04-18,Growth,699858.1085128168,1153117.3529418786,1643918.8015680786,2343476.1688712565,3907131.266309751
2030-04-19,Growth,701171.7656272742,1154758.910760283,1644676.282463224,2347513.570763045,3919260.4073889484
2030-04-22,Growth,697896.9850823377,1155220.865524491,1649463.4890865434,2356958.7433939637,3902888.5167715824
2030-04-23,Growth,695007.9946644965,1156649.379297065,1652980.6231750944,2360745.7209506864,3898319.2629033863
2030-04-24,Growth,693473.3111520406,1159908.1489578062,1646157.0639104238,2361959.468488198,3919613.317215522
2030-04-25,Growth,698582.9903525835,1156606.387590748,1648451.2492628829,2367840.774498523,3914784.734257765
2030-04-26,Growth,695378.5889191624,1157795.2290319847,1651429.1577987005,2370949.823332084,3932542.022168278
2030-04-29,Growth,699240.9679517956,1162306.2637959542,1657743.1699307626,2370393.7127178065,3927283.5586915086
2030-04-30,Growth,697875.3605740885,1162091.0983551857,1653755.7665581047,2373466.6959962584,3919607.211264263
2030-05-01,Growth,698807.7683629863,1161757.288799837,1658932.4357124332,2374684.052341981,3935747.418445383
2030-05-02,Growth,702730.0736324311,1166527.226446132,1659472.380129062,2377674.0316318986,3949067.7355544204
2030-05-03,Growth,701399.6605266236,1167931.8018970448,1657154.8426989105,2382742.806388399,3945003.988541171
2030-05-06,Growth,699388.1406080906,1166372.587447987,1655685.5993574483,2384650.6895097685,3938794.070523087
2030-05-07,Growth,697049.8013416164,1167797.8122324792,1659790.0523147737,2382132.6709382012,3942707.7916415525
2030-05-08,Growth,695361.973148453,1167946.8831026054,1659595.1061238246,2380231.7433692263,3941703.686178961
2030-05-09,Growth,699921.3313694167,1169295.6507574446,1663198.678482119,2384141.941355003,3961818.0295246644
2030-05-10,Growth,699173.3615775073,1167629.1261256633,1663594.0125253075,2379921.6443055673,3966867.9422735916
2030-05-13,Growth,698468.3439561714,1171305.1348756803,1663668.8606466267,2384580.0038577896,3969256.6171525605
2030-05-14,Growth,700844.6716824712,1172168.2861510096,1666766.4790072958,2390319.2490908247,3982944.8099309313
2030-05-15,Growth,704087.0186519223,1172465.8862589444,1666186.624908155,2395046.1997261727,3995103.0782528035
2030-05-16,Growth,701131.7748543656,1177259.5637227746,1664855.980642761,2396709.193249788,3999106.167441988
2030-05-17,Growth,702326.4302560712,1177596.4445074168,1662032.6328349689,2397454.5664346423,3989486.45495615
2030-05-20,Growth,705320.1227294289,1180806.0215734937,1665685.0485541094,2399825.7189038056,4014312.7715352215
2030-05-21,Growth,700674.7583847153,1177117.1197922842,1670684.893753511,2401667.274648426,3998206.0950295087
2030-05-22,Growth,704364.0058544357,1178032.9758808836,1667736.8897374957,2403374.332830365,3986508.6908692867
2030-05-23,Growth,703875.0513475207,1179923.301021012,1673741.593312974,2405408.340415636,4021413.7839188185
2030-05-24,Growth,706208.5969923236,1182166.8789531994,1677640.5607303896,2410922.065286753,4012270.905724003
2030-05-27,Growth,708823.2884601359,1185170.0178368608,1681202.811054596,2412774.2807000154,3994837.071613217
2030-05-28,Growth,707260.0651995024,1187257.9716737622,1687735.6640103655,2413429.8845422845,3991225.0800874294
2030-05-29,Growth,709192.5183376514,1186128.7712484004,1689545.503298449,2415999.1804411486,3993981.220203305
2030-05-30,Growth,707888.8798933005,1186935.7481736562,1693812.2949770703,2422173.660470035,4003480.814854947
2030-05-31,Growth,708802.3239319782,1187350.7509749988,1688239.1852971464,2427213.5836838367,3999738.2708973177
2030-06-03,Growth,709151.6753154057,1187053.3863446666,1693686.6996648288,2425463.547252935,4010285.1293379893
2030-06-04,Growth,711585.7772142683,1187937.9997353316,1693967.1345054088,2435701.7809743667,4019555.4743354097
2030-06-05,Growth,711086.46027766,1186311.2516609565,1697190.0947697351,2438231.5374499396,4048512.0801429213
2030-06-06,Growth,713575.7298919023,1188199.1642058445,1699816.053797314,2441646.311471667,4040228.6356251203
2030-06-07,Growth,715976.1560697801,1190737.9838125622,1699452.0051597129,2444362.0270673824,4040232.255962821
2030-06-10,Growth,719647.4035333297,1191660.5920789458,1702142.8785920346,2442452.889558421,4063218.127652179
2030-06-11,Growth,719467.988538989,1193215.0729156844,1701547.789288046,2444147.336647005,4069947.752244045
2030-06-12,Growth,719942.8255079291,1188649.8439771142,1704824.147869905,2448270.2854295634,4059490.3108733124
2030-06-13,Growth,723141.6958529587,1188111.7703429903,1705812.58879642,2448568.981407373,4079549.286254412
2030-06-14,Growth,722371.155674067,1188982.4882782074,1704165.7192881734,2453044.671285479,4087703.819462549
2030-06-17,Growth,720565.2693112799,1187799.2335816054,1708150.6365817883,2462344.9593440024,4103473.8305162615
2030-06-18,Growth,717871.0941401076,1189047.305560371,1717357.7921369376,2458658.459316427,4105423.835914804
2030-06-19,Growth,718966.3148407531,1190596.86619106,1716885.745953893,2462956.844932543,4089857.030512022
2030-06-20,Growth,717353.5877944382,1188753.467333065,1716835.8921739296,2460775.6435403554,4089262.3733108956
2030-06-21,Growth,715751.99481704,1192636.7124973605,1717881.2433917418,2467289.886377163,4110889.9601259017
2030-06-24,Growth,712199.8674518426,1196630.5099654985,1721594.752151282,2461442.274823919,4125890.3519272422
2030-06-25,Growth,712687.1975628771,1196567.4491228105,1719701.5891344603,2467042.7354584965,4144026.139284405
2030-06-26,Growth,717172.4644428159,1194888.713977909,1727245.7258070633,2463252.910878828,4159973.6496930057
2030-06-27,Growth,717322.8607892295,1199462.1393868837,1727761.780660706,2473997.9138103058,4146226.511365125
2030-06-28,Growth,713146.934544191,1193160.357912646,1734795.7258820585,2484615.929961265,4150756.8364021494
2030-07-01,Growth,708567.4427080168,1192884.20251264,1732937.5191407711,2480598.6380128926,4147905.4141531573
2030-07-02,Growth,714607.9318234351,1199953.9037313722,1736149.3505033115,2481728.8974303426,4144350.143633411
2030-07-03,Growth,712184.8598806646,1200998.0606489966,1743018.9878254985,2488176.5735315722,4155476.407367041
2030-07-04,Growth,709642.6798589411,1199692.073308967,1742449.7679366842,2492823.9383548615,4161237.447777018
2030-07-05,Growth,709539.9753789641,1199510.7718461098,1743251.6472316585,2488654.13290165,4184835.394131364
2030-07-08,Growth,709813.7513098973,1203956.639993531,1745405.1841076012,2499917.1810857146,4220388.681358855
2030-07-09,Growth,706801.0143742223,1203625.2110042144,1742535.6318041466,2500635.0744467396,4227052.434153013
2030-07-10,Growth,705220.008561346,1205083.6763577214,1749066.043750937,2502917.280043052,4225784.9409254985
2030-07-11,Growth,707597.8650421761,1206190.416441725,1749855.7766307734,2510065.9454277577,4227567.383848748
2030-07-12,Growth,708157.8796505549,1210171.8509913085,1751296.2183489867,2514067.578878576,4227050.206122001
2030-07-15,Growth,709922.112574671,1209179.502863899,1750861.830169741,2522206.599646724,4252270.090760436
2030-07-16,Growth,710302.9335979006,1213972.3548593777,1752085.5824588994,2524947.8867559806,4256844.37172974
2030-07-17,Growth,711293.4385210109,1218131.8144498498,1753186.7348018643,2529162.726716564,4268745.507212503
2030-07-18,Growth,710891.8892808001,1216571.3628616002,1750500.8543317192,2535858.729917012,4246502.6842828775
2030-07-19,Growth,712566.6507107763,1219810.5700737126,1749921.4965477595,2545867.682622978,4273443.53435404
2030-07-22,Growth,712813.9505673202,1219142.7836774108,1748913.973590857,2543462.522094564,4256291.628173628
2030-07-23,Growth,716255.4215443203,1219859.9819830724,1749994.2159418878,2543484.4673229074,4283992.545076127
2030-07-24,Growth,715014.2895170917,1218390.961544388,1753161.8923910572,2547768.572409236,4286855.821379962
2030-07-25,Growth,709680.62602604,1218173.644728198,1754372.0564533088,2549655.0882973075,4296915.971405897
2030-07-26,Growth,709471.21846885,1220889.148797361,1756307.2868082223,2551802.718707777,4301205.183776106
2030-07-29,Growth,711157.7229977745,1219252.8975732254,1753714.9393150099,2550835.7278333837,4309923.437854024
2030-07-30,Growth,709801.2566392819,1221520.283957124,1750580.3080355905,2552506.0743516497,4344402.990186622
2030-07-31,Growth,712401.448700403,1222440.0399617054,1757366.0194708672,2556302.526549558,4332410.27764828
2030-08-01,Growth,716585.946152883,1221857.360246553,1754625.6833737504,2550585.7585491315,4324257.352779387
2030-08-02,Growth,718892.4299414485,1218983.3662068204,1755698.0390040672,2552175.6466210997,4333629.882135901
2030-08-05,Growth,723966.2699814374,1221266.2785587918,1758928.3575997488,2555660.5260072,4302534.250947209
2030-08-06,Growth,720890.9139942788,1226604.9371856824,1764874.7087068786,2557177.355094251,4331979.266686733
2030-08-07,Growth,720381.1022385755,1231267.8688779897,1771623.8571207803,2557799.278681182,4353679.902834598
2030-08-08,Growth,720782.8286303803,1228007.3516733833,1773566.9542171923,2554150.0617406815,4359295.281913027
2030-08-09,Growth,724255.1100433941,1228742.829257868,1772066.6138808131,2563785.9554686453,4337416.522266183
2030-08-12,Growth,724950.4732965049,1226573.6105517144,1771474.6702269386,2562001.0199695798,4378713.016621329
2030-08-13,Growth,727076.4051470889,1221871.5836113307,1772324.7927771644,2568827.449583307,4392795.7120291
2030-08-14,Growth,727604.6328241433,1224429.2957641594,1769751.2976024975,2567893.630484548,4393716.483517329
2030-08-15,Growth,725312.5393374697,1223067.1861303216,1776396.4264725796,2570501.0818643495,4404562.264340082
2030-08-16,Growth,718648.616306601,1221723.445310479,1775341.8025724897,2567585.745222715,4387760.546219734
2030-08-19,Growth,721006.0010332133,1228065.3014291397,1776065.5176540697,2584485.955676248,4421679.170501289
2030-08-20,Growth,724118.2402115108,1227419.095716894,1775336.79296752,2591563.531492468,4425921.054709105
2030-08-21,Growth,721964.4243324779,1232703.2573468008,1782843.0720948766,2587654.3528358913,4402550.256064669
2030-08-22,Growth,727662.4941341802,1232721.8951210643,1785330.249210448,2591324.4414563794,4400602.658304042
2030-08-23,Growth,724520.017223344,1234658.2451316828,1789495.607668262,2586649.600914513,4400654.135388817
2030-08-26,Growth,727228.5414573022,1234543.9039466789,1790105.5667839414,2596465.4349809843,4407940.942642459
2030-08-27,Growth,725486.3136766605,1236834.8917333875,1794328.022413264,2600659.2964582485,4422994.076365486
2030-08-28,Growth,725266.5562714324,1241242.937944889,1797101.4005589427,2603900.6581454445,4422838.107870811
2030-08-29,Growth,729720.1077054237,1238921.5164802717,1793391.5217312253,2598311.911471461,4423570.0843112925
2030-08-30,Growth,726999.0064758027,1234935.5178635786,1795471.196380917,2606350.2488031844,4465219.181049554
2030-09-02,Growth,730385.0090522262,1233453.0979406883,1799272.2866210723,2610432.2919130325,4474376.8364635175
2030-09-03,Growth,729495.4488935898,1236304.2673766282,1802809.763347609,2611684.2706930405,4472121.492487684
2030-09-04,Growth,732778.0846275572,1237701.1194886186,1807016.596714605,2617099.737027385,4477820.5944550345
2030-09-05,Growth,734517.4873668368,1242851.337723558,1805668.40134812,2619088.906422766,4462123.0836682655
2030-09-06,Growth,731617.3558904798,1239005.338482651,1805604.240167521,2630202.9559366093,4492949.69270666
2030-09-09,Growth,733723.8768621879,1240862.625469877,1816269.7859449438,2630595.851185144,4499627.48216344
2030-09-10,Growth,731104.2649801318,1241933.5058540516,1818967.939260276,2639900.4143689596,4551574.964603671
2030-09-11,Growth,727679.0322946742,1243460.4458453981,1819543.877992971,2637222.331465681,4547629.012482241
2030-09-12,Growth,732493.354766271,1244279.1619709185,1824362.882110679,2643012.9938168926,4556839.416968535
2030-09-13,Growth,730607.2364155063,1246569.2356930878,1829527.5497331263,2647178.3795911255,4579542.696782642
2030-09-16,Growth,729888.102393089,1247520.6081489567,1829902.0968461873,2658088.0423822394,4543800.403424472
2030-09-17,Growth,727297.1217663251,1247262.677470665,1829901.7242573053,2655068.6244881544,4547257.921523218
2030-09-18,Growth,730953.1830674846,1247555.456304557,1831408.7850315399,2651180.7855233783,4521311.7532323385
2030-09-19,Growth,733053.5160990129,1251320.0417649979,1829874.6933572353,2655216.979952845,4560932.376409939
2030-09-20,Growth,733300.8955075656,1252890.87618858,1827884.9061597453,2652890.5951763326,4552401.86029612
2030-09-23,Growth,733169.4495335175,1253588.6163105364,1833169.9562995785,2659076.134708045,4570370.134057115
2030-09-24,Growth,729661.5489754074,1257766.9593568249,1832514.471932869,2653289.001880492,4586431.793328251
2030-09-25,Growth,730845.849879135,1254791.82277778,1838697.7986121853,2661329.6402454,4616476.140787258
2030-09-26,Growth,731187.918895972,1257134.8142562397,1837866.5990736652,2661563.1840861244,4622904.756515737
2030-09-27,Growth,736547.1286430012,1262018.617706996,1834828.9747983376,2668726.495504692,4609555.758441593
2030-09-30,Growth,734595.8106572573,1256645.3831951695,1835985.2659724685,2674614.6750800572,4614798.000559285
2030-10-01,Growth,736066.0050349797,1260531.9633286693,1832152.7775069377,2684618.060922821,4636377.995376509
2030-10-02,Growth,734838.1737206199,1261313.4721959739,1835896.7378125316,2683616.283398205,4630191.785309699
2030-10-03,Growth,736410.3334027774,1258318.308770725,1838210.8000299751,2685234.8255712143,4625961.826276731
2030-10-04,Growth,738542.5479907386,1259223.2348547322,1838816.216873337,2687106.6824625297,4642915.751997221
2030-10-07,Growth,735847.7694015638,1257037.08332288,1838787.9111782638,2690024.3295182223,4631770.21059848
2030-10-08,Growth,738478.6301228545,1261143.0988423603,1840832.6301927925,2686249.11340339,4635490.759439433
2030-10-09,Growth,740409.1266613859,1261161.6083944945,1851154.9333279547,2687232.2201687344,4676037.630619801
2030-10-10,Growth,742672.4316121275,1265932.1179408785,1851669.6799735357,2694028.6145638716,4647800.609769067
2030-10-11,Growth,742228.3305372467,1262673.201495784,1856417.9577945482,2699135.0953484885,4658547.66385453
2030-10-14,Growth,742909.8876689873,1261176.974932755,1852453.0444599746,2705721.8363884506,4666436.720780647
2030-10-15,Growth,739761.6539663256,1261814.1018508016,1858967.3655622667,2707653.907804075,4682733.091419631
2030-10-16,Growth,744746.916681244,1263249.6891958632,1855809.6721331514,2707738.3011060846,4674572.399578454
2030-10-17,Growth,741781.0865777725,1264612.3736114241,1857726.6877668633,2715234.066367632,4690480.984854025
2030-10-18,Growth,739166.1943566484,1266705.791218694,1854732.8254221817,2727531.428350935,4692168.716081133
2030-10-21,Growth,739840.9135568073,1270077.4371697253,1856747.6665726225,2720937.1141767446,4698099.413409019
2030-10-22,Growth,740767.1749068021,1270577.9551397911,1854794.1552040621,2729991.5270511596,4744848.861543154
2030-10-23,Growth,741332.6369033421,1273621.5818230642,1857547.8178584606,2725626.4180419147,4702243.148489929
2030-10-24,Growth,738201.117872077,1276273.8309069267,1853076.3802845113,2725441.9886437897,4724965.19123231
2030-10-25,Growth,741335.137400146,1276659.4244758226,1856558.4787426249,2727688.4687777474,4736262.141706073
2030-10-28,Growth,743252.2493530664,1278278.5788553092,1865662.2135789138,2735053.1527334354,4745003.432245378
2030-10-29,Growth,742981.111434442,1280319.6849312584,1871447.5162632985,2737100.6831085477,4749703.074005643
2030-10-30,Growth,743893.5748569056,1279962.3337441427,1874277.0494293477,2740425.4509364236,4764066.702305068
2030-10-31,Growth,742577.5929960669,1281369.17120126,1883208.5323967163,2737416.1756922835,4786999.585851719
2030-11-01,Growth,743109.6402427518,1286998.8673456258,1880316.4064879753,2743810.04708417,4786842.709109675
2030-11-04,Growth,740987.0035434181,1282951.6939647351,1879727.515950547,2742999.705800967,4808251.711531848
2030-11-05,Growth,747211.485604045,1289840.7185832427,1881359.407506851,2748518.4427136304,4791386.673273722
2030-11-06,Growth,748317.0757954728,1288122.2759833857,1885466.7745295847,2757701.942593764,4776802.08289093
2030-11-07,Growth,748458.6509229343,1290227.048907019,1888349.652546492,2762833.805234979,4783850.65750034
2030-11-08,Growth,742987.4430513624,1287962.2807724464,1886869.0808594408,2759999.0852720067,4812905.478413703
2030-11-11,Growth,745270.7396385632,1285979.817935628,1890133.794673805,2766414.588298981,4819623.424557345
2030-11-12,Growth,752278.8965308575,1290406.7938191595,1893022.1042446797,2770559.654444961,4813444.72123496
2030-11-13,Growth,753108.0844645515,1288467.908631959,1897013.9942207453,2770108.666530187,4840754.946348808
2030-11-14,Growth,748316.2178595166,1289287.2140689027,1901217.5982749753,2776890.21871219,4835982.999957636
2030-11-15,Growth,750793.5706576976,1295941.7742852918,1909090.3613835298,2773247.602767435,4829824.965649146
2030-11-18,Growth,757087.1146616538,1291247.0012508275,1905247.4595856979,2780460.128948492,4832398.249191998
2030-11-19,Growth,759342.763968626,1294851.9523049442,1904149.1985540385,2787048.432606575,4855122.951639133
2030-11-20,Growth,757077.115775753,1296829.0930302353,1910902.6172102643,2792674.434635647,4858197.789231409
2030-11-21,Growth,757349.8447569836,1289737.4869874166,1907171.975064281,2787290.290269238,4872019.5306776455
2030-11-22,Growth,756433.1880084849,1296167.3622249535,1913068.051969363,2787707.484180906,4873369.649049626
2030-11-25,Growth,757030.6140779122,1295720.8084669732,1912118.5085423882,2793699.03573307,4887720.920088403
2030-11-26,Growth,754659.1427407246,1294913.2429375688,1918076.673064379,2791705.571934952,4904655.533408328
2030-11-27,Growth,757467.5619106555,1302045.827396073,1914003.6306908876,2801218.7802204196,4922167.969615289
2030-11-28,Growth,755697.877266205,1301632.2069237027,1918194.7409991552,2819117.273884545,4920922.95377725
2030-11-29,Growth,760030.3189389891,1299640.7611533643,1914174.4622137914,2816002.44259551,4896008.391152256
2030-12-02,Growth,759820.3156284819,1307684.256357477,1918238.2241984499,2818994.1057712603,4898169.183306455
2030-12-03,Growth,759622.2417824534,1306175.4051409245,1923243.2559429728,2820593.0865685283,4925309.089575151
2030-12-04,Growth,759807.6156678224,1305551.3629106176,1928059.6399003114,2819385.5906151263,4905344.38333003
2030-12-05,Growth,762890.9706450603,1305575.3598897075,1927604.502319342,2822244.4175633052,4899746.013514453
2030-12-06,Growth,757211.5348605606,1309259.5203066405,1930388.963916026,2826306.072247556,4927356.483598232
2030-12-09,Growth,759345.9340908739,1312739.853273305,1931128.5512586704,2834156.278310786,4933147.855093426
2030-12-10,Growth,763755.709762903,1316080.2171005793,1933404.4253732036,2837082.5218126075,4918923.030904495
2030-12-11,Growth,764091.9235296778,1310370.0141791133,1944277.7404323155,2846759.9920867737,4907394.053084861
2030-12-12,Growth,763526.3482212512,1310855.0685007728,1940159.201824027,2840147.505874745,4928891.766686814
2030-12-13,Growth,765455.7591952495,1313471.3778060055,1937851.833807874,2849010.611727159,4964688.384811866
2030-12-16,Growth,765196.4030627375,1317988.8875681267,1935839.460278362,2847776.4610035475,4952417.5199976945
2030-12-17,Growth,766454.6161368255,1320927.0713300006,1938672.3834504546,2858030.9912206633,4963680.720461377
2030-12-18,Growth,767431.439479064,1325036.5669924845,1944776.6628708346,2861130.093308578,4976002.616900726
2030-12-19,Growth,762334.816425404,1326273.7951223855,1947183.151924767,2857633.610601106,4985892.992437469
2030-12-20,Growth,763726.1822919368,1326350.622386313,1947011.3245097604,2865244.6130242627,5009926.072136077
2030-12-23,Growth,764390.7269729528,1328641.836211852,1951036.2481755414,2867278.51227498,4998673.334749355
2030-12-24,Growth,764932.9387756827,1327203.7908435562,1945598.5532032414,2868387.057666254,4991643.376007725
2030-12-25,Growth,768203.735716205,1328755.7348362266,1949839.21636434,2875498.1823616503,5024960.154072726
2030-12-26,Growth,768110.0584439061,1327346.320458583,1946684.1669925437,2875092.27950504,5023304.868623802
2030-12-27,Growth,769228.0248965645,1328002.9503162329,1955555.28122799,2872246.4425696908,5025428.643392118
2030-12-30,Growth,772987.5386060297,1328823.74409168,1961017.6630026358,2883279.7457436817,5040853.046250598
2030-12-31,Growth,773154.3985381686,1328931.6860612407,1965342.481417981,2885363.072876584,5016350.834110695
2031-01-01,Growth,780473.5274030733,1333496.653438711,1961843.9255578187,2889843.3699566443,5029203.525626037
2031-01-02,Growth,778398.4156997963,1332599.1321524174,1963062.795743239,2898140.6403404064,5028499.840114023
2031-01-03,Growth,779469.0418787121,1334655.1115718698,1972523.2549675347,2909832.981377899,5019261.642121052
2031-01-06,Growth,774899.3899895423,1333399.6478037469,1972237.9409639065,2916583.3262650943,5031637.697232149
2031-01-07,Growth,773828.1862907528,1333829.365174479,1969363.0884804,2913874.3842240386,5063253.571320516
2031-01-08,Growth,774459.9558221716,1332084.2654834078,1965292.5575220198,2921616.133899589,5036118.079716239
2031-01-09,Growth,776293.4183684795,1335507.6649021937,1965730.4634211005,2920037.113483287,5034759.203970232
2031-01-10,Growth,774171.7348317943,1335496.1881212913,1968334.0683648721,2931108.4293774306,5053815.970809903
2031-01-13,Growth,773763.4140760095,1340876.492179823,1976348.5546764154,2925122.2509174007,5099913.243239342
2031-01-14,Growth,774470.1198735446,1336264.3202824444,1981233.0234059682,2934630.0276216273,5086267.6681202
2031-01-15,Growth,774877.6960565712,1342366.240499075,1979766.6970132599,2936686.9194977265,5104846.5584215885
2031-01-16,Growth,774826.7051008453,1337762.636973064,1986469.3327164282,2946600.659790927,5115322.48454253
2031-01-17,Growth,778481.8544402663,1341449.2554122647,1984796.4194513224,2941632.717486327,5111159.1834275145
2031-01-20,Growth,772933.604531418,1343076.464188565,1986661.753272988,2953189.476280595,5120551.05102443
2031-01-21,Growth,777922.8945809694,1340623.0542976754,1981840.916146528,2966125.106061406,5137948.985588453
2031-01-22,Growth,776334.8095866202,1341797.9873445034,1981784.565844371,2968037.739446737,5150797.967597193
2031-01-23,Growth,774188.2514345954,1342974.4435712157,1987795.6588978027,2955011.8437602054,5147804.6896502795
2031-01-24,Growth,775582.0852677587,1342533.9766914407,1991274.2057820251,2953870.359703823,5162320.456826406
2031-01-27,Growth,780002.849627868,1348916.2399180182,1991477.624731395,2962436.0087318425,5142245.765463791
2031-01-28,Growth,778492.6284444823,1351122.4994348618,1990862.741737062,2964469.215908818,5155594.04549537
2031-01-29,Growth,777418.9716700428,1345539.2684914344,1994302.7596338643,2968543.9501036983,5178210.077372828
2031-01-30,Growth,782442.0144771942,1350951.859160652,1996685.1137374649,2971219.1565298894,5177376.199020216
2031-01-31,Growth,783041.5449578336,1346902.2906276837,2000236.8527725467,2968010.051896504,5175897.962971974
2031-02-03,Growth,782566.2230006239,1349158.8785593472,2000935.5560202932,2976211.8552249856,5170418.126450344
2031-02-04,Growth,782387.658471428,1351449.2212160816,2003128.7206031883,2974763.744918009,5170092.54702087
2031-02-05,Growth,786518.2666503831,1347323.552463859,2008914.9461077387,2975547.390456346,5190276.81995448
2031-02-06,Growth,789625.7403433085,1351626.4574364766,2011054.5723318628,2969795.788582509,5186093.880928417
2031-02-07,Growth,791525.0417406512,1359156.7756041023,2014145.9918521382,2979813.9235515054,5198874.442106171
2031-02-10,Growth,788004.6419323714,1360104.100253798,2020858.4320940315,2987544.2905440787,5226271.661217878
2031-02-11,Growth,786303.1115971879,1360519.7969395728,2014045.4328511625,2980713.0734990723,5224152.826350676
2031-02-12,Growth,785040.1280130327,1358035.7395572097,2016713.7460340562,2992686.4598647216,5233853.323441369
2031-02-13,Growth,790146.9411308203,1358239.6856450182,2010145.1606769934,2995331.7197656673,5257931.8664078675
2031-02-14,Growth,789607.0533099228,1360169.975273499,2015264.933582961,2995289.9614792876,5289385.860136496
2031-02-17,Growth,788551.4306515362,1362121.0356831797,2015366.424201456,3000030.3488929397,5288556.304222002
2031-02-18,Growth,788034.1242797779,1361827.223885333,2017103.286819816,2996356.9215671252,5304673.935764669
2031-02-19,Growth,789282.9993494623,1359607.1281771148,2024324.822315943,2995532.084560248,5314327.933774624
2031-02-20,Growth,793626.4259632208,1360088.1765766023,2027937.4368756353,3007212.7358789416,5309901.557598653
2031-02-21,Growth,793413.8241154398,1359638.8864063732,2025848.3678890704,3013524.151007396,5328155.762761872
2031-02-24,Growth,796565.9470355735,1352976.5599422758,2027438.9998532855,3013023.6518782107,5329836.716781573
2031-02-25,Growth,791314.9463271658,1357175.812264959,2028307.9417172498,3018487.295398647,5310728.185508235
2031-02-26,Growth,791004.397270584,1357591.299561326,2033173.7444578805,3023366.4871631637,5329712.91644309
2031-02-27,Growth,789583.002962418,1358291.2202681461,2045345.9355190299,3030777.9402043,5359552.281374509
2031-02-28,Growth,785106.9062679958,1364216.053438853,2042709.4314983722,3039564.97885882,5357358.997079714
2031-03-03,Growth,786480.5997526988,1364360.106484413,2045851.7293261983,3041716.900562264,5368501.644877768
2031-03-04,Growth,788855.6924928561,1366157.7956233595,2042528.721024724,3048167.72568273,5389038.661593619
2031-03-05,Growth,789661.1977609934,1367536.5997005315,2049481.1108879894,3060243.527036456,5387930.73545278
2031-03-06,Growth,794619.1396634328,1371417.0462581832,2053895.3606994646,3050722.8182086507,5410250.232147091
2031-03-07,Growth,789218.6862516004,1372954.890912668,2054361.8370083014,3060795.571826182,5427553.403179077
2031-03-10,Growth,792309.2043692559,1372997.9167128701,2055346.6028472113,3067600.4311655457,5430208.189993574
2031-03-11,Growth,790472.3209965664,1372875.2233127172,2049973.990560051,3066067.5832959,5468255.0770353675
2031-03-12,Growth,790481.1568171821,1373350.6367518895,2059832.1280176602,3063579.088736257,5470312.208886897
2031-03-13,Growth,793842.4652770581,1380029.5961435325,2057123.7334209783,3071799.2246480593,5499000.306480819
2031-03-14,Growth,797335.5996380212,1380868.2428777264,2054517.0520051345,3077414.3534969445,5482081.22695585
2031-03-17,Growth,796159.4219707999,1375608.4846938816,2062878.880804822,3081251.7707611592,5491477.702800121
2031-03-18,Growth,803887.1056905607,1379381.239175801,2069541.9444888658,3092460.009782621,5497474.450824197
2031-03-19,Growth,796547.3732176715,1382375.0074880659,2061715.4036555663,3088400.738627303,5472410.621901499
2031-03-20,Growth,795756.7137395503,1385983.9552370831,2064013.6350113456,3089440.2416050965,5510165.835413834
2031-03-21,Growth,795876.7042150404,1388368.051770969,2071935.6308083157,3091861.7352160444,5498173.297991031
2031-03-24,Growth,798678.7507745117,1385250.6385760135,2066670.507895041,3100597.5646144245,5532747.538634028
2031-03-25,Growth,796128.4847129349,1395421.3862240696,2075101.735633024,3085064.7722295453,5498787.203989693
2031-03-26,Growth,799767.5612052114,1392728.530213342,2072519.4143260508,3085783.2043799413,5535466.845932548
2031-03-27,Growth,802600.3595338572,1390995.929249253,2079129.4987704852,3089956.491037518,5535874.858492723
2031-03-28,Growth,804076.5914688343,1395463.9381078598,2081854.580971254,3098526.6966350283,5530898.930493909
2031-03-31,Growth,805053.2135357748,1396598.4124521045,2076468.087264434,3098582.0171434144,5553691.07434634
2031-04-01,Growth,809867.1754031663,1397385.3602377258,2083231.6363595834,3098394.7286186884,5541517.751458835
2031-04-02,Growth,804789.0410643736,1400777.8884266145,2085299.6006444106,3110870.3304801015,5563503.467580638
2031-04-03,Growth,806006.8114012156,1403659.9392402922,2089025.402258198,3117186.9253601227,5546956.826818298
2031-04-04,Growth,804991.9384154113,1404231.7708626925,2087954.2911314406,3129758.6806385214,5578552.202273366
2031-04-07,Growth,805309.1562906152,1407934.9371848204,2088349.7707712855,3127820.84072073,5595569.534211133
2031-04-08,Growth,807105.7305307996,1406350.4796738029,2087119.1073833478,3123288.380228574,5592835.77688342
2031-04-09,Growth,804246.6808391719,1410860.129852361,2089480.3753449232,3142007.333002603,5602221.115881184
2031-04-10,Growth,803944.8433824363,1413428.7211068668,2090267.6174121147,3140139.4772520643,5617081.069512166
2031-04-11,Growth,806710.0224503347,1411906.4315882926,2083347.01264568,3147910.524507359,5598954.636764734
2031-04-14,Growth,810318.0461869633,1413654.4208096536,2092061.882050165,3149046.0857167062,5612056.3276918065
2031-04-15,Growth,806804.620396665,1409445.8301417872,2093935.2303109816,3151610.6579522854,5633738.753486291
2031-04-16,Growth,806963.2820703193,1415998.4603522057,2097879.0039505353,3160741.29194693,5652994.866934492
2031-04-17,Growth,813731.2523095206,1414907.1175745935,2102828.4498256156,3169748.642455935,5639583.267891772
2031-04-18,Growth,814742.3772613829,1415233.6991816824,2109669.8240720164,3165664.6051910883,5669830.775188776
2031-04-21,Growth,808436.9463087345,1423159.6615535938,2106460.223344203,3167520.564317622,5666911.594457455
2031-04-22,Growth,807260.068771348,1420404.0249481918,2099056.273831538,3169420.134653202,5691164.230970475
2031-04-23,Growth,811524.767008629,1419379.4509151734,2099234.4234974626,3170203.059339073,5689185.55154811
2031-04-24,Growth,810280.300059801,1422071.1685990687,2097514.660056948,3164732.8487100033,5705468.106269169
2031-04-25,Growth,810653.123621874,1420529.1040156786,2098856.9864929006,3174150.8883470637,5711021.697677449
2031-04-28,Growth,806226.8269804984,1418521.9395168698,2104902.2326667504,3179861.5797565687,5702462.412637949
2031-04-29,Growth,810481.6735163666,1422373.363304049,2098370.0559197096,3178293.218429961,5690032.254408736
2031-04-30,Growth,807981.5465573107,1422912.308426079,2106160.0285111507,3188418.513181656,5706728.904315017
2031-05-01,Growth,812841.877313057,1427254.0107640536,2104864.543605688,3193237.622770307,5768025.45030964
2031-05-02,Growth,811048.9110887678,1426608.4450814188,2108674.528683521,3201186.8297447623,5765100.805327166
2031-05-05,Growth,808635.045420239,1423447.8638178534,2109285.8787640007,3200878.4054515553,5751514.36303723
2031-05-06,Growth,810049.4014078486,1422022.1545680438,2107018.448708149,3203900.3995296983,5772158.328543919
2031-05-07,Growth,809781.4269100463,1425706.522232628,2114098.8568580477,3216825.4235441657,5748492.848657642
2031-05-08,Growth,810982.2688426047,1426409.263738469,2113483.9057862703,3218923.868458904,5765305.483949428
2031-05-09,Growth,812311.3878105647,1428212.1846595425,2116621.207147315,3218213.3216473423,5751565.4186014915
2031-05-12,Growth,815687.5845477739,1429156.4809735978,2122704.4248014735,3224691.036631252,5755934.546456437
2031-05-13,Growth,816377.1933840964,1434084.3778589347,2118439.788982149,3221094.874136011,5755881.452837603
2031-05-14,Growth,816007.715041849,1438640.5637117005,2126770.665076471,3212102.519815648,5778446.65259855
2031-05-15,Growth,817912.802448213,1440075.368449399,2131187.494282387,3226888.326967613,5789642.451253538
2031-05-16,Growth,817805.7015340341,1440714.9498763713,2130294.194469339,3225676.068418245,5790487.660567737
2031-05-19,Growth,820380.2667600128,1444996.6044055233,2140492.506310284,3231701.4841043516,5775886.708344932
2031-05-20,Growth,815180.8467935462,1437860.3937239768,2143467.0886264853,3231855.7264693854,5768650.819947877
2031-05-21,Growth,820600.5865174795,1433115.80848628,2143091.283486867,3231815.8895953544,5780870.668879032
2031-05-22,Growth,823409.2752922011,1441129.9773852979,2146841.0257585254,3239263.5359890964,5790696.6038824385
2031-05-23,Growth,825773.9202864262,1439935.5778103643,2147319.4112597974,3229189.8110145754,5799111.721500896
2031-05-26,Growth,819022.787232317,1444651.3562163673,2149818.752424006,3233297.3507821625,5810929.814278156
2031-05-27,Growth,815828.0840794566,1444126.8412249712,2147433.0429011537,3253394.417616786,5789844.30106344
2031-05-28,Growth,816302.8944683123,1443907.5368262972,2152039.1360376766,3251406.317638885,5788251.565330774
2031-05-29,Growth,816898.730519094,1442964.4759360708,2142240.174992258,3248368.891427579,5834357.339535968
2031-05-30,Growth,812637.5491072775,1449816.6689721518,2148957.3494156487,3250979.9196936497,5818112.591578477
2031-06-02,Growth,815359.2148429613,1447073.0998306067,2152108.333153188,3254191.3740061214,5854987.78557367
2031-06-03,Growth,816385.5416102303,1444404.7667479548,2160332.908800668,3260680.207684036,5853860.5966772605
2031-06-04,Growth,815549.0204376819,1445602.7778147357,2160406.9688270567,3263459.558715364,5878656.901517629
2031-06-05,Growth,813926.8568229974,1450623.262538144,2168844.809124889,3274960.634375116,5888778.320148031
2031-06-06,Growth,814925.2896261653,1452741.7881355449,2164807.0491713258,3294829.7599620176,5882827.808713587
2031-06-09,Growth,813929.3590813874,1454106.4728851006,2165993.569343893,3299395.015032316,5918746.633953182
2031-06-10,Growth,811380.8751592443,1455605.1696523917,2165237.6069548726,3316866.6040010853,5888494.735498392
2031-06-11,Growth,814898.0649763664,1450254.1105559235,2167242.4998574317,3315593.794657682,5941573.778294639
2031-06-12,Growth,818015.0718694015,1453591.9479587395,2168450.616964409,3317410.005601503,5954228.999863064
2031-06-13,Growth,821056.8437621978,1451766.5120917284,2169472.60724508,3317431.074465606,5962629.786190304
2031-06-16,Growth,819039.6469653912,1452786.0364720556,2178689.442757735,3329021.202272617,5961949.345743804
2031-06-17,Growth,817093.087654948,1455922.6168771891,2180823.0072364295,3329171.633260032,5977346.225987043
2031-06-18,Growth,817073.6981064094,1458794.1624290925,2185719.9936190336,3326128.2631110745,5978450.481251881
2031-06-19,Growth,822489.3152615465,1455711.820152321,2186580.47385324,3339594.4065212435,6005398.813293031
2031-06-20,Growth,819055.6293719875,1458697.4952973614,2193245.928315437,3330897.885936461,6030761.065683375
2031-06-23,Growth,819098.1577719342,1467516.8132404531,2196805.629344889,3330088.4940345846,6020711.569190999
2031-06-24,Growth,826002.0924678303,1465479.0804878029,2194954.4402083876,3335941.5815876666,6039989.628147465
2031-06-25,Growth,829908.3837083508,1464126.2944580652,2200805.0737134092,3346845.774813554,6050398.328234585
2031-06-26,Growth,826434.3581870766,1469076.437801449,2199652.904187399,3347153.916703256,6051373.032448274
2031-06-27,Growth,832618.996106012,1464599.1752394931,2199505.1489101686,3343912.824257508,6058352.169449008
2031-06-30,Growth,827471.5061604423,1468153.3445854206,2210386.19999878,3351366.2326970217,6086674.804075791
2026-09-01,Income,309509.12863352173,312053.3048427832,313221.7823387264,314432.25826464634,316444.7704732711
2026-09-02,Income,307662.44286258484,311692.0519510845,313577.5927847838,315160.2876985802,317909.0869324691
2026-09-03,Income,306778.7415991783,311448.379921992,313817.60760436894,315850.88751705043,319084.1243157118
2026-09-04,Income,305612.9825483867,311280.45077845664,314117.3915413392,316534.19222191954,320153.08017868845
2026-09-07,Income,304821.9787710891,311137.9276435629,314228.92236708046,317158.0717485051,321387.7231390606
2026-09-08,Income,303896.910828901,310953.8261180252,314499.771796952,317662.89046822867,322750.4850828505
2026-09-09,Income,303423.7625192779,311080.6270952885,314730.66569817957,318256.91558062634,323522.7176920161
2026-09-10,Income,302782.8389253391,311131.7341542648,314892.2927190686,318698.47979707096,324474.45031886554
2026-09-11,Income,302392.83298945194,311041.15969742544,315166.81041178346,318978.22518442135,325464.0483287608
2026-09-14,Income,301432.1467447369,311013.0100892448,315416.4050739965,319472.8689731228,326471.0904242635
2026-09-15,Income,301920.4363993943,311143.4074515905,315640.5181876672,319809.9434234545,327115.169878278
2026-09-16,Income,301200.1471694608,310952.6640866794,315999.7100393459,320122.66441382613,327550.1206148583
2026-09-17,Income,301142.75090276933,310907.57492301275,316154.0146085704,320420.4744140765,328000.4284942775
2026-09-18,Income,300492.7822993544,310919.82890768716,316487.76802887785,321039.4004404744,328870.64443121536
2026-09-21,Income,300147.3865652823,310900.8431483265,316601.6628780679,321345.7013699707,329765.83077351085
2026-09-22,Income,299866.41621651134,310943.85568727995,316624.8130087957,321617.3337717925,330670.05211970926
2026-09-23,Income,298953.97855279915,310932.4561038454,317146.26696800155,322193.85194406955,331173.30680821073
2026-09-24,Income,298999.90797091386,311073.35016218,317294.05531046866,322769.78214710735,331809.1698086149
2026-09-25,Income,298726.03840215155,311142.1105078458,317716.3490634133,323242.39262420876,332470.7911267949
2026-09-28,Income,298322.1272180949,311069.09918916237,318051.6621455391,323570.9773506794,332763.9643985988
2026-09-29,Income,297945.32947573863,311150.6719180268,318165.9865897488,323999.380837678,333216.68986629683
2026-09-30,Income,297604.37022335967,311159.7533421541,318433.5993939532,324361.6772351669,334165.89800681005
2026-10-01,Income,297711.8948825904,311222.5095179904,318637.748355499,324761.12205094524,334798.47710256645
2026-10-02,Income,297478.77673247596,311267.27580569,318825.5483503599,325233.75864247733,335715.95633981057
2026-10-05,Income,297348.9757308943,311417.5076001311,318938.04338065174,325575.8568122982,336062.39784406516
2026-10-06,Income,297288.1041824607,311286.12210519984,319104.32475657004,326128.9947263609,336671.03230318
2026-10-07,Income,297196.7259030288,311253.78754643386,319433.21110738197,326441.88020648324,337351.5888622796
2026-10-08,Income,296964.5892363077,311295.6770002409,319563.69973234186,326959.5650691402,337662.6814835604
2026-10-09,Income,296785.9838253684,311263.35640099004,319604.1120302131,327364.65018592746,337977.8037109992
2026-10-12,Income,296689.41274372325,311493.2162249579,319958.24350379733,327628.80624015286,338455.94365726894
2026-10-13,Income,296237.1531326731,311703.8236513772,320105.3225406222,327940.2543846361,338710.2850881199
2026-10-14,Income,295999.9862507338,311852.859023536,320407.0307100875,328172.5300480662,339398.4104204123
2026-10-15,Income,295661.3556106447,311839.3822744793,320524.99503946584,328650.71578842564,339826.69450381346
2026-10-16,Income,295348.1822969992,311844.95447200176,320728.84943363257,328977.6681597142,340379.94744916545
2026-10-19,Income,295073.86551002687,311965.0487853971,321080.54442460404,329293.44501054724,341101.63545055845
2026-10-20,Income,295027.0702681959,312005.5849041962,321111.4471092661,329526.0469109802,342194.36469512654
2026-10-21,Income,294527.9925036136,312034.0822885337,321368.5291795217,329952.96042548685,342571.91193298995
2026-10-22,Income,294622.58258084126,312147.30607706093,321576.475756599,330411.0732890067,342979.49700147763
2026-10-23,Income,294649.4637653883,312118.0192378382,321701.3708010898,330672.4524587914,343683.58684393624
2026-10-26,Income,294043.775598515,312097.09666526364,321993.3416361812,330989.03297281725,344085.0211480872
2026-10-27,Income,293957.22312461043,311912.6148230741,322161.086714639,331389.0246871838,344685.0171249665
2026-10-28,Income,294521.34380536247,311858.85717180336,322259.3716048826,331778.1247746111,345253.38905186113
2026-10-29,Income,293936.0472596846,311933.282451857,322473.66899953905,332120.8850746218,346068.9420401302
2026-10-30,Income,293742.8462279978,311766.9422092031,322739.2644547786,332432.81313674874,346668.5072649702
2026-11-02,Income,293210.55722148006,312036.42568906967,322938.47997670673,332644.92419585504,347304.4077286335
2026-11-03,Income,293210.0769491295,312239.9399166089,323121.49406243133,333115.984663106,347903.80751883343
2026-11-04,Income,292728.79362016777,312353.7451004044,323117.63573598786,333625.82265330525,348328.52937288675
2026-11-05,Income,292309.5755629453,312143.3250728687,323382.4701985162,333977.0505710442,349069.725272485
2026-11-06,Income,292152.99836768286,312492.0012970228,323658.44401008857,334145.47499490075,349417.6441114702
2026-11-09,Income,291756.7994349227,312586.2591082737,324110.4100116205,334576.454595977,350138.11795198655
2026-11-10,Income,291207.3253137652,312586.2381318818,324372.2350817219,334840.0708687535,350669.42340875336
2026-11-11,Income,291182.923900066,312739.4145998226,324567.03118958196,335100.0547599895,351000.34423032776
2026-11-12,Income,289956.7361552682,312974.7163128167,324843.141493915,335463.4274599252,351386.96896938636
2026-11-13,Income,289750.98423607554,313219.99344578857,325106.83422194654,335910.003594091,351893.82632850116
2026-11-16,Income,289543.44027851144,313286.4028942321,325206.54727700225,336230.8664495193,352335.43930479133
2026-11-17,Income,289786.8009631316,313036.4377044145,325428.6708090991,336404.6187281661,352872.83290388033
2026-11-18,Income,289972.6864010967,313328.89404156746,325695.34731514915,336534.4069718229,353246.0517944819
2026-11-19,Income,290012.20487163897,313533.67927417485,325811.7606522462,336971.99235601793,353939.31032540166
2026-11-20,Income,289685.86196775036,313496.29388692975,326157.1627547752,337302.2743230037,354139.41640160827
2026-11-23,Income,289367.0665649913,313429.0257593931,326492.08010934363,337727.9190616162,354792.64128688944
2026-11-24,Income,288985.65566625627,313494.2765932561,326875.25857028237,338136.34191702236,355169.7074103004
2026-11-25,Income,288572.503516771,313546.3282459596,327087.3555841356,338536.24194147595,355880.6642399175
2026-11-26,Income,288886.16722250334,313734.68639001617,327329.94293930964,338850.51203151455,355968.0843242428
2026-11-27,Income,288914.3169251862,313669.3513147179,327507.6653076486,339237.9763337713,356840.63651372
2026-11-30,Income,289427.0237404459,313911.54927664495,327624.56782418524,339698.92987909005,357435.595681173
2026-12-01,Income,289074.24329231284,313805.61305323965,327999.4738628892,339926.9258985301,358186.6815268371
2026-12-02,Income,289052.13268905366,313953.36244491336,328270.21323286835,340218.3303603169,358472.2245935059
2026-12-03,Income,288586.0052856912,314084.0758707525,328520.0668721853,340689.7881017951,359004.6665165105
2026-12-04,Income,288128.3728448722,314257.3663380656,328464.3491491887,340818.6222525664,359359.0266253668
2026-12-07,Income,287340.8025137425,314539.834660096,328653.48371521186,341400.6941168563,360011.2560096089
2026-12-08,Income,288489.5366551029,314864.19354930054,328906.9380576055,341609.4993046069,360508.1106264
2026-12-09,Income,288030.32316756627,314845.35281366564,329218.835797057,342047.69399383815,361117.1558936062
2026-12-10,Income,288167.67795973236,314892.2534920815,329289.47589177487,342462.62015406525,361609.9162823419
2026-12-11,Income,288508.0770316139,314977.28819968365,329667.882800283,342675.9558704333,362488.2402540286
2026-12-14,Income,288651.46000665374,315073.445065279,329819.00484406383,343031.59875647386,362518.3674749234
2026-12-15,Income,288160.23260893737,315181.0851813124,330031.90622570965,343209.7564857303,363016.3948108966
2026-12-16,Income,288375.56683056033,315233.52379346604,330095.1383995038,343620.6068137965,363398.7147170769
2026-12-17,Income,288744.23640831816,315285.3394442557,330168.5483986287,343937.9728999497,363688.8469550678
2026-12-18,Income,287465.7093397882,315534.3419079432,330440.7325953094,344042.42556172144,364367.5959878698
2026-12-21,Income,288441.20228852716,315544.7997844241,330571.59312535473,344255.0605461229,364414.90283506695
2026-12-22,Income,288109.90549468267,315737.7952067957,330742.3859319609,344523.94801581965,365419.541231556
2026-12-23,Income,288025.80622975633,315810.7424646177,331143.02256894606,344908.15533222916,366067.23377864336
2026-12-24,Income,287334.2750459712,315936.25308016146,331363.87968247524,345404.8247921059,366323.5295137988
2026-12-25,Income,287421.7999818254,315810.5072782484,331474.0486372085,345841.76649438427,366884.39929620153
2026-12-28,Income,287439.1773992768,316096.3993837504,331585.4667818782,346108.8069552214,368029.3815675798
2026-12-29,Income,287386.90781609627,315995.7635297942,331835.9215417688,346457.45554504386,367977.18180825055
2026-12-30,Income,286929.48094819504,316339.53102886875,332118.20796586736,346874.05424599815,368691.31377742876
2026-12-31,Income,287640.75270870724,316701.9912037717,332279.3745067199,346885.9046884164,369016.9653887551
2027-01-01,Income,286473.409688946,316546.68427641934,332753.2004550099,347348.83655690023,369495.1297723599
2027-01-04,Income,286190.87876563444,316369.22866586,333109.48182238685,347627.99889862596,370425.7544923963
2027-01-05,Income,286220.4367890271,316568.04211294797,333284.6296168049,347756.5522049149,370744.33268068626
2027-01-06,Income,285413.8729704894,316869.157685767,333567.4535946909,348315.5013757912,371559.4200350461
2027-01-07,Income,284782.70019384916,317083.0577784877,333749.19739038823,348532.89531529124,372378.4922130093
2027-01-08,Income,284930.07079834776,317227.7097557019,333858.6369611494,348780.83632977144,372635.16001920204
2027-01-11,Income,285070.2041087976,317381.297309457,333921.50041979516,349272.6674357978,372577.2202302979
2027-01-12,Income,285557.3778294899,317346.0136410834,334156.4928431186,349413.47300005605,373228.6117165011
2027-01-13,Income,285999.92953626637,317768.1225334883,334251.2484316013,349675.8927185254,373508.7536185299
2027-01-14,Income,285843.9274226367,317900.53380199417,334629.706366279,350017.9680192823,373442.82594731613
2027-01-15,Income,285439.98659062246,317939.8787031035,334688.20989981946,350113.7534626518,373874.40845168126
2027-01-18,Income,285613.7318712054,317910.94851375546,334900.5625249438,350554.0028425215,374360.7389594923
2027-01-19,Income,284710.5464669393,318011.3130861667,335096.838256196,350965.4537110071,375501.00067526894
2027-01-20,Income,284897.049212412,318201.1096155476,335324.11635049584,351086.4541540052,375763.2760919297
2027-01-21,Income,285341.803047365,318502.98010854854,335318.19231010287,351888.2952051485,376705.7943341123
2027-01-22,Income,284802.86064212484,318736.0596462756,335489.81340003386,351995.21428654925,376924.06091202615
2027-01-25,Income,284608.6131389157,318742.9540816552,335558.4634258604,352355.99307240074,376929.7891388532
2027-01-26,Income,285409.85227491264,318690.05369554984,335734.85508612136,352535.7894835027,377222.500818368
2027-01-27,Income,285782.2826329594,318838.52642378147,335900.12797419284,353040.0624862221,377863.86823145475
2027-01-28,Income,285604.731807009,318832.10465477355,336243.3509481572,353451.31187557016,378259.30127351894
2027-01-29,Income,285529.27236242965,318771.7377118293,336519.5202745218,353845.93275497423,378931.1727634819
2027-02-01,Income,285595.05902136146,319094.4611482799,336707.49060107593,353994.42792251345,379105.6734947826
2027-02-02,Income,285839.2613939256,318918.52493721136,336928.7671469189,354237.2737106332,379142.30145575915
2027-02-03,Income,284937.64576087915,319186.8843983989,337116.79578608554,354671.33705829177,379779.45184301655
2027-02-04,Income,285040.511854303,319161.46872112935,337210.46197921433,354941.5971847172,380499.02130437596
2027-02-05,Income,284761.6338423043,319463.22375546076,337582.26164058887,355322.03550439817,380904.3898768832
2027-02-08,Income,284364.8987764159,319435.64013069187,337672.184790146,355650.50258955546,380907.3328402483
2027-02-09,Income,284794.97271482716,319552.5347687391,337958.0134526775,355928.0424694042,382130.3547335679
2027-02-10,Income,284301.7416923832,319624.54546290456,338109.2738261478,356290.74380514363,382851.36868927244
2027-02-11,Income,284025.8960516858,319665.3977141478,338137.1870881605,356317.53797198634,382991.27091608336
2027-02-12,Income,283753.52517336875,319986.3455144281,338598.84781481745,356709.3696369292,383253.3525679959
2027-02-15,Income,283790.2685085031,320007.5883683739,338794.9400946741,357181.1476953506,383804.3816009284
2027-02-16,Income,283594.2340229782,319633.8619109456,338830.2585326936,357531.17719454697,385079.8024922312
2027-02-17,Income,284113.8137490244,319510.9830510994,339227.1272949454,357587.2281719113,385266.60938812036
2027-02-18,Income,284071.80217846954,319548.2521168187,339502.42633862945,358055.5787793913,385958.97011371254
2027-02-19,Income,284243.2135825958,319726.5619690032,339807.37517543585,358363.7525424539,386512.36568058655
2027-02-22,Income,283963.37716968823,320029.0986459662,340060.502953552,358738.8441382154,386931.26855036203
2027-02-23,Income,283102.32632028766,320264.1428053776,339909.7737466953,358999.3300914571,388085.9466138817
2027-02-24,Income,282720.9010739073,320306.0675156994,340187.13130892004,359476.3176847209,388693.4998224782
2027-02-25,Income,282372.14830547187,320477.6369508533,340615.0777652841,359782.538668972,389243.2020125947
2027-02-26,Income,282597.3104814572,320695.9107833689,340779.6735737062,360241.86937444657,390111.39020721265
2027-03-01,Income,282684.8606081894,320758.7448921104,341025.5248751745,360416.956870178,390639.79807929904
2027-03-02,Income,282265.634257339,321076.11498854216,341166.8109643259,360578.92845551984,390981.164561954
2027-03-03,Income,282545.6168461668,321138.21107818815,341479.1930892152,360946.8884618888,391455.10014792735
2027-03-04,Income,282464.3774947196,321391.504123061,341935.351297654,361204.0222105117,392118.1852828804
2027-03-05,Income,282471.9031178307,321579.8358242081,342323.6846544489,361234.1950189448,392169.4354442253
2027-03-08,Income,282331.25907938264,321847.3267933894,342332.8783977687,361670.73685212317,393144.6474822886
2027-03-09,Income,282940.0676002448,322148.37814718776,342794.46905251406,361857.5225054355,392846.5232202313
2027-03-10,Income,283302.93695036037,322203.70709081413,342837.8606866674,362138.92791274027,392664.1525321148
2027-03-11,Income,283194.16275648185,322178.24300877727,343151.43918486196,362585.4131527435,393735.2253400539
2027-03-12,Income,282813.73749764095,322132.7315300966,343447.552611416,362868.17420389154,393811.8869230996
2027-03-15,Income,283508.08587133716,322201.4695560709,343567.7813317988,363171.83810748137,394434.11397179624
2027-03-16,Income,283556.56897921936,322289.05771710526,343342.51766966144,363601.9102642719,395459.75863141654
2027-03-17,Income,283970.39098932035,322728.73618211807,343880.30065082543,363656.7983877105,395263.15014527604
2027-03-18,Income,283635.91554037284,322547.9027898336,343802.6229128445,363962.79486987984,396001.76473312045
2027-03-19,Income,283987.2135925936,322636.93789720506,344083.4785372466,364643.3458519972,397094.47484258976
2027-03-22,Income,284112.3900085787,322427.35177244636,344131.2092362124,365192.2253798718,397715.40016419237
2027-03-23,Income,283279.08995133993,322597.68111788185,344579.64653667156,365472.0085009365,398448.21089781163
2027-03-24,Income,283750.5015459937,322581.8608886281,344593.6079153315,365458.7191378551,399055.1965618901
2027-03-25,Income,282776.7245634431,323131.30527752684,344774.3982184997,365946.87987170625,399276.9837408509
2027-03-26,Income,282171.0037030023,323198.93988620973,345541.3502110952,366205.51504240575,400091.346061049
2027-03-29,Income,281728.4416701318,323454.08913182956,345663.0578491398,366692.3006061662,400744.654802327
2027-03-30,Income,281919.147160418,323660.4194721725,345623.9936737014,366883.4931533905,400566.62976566394
2027-03-31,Income,281511.82461747836,323495.981354462,346137.97939539806,367248.4946613171,401333.15454341215
2027-04-01,Income,281245.7014647021,323718.61923164834,346088.17619749944,367761.52455149207,401657.8724814683
2027-04-02,Income,281215.161934549,323657.4772258798,346621.17141987104,367871.35036803986,402227.7995001029
2027-04-05,Income,281265.22220938996,323962.8863006642,346442.1957622795,368022.58592031506,402217.777269037
2027-04-06,Income,281148.25014037883,323805.9969320053,346663.220739724,368209.72948383045,401977.1554839883
2027-04-07,Income,280915.3986004899,324020.67540029023,346733.62817330624,368511.03678100614,402454.9079431545
2027-04-08,Income,281320.82414156175,324207.9837112167,347000.9636889106,368853.3475667852,402875.9612032021
2027-04-09,Income,281157.4236304714,324069.8986629632,347330.01952016074,369079.5450166726,403243.21136224316
2027-04-12,Income,280759.38812009786,324408.74952868075,347550.3801255815,369594.3641389356,403802.13430084224
2027-04-13,Income,280707.59438373597,324416.34782208607,347531.0409867558,370175.5278894125,403656.73868623434
2027-04-14,Income,281669.078628288,324100.55910168675,347720.0025233929,370363.7508439411,404925.3694512814
2027-04-15,Income,280804.74821390206,324241.9915944196,348135.5207665964,370687.54595576384,404558.73382648814
2027-04-16,Income,281715.3651666902,324661.82244919444,348110.0930045358,370719.4085348648,404823.32470720547
2027-04-19,Income,281134.1573788838,324748.1753397892,348280.9906335263,370640.06347027497,405285.4433470645
2027-04-20,Income,280970.57429205975,324618.47935450164,348575.4485101225,370859.05709940544,405657.7514169098
2027-04-21,Income,280356.94173781027,324743.53602680785,348443.7668657987,371340.51743972185,406349.03886310325
2027-04-22,Income,280496.8280289328,325161.54195457534,349109.77670265874,371792.3152982455,407168.7157887461
2027-04-23,Income,280636.38117443206,325160.03095012344,349203.26432863495,372242.5666662526,407188.6589615892
2027-04-26,Income,280638.30612927803,325574.0651261293,349269.2593507471,372458.4140731855,408043.351016408
2027-04-27,Income,281445.6699245586,325432.076214383,349199.9562242203,372898.4505760926,408549.93337167345
2027-04-28,Income,280905.31368640525,325957.5294530875,349461.4411376228,373046.74190204474,407931.7107162005
2027-04-29,Income,280803.5538930646,325567.15897952294,349483.664325222,373353.6709761129,409084.546884625
2027-04-30,Income,280804.00523849425,325711.9023897978,349738.8403902139,373858.26784934616,409236.7565138729
2027-05-03,Income,281335.97515751095,325646.5083831337,349779.1792324397,374094.9344621502,409992.56181338953
2027-05-04,Income,281794.32206936926,326159.9073561928,350108.7131096242,374443.2793100937,409823.1195221827
2027-05-05,Income,282144.6935504045,326024.284480321,350336.1659898831,374928.46205199545,410196.3569374473
2027-05-06,Income,281784.49966494075,326347.07646944444,350730.13291716174,375437.45530299644,411036.17704135814
2027-05-07,Income,281703.3278159812,326505.9077814691,351301.13426701486,375180.7299628222,411524.12606547796
2027-05-10,Income,281061.3551049068,326410.0175439237,351205.88166145683,375694.24807647854,411974.9150814206
2027-05-11,Income,280644.4368673908,326316.4974524665,351509.40851034515,376090.7821932179,411948.4528296947
2027-05-12,Income,279999.888394741,326592.636237227,351736.7456917943,376221.6913092553,412583.8803899203
2027-05-13,Income,280594.9651293598,326814.8896002299,351893.71061760804,376689.37013615645,413042.17159153405
2027-05-14,Income,280346.27879887196,327000.48179558234,351919.7458497317,377075.19034090475,414012.43595195963
2027-05-17,Income,280704.63788622455,326783.2592078299,352129.6953580965,377463.7656101884,414813.1030565128
2027-05-18,Income,280828.8422251076,327094.14582028025,352401.09584605304,377808.7675374843,414866.8885056274
2027-05-19,Income,280667.73789437633,326739.2469207386,352746.7995879123,378046.1097657564,415980.2067958692
2027-05-20,Income,280283.0569845622,327100.4158918267,353047.0904021264,378416.8763047398,415122.3804157889
2027-05-21,Income,279960.5186413801,326804.46440563694,353114.38790402934,378709.91545487626,416159.37974401575
2027-05-24,Income,280350.36601023603,327143.1043387771,353537.9801926947,379162.7808517641,416059.06157913257
2027-05-25,Income,280712.6603374338,327392.7903151371,353715.6040266735,379528.7955661981,416799.10249084316
2027-05-26,Income,280838.8406831897,327224.6716998747,354314.34340843593,380062.1069947209,417586.31462841225
2027-05-27,Income,280558.96802445775,327408.9786484011,354589.586902887,380653.67211061897,417797.26107142965
2027-05-28,Income,281135.81272959715,327605.78382981295,354726.54618728056,380705.76129799866,418227.597775188
2027-05-31,Income,280771.5681612601,328049.77386667085,355368.721039515,381186.9609197268,418827.50582618196
2027-06-01,Income,280922.0487575576,328480.09358631587,355639.84295389586,381437.58552293596,418565.99814555916
2027-06-02,Income,281342.4339311523,328300.51840003347,355581.108031605,381614.8842718112,419835.3036508532
2027-06-03,Income,281499.5823230612,328249.9022858603,356077.990281602,381842.4280429052,420236.56203561445
2027-06-04,Income,280867.5006442912,328590.48235505517,356032.08220007503,382113.7727654431,420314.5165119645
2027-06-07,Income,281517.3281906502,328429.41015252186,356542.0740883479,382615.82420576515,420525.34368012246
2027-06-08,Income,281652.96958019945,328344.40414443496,356854.46024906775,383329.5693179385,421792.0843363529
2027-06-09,Income,281522.29834751226,328749.5661338114,356971.0346488707,383050.0153247272,422402.673065709
2027-06-10,Income,281740.24850690603,328834.85249499173,356833.0819552054,383321.6694609184,423364.63951190136
2027-06-11,Income,281664.74605161534,329279.73924766394,357009.15391358756,383979.26967675815,423079.84179843124
2027-06-14,Income,281708.830363552,329304.4393123011,357240.1057088765,384132.63723432506,424232.1735848744
2027-06-15,Income,280842.21875569574,329679.72781466885,357174.78340745636,384769.6172326988,424798.43765810004
2027-06-16,Income,281198.8986910698,329978.5661157295,357745.32340030174,384777.5010845623,425509.1594426706
2027-06-17,Income,281468.9550780605,329897.61340640375,358166.22472481907,385250.0725289368,425477.8072574494
2027-06-18,Income,281767.7548939606,329918.5528590462,358178.27189467615,385503.47939799423,425747.5198200589
2027-06-21,Income,281127.2585198834,330075.36247552285,358545.61335611076,385466.0570169191,426493.75782620074
2027-06-22,Income,280628.0044334038,330304.8643413789,358706.95865012635,385943.1238587249,426554.8859342874
2027-06-23,Income,281042.44869543717,330263.8254097918,358632.68478096055,386029.8544465713,427108.08872658224
2027-06-24,Income,281469.4084486486,330534.66230366554,359000.8839258041,386221.23005608225,427210.6479571557
2027-06-25,Income,282545.066997172,330570.7236742737,359313.7189363548,386685.87603805703,427504.41351071926
2027-06-28,Income,282094.59943555255,330607.6043570299,359612.7720313846,387372.1901885746,428339.5655917199
2027-06-29,Income,282404.28936201625,330788.0902417283,359936.33597787796,387701.8192815303,428301.1162744276
2027-06-30,Income,281202.57088073716,330941.9718399126,360283.6695150193,387580.70127896796,428888.1525750081
2027-07-01,Income,282349.2002567109,331365.4635480813,360470.6139596423,388123.5306478153,429842.5896215966
2027-07-02,Income,281886.8983210056,331610.3530840967,360450.1091662223,388417.91873615934,429745.6178982308
2027-07-05,Income,282379.65734859207,331678.2457276564,360809.5516047803,388849.65398606285,430217.9107887198
2027-07-06,Income,282813.5955550232,332359.62205145793,361078.0099558763,388803.6843420739,431097.62738401646
2027-07-07,Income,283059.5759737404,332596.2029782322,361322.9798796915,389149.2410476097,431881.5923900089
2027-07-08,Income,282721.61604833783,332216.61841923237,361651.0732715492,389312.1400496906,432603.36658528063
2027-07-09,Income,282991.03174382023,332517.55007902195,362110.5108104117,389449.44405162317,433215.9443153523
2027-07-12,Income,281928.8908944247,332596.92992219183,362368.9943212972,389753.3024410978,434196.6982492789
2027-07-13,Income,282218.54349430074,332626.4872476746,362404.14042604633,390119.4757690312,434933.6317111088
2027-07-14,Income,282324.22480416484,332840.2679334916,362781.2156230076,390407.25849724654,435099.8208117597
2027-07-15,Income,282048.0929067729,332573.2013526139,362974.56827186764,390763.7002384771,436429.77403229923
2027-07-16,Income,282067.59323887335,332962.25707613654,363185.4607827526,391186.2259342654,436202.18287432863
2027-07-19,Income,282319.29543540167,333095.68388360273,363446.8143053369,391131.8938707402,436485.3564028944
2027-07-20,Income,283112.9992261962,333243.32110088674,363952.84813252836,391323.78837469977,436986.4381330551
2027-07-21,Income,283458.2423295617,333224.17423994886,364272.8141537905,391818.6339638997,437630.05623171147
2027-07-22,Income,283575.6145038504,333237.76081203064,364478.3290656225,392188.9266126832,438141.9257814337
2027-07-23,Income,283366.1204942976,333488.3094227399,364582.8006720535,392800.3362239548,438048.33418093034
2027-07-26,Income,283508.7869127013,334280.69629411865,364542.07590248506,393060.69696568215,438336.3042244535
2027-07-27,Income,283319.8999875547,334245.5185906101,364889.6396636439,393446.94750410423,439243.8404965881
2027-07-28,Income,283518.6604269247,334395.8697616944,365093.4886685215,393841.46277674864,439879.7983572515
2027-07-29,Income,283733.6157174047,334324.53135850315,365152.44880724384,394161.2090326012,440820.9170265052
2027-07-30,Income,284018.66546717,334370.5164265969,365421.466274959,394649.1530879112,440852.13730355655
2027-08-02,Income,283870.1625188236,334686.8512554374,365537.77600316016,395313.8217615797,440672.5785057289
2027-08-03,Income,284076.4770426365,334788.25774119503,365738.6386155865,395573.44510725926,441724.5316209021
2027-08-04,Income,283629.96280262485,334778.43985198665,365666.014528673,395580.11803224287,442204.63569361396
2027-08-05,Income,283884.0506325394,335330.8864414216,366049.5674749361,395826.357887004,442832.9130494283
2027-08-06,Income,283939.1113501286,335466.55187771237,366398.8103190707,396262.9772924636,443272.19766473357
2027-08-09,Income,283770.0047911783,335708.778264088,367037.71369080234,396559.7430843815,443839.9396988762
2027-08-10,Income,283797.33200938004,335598.7271620486,366936.3250630186,396587.2318884716,444509.2160080619
2027-08-11,Income,283839.5745254752,335775.1379547373,367173.8043934587,397619.1431029801,444675.71640020795
2027-08-12,Income,283170.11655544885,335553.5424712824,367559.4684891929,397746.1057118866,445369.70061712345
2027-08-13,Income,282153.47383929143,336015.53749888414,367728.10443080234,398354.837852441,445673.96862820024
2027-08-16,Income,282316.0845260545,335812.512794009,367881.1603296435,398478.48623195325,445664.28690313513
2027-08-17,Income,283144.5409168124,335999.2642109243,368184.6906594709,398827.21019431157,445782.3147500842
2027-08-18,Income,282595.506481629,336374.0364285091,368645.1999337677,399104.67178116005,445966.0620487614
2027-08-19,Income,282085.6424576473,336314.16649025626,368589.9379311445,399544.9532146246,446750.0724705157
2027-08-20,Income,283686.10988262185,336389.9657183629,368855.7138048559,399701.689601272,447294.76716590364
2027-08-23,Income,283462.69551394833,336522.0125064204,369113.2389118225,400419.3458848251,447615.61924130726
2027-08-24,Income,283647.4131109107,336544.64658229647,369271.9986162189,400462.47207786713,448488.4388148374
2027-08-25,Income,284023.4513397131,336777.33297218475,369376.56472588575,401374.28326309414,448606.92049360194
2027-08-26,Income,283693.2354687705,337477.7389523311,369485.4373776495,401950.2843597545,449120.789341807
2027-08-27,Income,283740.0136918989,337562.6397661317,369700.4150261628,401830.03986392776,449642.42461866117
2027-08-30,Income,283423.458660212,337693.0999154219,369744.050974353,402235.18012590683,449452.0089238587
2027-08-31,Income,283659.9928089491,337836.4757051778,370064.3604361885,402297.0752515071,449709.63471713325
2027-09-01,Income,283707.7881542394,338212.555256878,370464.4034490875,402783.85888641095,450166.4965559303
2027-09-02,Income,284040.0626717226,338397.2475270119,370367.79190672375,402853.7880351639,450904.35263585433
2027-09-03,Income,284286.5043469779,338019.7786164836,370525.69868874864,403504.385473424,451867.4935217425
2027-09-06,Income,284474.893521684,338391.9024986968,370789.5240412415,403510.03022358724,451997.85777734395
2027-09-07,Income,283898.1963377391,338292.6967213515,370928.8324046002,404287.6114281395,452363.0187515587
2027-09-08,Income,283957.82571675983,338522.9126553177,371125.6328085674,404501.4743888232,453043.57868347375
2027-09-09,Income,284353.53400265344,338802.8056071561,371763.6360188642,404742.9590245079,453762.18871846487
2027-09-10,Income,285036.43966009654,338510.877453003,371998.987764452,405177.97961375635,454384.15792902367
2027-09-13,Income,284358.64468836744,338887.2000184577,372123.81609743333,405536.3927110466,455209.603308016
2027-09-14,Income,284253.3600571966,338911.03081179067,372268.52058461896,405815.01770314446,454492.7124645379
2027-09-15,Income,284652.68489195145,338629.5866619999,372810.58557550755,406587.83994487184,455900.06045543554
2027-09-16,Income,283752.1803232415,338994.92667205853,372910.93418622704,406752.7042183606,456093.918491809
2027-09-17,Income,283937.9448007554,339103.397333694,373053.37388980563,406836.89583227504,456278.0836185358
2027-09-20,Income,282942.49929505057,339658.49092046637,373062.4889295973,407090.8100956562,457005.62789665564
2027-09-21,Income,283218.5464534717,339550.76600055303,373669.49351810024,407227.1399369904,457852.4142989952
2027-09-22,Income,283809.08839254273,339999.35115042946,374186.32602509065,407575.98533392255,458147.85331188544
2027-09-23,Income,283805.9637197146,339969.33948965126,374291.51369159354,407708.75271604233,458289.2187944941
2027-09-24,Income,284216.1117685771,339602.3764400022,374090.54745584715,408272.05799829087,457870.4972055004
2027-09-27,Income,284213.62088151986,340381.04002838687,374426.11800780444,408662.4481862901,459305.834807405
2027-09-28,Income,284322.1111800276,340609.8466024991,374674.24589075637,408978.85519747727,460398.6058922116
2027-09-29,Income,283347.17733520764,340727.03230975353,374881.16705921595,408825.5636175171,461133.6116239861
2027-09-30,Income,283783.6537605237,341025.85952395963,375106.5083082918,409165.47139590763,460545.4002449399
2027-10-01,Income,284075.65659185284,341374.5449583239,375360.8844911001,409420.1849689808,461684.6936998378
2027-10-04,Income,283443.9482031971,341484.59528192476,376017.73203484714,409742.81234125746,461734.9443209103
2027-10-05,Income,283944.0408295356,341439.5662951,375855.80227206775,410078.6865758301,462401.4369040497
2027-10-06,Income,283229.45462240727,341539.8342966982,375731.1151777485,410327.79972263996,463040.35706052516
2027-10-07,Income,283961.6753155006,342002.8495850424,375729.95919652306,410494.20401783613,463420.86056126957
2027-10-08,Income,283955.5881024476,342023.2377255178,376236.22044071875,410720.0531970534,463864.8931901251
2027-10-11,Income,282865.0561389666,342453.2720962913,376816.1321341231,410918.41227783635,464038.5968326822
2027-10-12,Income,284037.84487992205,342298.45692228834,376936.9148853896,410864.96480239107,464819.6137709882
2027-10-13,Income,284238.5880509785,342719.87164434075,377294.25771132257,411342.6641181682,465634.5595949342
2027-10-14,Income,283799.0518590688,342892.4466345301,377471.55119605165,411829.6051927196,465419.37280008674
2027-10-15,Income,283254.3034118088,342838.03849430825,378018.6764645995,412385.0764055694,466218.99050648336
2027-10-18,Income,283224.55228313716,342884.89301948505,378703.8210205239,412904.240236616,466530.8659538326
2027-10-19,Income,284089.1513986617,343112.20416503143,378805.39334861434,413421.0601838374,466301.14700259507
2027-10-20,Income,284698.08017543884,343138.4547676083,378880.9024170572,413684.6057061864,467377.60047074733
2027-10-21,Income,283290.78261122835,343697.6880848506,379113.8609172673,413504.84302786854,468424.32103056106
2027-10-22,Income,283240.3766737303,343453.8504382741,379482.7435438802,413419.78562169615,467083.1541892342
2027-10-25,Income,283545.15227682627,343652.7642408554,379475.70839838753,413619.19243564835,467289.6570128152
2027-10-26,Income,283356.7998137887,343691.3478104296,379944.0233019295,414389.4926607193,467559.373844109
2027-10-27,Income,283084.1454629112,343574.891795889,380174.18857488467,414664.7003460181,468069.2347946624
2027-10-28,Income,283525.70580695814,343801.8560383521,380410.884885257,414797.6569413535,468592.7218454652
2027-10-29,Income,283789.1415394806,343722.298860557,380633.03712576104,415481.19432525575,469375.9852911095
2027-11-01,Income,282893.9152673708,343989.0631226445,380624.2585145292,415580.5612399787,470014.9787537132
2027-11-02,Income,283026.59604285593,343877.6063956364,381203.40497141716,416008.95270352525,470868.0027907916
2027-11-03,Income,282383.46904754353,343646.23137301527,380866.4282489981,415949.83726793155,471334.3450216902
2027-11-04,Income,282925.9157138698,344091.0494025897,381218.453359462,416038.4575486153,470825.810106035
2027-11-05,Income,282622.4014507071,344446.0041456588,381420.8220743154,415964.8244266179,471933.8263618514
2027-11-08,Income,282586.2960127436,344892.44680973975,381534.3898908275,416481.0082200426,472338.5120145162
2027-11-09,Income,283191.2515113817,345142.0380405897,381652.0827993525,416932.2029027942,472605.91631759587
2027-11-10,Income,282150.6063365427,345499.21497943054,381686.10211520805,417547.00081899186,472208.21694765793
2027-11-11,Income,283174.7788048353,345614.7768611209,382161.44191224786,417781.6211763304,472525.99700946733
2027-11-12,Income,283067.9327791582,345649.8972965478,382231.617558899,418099.3792345278,473306.30426975485
2027-11-15,Income,283502.46007716894,345634.56825792184,382480.93835540477,418048.68839285,474601.39738893334
2027-11-16,Income,282835.6080429708,345687.208765113,382981.7306768965,418442.2000367018,474768.0481202159
2027-11-17,Income,283972.58658238256,345856.9826752582,383025.67240737303,418897.317994015,475267.7136212436
2027-11-18,Income,283906.02819539653,346334.3764207145,383146.6370300272,419222.5802880471,475659.9504307523
2027-11-19,Income,284425.5486356997,346216.8647693732,383225.33060245356,419226.63800465653,475572.6412043862
2027-11-22,Income,284283.75837194,346367.3676964681,383853.44332490297,419856.1963498035,476023.9335553475
2027-11-23,Income,284841.86380150274,346328.7918240235,384098.9067489533,420650.4691320193,476878.65216942836
2027-11-24,Income,284346.6806236199,346795.82707572443,384178.20025495195,420772.1686911779,476416.10697550786
2027-11-25,Income,284372.93063590524,347019.89924311114,384109.1739941023,420938.9871821748,477939.05416104983
2027-11-26,Income,284374.9796504064,347479.92623661144,384749.919768163,421883.1433589778,477578.4239697979
2027-11-29,Income,284814.96819028986,347363.2790730762,384895.9598604204,421989.7867536106,478399.3144880187
2027-11-30,Income,285326.4199186269,347997.91107472836,385190.2483111107,421679.1059537593,478285.81944311084
2027-12-01,Income,285603.2908107446,347682.37597520393,385361.60531498666,422495.83017135377,479816.89929715643
2027-12-02,Income,285846.71056930476,347832.3452802477,385416.47133409197,422510.50507888885,480554.4375015634
2027-12-03,Income,284999.40992035,348100.8817164727,385723.4360562832,422538.89593865955,479849.4214005332
2027-12-06,Income,284924.13917440333,348294.8147680609,385960.819857534,423119.92657982145,480909.61434747966
2027-12-07,Income,284939.45165199327,348879.8914356812,386339.3538094636,423465.0076457045,480799.5554992753
2027-12-08,Income,285470.4559906463,348941.5156407417,386335.22354462143,424191.5251825078,481344.57625566266
2027-12-09,Income,285295.6094630806,348957.38723149005,386786.68255224644,424481.21311502554,481701.768949716
2027-12-10,Income,285394.55963744863,349401.6834550511,387100.72776452696,425099.8936179649,481852.54725075595
2027-12-13,Income,286235.1300876202,349252.581010318,387439.1442329592,424946.89976523974,481653.85785320506
2027-12-14,Income,286127.5448137976,349413.9387903256,387421.5022377238,425439.31260022696,482505.89088646986
2027-12-15,Income,286190.91434120934,349446.50049067836,387771.2821353796,425129.1373868736,482942.8719579575
2027-12-16,Income,285864.3724213518,349721.90576988435,388301.43025205715,425247.90260976285,482720.16860752815
2027-12-17,Income,285848.9246427902,350202.8838359408,388595.0949910715,425789.2731512883,484031.9762666643
2027-12-20,Income,286297.85905070003,350215.28702449345,388662.55167612777,426356.74334103597,484326.74947411043
2027-12-21,Income,286523.0914081014,350234.83418745117,389038.69362558925,427072.431017677,485444.020886887
2027-12-22,Income,286635.71694747696,350363.6709394101,389250.3899849602,426896.86055023805,485276.3929049652
2027-12-23,Income,287129.8116573152,350396.73485995654,389343.4190342369,427390.262264919,486290.7231403434
2027-12-24,Income,287592.00652756344,350623.2266601238,389895.331711815,427213.7943993425,486373.4405005743
2027-12-27,Income,287166.53364592534,350758.1253871444,390173.3777590154,427427.028406315,486788.2726666538
2027-12-28,Income,287134.09254842333,350886.7770789537,390240.9434315857,427751.7828706261,487942.8255344418
2027-12-29,Income,287956.6530609735,351068.1645275939,390381.67454854277,428560.11903934303,487678.9176199853
2027-12-30,Income,287296.95890304947,351155.3989991832,390578.7466877332,428722.8909343386,488092.340546047
2027-12-31,Income,287654.2514837807,351363.2033062563,391077.405383222,429193.59044920304,487888.16991607635
2028-01-03,Income,287521.4771136832,351753.2329788575,391266.30466783955,429924.9127161325,489082.74588269624
2028-01-04,Income,287647.99852856813,351796.3957486366,391568.65088390047,429695.21490188857,489172.7526914864
2028-01-05,Income,286414.53506785515,352462.20947959914,391485.2642651755,429916.559507888,489813.7912424069
2028-01-06,Income,286564.8119565395,352658.736831855,391769.54196991364,430595.00121771253,490104.4425656264
2028-01-07,Income,286683.7323128417,352665.7889551952,391839.558429939,430939.4925853323,490554.9519484412
2028-01-10,Income,287191.05421107187,352831.4162886987,392082.4468741857,431140.34825483063,490834.1615974969
2028-01-11,Income,287564.9559725166,352904.09463290544,392717.3279009892,431353.99556372943,491638.9961971975
2028-01-12,Income,287865.8779705455,352865.1457124541,392444.0251501346,431466.5654295298,492508.0217537991
2028-01-13,Income,288361.2096017482,353099.6699523453,392943.9057009106,432068.59471780126,493113.36527062044
2028-01-14,Income,288000.7695306835,353269.12405063666,392709.28919888334,432656.1356824751,493520.1750428112
2028-01-17,Income,288530.5032770466,352865.3603462194,393120.0832349998,433358.09033021063,493857.7932560378
2028-01-18,Income,287542.1379379661,353147.00720496767,393327.53656530194,433337.64456166676,494710.21861150087
2028-01-19,Income,287227.8430771472,353486.7362400135,393455.56058133766,433974.39615761605,495717.6899927047
2028-01-20,Income,287666.5672790641,353768.14617970726,393720.5537765547,434305.7653182638,495754.0451052744
2028-01-21,Income,287971.9941544287,353784.4263808015,394084.73783658474,434928.8940761941,495633.9291392589
2028-01-24,Income,287295.8334682096,353858.681986616,394614.10722781863,435471.63559064927,495887.3363412462
2028-01-25,Income,288348.5572309587,354001.44426789664,394833.8485302646,435483.9106324338,496244.1312094774
2028-01-26,Income,288257.2228084308,354304.37992033374,395098.5450284617,435777.34354503243,497552.86671732395
2028-01-27,Income,288403.3679751079,354534.3048105402,395235.3462287154,436624.06588709913,497697.18588084035
2028-01-28,Income,288712.7571781633,354892.24224817223,395734.8007883034,437060.07102775876,498387.29571697605
2028-01-31,Income,288833.204731781,355153.18004064076,395828.1411771936,437067.8369382482,498345.9450823505
2028-02-01,Income,288357.0021954178,355083.21066920756,396018.6959173089,437505.1688228175,499032.661155385
2028-02-02,Income,288270.5023280281,355079.14292740845,395843.3825562769,437843.8397676588,499226.40325139964
2028-02-03,Income,288183.71301842114,355616.7452398784,396068.46980121825,437854.7474564501,499914.55475081824
2028-02-04,Income,288924.7858881875,355724.52992328163,396246.8303825259,438363.5343536773,499993.8373483113
2028-02-07,Income,288205.1296143659,356271.1915201099,396777.80056311004,438660.94082600984,500233.9919859549
2028-02-08,Income,288328.8148901029,356053.459014105,397389.84869200387,438880.5843427414,501741.13765750953
2028-02-09,Income,287584.80734506587,356240.52376250795,397749.6813594729,439104.6643791791,502157.75742738246
2028-02-10,Income,288106.615069533,356471.9908315989,397970.23878718476,439739.01098318934,502828.05805594183
2028-02-11,Income,288500.1207509455,356613.2285548516,398105.8355403456,440248.1171182969,502173.12699220877
2028-02-14,Income,288910.54744389286,356396.9168785847,398686.27675193583,440724.6900877458,503211.6780915385
2028-02-15,Income,288507.791332712,356505.316880969,399075.2339788383,440982.88230207615,503720.6406966108
2028-02-16,Income,288586.9931011228,357072.39502533595,398811.15086993517,441450.1823958311,503386.0832820087
2028-02-17,Income,288955.42011512123,356847.43862611696,399464.0387912528,441343.08162905043,504287.81834893196
2028-02-18,Income,289608.6493225948,357469.3151644249,399710.42345794436,441536.25299391977,506246.63528633554
2028-02-21,Income,289496.31878686557,357291.3147019737,400044.7304753788,442717.8364742388,505716.2054244577
2028-02-22,Income,289331.0736921037,357427.61354355153,400347.61549884186,442953.28879909706,506560.1751761878
2028-02-23,Income,288953.38827775104,357559.8602238094,400537.4183723859,442871.4035537319,504932.66100627993
2028-02-24,Income,288986.7566284309,357378.07223644195,400197.7750890512,442918.80276730447,506193.34091126756
2028-02-25,Income,289377.9790803655,357607.1172936798,400834.1691294132,443346.1603211665,506044.4476251279
2028-02-28,Income,289061.49086366914,358084.64846651605,401176.62618978956,443753.3572883745,507007.80062494805
2028-02-29,Income,288839.52884330566,358095.7942564415,401433.9166975866,444461.82406737836,507615.0018286518
2028-03-01,Income,289602.99298304715,358493.4878953018,401601.4219082382,444993.96967213415,508624.220860447
2028-03-02,Income,289528.6251186935,358343.10387694,402282.6835995726,444868.86305379844,508963.8841975501
2028-03-03,Income,289874.3209066915,358302.33134944737,402567.8324446038,445761.2401831149,509214.1636630133
2028-03-06,Income,290298.8113153683,358324.9808725435,402319.1987678655,445802.7043848673,509536.6684389506
2028-03-07,Income,291324.5279533416,359137.63034519553,402834.7632042973,446287.14027677686,511224.8376054909
2028-03-08,Income,289857.935264599,358692.18194752187,402403.6022682887,447334.700493027,511320.23339335347
2028-03-09,Income,290364.8605964165,359150.46399094246,402786.4795882519,447359.0371117383,512097.6965788896
2028-03-10,Income,291109.8048942139,359324.857136016,403345.22277301626,447418.3821519487,512279.37427268986
2028-03-13,Income,291622.21956529346,359468.43689966726,403414.6119163566,447622.09325143136,512932.66447984293
2028-03-14,Income,291235.92754203186,359430.8278466891,403538.05419604754,447908.6066730461,514482.40692053025
2028-03-15,Income,290346.3273237371,359823.2708814597,404276.97400008014,448177.6371306578,514876.5236733683
2028-03-16,Income,291110.46819648513,360315.9636910924,404481.8441430497,448267.6484304746,514894.68955186266
2028-03-17,Income,291199.6242052133,359910.7745488315,404492.0738996756,448592.7078008534,514794.1114105602
2028-03-20,Income,291117.1245369392,360398.140253023,404971.42069409916,448598.888261902,515591.835658366
2028-03-21,Income,291183.85775072756,360567.86138402147,405293.35372105497,448829.57538233144,516223.59926850715
2028-03-22,Income,290955.57473422005,360616.3843717914,405253.37714509375,449154.8134612073,516115.2365437748
2028-03-23,Income,291215.15928175056,360801.1878469739,405651.0086883775,448840.76815533923,516277.0250662468
2028-03-24,Income,290783.95236734627,360482.8752012197,405736.2530920204,449720.12218394317,516868.03655872366
2028-03-27,Income,291306.4255597573,360175.4335753347,406032.0479245783,450355.0257707492,517749.3954764307
2028-03-28,Income,290909.61631993484,360404.0997374882,406506.1103131677,450496.88022385025,517902.8690353019
2028-03-29,Income,290701.29748888285,360748.9018203687,406496.22425281955,450660.1040366571,517646.3033914414
2028-03-30,Income,290966.582564301,360585.0756525032,406499.3963986819,451007.97279382276,518474.30351640267
2028-03-31,Income,290820.0581667414,360812.3235225001,406817.56416907103,451229.79663648654,518055.6193662513
2028-04-03,Income,290662.72899567045,360894.8745130927,406801.7224441959,451073.90717623534,518891.5850203137
2028-04-04,Income,291684.4955965277,361477.62291928206,407042.7249972002,451343.81707589136,520325.5180877271
2028-04-05,Income,291676.6055262982,361140.25329465646,407195.0104173397,451485.7058875575,520258.47546284983
2028-04-06,Income,291412.5813348452,361542.6824397037,407549.3969163995,452031.1312938025,520515.2621513677
2028-04-07,Income,292011.46449479804,362149.3502517679,407953.12714528304,452581.4252941471,520722.87650061486
2028-04-10,Income,291422.827353901,362052.54103161755,408398.2288372737,453096.3022808179,520949.43613009795
2028-04-11,Income,292139.21873942134,362045.6926327612,408736.0282316508,452843.894341727,521970.3755006197
2028-04-12,Income,292209.9840319486,362214.18117507524,408538.0335096576,453905.42189758725,523885.6731541932
2028-04-13,Income,292773.028305126,362494.6390852496,408452.1208693128,453664.97053005296,524450.738509226
2028-04-14,Income,291509.710273576,363038.1338063393,408362.90729573823,454395.3808337911,525136.7041407255
2028-04-17,Income,292669.6777320176,362968.4892317256,409083.0231207436,454523.38028198614,526515.8190411393
2028-04-18,Income,292134.8827004812,362946.8162766335,409558.9971756771,454930.5973331543,527639.3298088742
2028-04-19,Income,291636.130760591,363483.5172926734,409774.2099335737,455668.30219104217,526667.2073972225
2028-04-20,Income,291778.67327819107,363482.1382664396,409850.205175285,455920.40747346147,527040.868868789
2028-04-21,Income,292110.7045076123,363143.0299680949,410184.3031023424,456066.6867848276,527101.8919653532
2028-04-24,Income,291193.83892135846,363346.16027082544,410494.93378519465,457003.5498266483,528211.7086939263
2028-04-25,Income,291828.60814090515,363308.1653610962,410441.1957148176,456944.9140457377,528136.5359958827
2028-04-26,Income,291735.8649775147,363722.2211688396,411296.46536847576,457706.35222359106,529823.6311118158
2028-04-27,Income,291690.8531107189,364122.14246769785,411567.4849044928,457526.011076562,529860.4919197415
2028-04-28,Income,291890.21254513087,364881.10034128494,411620.7299233539,458196.7231136546,529894.7034837465
2028-05-01,Income,291551.4291949622,365114.348956291,412136.0638155873,458456.56742125493,531032.7302103372
2028-05-02,Income,290420.46180327743,364548.37753983284,412268.1994594865,459339.32018816314,531485.7219938478
2028-05-03,Income,291357.624787022,365125.32236569654,412212.07044145657,459798.9561759261,532524.612675354
2028-05-04,Income,291531.68347912194,364953.1419398255,412765.04340923554,459809.20480599126,532304.0006894381
2028-05-05,Income,291267.0483150677,364935.063375139,412737.42803780106,459727.4763644444,532032.57673275
2028-05-08,Income,291940.35280899476,365382.4740759886,413239.16760048753,459870.4617541715,531945.5494192496
2028-05-09,Income,291067.4728333611,365511.36784395523,413375.04695701564,460367.31106050336,533296.6834255226
2028-05-10,Income,291480.9154517304,365511.49189915706,413872.0926861075,461492.3503744999,532556.2446020904
2028-05-11,Income,291590.08580091514,365817.32034991495,414255.44390236435,461640.0269281416,533504.5097828561
2028-05-12,Income,292149.8885663863,365410.50868669245,414088.7989700764,461925.8014693943,534669.7004535452
2028-05-15,Income,292538.52721351164,365618.2803990526,414616.58252475725,462916.9131271654,534398.225007856
2028-05-16,Income,292531.4222478927,366019.009210181,415155.93276351667,462836.77613679064,535571.9474512053
2028-05-17,Income,292459.8867687386,365883.9786487324,415475.3748482309,462996.234190973,535630.4721384306
2028-05-18,Income,292920.6654760333,365744.0756324068,415389.52057694964,463290.52125152526,536231.0320656688
2028-05-19,Income,293670.37427375256,365805.71162672015,415993.2188861873,464010.63232677354,537366.7400148984
2028-05-22,Income,292866.1592870679,366108.49508626584,416352.3249531853,464214.1333674186,537528.6960718277
2028-05-23,Income,293073.3607610303,366491.5693324643,416592.1621481826,464688.92813978705,537639.7499053389
2028-05-24,Income,292729.99926895095,366439.86033134355,416754.9306483328,464721.7104027359,538220.7683063927
2028-05-25,Income,293187.26607282576,366583.6107220291,416846.58675660763,465391.5475493375,538989.8889237357
2028-05-26,Income,292949.61337754945,366960.19279366196,417604.1992827514,466038.7881164236,538276.2448699395
2028-05-29,Income,293310.0087743298,366739.59030022216,418290.770441149,466165.03985435143,539745.5240251548
2028-05-30,Income,292621.7593680134,366654.91771844984,418071.4569655258,466526.2198739232,540379.9282949797
2028-05-31,Income,293801.678676628,367533.81993407034,418272.9628970598,466722.66874861915,541015.5000486902
2028-06-01,Income,293252.93317569257,367711.3553420147,418385.9402555169,467437.91135599324,541830.9380357042
2028-06-02,Income,293277.9767968131,367901.911586139,418868.2251528711,468160.24397305027,541874.2988207503
2028-06-05,Income,293916.5589309684,368354.59810226987,419279.63711738016,467984.4113086959,542227.4976701271
2028-06-06,Income,293584.51557050535,368036.0887473669,419263.46228981216,468291.96403653827,543461.3257009048
2028-06-07,Income,293649.5902837785,368268.8015981589,419709.6526415923,469524.7374036937,543274.1937321464
2028-06-08,Income,294417.15032498736,368199.51323984156,420008.02172387624,469738.33042375173,543243.8155812226
2028-06-09,Income,294170.1205975178,368906.6241526716,419965.7582413113,469905.19892600586,544489.0335070688
2028-06-12,Income,294610.9037042283,369130.2211174346,420458.507079342,470151.3149170466,544740.524725754
2028-06-13,Income,294688.13109457976,369284.86906102096,420593.2408928104,470192.95557672804,545006.4871589451
2028-06-14,Income,294907.9182535753,369393.0186135119,420881.2546384516,470213.1134883536,544968.2980232991
2028-06-15,Income,295185.88292827085,369767.61846284656,420851.478769836,470836.46735016286,545360.7003449304
2028-06-16,Income,295293.254747551,369683.8055402936,421208.8271807964,470968.68464331323,547323.5890097196
2028-06-19,Income,295239.9129734574,369593.91704040574,421362.4628845829,471267.2646755611,547143.7602403613
2028-06-20,Income,294711.0956786564,369357.3603200427,421512.93584554386,472052.8063640379,547644.328335292
2028-06-21,Income,294950.2027656038,368983.87322383065,421629.76723746705,472557.47126774106,548620.7120002622
2028-06-22,Income,295478.46336767194,369606.21226388344,422057.5646846977,472997.11671329656,548720.1366624591
2028-06-23,Income,295238.9781931999,369635.6566824211,422225.1258110893,473116.9586900591,548840.1079384962
2028-06-26,Income,294712.2867311809,369922.5220667108,422524.0635492172,473565.1070157079,549690.991193249
2028-06-27,Income,294234.14560713473,369854.9242812429,423211.0581580104,474530.9283184118,549552.8524464878
2028-06-28,Income,294767.9111727532,370293.80155933177,423709.9515693964,474650.49682539055,549851.9809685803
2028-06-29,Income,295955.8027815049,370740.7939354422,424131.87303197803,475018.6315869652,550195.20809752
2028-06-30,Income,295513.87311690726,370974.44351573027,424178.49095058325,474847.8810249766,550808.4118444443
2028-07-03,Income,296316.3699518821,371439.68684203736,424279.53924833995,475673.6758930451,552170.9392913769
2028-07-04,Income,296407.2876803219,371516.16901823576,424528.1896228994,476051.10208712006,552690.4143860048
2028-07-05,Income,296011.1771156779,371594.1342066388,424875.84981977363,475732.4176137602,552186.6773244928
2028-07-06,Income,296750.6347018421,371846.83602245105,425484.97398157965,476255.089269729,553015.3236508316
2028-07-07,Income,296520.1405340571,371725.0282554731,425443.00396730285,476996.04486976715,553486.1431954969
2028-07-10,Income,296244.70013218495,372193.4478061602,425620.91860096506,477034.1885063732,555143.5718794668
2028-07-11,Income,295455.4383530038,371931.3044973025,425769.0308800974,477634.447840844,555176.1326730521
2028-07-12,Income,295645.0607795558,372301.440742348,425857.37184825743,478252.9701006041,555153.6062330719
2028-07-13,Income,295422.77966936305,372389.5151638333,425945.07691064663,478349.39189332945,555401.9355512975
2028-07-14,Income,296057.4070558474,372917.30744486576,426326.3184638707,478414.7652788461,555226.0823163827
2028-07-17,Income,295894.95040984167,372666.8455421119,426387.91736067703,478716.870047844,556054.2422038037
2028-07-18,Income,296467.3991244845,372894.93713010714,426246.0489727237,478796.38982022885,556214.045730556
2028-07-19,Income,295922.1256180719,372811.0165970584,426770.7291150694,478892.131064971,557169.7928291232
2028-07-20,Income,297492.0170552219,372645.6624725451,426794.65162384877,479355.0520509991,559540.5956450456
2028-07-21,Income,296368.91295476764,373296.3226214993,427148.4662228873,479617.12805718504,558801.1089858068
2028-07-24,Income,296464.354698705,373831.827882481,427368.319116549,480072.75677777687,559125.8388926173
2028-07-25,Income,296149.7433805679,374179.36898015125,427589.09416525974,480801.5101369245,560043.06351203
2028-07-26,Income,296260.53591557307,373941.9947126981,427392.6210282858,480963.30606420746,562072.9126911367
2028-07-27,Income,296587.0885494339,374212.71560026996,428017.30467069335,481448.84397533536,561828.5857522737
2028-07-28,Income,296535.9054707412,374793.9015166151,428232.24593392917,482164.0672140303,561964.4995345449
2028-07-31,Income,296358.4959855216,374935.8198044118,428682.1072761507,482016.64168696717,563899.8744955905
2028-08-01,Income,296601.64964049606,374712.7167874124,428806.6191665089,482577.4479174873,563524.0046179232
2028-08-02,Income,296458.37031040655,374636.85260834405,428781.03254468367,483203.5789922591,563863.9373201008
2028-08-03,Income,296656.4497823244,375080.4085825452,428748.1830256446,483904.4531136415,564742.192547926
2028-08-04,Income,296990.9550607105,374923.0001682311,429097.5047599933,483869.5294545672,564167.5336892059
2028-08-07,Income,296717.91060070833,375945.6233523553,429227.9063504921,483881.5292507187,565427.6056482131
2028-08-08,Income,296901.46566451347,375566.7827683139,428938.53285434726,483363.29263980564,566264.8103850504
2028-08-09,Income,296588.3493305191,375932.192491012,429313.5822403992,484733.98824990564,565787.9466030279
2028-08-10,Income,297080.77744430944,376194.35655564157,429639.1818297275,484768.53304498567,567557.1767192694
2028-08-11,Income,296606.54913265415,376617.19218272105,429783.9458753688,484462.0764363301,568225.2090823053
2028-08-14,Income,296880.33816678263,376390.92539542634,430166.1013420607,484761.03817493125,567880.2717119857
2028-08-15,Income,297201.7648994876,376594.386693311,430422.8953620597,485534.4677695419,568667.8332538266
2028-08-16,Income,296496.74746440526,376650.5100665387,431066.5957120669,485602.20450777735,569664.5772370825
2028-08-17,Income,297038.15172360936,377408.6452788506,431442.1801633084,486292.99027282087,570677.8911006758
2028-08-18,Income,297509.71180498,377313.3532515978,431768.42837823235,486480.73706374766,569895.0335566988
2028-08-21,Income,297245.5687973129,378024.7701550692,432184.709019498,486268.66207692854,571164.6543313852
2028-08-22,Income,297533.4228320625,378160.38985385856,431940.3574418784,487318.455403972,570260.6421018344
2028-08-23,Income,298071.5180908199,378175.5596953587,432312.384837302,487700.99397332175,570317.838772221
2028-08-24,Income,297628.263263037,377774.6982845006,432444.8675704424,487801.5564881846,571822.2837181021
2028-08-25,Income,298403.97816104064,378443.755263615,432560.9362467496,487909.3846184428,571894.0675753531
2028-08-28,Income,298947.3657714929,378925.9656230312,432918.18895372894,487715.4086934489,573456.6049560469
2028-08-29,Income,298865.6081082313,378828.8747617941,432897.07200197206,488119.4486340615,575310.4443029567
2028-08-30,Income,298908.99810805096,379191.7621466015,433135.9575624435,488463.88797970436,575504.0545641338
2028-08-31,Income,298991.673224211,379235.09755516687,433707.50950558134,489185.83712248004,574094.4667022882
2028-09-01,Income,298672.23869632906,379317.40575893177,434263.25992619304,489644.3892212735,574717.2639414277
2028-09-04,Income,299280.014062895,379261.39144182246,434641.0206620768,489494.87368947355,575926.5995717266
2028-09-05,Income,298612.9280634909,379788.8196960755,434410.0521552563,489774.2007073007,577901.5552914216
2028-09-06,Income,299583.9750941304,380018.6944788479,434096.1428916316,489774.3635277748,578305.0061908226
2028-09-07,Income,299185.67998540174,381005.00693455077,434488.38285793446,489816.20286091417,578585.2403448778
2028-09-08,Income,299521.59211917367,380721.52033215144,435326.3894491823,489909.08329419064,578816.443187223
2028-09-11,Income,300474.77035254304,381016.9085537267,435274.3449724021,490398.688789555,580466.394645244
2028-09-12,Income,299953.8548564657,380615.7680663634,434838.2373989371,490559.75896722777,580737.910070816
2028-09-13,Income,300490.2149524153,380627.0267015039,435532.4241817838,491142.37852743233,581814.8573412071
2028-09-14,Income,300626.4256946081,380741.2589157829,435863.81030594476,492249.3190525046,580594.0434639177
2028-09-15,Income,300684.45552688965,380331.8074200839,435966.57393481315,492832.7445127116,581989.0069460858
2028-09-18,Income,301437.8448718154,380684.1653312773,436325.31200427463,492932.51602310064,581328.1486729115
2028-09-19,Income,301100.2841395805,380948.01913183613,436790.52255202644,493398.1786929534,582115.9727280703
2028-09-20,Income,300503.9653983502,381062.7276233558,437535.4230283216,493690.1347450275,582153.8957411426
2028-09-21,Income,301949.6175325923,381525.560535769,437484.2970057546,493964.1621950151,583157.3826722075
2028-09-22,Income,301218.6556439005,381176.9250073951,437953.55877970613,494423.26374103106,584168.4667331642
2028-09-25,Income,301741.2419483375,381258.4486445553,438268.6040244017,493959.0058118114,584700.3170730382
2028-09-26,Income,301954.38895010063,382088.5925226215,439068.72890338895,495085.36841555004,585297.5785291678
2028-09-27,Income,302049.7611540776,381926.5272317807,439257.04594909993,495073.0665769366,586487.664410416
2028-09-28,Income,302120.9552353521,381787.1867960829,439586.6395334449,495554.6566994386,586022.9742244754
2028-09-29,Income,301784.6872373787,382225.2110960238,439346.0922471583,495482.62424393784,586570.0571388884
2028-10-02,Income,301517.2738905911,383032.9848845538,439846.8482450078,496821.39474262,587564.2305681795
2028-10-03,Income,302148.70239630976,383236.0804807172,440326.2832110623,497487.18107539683,589556.0890120527
2028-10-04,Income,301850.05705090566,383942.6360767025,440347.1805295638,497364.29002217064,588325.4020207667
2028-10-05,Income,302203.2961257982,383797.94390993565,440700.47867202363,498032.1753335132,588708.7087633072
2028-10-06,Income,302273.6599414181,383341.28485620336,441195.0127922406,498593.80296340806,587842.2501742096
2028-10-09,Income,303047.63843719615,383409.6143381408,441973.97930167353,498922.70677548053,588408.7558083165
2028-10-10,Income,304075.9865801754,383451.94072109007,441459.90299661364,499106.3522598349,589410.4210612662
2028-10-11,Income,303810.11105113535,384119.06878960563,441984.10127436265,499270.7367102039,588838.3765907852
2028-10-12,Income,302809.65829995193,384179.3550684463,441811.41653247946,500140.35474864184,589903.9699978866
2028-10-13,Income,302938.6815299915,384736.228799731,442145.4535782025,501084.5254725577,589956.5554371558
2028-10-16,Income,303006.9573426082,385408.21713532734,442178.20304785564,501067.7831226784,591015.4874915163
2028-10-17,Income,302822.2627673433,385211.01328333444,442199.53401907824,501244.14810743096,591639.4460990106
2028-10-18,Income,302733.15647532087,385801.3327502274,442592.6843503123,501808.08990862465,592675.2205461315
2028-10-19,Income,303247.64329531696,385925.58991533006,442657.8728133161,501699.30898722017,594222.263239722
2028-10-20,Income,303210.2689065999,385900.19465092174,443162.7719708972,502098.08919381764,595947.9173176622
2028-10-23,Income,303249.22529411275,385784.3282099457,443638.3119450414,503071.80395387975,595202.3138977757
2028-10-24,Income,302372.74725146644,386426.5180582437,443654.8325750693,503615.79128968914,595891.7850045032
2028-10-25,Income,303662.4218564102,386596.6105613261,443822.2789756839,504065.95147540304,596017.4754329335
2028-10-26,Income,303401.8216154213,386239.6847340567,443658.59071736777,504270.1136336221,595722.9480166213
2028-10-27,Income,303209.5676852289,386150.37481954315,444178.4329232269,504575.31263082614,596115.1188894308
2028-10-30,Income,303601.51645037456,386681.7487104982,444197.0232591994,504721.07769857487,595941.2905061732
2028-10-31,Income,304135.1471037059,386790.9828990167,444997.87142292666,504641.87617863767,597017.0555007891
2028-11-01,Income,303865.83324414876,387021.3033509673,445739.14337065804,505417.69361361425,597043.2708952017
2028-11-02,Income,304783.6908895127,387180.0255240714,446386.8051988364,506245.2687986819,598418.8134232233
2028-11-03,Income,304850.45499652793,387055.7269324053,446373.21927945386,506502.7272504609,599092.7931360579
2028-11-06,Income,305243.5523466309,387321.610281423,446984.56412114436,506862.84005215706,599436.5228214517
2028-11-07,Income,304745.6439214333,387807.25343441707,447427.5130257857,507344.31423969386,600699.3203899098
2028-11-08,Income,303765.81180026534,388503.0905240945,447624.2817105036,508058.6124525503,599724.3446402497
2028-11-09,Income,304003.82610509294,388544.9743930412,447392.11226874555,507558.4322288436,600196.3170751944
2028-11-10,Income,304687.64792171563,388598.2412199817,447694.0112504986,508215.25666899176,600429.7389717202
2028-11-13,Income,305295.88850379793,388436.0899180072,447655.4938876084,508276.6540271161,602030.6216628576
2028-11-14,Income,306162.01813283254,388696.4327985785,447718.2647698157,508831.89327025885,601634.2518592136
2028-11-15,Income,305636.7988598082,388482.03000030376,448249.3580924352,509727.24633781845,602296.229180248
2028-11-16,Income,305636.88609193,388675.7267925451,448764.8961416399,509153.2765212232,602591.6809961235
2028-11-17,Income,305917.4153307215,388761.7870141443,448918.2728355739,509586.3065680995,603473.9908096881
2028-11-20,Income,306486.1885891961,388575.5478692325,448997.19815638487,510145.9709432535,603592.1474182713
2028-11-21,Income,306228.5729630116,388481.8311019602,449527.3390247262,509971.1065372237,604623.3830570476
2028-11-22,Income,306161.86264536117,388896.43773845467,449711.75945145276,510847.08495287783,605073.6589061492
2028-11-23,Income,306558.5879699294,388690.7737036317,449676.04972751625,511137.88287261385,605955.3793977539
2028-11-24,Income,307121.313397266,389409.4559605285,450128.0207154145,511679.5647332921,606157.086400652
2028-11-27,Income,306578.83690960635,389130.12604052265,450211.5073140258,511632.7351695886,607285.5935591756
2028-11-28,Income,307060.79853697197,389531.04453607654,451046.81286253454,511980.0568436318,607797.930412421
2028-11-29,Income,306777.52952166484,389607.86308781826,451088.0342045174,512100.23655958835,609161.6878624966
2028-11-30,Income,306569.34537634096,389731.2487694223,451642.06553675345,512920.9993098966,610345.0623188049
2028-12-01,Income,306973.4373155511,389945.9283625749,451753.43766879186,512859.580797944,609602.2916108
2028-12-04,Income,306217.279715101,389690.4260801163,452208.3385550521,513262.63355188107,610220.9966336341
2028-12-05,Income,306572.48706289375,390394.64235071954,452281.88999964483,513879.74671300844,611420.8731846436
2028-12-06,Income,307001.39271828474,390245.40678432875,452216.36921136157,514847.3099103363,611109.8608829377
2028-12-07,Income,306965.86023709294,390959.6946765551,453123.7383550931,514612.56862024823,611571.4118230991
2028-12-08,Income,306649.02815075044,390836.03590491705,453284.07472510566,515939.67818887427,611598.7698931778
2028-12-11,Income,306477.89824783825,391380.3417491551,453609.92076687864,515969.5647453357,612439.8227348736
2028-12-12,Income,306501.12529110303,391331.17359946144,454053.06653904065,515967.37898516655,613323.8900315329
2028-12-13,Income,306587.4823066483,391833.6156136362,454393.25713245623,516792.28870036814,614289.8897298584
2028-12-14,Income,306681.1897030243,392072.44037882553,455009.2051771774,517277.9500733608,614688.578589516
2028-12-15,Income,307575.12354078,392444.93760119774,454803.206003282,517776.7697584261,616179.584270992
2028-12-18,Income,308336.98810335115,392615.9181212763,455232.0416619984,518377.4972892013,615835.3989532151
2028-12-19,Income,308205.750443144,392649.9874139775,455136.4137698707,518740.67033544066,618122.245504701
2028-12-20,Income,307878.1728827037,393122.51779522904,455235.4916424636,519843.24665211304,619034.8295600042
2028-12-21,Income,307921.4243952241,393432.22173124924,455605.0254699405,519991.8214578292,620946.3026791585
2028-12-22,Income,306794.7946621214,393705.6990932425,456222.711431868,520322.3865414343,621099.7130952829
2028-12-25,Income,307132.37585028907,394186.88200167404,456190.70285304973,520761.0604130587,620814.0310095956
2028-12-26,Income,308165.97077844694,394448.53739573655,456111.883769938,521118.09412685595,623003.2624527272
2028-12-27,Income,306891.27892789105,395083.38485001714,456801.974024501,521424.02438834775,622527.8069103624
2028-12-28,Income,307315.61612890655,395151.491263859,457107.64683696884,522099.120709313,623253.0154334018
2028-12-29,Income,307114.942751527,394674.8816266899,457091.38804846455,522605.0921797239,623284.7208731442
2029-01-01,Income,307351.9337587492,395489.645300095,457325.3689151493,522491.66255819227,622549.1918974428
2029-01-02,Income,307780.12330079667,395077.8500218332,458024.2993795249,522820.19697441364,624899.1018796422
2029-01-03,Income,308977.4451050713,394753.5157460454,457645.64579420956,523562.2057412668,624849.0081490356
2029-01-04,Income,308767.15712093684,395506.39052286523,457497.22861070116,523344.3573479784,624707.8313525236
2029-01-05,Income,308953.91815115913,396278.99832646054,457749.6686830639,523095.36749099276,624097.0555934516
2029-01-08,Income,308228.3049089304,396819.1584397226,458415.4321039405,523352.17474982527,625806.7996654094
2029-01-09,Income,308150.797735381,396643.8122657401,458530.735591968,523729.82709787885,625548.7644802348
2029-01-10,Income,308514.7203436606,396277.10544973356,458908.030943344,524232.52559117135,627356.9964105216
2029-01-11,Income,308749.08312061516,396130.74184599076,458899.6467415942,525231.9688271551,628365.4984632267
2029-01-12,Income,308653.35794187285,397258.35006093385,459408.03906291525,525222.7332997192,629030.183845537
2029-01-15,Income,308888.8693750114,397205.758260336,459298.96229450323,525340.9025221132,630625.8441290793
2029-01-16,Income,309167.654684287,396938.4723172092,459503.23189052765,526260.3725699743,630848.1400096718
2029-01-17,Income,309125.3581182777,397532.9674502268,460124.9963640708,527171.6791895791,630780.9286218773
2029-01-18,Income,309718.87797314447,397921.86659676925,460015.7626192836,526607.9769000866,632269.4024595692
2029-01-19,Income,308706.19987792487,398214.2649217377,460486.4299579013,527355.8571634749,632935.3921306715
2029-01-22,Income,309287.45518601977,398236.8936267001,460493.6523669242,527117.1905922542,632406.8753135958
2029-01-23,Income,309188.24913226196,398156.99782580714,460897.1950069125,526921.5667239375,633913.7989644872
2029-01-24,Income,309895.1508808315,399006.12414240296,461411.9304309363,527398.474466648,634034.9297883696
2029-01-25,Income,308978.8309027523,399293.5176276539,462070.10362002323,528433.763811415,634378.926610996
2029-01-26,Income,309324.3776208394,399234.5075666926,462247.91041348956,528875.6563821378,635071.0588423423
2029-01-29,Income,309171.2870155848,399100.17532243003,462640.99829205486,528601.2665515558,636317.9329610906
2029-01-30,Income,309880.8106110631,399237.48737542087,463174.02898921655,530184.2071897598,636595.0056919341
2029-01-31,Income,309991.8452898099,399046.704223081,462730.4717321906,529432.4123264627,636630.5926257651
2029-02-01,Income,310148.2147735177,399225.2354248907,463659.82707515766,530068.482189388,638133.7689677943
2029-02-02,Income,310424.0307721107,399385.13633298746,464132.2057438651,529955.7018969196,637505.2657652452
2029-02-05,Income,310475.82990346896,399265.8509805806,464473.7936228869,531332.6420962255,638109.9735259729
2029-02-06,Income,311017.5830818352,400096.72172629274,464542.98348313454,532236.5322830915,637195.0285579293
2029-02-07,Income,311652.3129664694,400300.7080772433,464828.58897310216,532240.1525952845,636043.3605492451
2029-02-08,Income,311794.80566694593,400342.46394123056,464809.57519671775,532199.3223377513,637888.5775795198
2029-02-09,Income,311880.4306949239,401219.8814079015,465086.82472764765,532506.6384313619,638857.0534412613
2029-02-12,Income,311652.06699400593,401115.2254930459,464971.8189866608,532996.7001711891,639623.6979599067
2029-02-13,Income,312589.1832421917,401076.08559966064,465101.428334453,532653.2345888205,641885.5782693374
2029-02-14,Income,311732.8026370185,401603.88720947417,465523.6935919378,533712.9856519125,641802.1780840625
2029-02-15,Income,313267.88923857996,401228.15934056754,466292.67203756154,533948.5495117679,642446.2340447723
2029-02-16,Income,313635.5394676437,401065.61160947074,466934.3135757016,535098.540366106,643318.1138152499
2029-02-19,Income,312323.58702103124,400458.84274439386,467222.53148360166,535355.9740140996,643330.1289773842
2029-02-20,Income,311575.40345065977,401201.2700311797,467139.9601450026,536008.6043598345,643280.9423681367
2029-02-21,Income,312819.45033848274,401644.38818189566,467425.31489645166,535761.1763572302,643790.3070631329
2029-02-22,Income,312694.235050335,402023.153281764,468164.3762861984,536367.2976783427,643201.0940511473
2029-02-23,Income,312445.1620122468,402352.4156435671,467872.6311616199,536274.4563936513,644950.8506738188
2029-02-26,Income,312540.8756861299,401845.6011524942,468248.7979574174,537217.8053067343,646035.2993861701
2029-02-27,Income,311798.6195603888,402531.22624401184,469303.0148183051,537424.5808261919,646852.3204738196
2029-02-28,Income,312098.4024950781,402590.8295214401,469038.3876568601,537858.4616225048,646395.8591318871
2029-03-01,Income,311566.458516091,402332.99439527345,469575.09618400317,538181.7831591411,647208.1825563529
2029-03-02,Income,312380.89503432275,403344.2589091499,470040.7362327394,538323.8781419235,647752.4629878125
2029-03-05,Income,312554.17646255146,403718.0468695958,470507.68735751684,539427.8157091757,648213.4628777866
2029-03-06,Income,312397.02344360726,404088.5118673741,470430.903402938,539628.9430259708,648584.3273421535
2029-03-07,Income,313241.979398132,403370.8812339462,471196.17844204826,540479.1239061701,647939.0746545319
2029-03-08,Income,312449.67251115164,403410.8233910634,471300.0765033269,541215.0593246467,648233.348604783
2029-03-09,Income,313260.95712201507,403327.081874932,471857.6679154965,541076.7421042793,649011.0925332144
2029-03-12,Income,314404.9592467987,403266.1333726821,471877.1084043842,540883.9224116154,650332.1614649195
2029-03-13,Income,313794.92896217166,403510.5685696412,471894.6554508998,541066.8251991632,649639.090963055
2029-03-14,Income,314606.3569231224,403342.5795410962,472110.97557113215,541833.8630893797,652117.2358524255
2029-03-15,Income,313639.77378194174,403414.06997430796,472411.3117042181,541356.6797898542,652205.7360769372
2029-03-16,Income,314028.98669759504,403903.1192106074,472602.0270916086,542203.3987016904,652521.5697782844
2029-03-19,Income,313652.34716449754,404289.1452022896,473108.1687483362,542578.7024514426,652313.7186409116
2029-03-20,Income,314233.72187937296,405000.7420810885,473280.9435290636,543204.8352985801,652565.2616265565
2029-03-21,Income,314515.9977659937,405439.1793235227,473429.05490904825,543356.9039532603,653711.52579003
2029-03-22,Income,313544.3646202033,405790.33506432554,474667.32700423035,543229.826437121,655494.2955616419
2029-03-23,Income,314502.3718009555,405378.196975721,474339.1944928017,543714.4309405318,655558.9919898038
2029-03-26,Income,313552.3962042575,405568.4037236482,474052.526367147,544701.9515548301,656020.6589955139
2029-03-27,Income,314248.48620639235,405226.0391658407,474896.4050090028,545130.7815213664,656060.7315772527
2029-03-28,Income,314828.33679704845,405424.3004935488,474730.3842205537,545562.1948698957,656747.0508095786
2029-03-29,Income,315131.5044361061,405767.1768099295,475991.3032804647,545314.1337745212,656890.17499816
2029-03-30,Income,315434.0314517996,405580.74014088965,476088.11147145974,545760.3136788122,658838.7133177981
2029-04-02,Income,313703.49780924217,405438.83186692226,476384.4919094144,546169.4453293202,657479.1663688347
2029-04-03,Income,315237.6814363855,405219.5513202374,476613.8484895045,546391.2178943615,659628.9095584512
2029-04-04,Income,314301.2285216384,405289.0160652228,476968.52540594677,547018.7300188596,660510.9145114989
2029-04-05,Income,315198.4714254707,405558.01041164016,476677.81472512975,546763.1807820094,661226.0921932069
2029-04-06,Income,314679.97956068406,405640.8872744742,477321.99187990016,547306.5606562488,660042.6612199344
2029-04-09,Income,315741.86767464626,406080.23245275684,477711.2141296023,547589.8639503366,660860.1589911496
2029-04-10,Income,315343.0070385592,405844.85450584634,477912.416770281,548083.7759168067,661679.266371258
2029-04-11,Income,315838.7731231797,406303.31210546044,477563.6076678543,548812.5163697726,661091.3205001906
2029-04-12,Income,316237.9022252933,406566.049931404,478487.623244197,548926.246664829,661390.1919373504
2029-04-13,Income,316485.7686920672,407058.63189025666,478207.5594193187,549726.2091880122,661654.5192303243
2029-04-16,Income,315781.60011719255,407022.1970042627,478982.6255757102,549788.0820623458,662278.6320158984
2029-04-17,Income,315742.5119001714,407767.1584636414,478760.73381481896,550274.7991180967,663427.2820168628
2029-04-18,Income,316650.54450996843,407553.63264983014,479526.5046659878,550647.7779694346,664613.6400064363
2029-04-19,Income,316907.47677742847,407492.3634766975,479983.85780170036,551023.6113983868,665386.82238724
2029-04-20,Income,317229.2359978454,407829.84329097514,480075.7781196806,551381.7265892355,665277.7593909516
2029-04-23,Income,317014.0228843789,407784.3112750427,480196.39001361676,552344.7415233204,666319.221541421
2029-04-24,Income,317782.2682136112,408237.80781964224,480986.145263573,553460.6239724373,666892.3970835664
2029-04-25,Income,318391.37775333074,408199.2374661757,480739.5393646525,553558.7029584775,666779.3201973483
2029-04-26,Income,319140.0342838887,408716.9274487792,480983.2458719276,553900.2576701462,667339.4165160143
2029-04-27,Income,318201.00160963595,408960.8028178272,480718.7680903361,554763.5546562464,667655.4439187624
2029-04-30,Income,319257.0074696823,409178.6740784234,481372.0075354485,554658.895714752,668092.9161605963
2029-05-01,Income,318627.7969844766,409324.53241453884,481903.5640395896,555603.0775923848,668986.9452749413
2029-05-02,Income,319220.6485859435,409078.8414813704,481718.284799453,555716.1518326679,669972.5378262536
2029-05-03,Income,319294.5154687752,409289.5965949532,482304.97358821623,555940.2628466499,670811.1486563743
2029-05-04,Income,319550.05945975066,409111.13128948206,482152.34950170375,556248.4018930008,671706.6836249027
2029-05-07,Income,318936.0312480866,410090.36286294763,482407.4757714822,557083.0855112605,671563.9629539638
2029-05-08,Income,318597.15955287445,410544.7528790753,482833.411008248,556626.8627818102,671509.2536072663
2029-05-09,Income,318107.77638280566,410767.4388221314,483216.22746894025,557107.5576204496,671750.1090324036
2029-05-10,Income,318356.1044620906,411090.70390948997,483488.71390842355,557780.1215365827,672540.3452860538
2029-05-11,Income,318443.56247011514,411031.52066955925,483819.29773459304,558114.3817299827,673144.3085139439
2029-05-14,Income,318663.45440916525,411539.08740643127,483954.2593986952,557579.4453808054,673493.9513840503
2029-05-15,Income,318830.67681605904,412587.6551674286,484394.786683458,558109.642264501,673274.4737004688
2029-05-16,Income,318504.83746155724,412852.096341515,484724.82517968176,558770.9347220585,672827.4921027004
2029-05-17,Income,319057.90469484346,412652.1904901743,485344.9476410266,558821.4238737467,674341.0826034244
2029-05-18,Income,318523.06250106654,413317.4838496626,485962.4025885305,559699.5325956966,675143.7751777085
2029-05-21,Income,318396.5794752265,412823.279519556,486370.2909710407,560594.2611667555,675618.9673907573
2029-05-22,Income,317943.350930868,413319.13389208633,486665.7558888064,561101.8813719191,675412.4587734815
2029-05-23,Income,318605.21326550416,413774.6409046306,487334.3546062135,561185.5916026148,675958.3953838128
2029-05-24,Income,319929.7736347801,414227.20626515,487495.37532976764,561841.8488740067,677638.3391820778
2029-05-25,Income,319086.70081053424,414176.6864013329,487072.16137768235,562509.4589490365,678573.705434906
2029-05-28,Income,319284.28819125675,414420.5722720943,487572.94052784075,563482.0022069997,680107.3825995285
2029-05-29,Income,319559.6078654054,413712.78696348524,488289.13825308083,563772.3446043635,680478.0009178787
2029-05-30,Income,320638.8682419829,414192.7625221304,487982.01834028406,564184.6938566213,681759.0691478199
2029-05-31,Income,320276.5406449651,414482.4409260897,488645.4030189219,565192.2078963132,681406.5199386214
2029-06-01,Income,320446.7960554126,413797.48573572456,488684.7217340655,564763.5949707453,682912.9746715145
2029-06-04,Income,319689.31771390024,414582.8426732846,489109.8087478146,565302.4792926403,683677.7888562048
2029-06-05,Income,319440.63281708217,415252.0257123216,489332.4885322729,566407.9503321538,684802.5662031838
2029-06-06,Income,320184.4842250852,414945.2754435693,490155.8708441702,566590.5272050524,687465.2435481339
2029-06-07,Income,319264.8169791223,415445.9210699445,490300.1299435181,566580.0912777955,687287.1698749681
2029-06-08,Income,318954.60244066594,415344.01000432187,490395.2917201201,567654.0558036366,687432.5522949016
2029-06-11,Income,319020.14712570416,415617.77914288297,491346.42320787197,567939.5994537281,687500.4777180232
2029-06-12,Income,319767.99048355705,416344.34852947935,491511.10429102054,568706.1291813958,689713.0120212353
2029-06-13,Income,320082.8282950477,416532.2728534369,492389.4852311269,568864.9749030094,690541.5835922001
2029-06-14,Income,319974.34134162846,416718.8800932228,492588.9864147683,569413.2501682064,691079.2623465987
2029-06-15,Income,320246.55111036083,416910.80384278955,491891.27496017737,569931.0815690059,691337.5581823986
2029-06-18,Income,321269.9622341847,417415.2875493765,492678.9764748004,569845.1591188866,693902.4596452862
2029-06-19,Income,320069.1405854569,416827.7561816318,493349.19174881966,570265.7658845304,693435.1565652664
2029-06-20,Income,320379.3609712861,417061.79690667766,494448.6190494076,570377.4367087597,693150.6033002734
2029-06-21,Income,320167.9161275993,418145.0367583138,494131.1601702216,570803.324115539,693375.537492361
2029-06-22,Income,320066.0642764925,417943.9441403647,494699.4713584726,571331.2670310646,693973.2765705783
2029-06-25,Income,319830.3863205194,418048.6869599946,494284.06843522156,571994.994607829,695067.6279962652
2029-06-26,Income,320278.2072673723,418410.19756834075,494747.7846026856,572809.6837779374,695405.8137640648
2029-06-27,Income,320113.37252943317,418583.5642511858,494662.85023707175,572223.9341122768,696435.2887387458
2029-06-28,Income,321759.3213947781,418948.6207967135,495135.8318812834,572614.3132403241,697057.6835941199
2029-06-29,Income,321313.7793590463,419318.3118756175,495136.47194424714,572605.5990150038,697074.9829504455
2029-07-02,Income,321343.5258158365,419700.023844876,495380.2552320799,573351.0845917378,697884.4839850711
2029-07-03,Income,320958.3602649585,420495.9610528075,495711.9544050659,573516.6748588292,697606.9744936605
2029-07-04,Income,321052.02015545045,419927.73180366645,495721.31987695536,573842.5206113122,698717.7150224854
2029-07-05,Income,321846.6867082757,420448.1986521869,496560.70956122415,574198.1662218738,699615.6765393063
2029-07-06,Income,321349.50259882386,420067.1738399722,496908.43597350514,573870.7971411572,701275.1975600634
2029-07-09,Income,320633.27288040984,420947.84674603195,497075.8525662937,574356.0871093352,701185.5097486849
2029-07-10,Income,321769.457511272,420714.5777667146,497511.3098960129,574944.6004701797,701123.6364026102
2029-07-11,Income,322759.24537735205,420968.0880710492,498512.8338110719,576106.7002484688,702046.2635386485
2029-07-12,Income,322308.12381320074,421563.47700406844,498307.4860756569,576063.4894201434,701203.3451154919
2029-07-13,Income,323097.82277870877,422044.9655200779,498839.1701991034,576139.9189475285,702475.9866997966
2029-07-16,Income,323260.9737160399,422026.764354077,498487.3665485628,576883.5537459492,704009.824721818
2029-07-17,Income,322944.29003521864,421803.5659029923,498760.4990492391,577553.827365664,703489.1555979797
2029-07-18,Income,322716.9752772117,421748.2374179213,498640.55875883944,577554.2934167306,705050.5313298473
2029-07-19,Income,323474.0926712321,422218.7293796156,498466.9546273175,578717.8098089423,705603.8456050606
2029-07-20,Income,323715.8900522452,422480.8763253389,499655.7145204603,578759.4947963601,705874.1626305952
2029-07-23,Income,323805.3345778535,423134.3453613461,499821.8101661543,579838.115707176,707171.4900145035
2029-07-24,Income,324594.0519995519,424161.87714547093,499902.89903099,579802.6173907714,706029.9739981787
2029-07-25,Income,323845.42992330884,423763.8222337133,500386.3779026695,580268.1269855509,706549.4736851834
2029-07-26,Income,324843.2140164129,423589.6150307533,500520.23992541875,580168.1626531883,705680.0727622828
2029-07-27,Income,325341.8663793779,424188.6354487158,501164.7858903498,580886.4542865366,706830.1268916952
2029-07-30,Income,325800.5400822401,424808.67730690236,501637.21062889625,580671.4478613022,708564.6652206974
2029-07-31,Income,326112.90031361807,424334.91821562336,501928.36238956684,581388.1017738443,709242.9251942781
2029-08-01,Income,326331.97030444053,424388.240366701,503091.77130036964,582851.9364222258,709848.645599683
2029-08-02,Income,325414.38003753166,424528.21292162477,502288.7248080502,583014.8979493772,710676.676096332
2029-08-03,Income,325881.69672364974,424824.4587615252,502091.9377200271,583816.3767167582,710423.1554466212
2029-08-06,Income,325239.52138764504,424615.3260854408,502123.2700069224,583600.0245721088,710613.6893937093
2029-08-07,Income,326894.915827373,424942.8322184119,503299.8520470999,584099.469362335,712007.8278428084
2029-08-08,Income,325719.0892381725,425647.32743646216,503217.27175695123,586096.3509036065,712304.0686871579
2029-08-09,Income,326618.6911197748,425522.4143012403,504197.51167388784,585977.0849649082,713620.8055115389
2029-08-10,Income,326238.48541848804,425524.83652639715,504578.6641537511,585857.9144239523,714557.7506897987
2029-08-13,Income,327061.4325671305,426214.4394637934,504536.19313054543,585857.2372590711,714660.1679999297
2029-08-14,Income,325894.77917101287,426225.7306986825,505029.6111453277,586751.572902782,715340.3876664877
2029-08-15,Income,325332.42061736976,426044.5407890495,505270.2828226953,587006.1435321817,716345.0567692808
2029-08-16,Income,325212.0700730554,426504.51879090164,506196.9097963314,587685.0837123032,717802.2290939119
2029-08-17,Income,325636.9854144875,426919.37475542614,506842.84120637504,588697.5963005244,717738.2565130673
2029-08-20,Income,326115.98546504544,426983.4851175052,506844.3930334726,588487.148168534,718873.5804468377
2029-08-21,Income,326001.0044479816,426657.32222877786,507330.5298947132,588887.7723364158,719888.900291929
2029-08-22,Income,326902.0604998063,427443.13522057346,506906.518528088,589166.4826824655,720453.3736595426
2029-08-23,Income,326871.2907234215,426959.7662899544,507228.4161225804,589821.9580559094,719805.8790024805
2029-08-24,Income,327547.15074132336,427058.63642747473,507494.24926861323,590765.0331778949,720781.8230934553
2029-08-27,Income,327121.22935032507,427888.3560138745,508330.8614654442,590246.3291709337,720632.6178691457
2029-08-28,Income,328042.9428012873,428016.85411302914,508323.15431091643,590343.237988218,722389.4617334837
2029-08-29,Income,327896.85192893405,429014.3361452902,508289.641455604,591033.8868263764,720769.4820045455
2029-08-30,Income,327349.06313697726,428522.8253279196,508645.7408233838,591692.4985382187,722655.2329691837
2029-08-31,Income,327273.7981249573,429321.3009947232,509131.72534629994,592245.5962355097,722886.3489836494
2029-09-03,Income,327000.86981188407,429350.6951251638,509737.17706810875,592505.5870331184,722928.3583608167
2029-09-04,Income,326621.678696019,429465.93687278306,509821.9849406517,593739.5485641324,721852.2499071867
2029-09-05,Income,327107.11154422397,429796.40026226966,510007.3130637333,594124.937795675,722816.4968872936
2029-09-06,Income,327006.7998627009,429450.2633623956,510239.2548529061,595126.1956054536,724162.9317887656
2029-09-07,Income,327038.8841283704,429164.3819181038,510648.2315144161,594683.1844750536,724904.0765542656
2029-09-10,Income,327514.19601591217,430128.59761453414,510384.3449703598,594433.9517535735,727435.6652272184
2029-09-11,Income,327451.48942900455,429820.8808959751,510544.54195631435,595527.3789284945,728600.2188379504
2029-09-12,Income,327877.78102216567,429654.73019077064,511484.432795333,595457.6797259741,728875.9245530727
2029-09-13,Income,328376.9681565363,430108.1939053915,512192.50019248587,595845.840002289,729136.5612432212
2029-09-14,Income,326835.2271377881,430230.59953738475,512477.1868151519,596399.397829256,729892.3543957637
2029-09-17,Income,327690.3468133877,430583.69765319926,512376.19468441536,596091.9096218903,730008.5697622991
2029-09-18,Income,327427.7241289459,431008.7058582607,512979.42649578233,597031.048268464,731131.2037955264
2029-09-19,Income,326743.5103676091,430360.77832578076,512095.10167786945,597794.8619269431,730347.5302066149
2029-09-20,Income,327090.0053967982,431313.5002259831,512643.94524591684,597969.4209745722,732236.8495045151
2029-09-21,Income,327669.9396070151,431879.74569601123,512582.9466311655,598418.3773228026,732512.9182142769
2029-09-24,Income,328847.91795308306,430991.8564273003,513559.4670948901,599419.6338523338,732222.6203064171
2029-09-25,Income,328186.19662403106,431625.5569530859,513685.04871190415,599814.8287272296,732777.0201935294
2029-09-26,Income,328197.24217967637,432102.20438498835,514256.3777225467,600450.6952399764,733223.1560725383
2029-09-27,Income,327942.2825789626,432655.29320298875,514219.85000661685,601679.46956772,732394.6566470566
2029-09-28,Income,328175.95723089075,432772.0612961431,514318.57568431256,601963.0250860903,734634.1897178723
2029-10-01,Income,327814.4912638835,433646.8812846078,514795.405036755,602169.5302633729,735086.4865100814
2029-10-02,Income,327550.4153378606,433706.95092800324,515156.19553000736,603002.9736388947,733331.5673709715
2029-10-03,Income,328043.6597286346,434202.66386090964,515458.63265406,602995.4049203441,736119.9209986748
2029-10-04,Income,328896.8119409633,434464.5275750352,516396.80174261704,602844.978885281,736933.310557363
2029-10-05,Income,329402.0715195016,435019.7803326104,516236.959374315,603596.6744404008,736431.597462204
2029-10-08,Income,330154.8873899206,435052.2844653238,516320.2418157065,604130.0550797307,737208.4179427241
2029-10-09,Income,330138.2407222289,435651.04582786036,517282.7517544533,604130.635726321,737500.7534368971
2029-10-10,Income,329791.21727185365,435656.85540005565,517074.52995707083,604785.0304759031,737973.589948621
2029-10-11,Income,330281.0854229338,435495.36474511155,517352.734696039,604794.3286281157,739686.7312603329
2029-10-12,Income,330040.66791747545,436557.2844017973,517277.14396340016,605115.8788005783,740470.8552885334
2029-10-15,Income,329772.98148614,436788.3756913428,517697.692578955,606324.2863507029,741095.5181149519
2029-10-16,Income,328997.1915475928,436118.2931004512,517565.8547690933,606319.6207225503,741234.5181135018
2029-10-17,Income,329499.14579995495,436207.8409465894,518356.9623615005,607023.9494193512,743246.6724412735
2029-10-18,Income,331227.0008884776,436879.3454390968,518936.7091156428,607807.6946028586,741957.1663468144
2029-10-19,Income,330923.6086867411,437146.35659741773,519011.9672821965,608591.293470839,743286.7369651399
2029-10-22,Income,331408.3331923439,436916.30248155363,519879.57733999845,608420.0145999424,745778.9326062222
2029-10-23,Income,332202.78602691734,436667.3101287583,518943.8025792431,609413.5671497604,746974.2051317125
2029-10-24,Income,332198.988888474,437397.6362593056,519729.06575166667,610046.6605211735,745558.9105550422
2029-10-25,Income,332138.24943929276,438084.80421111267,519392.9083971015,610403.0620671681,746108.5671493822
2029-10-26,Income,332551.80792782834,437720.1935371799,519797.9816718338,611229.3252231418,746332.522527768
2029-10-29,Income,333116.47998432216,438071.63164379314,520659.5950271945,611124.1177873351,746593.0785818569
2029-10-30,Income,332962.8252921947,437819.1362707139,520583.48822118493,611611.2404823543,745550.0351876796
2029-10-31,Income,333077.314639919,437669.96082436776,520934.5202949138,611615.891938416,748043.3046135578
2029-11-01,Income,333066.36321107787,437897.9635127359,521761.80798381724,612761.960335812,750129.1774611688
2029-11-02,Income,334108.34959958727,438602.1128000345,521525.0585273828,612714.9586262627,750983.92514148
2029-11-05,Income,333716.39102187834,438441.43430495146,522091.27029468515,613007.1130057122,753595.4707520263
2029-11-06,Income,333861.4558361836,438809.8803876819,522926.14814302546,612566.1979722236,752942.4800203954
2029-11-07,Income,334832.2291594797,438971.4978168709,522975.9584173958,612247.5207957198,753685.1254331204
2029-11-08,Income,334595.7025796569,439837.52845781564,523425.26675019274,613132.6752841694,754469.8106905412
2029-11-09,Income,333985.94787491875,440408.8247425294,523785.8221841628,614207.7418808703,754184.1699179526
2029-11-12,Income,333175.2174808233,440019.976722166,524215.77573505056,614958.3721185199,754728.166115281
2029-11-13,Income,334148.46163907525,440512.5669637853,523950.51159253414,614896.1168987305,754954.404368814
2029-11-14,Income,334316.29090355156,440504.9603539979,524754.5496432169,615673.2258757892,755370.6352580762
2029-11-15,Income,334814.6973846592,440767.2225809884,525038.985092998,616151.187083512,755526.8542798208
2029-11-16,Income,335299.59655273677,441567.50664684887,525118.3479070293,616390.7860205013,755049.8600431511
2029-11-19,Income,334903.4744352415,442032.4731123089,526470.0515580289,617472.2075178076,756080.9391817143
2029-11-20,Income,334329.5276216392,441660.91365390376,526623.577755504,618278.2434775506,756230.0825722411
2029-11-21,Income,334753.7989071052,441647.6979957286,527276.0288302216,619327.6802842977,756698.9168082773
2029-11-22,Income,335084.7350639245,441944.99041860236,527481.1718870404,620467.2958728601,755919.4861537097
2029-11-23,Income,334899.45613308816,442375.39888296317,528028.7144853063,619606.1008404891,757043.8665531196
2029-11-26,Income,335604.79755752697,442067.5024582372,528294.2095743928,620407.8669410151,756934.1626441308
2029-11-27,Income,336169.05196928023,442548.2627738514,528779.926641589,620164.3554099967,758850.6858140243
2029-11-28,Income,335265.96011612593,441943.3651177811,529157.7203511144,620224.0133969827,759609.063794895
2029-11-29,Income,335671.2688921288,442771.1148614264,529890.3667370428,620495.9000808158,762302.3494102665
2029-11-30,Income,334898.5973953025,443018.12156211276,530015.3945184839,620476.3866663902,762625.3476601994
2029-12-03,Income,334595.0910558164,443149.15926578036,529854.2817715891,621510.5736974266,763865.8911096728
2029-12-04,Income,334879.3333684982,444084.2024238248,530312.8553156327,622323.9048465303,762960.3426832673
2029-12-05,Income,335550.4321518466,443662.40590348456,530471.0125750885,622072.6772307319,763552.6579400875
2029-12-06,Income,335571.30500677053,444097.9432879712,531291.6883254987,623202.182643988,764112.4396312042
2029-12-07,Income,334710.90668767353,443480.2871532828,531930.8154861033,623696.0011581243,766724.6840940694
2029-12-10,Income,334566.81605276983,444629.69437109184,532031.1227947087,624153.3331978952,767570.1052619553
2029-12-11,Income,335095.0239065094,444512.90102623234,532638.4303389103,624719.2225351027,768393.4475617444
2029-12-12,Income,335153.3185459779,444254.4483510413,532899.5167661598,625118.6230635355,768760.0855496445
2029-12-13,Income,335662.13512568024,444210.0952322127,533573.6424381367,625401.2088999099,769522.1605226264
2029-12-14,Income,335053.3879874365,444727.42835538497,533702.8644519848,625688.0178601984,770109.7379776416
2029-12-17,Income,335034.3843241444,445055.87245134794,533445.186998824,626062.0057793516,770687.7687094922
2029-12-18,Income,334942.47982103005,445498.0459270985,534482.444495543,626831.672400472,772382.6159643037
2029-12-19,Income,335680.81632663455,446339.1023533326,534695.2331907116,627435.7072141484,773359.0078273421
2029-12-20,Income,336391.4076457721,446315.9991785557,535280.4669443116,627932.260181401,773154.1874528562
2029-12-21,Income,336740.7466387692,446794.2504223861,534769.568571249,626925.6452939108,774444.303415862
2029-12-24,Income,336983.37780022394,447367.0261061433,535538.5033498406,628883.3782258614,775954.4955971033
2029-12-25,Income,336954.30892777466,447872.2959550965,535371.8006362678,629362.1502809969,777872.0791918484
2029-12-26,Income,336395.50797718397,448315.0466913635,536225.4614574648,629424.8499302062,776837.7466224221
2029-12-27,Income,336772.04237971624,449685.8132286271,535960.4005475946,628501.3458893539,777781.2961836857
2029-12-28,Income,337273.5842622896,449631.0570443161,536322.9547742263,629492.9672926975,776990.8882296176
2029-12-31,Income,338131.0236708411,449282.84176053654,536941.17662854,629676.9824346742,779454.948158826
2030-01-01,Income,337235.17261889146,449796.06674788415,537047.6796793914,630224.1831428926,778240.4198931352
2030-01-02,Income,337662.77016477933,449852.18530833954,537635.5202334498,631352.5887580814,780062.6469026599
2030-01-03,Income,338786.19975105947,449868.76788239693,536905.4515201026,631256.232052165,778833.242569691
2030-01-04,Income,338266.0345374916,450320.72327733884,537545.5943171124,631485.2932199102,778824.9637447246
2030-01-07,Income,338607.49961399933,450757.4574446044,537360.2937460758,631911.0643692005,777747.0689029911
2030-01-08,Income,338465.8518906858,451365.63278837147,538644.8556369438,632028.0901106953,778324.9915420867
2030-01-09,Income,338150.37393068004,451432.944483212,538764.5174042871,632827.8072598242,782062.970165893
2030-01-10,Income,339007.6924999359,451445.28033064585,539148.7350565565,632853.7781399349,782378.8255496145
2030-01-11,Income,338877.85596575675,450698.52485177206,539048.7300391435,633790.2254931966,782971.0293180275
2030-01-14,Income,339562.3931995742,451339.60818934086,539380.6689278953,634265.95730338,786569.8257261276
2030-01-15,Income,339713.40850810957,451166.2178909457,539015.3732803785,634128.0292177731,785853.2707889344
2030-01-16,Income,339874.421678239,451273.13025294384,539651.7517847323,634052.7874838939,786170.3949737328
2030-01-17,Income,339824.22222905396,451785.3258581237,539475.4968478302,634821.5576004911,785279.6626957781
2030-01-18,Income,338185.84912417247,451109.56357111345,540283.3305957923,634283.2749332329,786168.1386721284
2030-01-21,Income,339514.17291867745,451021.4735718371,541049.7561204704,636052.5879887146,787689.6807458312
2030-01-22,Income,340124.58415431966,450586.60202177195,540832.6860370255,636650.6751646489,788236.1285789418
2030-01-23,Income,340565.63821531925,451429.46860651544,541316.6312474491,637239.7203013519,789146.5176335629
2030-01-24,Income,340022.72801020136,452151.9500407325,541913.6287899527,636844.9128828116,790747.7629593977
2030-01-25,Income,340881.20574607817,451838.1161287589,542369.3626914585,638222.2511494001,790582.5431697752
2030-01-28,Income,340319.71640665794,451507.9969661513,543344.444378528,638426.3679165822,790129.1945737328
2030-01-29,Income,341272.96245102485,452202.04448591,543587.5157788731,639259.8869930702,792744.5691064004
2030-01-30,Income,341176.44147233985,452721.9322009678,543447.6506739659,640033.488816397,793240.377009647
2030-01-31,Income,340430.540512747,452711.02599967463,543844.8189529963,640722.9674403217,794785.1145829136
2030-02-01,Income,340207.4224203004,452657.79094110907,544670.6794112297,641474.787647321,796065.772161313
2030-02-04,Income,341246.86831821955,452913.2319487413,544583.7753262414,641938.5909022702,795298.5708593162
2030-02-05,Income,340803.22910976136,453599.9955372648,544805.6725192593,641610.03624109,796390.3457777847
2030-02-06,Income,341907.6920217928,453540.7849066632,545160.7093314773,642675.6656186763,796970.526163213
2030-02-07,Income,342253.89470713574,454359.28301533463,545440.2416849565,643399.4376706303,797895.9389970402
2030-02-08,Income,341151.94092446717,454649.85238277237,545987.8715881263,644171.5610150935,799079.4076147503
2030-02-11,Income,341352.79160504614,455355.5007885422,546200.363033818,644056.2973565407,799206.5260131478
2030-02-12,Income,341636.77074796834,455397.22127843654,547131.2650694044,644625.7109243787,798517.0187674075
2030-02-13,Income,341467.9540335984,454726.2813222032,546684.7997802023,644089.1424184453,800924.2678851171
2030-02-14,Income,341616.4574666305,455688.8268247887,546780.7978671079,645111.9526094333,800885.0821784142
2030-02-15,Income,340759.9460253101,455261.3345504435,547283.6286793546,645900.4206825984,801419.9217320891
2030-02-18,Income,340198.32568828145,456193.3004338464,547315.9347332744,645522.4732129744,801948.532750044
2030-02-19,Income,340722.4987229403,456295.52036205714,547843.6978176464,645921.8606648991,803444.1151422812
2030-02-20,Income,341147.43340312445,456413.4621897833,548795.9709857616,645824.6353304025,803078.9375299674
2030-02-21,Income,341797.2517205206,457221.3323370085,547867.5825300318,646013.0297535269,804071.4639524467
2030-02-22,Income,341625.40120430855,457926.8203420586,548854.0999448523,647054.6837014864,805331.5114263564
2030-02-25,Income,342195.86977548106,457944.71084364207,549395.9459449903,648372.3082177412,805350.8678156557
2030-02-26,Income,343305.808178427,458296.2799454685,549241.8812012197,648693.8260717399,805833.048642217
2030-02-27,Income,342383.166443034,458530.87964996597,549183.9263312884,649718.957627173,806757.8001638694
2030-02-28,Income,342890.9157118848,458520.27420563455,548968.4738538256,649793.925455115,806551.0026550154
2030-03-01,Income,342437.50601954333,458811.7081060859,549573.4012048512,650265.1881128105,807949.8343662297
2030-03-04,Income,343307.63949241035,458477.8904325968,550337.304644485,651065.2408535033,808284.9482128076
2030-03-05,Income,343367.0466267765,458505.9489947562,551196.7877395218,651807.5995214772,807564.6308582113
2030-03-06,Income,344122.6028787311,459035.0386616209,551752.9911008619,651696.4791312783,807967.9502757954
2030-03-07,Income,343608.8745993353,459249.8647660775,551349.6687277339,651820.0585826061,808193.2474460537
2030-03-08,Income,344022.3651914088,459942.9250712942,551652.7389872107,651988.0943006482,809881.9218637216
2030-03-11,Income,344189.1651124839,460187.0210081021,551603.964287928,652612.7918828441,811786.0326507086
2030-03-12,Income,345172.69042660604,459774.9585966335,552702.097730495,652452.5917759142,812446.5708108579
2030-03-13,Income,345253.3709152817,460403.5203138028,553228.9913447285,652548.1929377376,810755.6692688328
2030-03-14,Income,345084.287919292,460310.46046008833,553182.9403270271,653231.5231794287,813903.1234847982
2030-03-15,Income,345179.0590633703,460860.973208303,553767.9745208623,653691.7571014107,815394.9008895861
2030-03-18,Income,345163.180678212,461341.66050996445,554418.7518654189,655019.5702229751,813922.5937131632
2030-03-19,Income,345414.2927859684,461496.00657492,554040.8608334442,655072.1439061012,815308.9449882605
2030-03-20,Income,344965.8966836718,461394.6689461897,554730.1049950952,655805.2577723088,816005.1018680151
2030-03-21,Income,345004.206401172,461699.7420048936,554864.8838942907,655852.4199382699,815572.4841034341
2030-03-22,Income,345786.5013721719,461301.78053470125,555105.9632279094,657246.0134143471,816384.3566351673
2030-03-25,Income,344517.2674634951,461466.9287018292,555639.4332843598,657423.9140705094,816664.8078072192
2030-03-26,Income,344125.9853825752,461997.9621060214,555440.9022084601,657800.4005164186,818284.5123464498
2030-03-27,Income,344809.4652128652,462070.2529018982,556209.2924849147,658642.1920774645,821496.9620389229
2030-03-28,Income,344270.67369692714,462550.58932216227,556442.7394558111,658879.7058980418,821855.3941131784
2030-03-29,Income,344902.06190554565,463277.4233095517,556731.3060231288,658891.2278469466,820259.5275890374
2030-04-01,Income,345154.142463372,463263.7270833808,557406.8086043969,659368.4126845925,821527.4596567301
2030-04-02,Income,344726.6234748956,463242.8997428604,556784.7788869219,660817.3438192342,823838.2980566657
2030-04-03,Income,344872.7628568137,462879.7463446187,557100.308039696,661324.7625359326,824131.4862063623
2030-04-04,Income,344999.5197914521,463401.3103173589,558675.3108420435,662378.5360837386,824253.2932915806
2030-04-05,Income,345639.1630947497,463469.8764209567,558983.1718486864,662321.0885285377,823931.2159129968
2030-04-08,Income,346301.8648843927,463808.1193500641,558542.1123679373,663403.3338356769,823880.5593176159
2030-04-09,Income,346746.62599420495,463600.33914535074,558159.2967644683,663810.7438449785,824576.9530103331
2030-04-10,Income,347183.42689154885,463976.88251666416,558019.5954514646,662446.5695839929,825484.0278852955
2030-04-11,Income,346486.227243856,463553.0474406538,558575.0659281916,663800.1064432545,824132.68227211
2030-04-12,Income,347667.7275055025,463934.2134676176,558661.6226895703,664650.2755878306,825198.556165225
2030-04-15,Income,347590.03387991345,464047.8255750328,559732.9522680903,665636.0917219658,827717.0014509254
2030-04-16,Income,347181.5417817398,464689.6958019847,559565.6851506298,665824.1286902806,826284.8666053307
2030-04-17,Income,347736.9910893601,463994.8272575001,559732.7453408162,665684.6141290279,828710.472586374
2030-04-18,Income,348660.4185549454,464394.3606343476,560736.3970750684,665731.797179778,829309.4135941017
2030-04-19,Income,349176.9562350882,465122.4268672456,560718.9293761217,666271.996236959,829617.164807366
2030-04-22,Income,348651.20314042544,465263.0256614527,561266.3183195601,667097.5120105385,831056.9106013345
2030-04-23,Income,349797.48172131926,465607.65174980153,561256.8326137667,667039.5714915167,833524.3855701564
2030-04-24,Income,349006.9068032377,465944.6763065406,561747.2407327672,667082.4659441664,835077.8313039229
2030-04-25,Income,348817.3402700633,465253.09232230205,562321.6288201776,667565.7646026877,833285.4435931201
2030-04-26,Income,348718.7659788185,465982.0411189889,562912.6406471094,668462.8060431005,834437.4080897422
2030-04-29,Income,348866.11671036965,465810.39008436725,563632.0947992788,668344.6098946526,833735.1074744097
2030-04-30,Income,348625.4841209461,465945.4516834945,563777.9942949864,669300.3250336129,834336.0150616968
2030-05-01,Income,348967.9249129698,466237.3730774631,564216.3967563619,669408.922006703,834644.6327173639
2030-05-02,Income,348835.6550799593,467637.1432351801,564491.133219552,669808.9330522193,834103.03164253
2030-05-03,Income,349585.455235961,467400.619754958,563816.0156715699,670594.2565146473,837570.5392954806
2030-05-06,Income,349643.9302878256,467789.4569880307,564467.8659614103,670929.7808268344,837292.5437784587
2030-05-07,Income,349888.0083444497,468295.00097725296,564723.810618402,670923.2262935486,837674.6563473331
2030-05-08,Income,350233.84741720656,468478.65309364354,565381.5710464284,672069.5716627163,838601.9939522147
2030-05-09,Income,350787.51441381953,468860.3260178014,565736.0234029082,671936.5891936602,840201.2894373579
2030-05-10,Income,350662.7559998103,468442.26520147454,566401.0248861602,672839.5640482472,838959.6371343551
2030-05-13,Income,351295.88283583795,468643.50956010417,566529.8893511691,673325.6291145958,839773.1217654448
2030-05-14,Income,350478.1271441528,468899.02931059495,567185.5718288478,673843.5960680583,840813.5658445285
2030-05-15,Income,351959.7217223573,468625.5339734161,567379.4792144883,674408.8208459711,840939.8678873628
2030-05-16,Income,352022.4396406425,469098.8300512656,567929.8120984898,675684.1824585265,843316.0859024967
2030-05-17,Income,352051.6233650978,469628.81910514744,567548.2363535442,676221.0373902526,843588.97269577
2030-05-20,Income,351187.4402673299,469476.37648536486,568259.9911549899,676320.1358100625,843448.2554243194
2030-05-21,Income,351853.9944526767,470113.4877000137,568670.9904733335,677935.8738231345,844225.5603506882
2030-05-22,Income,352441.84383060667,469517.0654896969,568279.8950331529,678763.7608944578,845719.676270501
2030-05-23,Income,352317.98254636896,469788.95993716206,568862.2925697133,679344.6896816686,845861.3072849865
2030-05-24,Income,353059.3212765244,469383.5728703728,569687.3466261323,680545.4326636464,847128.5075769507
2030-05-27,Income,353672.8713674585,469910.5338621378,570357.4901461559,681025.6606408793,850733.8305667681
2030-05-28,Income,352908.3460487203,470261.70679636573,569831.098336868,681194.9000056561,849626.2289027254
2030-05-29,Income,351295.8678686978,469631.1436994622,569319.3936884375,682855.8640933721,852901.3042294715
2030-05-30,Income,351432.9218273685,469836.0880651594,570687.3791578601,682495.4813303992,852717.3100968198
2030-05-31,Income,352066.349296304,470564.7700224823,571210.316925098,682041.1502834747,854260.2663574043
2030-06-03,Income,352484.6794971882,470451.5731968902,571377.2620207919,682887.7403485241,854370.1284391058
2030-06-04,Income,352213.4310831864,470856.64300488745,571649.1881361054,682272.8068662599,855742.4849214335
2030-06-05,Income,352496.35153806384,470958.54705050954,570971.4514887853,682324.3934371739,857601.6251243793
2030-06-06,Income,353287.96910385904,471648.7085987828,571328.2322464474,682843.7766549237,855405.422881224
2030-06-07,Income,354381.20811064827,471331.4110694201,571807.6388411786,683873.3919718808,854172.0935869329
2030-06-10,Income,353573.3480685455,471691.1136101657,572111.3147343823,684311.1698060094,859304.9961631837
2030-06-11,Income,353611.8062952284,472243.6612055148,572087.252669077,684811.1546405191,859912.0953583239
2030-06-12,Income,353098.1792135412,472477.17328504025,572305.0756703939,685152.8756069134,858562.9475318125
2030-06-13,Income,353304.7249387384,472997.934194605,573051.0132238674,685153.5778346374,860691.1887554872
2030-06-14,Income,353466.8622294606,472566.49927944003,572904.4044711814,685395.1193989102,861599.8185662669
2030-06-17,Income,353636.44126016885,473238.3165216666,573118.9657666052,685971.3454762,861818.2355489576
2030-06-18,Income,354471.2209824546,472597.5967176034,573218.3291238556,686055.2276556512,862072.925380768
2030-06-19,Income,353984.1031488728,472541.99450917414,572593.6807921547,687340.3667576772,863087.1415251956
2030-06-20,Income,354252.74634299614,473095.9202362349,573129.8914879407,687895.99673527,865135.6057520875
2030-06-21,Income,354004.76690049766,473936.8185406299,573974.923106961,687723.6656669356,866875.9803635704
2030-06-24,Income,354524.84691253526,473883.4107057344,574726.4628805962,688607.4431383526,867947.1756163763
2030-06-25,Income,354323.27355747565,473841.4052956521,574590.8918401382,689508.9139561949,868921.9165280919
2030-06-26,Income,354636.81620117574,474235.7788901106,574649.6640901945,688817.0459021581,869378.0971594728
2030-06-27,Income,354315.8111032495,474234.0644552669,574633.8844401166,688940.1827750597,869364.3272849397
2030-06-28,Income,353672.9712461677,474079.6743476343,575395.8811776687,689949.5919033808,870000.4229272654
2030-07-01,Income,353996.27910725627,474114.52096159226,576371.1964548838,690186.081922284,869912.6283276626
2030-07-02,Income,353241.238731169,474828.925464162,576735.2500914382,689857.4549694047,871595.5272373302
2030-07-03,Income,353967.8851963819,474839.5338059962,577401.7227567749,690541.8040519443,872110.9250696811
2030-07-04,Income,353911.75148905494,474815.2215075834,578535.3609692632,690950.6035426063,872309.290851262
2030-07-05,Income,355253.74019584083,475248.51515758043,578321.6714432191,691953.907124117,873217.2844005201
2030-07-08,Income,354634.5270960989,475045.28153527837,578467.4227265345,692297.3287037595,873406.548762951
2030-07-09,Income,355477.201352385,474733.08222468843,579538.6347039132,692968.6695372533,872625.2534622942
2030-07-10,Income,354844.47075206804,474900.25739132945,580172.0459712674,693866.9365212515,875110.0236364773
2030-07-11,Income,355739.84128985205,475290.06924368104,580302.6768079081,694446.5937341156,875013.298980689
2030-07-12,Income,356248.4447081904,475500.97738438676,580162.4095927726,694723.0750568383,875529.2468535518
2030-07-15,Income,356128.4764055491,476876.40590173367,580388.2953044176,695226.2571547175,873751.1208979778
2030-07-16,Income,356494.7652289956,476945.57525200595,581399.9574842623,695383.3676437048,874568.6551293333
2030-07-17,Income,355904.7165792852,477449.82331800775,581364.0002139183,696297.8635795987,874661.6734628535
2030-07-18,Income,355706.63258448656,476990.42561011604,581624.520226533,697029.5151026034,875429.3995876089
2030-07-19,Income,354841.35478087165,477933.59447563544,582702.7424633829,697112.0502276524,874893.2941270671
2030-07-22,Income,355569.728141765,478901.9783689394,583267.569207584,698084.6545187836,877858.55200755
2030-07-23,Income,355465.13366421085,478584.224093388,583900.1295256766,698671.9313429456,877522.4797277212
2030-07-24,Income,356320.28439204645,479555.95832883316,583216.1451643675,699808.1590388677,882209.7196692114
2030-07-25,Income,356645.87488816766,479239.250358923,583242.1554699152,700049.5206887331,882883.1558331503
2030-07-26,Income,356472.3151208573,479518.44968935865,584830.1297730415,700363.1969841828,881873.5273835079
2030-07-29,Income,357125.0332199017,480423.23287395894,586248.0624945468,700519.965999339,883579.9533474286
2030-07-30,Income,357808.7416526985,481000.84696046176,585761.8245871447,700689.6866199903,886237.3147372344
2030-07-31,Income,358074.7036474396,481277.3351745482,585580.900722937,701983.6511566084,886016.8075943937
2030-08-01,Income,358427.6572479271,480897.59129567037,586182.6291535732,702293.3056220362,886962.0447847268
2030-08-02,Income,359521.71742668864,480901.8132644064,586497.708022273,703134.4114339565,887811.8296029822
2030-08-05,Income,358652.10545415885,480905.49786084855,586657.2163312435,702895.9741036231,887767.065165446
2030-08-06,Income,359223.95678814605,480738.39900385274,586875.232166029,703374.5816339342,889446.6413059577
2030-08-07,Income,359673.60162101703,481723.5598411197,587318.2006709003,703545.9376673683,888388.9290144935
2030-08-08,Income,359411.8868951392,481617.5816707381,587057.3022731061,704098.4950981555,887193.3045501541
2030-08-09,Income,359477.5463554311,482230.192005148,587092.5330752083,704919.380944415,888684.5707947905
2030-08-12,Income,359317.4785735587,481586.4823548569,587324.1524592062,704549.5143797253,892435.6405168285
2030-08-13,Income,360623.4404981442,482735.64316355024,588332.9917569504,704573.8503606073,890410.3865568315
2030-08-14,Income,359793.8931484756,482895.1586624621,588171.3017829384,705354.9396335045,892035.0021133226
2030-08-15,Income,360034.7520268347,483597.05920833984,588810.3397113632,705896.7181611937,893030.1377655698
2030-08-16,Income,360418.2948353815,483901.9152761699,589682.0943495263,706618.2925989046,894746.955976261
2030-08-19,Income,358864.3874061186,483887.0633942619,590577.2564335448,706105.2727159518,894452.025670571
2030-08-20,Income,359709.66662710847,484981.7395978969,589942.3969092007,706742.6355077381,894946.0983201087
2030-08-21,Income,360285.65059243795,485764.5553404568,590415.2818143134,706640.7723572871,896174.7869177902
2030-08-22,Income,360207.64702910447,484673.7867061194,591099.5112577894,707526.814684062,895767.1263951341
2030-08-23,Income,361192.83749237127,485007.69765755336,591874.7260237333,707937.3081166263,895320.653321111
2030-08-26,Income,359115.23672386206,485450.4824129229,592468.5351074354,708189.5647006554,896611.2340901882
2030-08-27,Income,358797.5231977922,485348.83128770377,591595.9402410423,708910.0857763471,898059.5987891445
2030-08-28,Income,359319.7566618523,485203.8935089021,591869.3585382884,710170.6548568674,901286.0749471202
2030-08-29,Income,360053.10017491126,484852.742321605,592494.7491631128,711086.2461681636,899400.7775271288
2030-08-30,Income,360546.1581902308,485094.61190421076,593466.7709249179,711130.1480862091,898576.5153981918
2030-09-02,Income,360236.7661133976,484910.0728370014,593401.9712229809,712121.6828033901,899596.4732753588
2030-09-03,Income,361247.2689769339,485599.1420214365,593895.0487173926,712747.6050894534,901528.8227513051
2030-09-04,Income,361484.4645169059,485883.5093976217,594222.078848589,713205.4557814635,900508.3586743188
2030-09-05,Income,361508.0318816464,486372.14669029176,595127.7805566313,714198.584414362,901724.1765774223
2030-09-06,Income,360961.5032537815,486469.66157783626,594592.023130564,714709.0294594625,902769.3014227983
2030-09-09,Income,361158.40753319586,487014.2547626551,595837.4041057557,715244.237704335,904705.3499692273
2030-09-10,Income,360538.45478463284,486249.88611611334,595258.0831497489,716108.2899163506,904757.5725715053
2030-09-11,Income,361512.1794608494,487506.3172075106,596036.7842809479,716985.7064168592,903514.9225714472
2030-09-12,Income,361739.38708765694,487197.47495920927,595316.3436290113,716905.0500597964,905262.5636384194
2030-09-13,Income,362665.6488791508,488022.17872354906,596489.6989490266,717239.3461688826,907016.6355899957
2030-09-16,Income,361518.19184992515,488172.0124708458,597057.9455914292,716774.4469902979,907545.5504319312
2030-09-17,Income,360853.292236284,488263.70385664,597850.6665985575,717796.2398327717,907916.1273609026
2030-09-18,Income,361232.8620028502,488766.17191433953,597232.7239605584,717845.6070232519,907851.7385595051
2030-09-19,Income,361961.09562011727,489251.42156570416,597922.5131947999,718338.5555145128,910411.5300199032
2030-09-20,Income,362521.3865393871,489007.49293811945,598418.3533515197,719505.618061733,910254.4515929808
2030-09-23,Income,362117.56323469,489669.71688027075,598456.9281544175,718584.06530588,910021.244305842
2030-09-24,Income,362259.17404987337,490221.0254864398,598574.0054303878,719410.0401332615,910364.9317521305
2030-09-25,Income,363188.82675461966,490477.737645227,598950.676931588,720905.2424906342,909937.6206461801
2030-09-26,Income,363115.52389970043,490250.49741272395,599209.7224954236,721092.6663684929,911275.2590386771
2030-09-27,Income,363506.8709697112,490121.62413539406,599397.7714595733,720690.1720263448,912617.9817624822
2030-09-30,Income,363717.492822727,490634.4358361783,600174.7628347932,720803.6290210999,913398.3691043295
2030-10-01,Income,363913.862520578,491199.5819304766,600776.0762213466,721644.7054027932,915223.0633694184
2030-10-02,Income,364162.7275883096,491522.0203580635,600912.6242092815,721908.0402449137,914725.8787701363
2030-10-03,Income,363279.8518945876,491324.6519735306,600766.1531984571,721400.8006365851,915211.837080806
2030-10-04,Income,364250.729810758,491903.88079142914,601322.0438711157,721428.1931418733,915893.6326767983
2030-10-07,Income,364466.64301499276,491703.24392094737,601081.2410552013,722414.6707857715,917528.4247079322
2030-10-08,Income,364860.2185031961,491739.213126683,602074.1366003754,722981.8194714099,919418.8693133754
2030-10-09,Income,365037.6761388965,492415.2733991486,602697.406153305,724250.6079902216,921081.7150884154
2030-10-10,Income,365313.66808348626,492737.4914429979,603195.5984368525,724505.2188738863,920823.8478123465
2030-10-11,Income,364985.02202625596,493212.102725641,603255.1335856393,725683.0760408147,921784.7520891285
2030-10-14,Income,365515.0965976021,493000.3808394794,603682.0833777108,726723.004793844,923818.8804012671
2030-10-15,Income,366291.98015912686,493263.4677826641,605262.2158598873,726369.3272418072,925504.3260714813
2030-10-16,Income,365988.54603391705,493699.2475905288,605142.4915525615,726933.8650696753,926138.7723871932
2030-10-17,Income,365793.8988909377,494301.1345366449,604630.572287214,727105.8924011115,924697.5148289141
2030-10-18,Income,366585.6145804007,494377.71359023085,604125.8683906752,727342.4144163432,925218.3869296103
2030-10-21,Income,366311.5209915167,494771.4815710902,605542.5087204932,728184.3661025555,927155.282273398
2030-10-22,Income,366172.72565849544,495102.26089115394,605871.5350849922,728471.0518487777,926615.5497906702
2030-10-23,Income,366861.7088439298,496179.95550455776,605518.688284202,728998.746992501,928161.7104615729
2030-10-24,Income,366117.86193616176,495316.385431994,605940.520517098,728894.3486755992,927546.3086049197
2030-10-25,Income,367243.45482978347,496348.7867158963,606231.8247925937,729351.2432148934,930439.0465441148
2030-10-28,Income,367139.440190077,496313.1882887643,607337.9993212181,730863.8985914529,927106.5610074864
2030-10-29,Income,367714.01055123867,495839.34952051967,607163.2193811282,731959.1263486283,927414.9285742507
2030-10-30,Income,366755.0327980456,495857.1537454984,608156.3879990694,732055.2745435798,928665.3957250896
2030-10-31,Income,367284.17285558215,496076.196162158,608124.6215669164,732187.3446354195,929585.6293864795
2030-11-01,Income,367775.34973973065,495978.3801396381,609172.4150037149,732504.7009119235,929894.6755869018
2030-11-04,Income,367644.49740322557,496975.05238173815,609146.9194084281,732327.4624355425,931935.1127491157
2030-11-05,Income,367766.3256460252,497157.0543366977,609339.5537216774,732661.7736454,934658.3525479272
2030-11-06,Income,366589.30775752413,497180.1188329835,609370.3162878291,733391.2364489811,933699.4208086508
2030-11-07,Income,367136.93604687083,498116.0620795319,610033.3013073104,734445.8701927157,935946.9217353134
2030-11-08,Income,367346.7896734319,498918.81498733244,610534.7082164616,734851.9925409006,935494.199803717
2030-11-11,Income,366034.71720824094,499101.2298310433,610101.2664760035,736026.2128756467,935124.5473482156
2030-11-12,Income,367197.35090840934,499651.46885140886,611364.2320303232,736974.6424790288,934177.7423651209
2030-11-13,Income,367416.7540781339,499805.5976851427,611803.3402902533,736867.3991728121,933939.68380849
2030-11-14,Income,367959.2601163255,498636.19213999575,611672.758612004,738021.9795163188,934885.3467310707
2030-11-15,Income,367436.6280146475,499817.13942540204,612555.9287003402,738166.9150689342,933809.3352874914
2030-11-18,Income,367207.7844925686,499876.439724175,613621.9132401027,739246.5710039594,936262.8347016461
2030-11-19,Income,366705.0917247949,500132.44692878483,613051.0678524612,739891.0366743475,936221.7236840086
2030-11-20,Income,367254.2799990129,500408.2966915685,613362.4027505022,740164.63965062,936600.0468181244
2030-11-21,Income,366829.4720852494,500247.0329022516,613378.0957355364,740780.9067894148,938114.0592794928
2030-11-22,Income,367365.3047303546,501012.15112237365,614559.1916239324,741247.2174872224,939373.5471001728
2030-11-25,Income,367494.0866178655,500822.6955844468,613957.9670754694,742871.5853116629,939453.9159071149
2030-11-26,Income,368210.1712832423,500461.7666056836,614655.5948071948,741352.2364090137,940845.7376768499
2030-11-27,Income,368933.5571622643,501490.7380727308,615235.0337320316,742586.4365694837,940778.249892332
2030-11-28,Income,367985.3154196703,501684.2197585262,615963.9508275532,741907.2312113922,941714.3778101539
2030-11-29,Income,369233.4167132258,502078.80364336853,615506.7328924593,742208.5946852949,941090.3446180486
2030-12-02,Income,369434.9505202208,502176.9596657906,616561.0012538143,743047.4707482066,942359.7721956634
2030-12-03,Income,370689.33892469906,503314.8826792574,616246.1582561557,744097.7994628607,943182.1230243025
2030-12-04,Income,368567.43957434065,503582.16771926463,616851.3657280906,744849.9955276175,942923.7494323185
2030-12-05,Income,369715.43990843603,503727.0916441011,617138.9846497083,745331.4415220115,943625.0391838222
2030-12-06,Income,369453.969118777,503124.6693895855,617358.4664267509,746581.2098249418,947100.0966427631
2030-12-09,Income,368180.99232529005,503910.3685614582,617090.1628847681,747034.6956832288,947474.2904788867
2030-12-10,Income,368512.87214044045,504084.58819967136,617584.5236332837,747438.5292523426,947629.063384538
2030-12-11,Income,369292.31846457976,504485.8781533885,618534.5386583077,747542.0779224639,950452.5935525113
2030-12-12,Income,369020.24867603363,504278.40858562273,619191.7077313843,748326.0394253376,949704.587014437
2030-12-13,Income,368408.2728175453,504595.6203909577,618397.3924127815,749039.7354140102,951284.5812651486
2030-12-16,Income,369542.044338962,504609.9754368552,619755.7193520667,749387.904383508,953688.950474684
2030-12-17,Income,368505.6971704354,504802.8647157246,621099.8231677972,749974.1419483945,951851.6438221763
2030-12-18,Income,369657.85088978766,505279.00192638166,620037.1788612565,750593.7189199767,953762.430512787
2030-12-19,Income,368979.5029191895,505908.5931049923,621329.5348796195,750822.2133628728,953693.7991914952
2030-12-20,Income,369260.9559740987,506643.5925889384,621799.5339048451,751056.0457461597,953522.8026514511
2030-12-23,Income,369250.2158036542,507240.25114146457,621969.4862958981,751860.6834058011,954357.0910947969
2030-12-24,Income,369700.98814405606,507599.63033818995,623254.3106881131,752473.4450071556,956019.9572455471
2030-12-25,Income,369118.27511694276,508096.0091006962,623301.4823260233,754176.3770442503,955312.4137509589
2030-12-26,Income,368907.52432081377,507182.29830423254,623366.4979969707,753841.2617199959,955410.9893602174
2030-12-27,Income,368985.0881461651,507745.7623399793,622950.2564803583,753668.3910314649,957566.433348484
2030-12-30,Income,369544.8724464716,507958.174369746,622382.4300718305,754159.7498118194,958199.3566355754
2030-12-31,Income,369718.3423193196,508611.35121429036,623032.0451928815,756052.1312896807,957730.4929884746
2031-01-01,Income,369875.7864744094,507853.1982467762,623277.1201091816,755432.5726724543,955549.0391089094
2031-01-02,Income,369125.15443308715,508378.92564540193,623415.0019074377,756914.883849327,958503.0693208094
2031-01-03,Income,370123.0813354632,508794.68024475005,623445.711457521,757606.6479038446,958107.1216292145
2031-01-06,Income,369998.7248538888,509493.22346335126,623718.7848331525,757920.1146555378,959369.2782083825
2031-01-07,Income,370200.00067215046,510177.5441722999,623262.9964586259,757945.9125664366,960662.7391994778
2031-01-08,Income,368918.3142360558,509819.4947547206,623824.5626853639,758416.8245589748,961915.5556684549
2031-01-09,Income,368375.2904569807,510581.53787543456,624610.1704438336,758703.5898819268,962131.0856794941
2031-01-10,Income,368666.346747752,510599.54138967517,626099.3603978732,759270.7929050085,965195.2947536418
2031-01-13,Income,369185.8084200406,511141.6635742946,626436.7487620728,758950.7661837274,964096.8287890991
2031-01-14,Income,368891.67293629353,511676.821625942,626051.3900550281,760297.8271143937,962841.8261658918
2031-01-15,Income,369658.34059174894,512389.72664662404,626888.1270295209,760645.3746235198,962752.9119943941
2031-01-16,Income,369882.44695152214,511936.3213227375,627844.483107484,760838.588209709,963437.760278723
2031-01-17,Income,370053.67060043203,513204.41652950103,628725.8739779657,761413.3753672242,965465.2531869538
2031-01-20,Income,370091.80852297967,513331.15944272385,628868.9157781086,761827.0362857857,964617.3411621822
2031-01-21,Income,369738.60685818444,513208.050326261,629102.8427692712,761465.1032412488,964459.3434490953
2031-01-22,Income,369729.5808071688,512839.14020264865,629328.2885622517,761742.2696840545,968511.6153736826
2031-01-23,Income,369221.05517979997,513322.17297924537,629715.1271623877,762793.8906881482,968885.6222993969
2031-01-24,Income,369537.147495174,513349.5119619477,630275.5982827762,762682.0621437607,971909.7799134922
2031-01-27,Income,370725.58721685637,513652.94485420367,630169.1876059432,763546.4034370283,971299.0565575666
2031-01-28,Income,371468.0988765528,514061.17042046494,630686.158145994,764317.7670248598,971605.7643785238
2031-01-29,Income,371690.1883757954,513755.08559937344,630791.3555245029,765669.9454982992,973213.7941356034
2031-01-30,Income,372194.6235687243,514997.1705392406,631031.7040278008,765998.6215109462,975210.1370081664
2031-01-31,Income,373628.0755387339,514633.63085876324,631597.4379752871,766854.6832834907,976942.4860651542
2031-02-03,Income,373815.6415331736,514605.76173023426,631716.99357462,767140.4992336472,979810.7132096206
2031-02-04,Income,372865.16694473487,515246.1669493648,631611.5867312852,767595.421407779,978528.3540640763
2031-02-05,Income,371850.94193019555,514682.1591490434,632403.5946751744,769259.6050591026,980808.0894974988
2031-02-06,Income,371998.9578127615,514787.36003707594,631421.7713225523,769299.1952715779,982780.6100631123
2031-02-07,Income,370990.08595094876,514661.8955618847,631781.3864785263,769991.4642887533,983142.8409009329
2031-02-10,Income,372213.2917436738,514725.3228043917,632355.280204389,771232.7334213948,984842.3211440886
2031-02-11,Income,372656.15771915636,514917.9851397079,633332.3451589178,771602.1438492198,986579.8393611485
2031-02-12,Income,373034.50509455666,515643.40093211236,633825.6736240056,771994.8969817057,988357.5193933256
2031-02-13,Income,373274.7102996099,516383.5784183609,634191.0588708228,772977.7394510605,987720.9401830784
2031-02-14,Income,373830.12210217625,517114.12210861896,635012.9647597511,773352.0061132204,988145.0899336106
2031-02-17,Income,373526.3757277787,517353.25735042803,634348.213749358,774629.9429220591,988863.5769498494
2031-02-18,Income,373613.0270715952,517740.1495998245,635110.9196914857,775925.6889532071,990525.7975211896
2031-02-19,Income,373741.52328907716,518627.86157499073,636137.0762082555,775205.6472599887,992432.3605304622
2031-02-20,Income,374012.79340566014,518373.36994463706,636208.872986106,776146.702323038,992714.6215382463
2031-02-21,Income,374173.1039850935,518958.0782692689,635746.161729367,775602.6031904892,994360.8338440765
2031-02-24,Income,373814.2152562545,518701.991142271,636489.2183519171,775699.5063120179,993637.0505901386
2031-02-25,Income,373980.4176307842,519241.5962212918,636810.1423412616,777193.152467828,994049.5200755341
2031-02-26,Income,373449.2739865725,519594.51957444544,636101.093405413,777378.166154813,995737.4154911359
2031-02-27,Income,373962.24308054085,519871.80192455335,637220.429938151,777171.4956205252,998953.5623754533
2031-02-28,Income,373784.53002170596,520806.1299662641,637219.5519117094,778501.6913229579,999814.3133853152
2031-03-03,Income,373286.57439465815,521676.5177203414,637498.871166398,779594.4429725115,1000902.2350647595
2031-03-04,Income,374788.6037051932,521846.0890425022,637903.6967150157,777884.8504589492,1001534.7284753666
2031-03-05,Income,373777.7735567984,521811.9134502964,638498.1566428901,779000.5042519792,1000267.7803248636
2031-03-06,Income,373394.9807683495,521811.15850583307,639402.6014854455,779975.9247392083,1001901.9378468767
2031-03-07,Income,373401.0093673935,522069.5494653527,639713.0419275919,779883.3471160997,1003266.6116971241
2031-03-10,Income,374826.0098594323,522105.33921750594,640096.0849859396,781310.4017360532,1003879.1076491332
2031-03-11,Income,375791.72714571154,522969.2399373108,639770.2763169771,780518.6818017588,1002885.0021177698
2031-03-12,Income,375463.0353429555,523109.0530295261,640023.9761724127,781936.6610741491,1001971.6993394233
2031-03-13,Income,375166.58590094623,523252.42303125875,640518.9535998334,782854.3279307275,1004738.1079597385
2031-03-14,Income,375052.5351746166,523571.6882986368,640518.0255354582,783380.8453040239,1005852.0731858318
2031-03-17,Income,376640.6975597718,523895.5631463481,641224.0052226193,783426.1037454391,1006078.8808444742
2031-03-18,Income,374656.1075011716,523639.9170856862,642586.7477475776,785365.3748820038,1008436.3874181537
2031-03-19,Income,376011.2399239804,524533.8847863091,642410.4098007283,785357.2303077526,1007633.4296735845
2031-03-20,Income,376724.5972106615,524540.2381977628,642932.4142202132,785689.4446968397,1009492.4371840382
2031-03-21,Income,376362.6772405091,524874.8060354169,643723.4562748302,786681.2229825596,1007668.0522627342
2031-03-24,Income,375811.4159578316,526288.2970520481,644054.356183961,787322.8548560764,1009901.2253062298
2031-03-25,Income,377225.9866912068,526058.2896987211,644458.650533505,787591.5035353679,1010974.4033688629
2031-03-26,Income,377444.0752860361,526361.5838620504,644139.341238847,788473.6684049993,1011473.2143254471
2031-03-27,Income,376438.3351355537,526722.1820228195,644317.3552849789,788863.8156576079,1012647.4417446124
2031-03-28,Income,376609.26170452015,526986.78093976,646013.7661479807,790082.6238040769,1012217.6933462305
2031-03-31,Income,376140.1182967332,527103.1059441082,646190.5594409547,788942.6707794802,1012626.5985293034
2031-04-01,Income,374319.8886106457,526933.9694228163,646963.255434908,789895.8392773961,1013057.7809437583
2031-04-02,Income,377649.295143447,528124.372120847,646849.4239339317,789027.3644051718,1013162.1583639482
2031-04-03,Income,375942.66205330315,528276.6265987429,646710.0075706225,789065.9572569837,1012119.8249357268
2031-04-04,Income,377977.8603518768,528549.2230362997,647374.1212090837,790162.2474023998,1012850.7022043898
2031-04-07,Income,377777.1817124917,529565.5178091273,647867.3556383823,790686.4181936765,1013162.7476025685
2031-04-08,Income,377784.56218217773,529050.9069682012,649787.3159884298,790392.2956812668,1014993.5210566969
2031-04-09,Income,377526.83180419914,529259.014182896,649611.2836472911,790371.6577297783,1017006.3335736032
2031-04-10,Income,376992.8050420938,529340.9887764674,649798.8356700887,791478.4770750359,1019856.9412052134
2031-04-11,Income,377391.5633613271,529869.8956924537,650032.9292324274,792575.7696269071,1019799.0664055691
2031-04-14,Income,378342.7874160951,530368.4691147057,649320.568901698,792608.0875376761,1021250.562805408
2031-04-15,Income,377986.154111997,531761.0674573753,649990.5860758047,792369.2889573589,1022207.7899970803
2031-04-16,Income,380377.2377190824,530326.4440512074,650702.359754337,792926.4078994782,1021271.5378201206
2031-04-17,Income,380658.313722478,531551.1319526865,651002.4770990196,794624.1540534149,1022389.4048863071
2031-04-18,Income,380983.66639302403,531312.2168983684,651735.4461408445,796188.2283838139,1023192.7573470871
2031-04-21,Income,380113.3620638101,531897.2677370517,651870.0040004244,796498.5148593837,1023750.815348311
2031-04-22,Income,377854.0477110231,532477.5072604779,653256.8108260308,797306.6093520862,1023111.0795969021
2031-04-23,Income,378794.9342732037,532620.9439400588,652785.6210773264,798991.5248262075,1026522.0870289288
2031-04-24,Income,379672.7277913609,532780.6367437323,652448.0047077985,798636.8810288515,1028334.8590795812
2031-04-25,Income,378608.82713071443,533238.6089432433,653550.7266420859,800335.8331026256,1028866.7827179206
2031-04-28,Income,378829.8660222587,533616.3953414893,654690.0616015646,801445.598545926,1031658.7575342346
2031-04-29,Income,380274.0287198883,534148.8322517748,654715.4660814798,802710.0029134963,1033600.3377698198
2031-04-30,Income,381381.35692689905,533802.8469129478,654437.9784888756,802725.7231232582,1033573.5024735621
2031-05-01,Income,379992.57870134816,533914.9685385411,655273.5657804844,802347.2128577199,1033185.9478697289
2031-05-02,Income,380349.0872992681,533802.2041047799,656238.7087222678,803255.9161923465,1034319.3620312982
2031-05-05,Income,379245.51508262346,534532.8702593987,656970.2333180496,801930.6040601978,1037194.5043562943
2031-05-06,Income,380364.53535875044,534724.8066204446,656406.207498765,804014.7639307369,1037866.6310942566
2031-05-07,Income,381347.6580753869,534664.0103724103,657029.2152059752,804654.12858494,1039167.9648139804
2031-05-08,Income,381781.46528594196,534814.8665308263,657541.3680284605,803523.1437098878,1040788.5143293227
2031-05-09,Income,382492.6061512353,535471.1115978971,657841.6319548092,804023.0218255824,1041225.2301550191
2031-05-12,Income,383975.51919422933,535973.1255491145,657840.7068105384,802939.2493099389,1040055.9683375761
2031-05-13,Income,383641.6718276784,535718.7426781335,658564.9814677725,803964.3065573651,1039904.1602286614
2031-05-14,Income,383580.5676966128,535853.6718393639,658711.553925089,804716.9014143328,1038836.4960750872
2031-05-15,Income,384150.2092147717,536085.6789627433,658106.5983527536,805927.2508103038,1040417.3654728546
2031-05-16,Income,384833.05313924316,536776.308555092,659074.1870208783,805621.039810103,1039905.1596135012
2031-05-19,Income,384701.0666395444,536603.0259245678,659617.2233965243,806092.2442679288,1041096.2557046223
2031-05-20,Income,383073.8425671471,538331.88368415,659510.8675723376,807320.8915429026,1041682.7475170305
2031-05-21,Income,383132.6188587516,537558.3833936509,659710.5695385434,808988.0510575657,1043717.86956124
2031-05-22,Income,381793.5263020789,538323.6291500216,660818.847610821,809289.1152671161,1045733.2316812266
2031-05-23,Income,382473.01811663323,537826.9191607037,661003.494841065,808685.6570215465,1045583.3316022735
2031-05-26,Income,382113.5908427096,538290.393956987,661223.8400678985,808763.8399899813,1047785.5326745292
2031-05-27,Income,383354.25723352976,537744.5653391744,662921.1436689205,809824.3980995957,1049921.4406861407
2031-05-28,Income,384439.114882385,539247.1541872271,662287.2934342786,809927.6309491808,1052440.6863353427
2031-05-29,Income,383591.07320240204,538853.3161265606,662358.4148929287,810122.5967416273,1050343.924999366
2031-05-30,Income,383483.3470152838,539256.8778271002,662713.2529488308,810119.942416603,1049417.218772113
2031-06-02,Income,383867.8561861303,540353.942162355,664134.4883288426,810233.7714348868,1050666.0427742759
2031-06-03,Income,384641.01002829254,540719.9871634454,664195.6452863291,812874.3219896482,1051044.6326530369
2031-06-04,Income,384575.0907421995,540232.7835906317,665348.2415340436,813452.5262723244,1051588.3160301729
2031-06-05,Income,383509.97573992884,539941.04217399,666537.1374473267,813633.6641494741,1052648.9640894583
2031-06-06,Income,383632.5717888344,540211.6341555261,666320.4997376574,814038.4770936142,1054970.7175980106
2031-06-09,Income,383954.63818701083,540475.9956644925,667074.813183506,814456.3529388497,1055139.811842088
2031-06-10,Income,383870.10723899264,540622.5383694205,667756.9494916163,814757.0986926099,1055382.5290769904
2031-06-11,Income,384713.69367147743,541084.5997352649,668618.2495409924,814592.7322338793,1055585.3203399053
2031-06-12,Income,385260.8526727253,541271.2382552815,668707.6776002699,816324.5253706924,1054225.3604002031
2031-06-13,Income,384045.43878399837,541720.5749225188,668456.3688751706,816971.1976805434,1056269.530029684
2031-06-16,Income,384611.8302567456,541629.5359894484,669525.879823623,815515.3988651843,1059441.3486429104
2031-06-17,Income,385410.93791821285,542630.0597260438,667954.4880136393,815231.5668525799,1059780.2443826501
2031-06-18,Income,386339.455186093,543392.7272514497,669116.0318276394,815354.3742310168,1058551.9999644891
2031-06-19,Income,387042.3579396221,543015.0987672278,669564.455179773,815366.4423677514,1058661.2927892944
2031-06-20,Income,388876.14491071,543684.6190334307,669700.8273270718,817817.659293884,1060149.3145120314
2031-06-23,Income,386800.59276525164,543840.7903648145,671075.0091995042,818635.5078795336,1060022.0508857113
2031-06-24,Income,387130.690760979,543676.1780244056,671647.9240695408,818666.5082021826,1063664.1753851627
2031-06-25,Income,386810.56338242645,544393.1663190125,672521.5221155991,820108.568058465,1065582.2156797512
2031-06-26,Income,386894.2214904737,544369.6314297692,673509.4740038587,820497.4483701352,1066242.987439766
2031-06-27,Income,388619.0546536018,544771.0532013322,674187.2672577114,821631.2844870209,1067901.1022590168
2031-06-30,Income,388238.99462469504,544657.8311122813,674494.5083864722,822945.2084489502,1068668.3864304998
2026-09-01,Low volatility,339530.2386404467,342539.51554596017,343925.2921953555,345244.3759043408,347692.1978307801
2026-09-02,Low volatility,337992.78724907176,342192.7543175682,344240.9788493866,346142.0304187501,349505.3979370015
2026-09-03,Low volatility,336786.1246919943,342086.1464953399,344509.7306391974,346833.2263852288,351031.123944314
2026-09-04,Low volatility,335804.4004994197,341916.4113918587,344819.6462175927,347598.3906494728,352220.3529043007
2026-09-07,Low volatility,335207.27001277317,341739.0646986543,345156.35577972775,348079.14318474085,353733.68615698535
2026-09-08,Low volatility,334086.81616256706,341777.36773404264,345391.1042478444,348728.96081988903,354393.82203494606
2026-09-09,Low volatility,333362.2806074812,341713.0746543283,345627.51894391584,349229.56891850394,355546.2882150905
2026-09-10,Low volatility,333329.6976939459,341479.2673638054,345869.10600328405,349615.97998604854,356296.30214338144
2026-09-11,Low volatility,332365.45236295747,341595.21602203173,346205.2939473948,349980.8075368705,357963.49596789933
2026-09-14,Low volatility,331691.35274200357,341697.8418839934,346365.34971902077,350613.26030535693,358862.69604424085
2026-09-15,Low volatility,331276.04377954773,341761.1465979511,346608.309042761,351098.1688306092,359530.6973802615
2026-09-16,Low volatility,330459.69066027075,341626.28271075047,346850.55333555234,351680.74262130214,360116.65663128527
2026-09-17,Low volatility,329686.5714473223,341547.0371163695,346980.7382326457,352083.5350765431,361189.31562427833
2026-09-18,Low volatility,330167.9300998656,341580.5271480824,347209.69064260053,352779.0918261685,361310.4059595333
2026-09-21,Low volatility,330078.3009949799,341741.9447719506,347461.7630385638,353108.4512952006,361814.64973478275
2026-09-22,Low volatility,329949.85661776137,341650.83901922655,347755.4641993774,353562.0843500597,362758.32614869345
2026-09-23,Low volatility,329387.3054278547,341795.8860490813,348162.1062687076,353799.8842987177,363393.9226120201
2026-09-24,Low volatility,329404.7763577631,341571.263720427,348508.60722033726,354388.5064033883,363995.31129213795
2026-09-25,Low volatility,328894.23337231175,341637.3066559641,348660.6338965393,354804.75244559394,364869.9898389392
2026-09-28,Low volatility,328779.12528850546,341889.95534301136,349008.854721919,355288.85010051867,365540.33710788545
2026-09-29,Low volatility,328121.7381931559,341937.7303659842,349084.10590088554,355803.5679032364,366839.28017730225
2026-09-30,Low volatility,327787.80819767696,341806.34127082414,349378.77134990186,356217.63048867794,367751.9108835679
2026-10-01,Low volatility,327324.22159896634,341663.3846800134,349647.3658768427,356919.7869119765,368533.211904993
2026-10-02,Low volatility,327663.7553268072,341921.9841726559,349732.02458087745,357424.7196879995,369212.6465359008
2026-10-05,Low volatility,327517.78449987643,341950.7704086777,350061.5871957898,357804.9332493648,369459.86403907364
2026-10-06,Low volatility,327024.07498446363,342081.1645559219,350211.2967606967,358192.6533482148,370501.27755083627
2026-10-07,Low volatility,327024.4028972296,341943.01057614567,350513.8120286062,358592.3267674183,370779.13171596796
2026-10-08,Low volatility,326917.77837125026,342075.81799183774,350712.54921188054,359082.4771031671,371572.6325400178
2026-10-09,Low volatility,326753.96888130414,342074.28746180446,350886.39586970233,359375.02428283787,372109.12557029177
2026-10-12,Low volatility,326267.4041216622,342230.167940094,351132.7894208406,359726.0774383924,372765.35195594945
2026-10-13,Low volatility,326255.0590888223,342325.0878367447,351390.4589049653,360122.9541643992,373652.85505740804
2026-10-14,Low volatility,325824.0870990507,342420.2981454678,351684.034554655,360524.6308387371,374504.4599273784
2026-10-15,Low volatility,325607.80441897217,342398.9707814827,351961.8406704299,360932.8682999745,375292.4740677875
2026-10-16,Low volatility,325567.116544418,342317.0544791864,352141.24182854395,361512.22575095185,375651.57921328064
2026-10-19,Low volatility,325103.0021568711,342319.68538892287,352295.594930036,361761.5759473937,376512.95313928695
2026-10-20,Low volatility,324590.8306439327,342554.8424046823,352773.45461804775,362197.51401030127,376965.6799565615
2026-10-21,Low volatility,324285.97625391546,342544.4839881661,352871.20547575847,362585.8447163903,377777.32237809396
2026-10-22,Low volatility,324072.3307217605,342579.14532566327,353259.45281365723,362799.07744604984,377859.90421811194
2026-10-23,Low volatility,324556.71424579393,342739.86908711784,353590.19086552813,363314.3769758458,378351.25064309605
2026-10-26,Low volatility,324842.4647418542,342848.8888282642,353864.9805918252,363776.09063742537,379088.6079901343
2026-10-27,Low volatility,324506.85459672124,342986.2104394343,354085.4424304082,364213.45588839846,379618.4095820339
2026-10-28,Low volatility,324266.42158079095,343316.32764463336,354317.37070368126,364766.0002376328,379982.9674773491
2026-10-29,Low volatility,323723.8597935303,343298.6360517695,354448.5112146691,365208.7324106668,380321.381877891
2026-10-30,Low volatility,322751.7910291852,343405.9181547694,354718.2899656199,365462.8691091678,380859.2351949575
2026-11-02,Low volatility,322997.0907248766,343486.21034257207,355024.0203686457,365693.4890726155,381948.2579970435
2026-11-03,Low volatility,322693.2116310228,343619.4269506836,355201.3723057306,366400.036561587,382850.9035060224
2026-11-04,Low volatility,322837.5651403705,343777.62871094025,355561.68448926375,366548.0379726555,383457.1467415018
2026-11-05,Low volatility,322901.7736247837,343609.2490452372,355691.68133851734,366868.47828934353,384138.33072670037
2026-11-06,Low volatility,322830.5488852922,343868.05765828834,356037.9102083838,367231.5690373525,384754.53259336157
2026-11-09,Low volatility,323277.48255719565,344053.09098279796,356197.4979099594,367805.7862113068,385169.9325535018
2026-11-10,Low volatility,322671.1930135794,344010.3195430462,356555.10535577626,368160.4946242182,385558.18120214914
2026-11-11,Low volatility,322722.4180878649,344192.8983376067,356768.4869836108,368289.3062799085,386246.652984587
2026-11-12,Low volatility,322005.58840616356,344408.2175330236,356895.57275380974,368921.9396628502,386969.0023897292
2026-11-13,Low volatility,322381.6735591532,344713.8744107185,357265.0724733413,369294.6015819966,387518.9012674707
2026-11-16,Low volatility,322198.69543694454,344488.49052395934,357351.60855020315,369576.16251809517,388209.6199898786
2026-11-17,Low volatility,321780.2347802559,344849.2199599721,357681.24955004285,370010.80275454663,388324.8115780168
2026-11-18,Low volatility,321927.6514288958,344945.016131943,357768.8355077447,370166.15045740566,389029.0538440995
2026-11-19,Low volatility,321719.5692686189,344975.92039731715,357848.6627423223,370310.687525467,389954.56249918835
2026-11-20,Low volatility,321602.0729553489,345058.3702383496,358253.401965755,370908.22841894184,390511.2753909255
2026-11-23,Low volatility,321189.5511732743,345154.47816232493,358727.6153190024,371078.8262982573,391284.93232558423
2026-11-24,Low volatility,320597.88873413403,345323.5776238364,358647.7261290324,371926.0272451175,391770.47424337966
2026-11-25,Low volatility,320674.8935181032,345360.8855729272,358887.65287237254,372137.10007954447,392121.33002295997
2026-11-26,Low volatility,320827.166531735,345322.1847987092,359246.285407158,372406.20908573404,392628.8502522316
2026-11-27,Low volatility,320324.2238843091,345546.64137874125,359480.7091690919,372718.5821908064,393389.77989162377
2026-11-30,Low volatility,320896.541210026,345541.32472311816,359683.5652322378,373107.5341626832,393985.98704065004
2026-12-01,Low volatility,319971.92673388554,345846.5548757394,359962.2233018818,373421.9876951567,394692.2646858343
2026-12-02,Low volatility,319906.08670972526,345675.3745595375,360566.11570134666,373728.70684975805,395235.69827285106
2026-12-03,Low volatility,319455.2037933745,345832.8392506038,360761.6569318869,374196.1656219341,395405.13045624236
2026-12-04,Low volatility,319266.20433103974,346002.19373873685,360811.6365560247,374870.76897445053,395769.5608210495
2026-12-07,Low volatility,318477.75089823327,346273.64197886566,361201.8577493272,375349.5269295871,396474.90868761967
2026-12-08,Low volatility,318405.6632112444,346412.7989587493,361327.78025090357,375438.1075115076,397103.9053210066
2026-12-09,Low volatility,318669.0288377371,346580.2065885703,361492.2548061996,375940.7677297199,397324.05667694885
2026-12-10,Low volatility,318577.54282894847,346727.3327826681,361816.45441001665,375942.26596218906,398072.67783933436
2026-12-11,Low volatility,317895.09935331414,346508.18791499373,362006.09856880957,376340.39933256776,398716.57853036426
2026-12-14,Low volatility,317786.2782669802,346704.78155867825,362112.9317899748,376702.1239431687,399330.34053173865
2026-12-15,Low volatility,317969.92699690873,347030.25266391,362549.37468867644,377260.91068063525,399849.2049961246
2026-12-16,Low volatility,318556.2497777331,347048.2747235944,362579.9261838236,377890.8972372641,400463.05287399347
2026-12-17,Low volatility,317405.9573651506,347004.7916387062,362791.4264107159,377982.33311916713,400906.38799724076
2026-12-18,Low volatility,316900.16133286833,347137.49761440774,363391.81776945246,378364.0476996943,401600.3094309168
2026-12-21,Low volatility,317800.4465692472,347343.62663320487,363648.3628522608,378786.6491279005,402218.9170251885
2026-12-22,Low volatility,318028.7927484486,347485.7465167365,363679.0436185383,379123.76058771124,402358.1089868122
2026-12-23,Low volatility,317392.03850373346,347350.3855319102,363712.71349032316,379635.90587208304,403163.4713324303
2026-12-24,Low volatility,317637.6973755415,347473.74321723985,364036.4829979285,379909.85943623073,403780.42472361797
2026-12-25,Low volatility,317082.0363472634,347473.8884238282,364259.9097814256,380390.5515442148,404155.56093500456
2026-12-28,Low volatility,317766.77556492883,347738.7952485728,364572.15318111726,380495.8144949065,404630.30646768835
2026-12-29,Low volatility,317179.2769899235,347937.2837540481,364732.3661537871,380910.98302809254,405318.8884962666
2026-12-30,Low volatility,316691.76358777325,347976.9710537746,364986.3124337377,381248.2555903711,405607.158960125
2026-12-31,Low volatility,317023.91864428704,348020.5102724253,365328.7863132111,381753.18441955565,406120.02270852233
2027-01-01,Low volatility,315830.50772314233,348134.8330512023,365552.86371665366,382076.9149627867,406457.0664998946
2027-01-04,Low volatility,315549.521594896,348008.0372432525,366075.82319993095,382457.1468994784,407334.7545669566
2027-01-05,Low volatility,314957.9699153518,348448.2892273936,366203.7949100858,382962.5609312634,408268.5609564876
2027-01-06,Low volatility,314275.5781694098,348682.8867858306,366405.228633224,383409.88199495146,409306.57288955594
2027-01-07,Low volatility,314945.16591849667,348902.71025918855,366873.18683998496,383693.6802133654,410021.41592661897
2027-01-08,Low volatility,314349.13880652166,348924.20073068404,367159.6891264921,384281.69406775077,410403.01386053086
2027-01-11,Low volatility,314200.2988273346,349125.4140669035,367532.8217420013,384709.50103738904,410688.8629360513
2027-01-12,Low volatility,314458.6450753695,349532.3460910542,367669.662023179,384683.692689077,411015.69466591394
2027-01-13,Low volatility,314429.4112093607,349676.3097723936,367791.48134112475,385206.39665240527,411623.9371492497
2027-01-14,Low volatility,314201.07013627345,349582.5984746205,368171.4225123026,385679.39323909406,412767.89098631655
2027-01-15,Low volatility,314466.25685489,349822.18888253835,368298.14964781865,386122.45720180555,413572.6201136488
2027-01-18,Low volatility,314217.4680219152,350038.74326863466,368619.8401012016,386482.9779497772,413387.7186469207
2027-01-19,Low volatility,313826.93175838585,350005.00894257514,368933.3951527991,387030.6090496086,414381.7428223816
2027-01-20,Low volatility,314321.5103359225,350070.5285191047,369121.15740518115,387164.44811599917,414849.6447457323
2027-01-21,Low volatility,314353.07968593854,350189.06558425433,369430.56123042945,387191.5205745588,415083.3064073287
2027-01-22,Low volatility,314636.6280137064,350340.42785012844,369683.5856305767,387682.64523064636,416005.3377480186
2027-01-25,Low volatility,314498.00709818787,350334.2498610469,369711.9609325013,387997.95687168965,416121.3438602904
2027-01-26,Low volatility,314775.3268326595,350684.01143457065,369819.7950951069,388584.1486944936,416242.46340189
2027-01-27,Low volatility,315165.9342833305,350654.9540364166,370086.02942310943,389185.7108865748,417234.34283457726
2027-01-28,Low volatility,314946.9629653534,351076.5298046415,370643.2170821498,389707.03514794726,417047.41524894553
2027-01-29,Low volatility,314951.09606245393,350983.1665440231,370743.95352182456,390038.707149187,417980.63145729224
2027-02-01,Low volatility,314513.4429242755,350933.0762535893,370881.50397421024,390673.6520699286,419013.849738372
2027-02-02,Low volatility,315035.83087014925,351097.54604063916,371322.87012666673,390926.13167185045,418950.1632829821
2027-02-03,Low volatility,314995.83857331943,351445.6238050184,371698.9603781282,391112.2124563691,420027.1349530536
2027-02-04,Low volatility,314051.053970403,351763.4610012615,371872.2269480743,391435.10471468937,420559.5936008283
2027-02-05,Low volatility,314850.6079125748,351592.04218764225,372087.1278621856,391894.90739478095,420802.48853874597
2027-02-08,Low volatility,314392.83124512044,352255.23913623183,372272.0387765536,392087.16155748884,421082.72390616115
2027-02-09,Low volatility,314038.0737950436,352387.0380610827,372912.9697759332,392340.5354093525,421883.87916093576
2027-02-10,Low volatility,313299.6015022256,352269.0170572723,373110.0854298747,392651.80924164766,422107.97461726516
2027-02-11,Low volatility,313492.33961621835,352633.6267173318,373622.1715483656,393037.2099102253,422978.78048438794
2027-02-12,Low volatility,314797.26854754775,352901.69907279336,373492.7478177526,393027.5887960165,423849.6922638839
2027-02-15,Low volatility,314512.11538903764,352980.9743594665,373890.57296849415,393505.20204144064,423627.80288131
2027-02-16,Low volatility,313906.8577851049,353046.9212614491,374239.9004004727,394049.95549526665,424486.4400314085
2027-02-17,Low volatility,313889.41322864697,353234.47806949355,374590.4907944403,394506.3151566195,425158.3336702021
2027-02-18,Low volatility,314418.1138409375,353038.6188327691,374852.46509557054,394916.3841820012,425768.60528299323
2027-02-19,Low volatility,313423.8240831506,353297.9712187352,374876.9403296914,395410.77831358055,426368.50607591716
2027-02-22,Low volatility,313529.79520585755,353720.1594464462,375063.4689171473,395642.30322131765,427753.46418938634
2027-02-23,Low volatility,313907.6435402685,353907.2893676468,375214.8600865337,396255.0623342091,427818.6706836815
2027-02-24,Low volatility,313533.25507440144,354176.93517525884,375352.6923688608,396293.12375135307,427742.09862637613
2027-02-25,Low volatility,313600.3267431385,354269.7080855576,375485.5487838817,396596.9162837813,428580.3242528514
2027-02-26,Low volatility,314102.2007916996,354556.42261256126,375767.24624338065,397273.20828264294,429324.1230310847
2027-03-01,Low volatility,314406.57035343506,354789.57075997326,375781.43519160507,397615.12836677145,430362.4356345723
2027-03-02,Low volatility,314212.25511001085,354957.7339234416,376182.07810640556,397713.0640087449,430505.4563955961
2027-03-03,Low volatility,313781.0432318051,355077.3359918795,376615.09395429795,398160.7298076573,431016.19245587406
2027-03-04,Low volatility,312820.03947305965,355637.81051219325,376995.6139211713,398380.5274625663,431609.1099810008
2027-03-05,Low volatility,312674.16298411327,355542.6536619187,377272.1355409204,398790.26685205277,432662.4876821142
2027-03-08,Low volatility,313585.499095007,355461.0278773929,377425.75022110826,399518.02292257315,432878.3913656876
2027-03-09,Low volatility,312831.5846712514,355661.9579352445,377788.2382871349,399812.45478428394,433391.7871016524
2027-03-10,Low volatility,313085.86972340907,355909.3740473682,378044.5921891113,400403.383032001,433417.4197931615
2027-03-11,Low volatility,312619.8089860207,355865.2562319073,378266.9113813198,400821.9235768243,434721.08608429594
2027-03-12,Low volatility,312720.7712174347,356162.39618677483,378769.1399392962,400949.09652461373,434641.2276134433
2027-03-15,Low volatility,312386.569289004,356303.3087280286,379229.2021806978,401420.02344954433,435909.4351732573
2027-03-16,Low volatility,312835.3178201177,356416.0879330123,379241.1215118371,401696.08222271653,435569.69993950357
2027-03-17,Low volatility,312518.59654288273,356484.1757035229,379520.4942596317,401609.29559262365,436375.82296346396
2027-03-18,Low volatility,312560.6537155586,356451.96203882055,379624.84336928104,402297.4790903573,437308.8629520858
2027-03-19,Low volatility,311533.812544415,356548.59278178815,379700.76272803254,402736.18411792576,437405.94552619086
2027-03-22,Low volatility,312101.789827189,356571.1858580782,379806.49631082965,403160.8703431883,437668.9576373649
2027-03-23,Low volatility,311245.77891550306,356829.2314176529,379983.692748754,403311.67659775063,438672.83070049237
2027-03-24,Low volatility,311674.0075248304,356893.2849949926,380092.2131878373,403548.35592317145,439361.25674737705
2027-03-25,Low volatility,311967.8308367492,357222.31380361,380150.6654681093,403953.9236147126,439815.084287471
2027-03-26,Low volatility,311258.44891178136,357298.19839481695,380283.8302861436,403914.242527509,440348.51699351345
2027-03-29,Low volatility,311304.26905524725,357259.6587280839,380760.35041987454,404771.69567866914,440954.8651626252
2027-03-30,Low volatility,311495.1768471583,357428.1883998982,381254.2932212737,405111.74028817937,441524.71699309564
2027-03-31,Low volatility,311718.2524326758,357558.26182769495,381521.69349949283,405329.6880014001,441565.4434097489
2027-04-01,Low volatility,312655.8414154255,357894.88857304247,381548.30125057965,405867.38894841564,442027.0538016233
2027-04-02,Low volatility,311875.8556160471,357959.06133390055,381735.22521373787,406069.9870928247,442885.07866354485
2027-04-05,Low volatility,311073.4991608449,358069.6202863441,382131.77023708343,406940.1388821736,443382.8467139589
2027-04-06,Low volatility,311439.15648381755,358565.8526751251,382372.20356604527,407019.44031535723,443825.6111943784
2027-04-07,Low volatility,312381.90598552255,358652.0853098228,382749.9462255853,407325.86655677325,444654.37082768715
2027-04-08,Low volatility,312486.40287676814,358607.44302686054,383209.6010820606,407326.72370418545,444338.89517721854
2027-04-09,Low volatility,312312.3466692986,358845.88573881006,383449.1344918322,407799.57541627117,445096.6291609771
2027-04-12,Low volatility,311526.91122061707,359271.08770584106,384002.66685541393,407878.2091964052,445295.29292512283
2027-04-13,Low volatility,311467.6090445793,359141.53645448753,384072.18613144127,408467.3771666928,446537.2142052062
2027-04-14,Low volatility,312340.18528784683,359362.8541574733,384302.00932816166,408843.6011833206,447099.0801393404
2027-04-15,Low volatility,312497.8850170616,359242.38639269356,384573.96884910075,409282.40120195097,446994.66661341116
2027-04-16,Low volatility,311765.5198485928,359535.50661391206,384552.84737236775,409603.13341756,448453.34690268064
2027-04-19,Low volatility,312394.59798568994,359752.1184992436,384650.6351815687,410118.256550846,448738.2737590131
2027-04-20,Low volatility,312640.62205178844,359997.44275558525,385069.2881405854,410454.6548116066,449489.9988109473
2027-04-21,Low volatility,312878.5993640699,359976.1796472424,385212.0213084578,411191.85126058204,449908.14907337277
2027-04-22,Low volatility,311315.7765315173,360139.7816220911,385538.964601581,411360.98223383445,449965.3979747302
2027-04-23,Low volatility,311390.44638641697,360583.36042645085,385819.39888926805,411770.4270953739,450733.1788646574
2027-04-26,Low volatility,311496.1276058949,360442.3372584102,385984.54159194895,411858.91669446486,450852.4449799155
2027-04-27,Low volatility,312299.16477255645,360349.02376583987,386167.38698447065,412108.6673373823,451459.96547685337
2027-04-28,Low volatility,311834.3021268476,360848.81296233303,386510.793764411,412546.3964636666,452141.091877466
2027-04-29,Low volatility,311444.8659570618,360644.67678554606,386662.02324885206,412973.29857393634,452725.7722628913
2027-04-30,Low volatility,311624.2616633649,360746.66972694255,387072.3981866162,413432.46497663826,453581.53937062784
2027-05-03,Low volatility,311867.5819914466,360934.1838673959,387056.31914919766,413713.008064355,454596.79099875106
2027-05-04,Low volatility,311874.21516141196,361018.36855252,387648.9807618627,413744.0774715678,455006.24503024796
2027-05-05,Low volatility,312615.41870573524,360822.841412907,387949.3144039289,414211.50155285036,456056.92104588344
2027-05-06,Low volatility,312308.5735845913,361019.9714864682,388630.3357480011,414547.87068830547,455820.34335678536
2027-05-07,Low volatility,311337.27617756237,361233.6771208503,388217.6180833443,414507.7265762403,455884.6758990668
2027-05-10,Low volatility,311136.33181767596,361699.7370121146,388442.7972757048,414860.9298106468,457048.21558437886
2027-05-11,Low volatility,310917.7198718394,361758.2758332228,389114.8211411267,415201.407768443,457987.086214038
2027-05-12,Low volatility,311336.1953300492,361954.9878923335,389386.93244814966,415735.10609598405,458168.48628016363
2027-05-13,Low volatility,311790.0125985324,361978.03203150653,389457.49049971846,416304.0417940038,459039.15759481664
2027-05-14,Low volatility,311815.80165577476,362326.58344033273,389775.4286244464,416379.03745874116,459268.7151592347
2027-05-17,Low volatility,311563.64004432235,362230.56425988534,390029.7554207975,416583.64034790965,459869.6969080459
2027-05-18,Low volatility,311300.63484321785,362157.4229158889,390292.3978739789,416793.5578527713,459419.8709322945
2027-05-19,Low volatility,312785.351338866,362538.2153903413,390467.3606025253,417313.4774979801,460028.41512514354
2027-05-20,Low volatility,311656.5249175501,362667.54848497093,390403.97783039865,417475.928484123,460514.1761548349
2027-05-21,Low volatility,312691.32549744094,362750.43576737534,390763.12326677504,417973.32679501973,461364.3066381265
2027-05-24,Low volatility,312247.9734042217,363046.7469492829,391037.93793515663,418446.51934289065,461694.1990279056
2027-05-25,Low volatility,312964.16524161136,363127.2253445878,391182.18669098534,418533.39176203404,463007.8734938539
2027-05-26,Low volatility,312025.9552388237,363686.2087411707,391922.4186139198,419327.03801753296,463658.1278253463
2027-05-27,Low volatility,312733.36041438626,363594.78651374346,391867.8911415384,419657.7402218801,463914.13962594623
2027-05-28,Low volatility,313089.33352879714,363490.81503852835,392372.2773880657,419923.2944977665,464161.6101006562
2027-05-31,Low volatility,313280.4670681423,363617.48360408016,392766.3099258339,420489.0617228373,464207.76284447487
2027-06-01,Low volatility,312962.05426526634,363915.7886322877,392856.7898212411,420661.4655246028,464965.0786438805
2027-06-02,Low volatility,312874.5974776238,363886.3181325452,392987.3574986154,421225.6291998454,464909.8913097117
2027-06-03,Low volatility,312265.58304315415,364025.3137378421,393527.147128016,421367.7168194264,465435.3346027164
2027-06-04,Low volatility,312073.94736720296,364372.8376111584,393645.87812146667,421664.34550714993,466296.58831667283
2027-06-07,Low volatility,312896.1189198013,364304.0727356097,393692.2008989925,421883.79849225644,467243.92938417394
2027-06-08,Low volatility,312155.65754994954,364464.1833105801,393948.0146032142,421930.6504233598,467528.6807095725
2027-06-09,Low volatility,312101.9527317894,364724.9357331608,394391.52219609317,422280.88259603066,468493.5988951997
2027-06-10,Low volatility,312539.7963205888,364999.6185904776,394409.43663929286,422937.64937253017,468036.67529675574
2027-06-11,Low volatility,312905.8907605903,365073.2315201198,394719.75354425784,423313.3609761107,469220.23591061734
2027-06-14,Low volatility,312584.5511295588,365182.72192981024,394769.0770092218,423568.74693658785,469286.4978278639
2027-06-15,Low volatility,312597.0169034179,365154.3706875626,395219.12398960197,423634.67450248485,470096.3105950951
2027-06-16,Low volatility,313680.3357091566,364820.9577656535,395421.04793705867,424307.92483491456,469657.4719251058
2027-06-17,Low volatility,312939.24477987026,365283.24985743745,395471.89841262286,425021.6394091145,470593.17755044496
2027-06-18,Low volatility,312436.803384943,365053.89467165875,395897.4681110183,425276.2821679533,470069.26748477074
2027-06-21,Low volatility,314016.96256736334,365662.9796173719,396077.4663406081,425700.5135832101,470499.22225933394
2027-06-22,Low volatility,314179.49803926,365924.76654916146,396438.7086409018,426357.9716796051,470193.46369421255
2027-06-23,Low volatility,314233.6507487658,365977.00347696437,396692.4992740639,426543.68551095756,471340.0108221226
2027-06-24,Low volatility,313909.32798206445,366107.0904537251,397093.6112563362,427045.9794458614,471308.54043708974
2027-06-25,Low volatility,313766.1078202998,366617.76453487674,397322.82958319853,427643.50740577077,471633.1685497978
2027-06-28,Low volatility,314111.425015541,366679.2920438545,397555.04796676966,427991.997871921,471880.50604207936
2027-06-29,Low volatility,314610.4559496092,366930.65081083047,398127.52494022594,428345.25805705815,472761.02779421746
2027-06-30,Low volatility,313726.7631799303,366694.75346114964,397873.0818760271,428403.2182654734,473126.6136984
2027-07-01,Low volatility,314170.90527049766,366741.06818665785,398512.49784440873,428772.51360394375,473627.9027784899
2027-07-02,Low volatility,314315.0255917505,367204.5147612453,398477.09906188294,429352.1218461469,474609.6971680031
2027-07-05,Low volatility,314056.94475207356,367483.9758957324,398736.86624236254,429206.62150160334,475558.7028879587
2027-07-06,Low volatility,314132.4337290353,367309.58865150943,399000.7806331677,429705.3711559214,475593.17561502417
2027-07-07,Low volatility,313757.2032367415,367318.6514656702,399234.4499142745,430297.76087983255,476022.5256552699
2027-07-08,Low volatility,314401.44040574785,367700.81801257044,399142.39297138836,430551.0520428269,476665.6767522616
2027-07-09,Low volatility,314599.88645094965,367802.1300928888,399735.516621139,431236.2642334011,476975.1696098944
2027-07-12,Low volatility,314505.9188816614,368066.16916411236,400194.0884383009,431534.25292619446,477096.6978213376
2027-07-13,Low volatility,314447.346947098,368345.1430738038,400532.57828803366,432285.49643442803,477448.0634615138
2027-07-14,Low volatility,314234.44996457937,368592.42058120045,401011.47353880777,432295.6149731029,478142.4571581025
2027-07-15,Low volatility,314885.9591733358,368558.2083578987,401379.8260470046,432814.3374534249,478838.56243510835
2027-07-16,Low volatility,313955.3249381355,368708.6323945245,401303.3441232696,432703.4047074281,479853.32047875423
2027-07-19,Low volatility,313927.3774214612,369063.16249186726,401569.1927952771,432913.26153411204,480240.1925014908
2027-07-20,Low volatility,314148.0302449305,369372.0685659507,401592.2211272217,433417.1641395986,480091.5209862204
2027-07-21,Low volatility,313904.7314179795,369490.050983113,401985.9403469544,433437.4111284532,481142.2360356729
2027-07-22,Low volatility,314999.13894882763,369431.44580224424,401948.18820523773,434237.4270113837,480804.19090773544
2027-07-23,Low volatility,314816.5771494815,369590.74533394905,402289.89751559746,434193.61972156714,481237.78949621465
2027-07-26,Low volatility,314965.7325148692,369599.4316861991,402559.27609572664,435046.1258644429,481320.24426931434
2027-07-27,Low volatility,314584.2480753348,369422.79885416635,403019.91042246856,435112.1080449474,481465.50254694413
2027-07-28,Low volatility,314151.3104792493,370228.6784490155,403141.12198400963,435204.2194682118,481847.8253578754
2027-07-29,Low volatility,314245.6685013898,370343.80002697266,403354.7114111286,435429.7554251669,482711.63382786623
2027-07-30,Low volatility,314380.0071835946,370690.172399331,403720.1614641893,436412.98255529633,482806.8864775321
2027-08-02,Low volatility,314452.4424029323,370745.40295361,404139.80966224516,436208.7123190835,483217.66085814487
2027-08-03,Low volatility,314465.36526212655,370461.8869489402,404197.85711842944,436725.61944668286,484279.8718069102
2027-08-04,Low volatility,314951.5735069833,370738.10397784796,404744.0463069646,437201.12868073944,484519.3366981184
2027-08-05,Low volatility,315238.6155114646,370763.32695794135,404891.71369714144,437810.244796011,485411.82303893164
2027-08-06,Low volatility,315364.70256752765,371067.2304327027,404971.6000927459,437948.11356266437,485535.2765609211
2027-08-09,Low volatility,315865.99126408994,371195.3437166074,405246.1937179424,438328.32017362607,486512.70921970357
2027-08-10,Low volatility,315224.61247071135,371954.3992966328,405305.9707981434,438757.3393135244,486475.4547429573
2027-08-11,Low volatility,315624.96620095905,371890.2077678244,405721.0063618735,438911.6979805976,487231.4450094296
2027-08-12,Low volatility,315530.56381661,371908.6435393876,405963.34096831206,438947.377935098,487718.7339018024
2027-08-13,Low volatility,315862.01377084426,372010.72056381626,406423.2701372657,440016.11006720836,487685.1250236968
2027-08-16,Low volatility,315612.1447949303,372320.494483439,406827.7325902226,440304.89660105744,488910.36509142775
2027-08-17,Low volatility,315621.98488740186,372541.6422600418,407135.1109511558,440169.49168199376,489664.16437484504
2027-08-18,Low volatility,315878.26447592,372809.52093122003,407305.7482970143,440300.91268320585,490637.5958285176
2027-08-19,Low volatility,316894.6722820247,373182.2070744549,407589.36569546245,441379.3331613086,491166.4903043792
2027-08-20,Low volatility,315692.6794379599,373533.8895051711,408086.6870773443,441401.17509405257,491802.1703352342
2027-08-23,Low volatility,315912.79754517385,373596.29115678754,408333.55661662394,441792.895464461,492492.38453457423
2027-08-24,Low volatility,315505.853715205,374304.87940427125,408362.08638684964,442243.82476615795,492585.621062804
2027-08-25,Low volatility,316033.2153058556,374675.2961410691,409123.10717745096,442588.29720961273,493070.55808060896
2027-08-26,Low volatility,316286.7406922449,374914.36137623026,409167.9669871341,442777.87865460315,493540.20702241367
2027-08-27,Low volatility,316685.1990574294,375110.1904945439,409223.20642710116,442833.1453283803,494725.9578603579
2027-08-30,Low volatility,317517.70878501044,375203.81177141034,409661.9123855595,442877.13339081255,494507.5026525271
2027-08-31,Low volatility,316946.7778945843,375346.16127990023,410000.51630856364,442660.3437557147,495874.2055393826
2027-09-01,Low volatility,316660.06677303766,375035.8303444612,409960.02830866585,443079.8390615735,495518.77234200115
2027-09-02,Low volatility,315644.55926271196,375706.11612647015,410390.6184435296,443751.92903259746,496076.85506717325
2027-09-03,Low volatility,316907.97764705744,375881.7370658251,410440.4473292342,444271.24283824104,496896.22331626614
2027-09-06,Low volatility,316824.52176492184,375997.61225750565,410784.81353534485,444739.5950764874,496345.85052284965
2027-09-07,Low volatility,316450.61264551134,376324.3725196668,411239.2418354501,444892.3193340446,496550.4422026897
2027-09-08,Low volatility,317208.7419415497,376715.7154899578,411344.5775133376,444758.8101685245,497997.36383706535
2027-09-09,Low volatility,317024.2496209604,377115.88103454607,411551.5193560519,445072.6639623008,498898.1914689394
2027-09-10,Low volatility,317494.6058228069,376792.3335992457,411416.9387976232,445668.4846942308,499569.7237409745
2027-09-13,Low volatility,317289.10296101845,377268.4813844269,411651.82750106364,446094.22655305645,499731.4418768962
2027-09-14,Low volatility,316626.4155118669,377360.41300517006,412019.6034675478,446672.1120180637,500471.0600569781
2027-09-15,Low volatility,316355.95433354634,377500.6179733959,412528.6704909854,446777.3117018894,500961.5825604256
2027-09-16,Low volatility,316281.9054432473,377058.22649725643,413296.0709760577,447098.8373158526,501249.10714493017
2027-09-17,Low volatility,317117.8502788796,377419.78713386983,413194.50159866863,447440.5130331988,501818.4946406437
2027-09-20,Low volatility,317078.43147626205,377401.0849720419,412926.94423750555,447967.10288168734,502240.6272901945
2027-09-21,Low volatility,318425.3929554207,378121.1528640213,412947.65992203314,448399.83884360234,503286.80786813836
2027-09-22,Low volatility,317490.779065043,378267.04246007465,413694.1250514723,448661.2175416877,504034.7294942972
2027-09-23,Low volatility,318063.1681091225,378371.2746279728,413753.4401358399,449247.33048065286,503983.0221867688
2027-09-24,Low volatility,317528.50795953587,378259.7056924663,413928.9474938684,449166.89469497325,504754.86926943134
2027-09-27,Low volatility,318502.35562607273,378959.66729556356,414478.04991548887,450435.8260808914,505253.9791831052
2027-09-28,Low volatility,318445.86555182113,379175.01135522296,415164.18390537845,450913.3652619126,506758.78784973593
2027-09-29,Low volatility,318096.73567646596,378986.2807766839,414700.7573694028,450498.04814181285,507874.815528956
2027-09-30,Low volatility,317938.46858020005,379381.974370221,415353.6380191559,450691.4498629733,507862.2104888843
2027-10-01,Low volatility,318645.39013427816,379498.113469625,415530.212904998,451059.0331706093,507173.4427965642
2027-10-04,Low volatility,318394.2159081188,379802.6117841473,415929.82301043055,452032.8491904325,508349.4919915713
2027-10-05,Low volatility,317732.0916054248,380194.97425619885,415841.16431428294,452252.85330669634,509175.1869497982
2027-10-06,Low volatility,317281.8384721781,380433.60603112227,416448.4770723849,452479.7197231054,509144.88552927
2027-10-07,Low volatility,317308.66147647623,380539.91072851577,416810.662854804,452310.39186632185,509621.4915066988
2027-10-08,Low volatility,317460.8083810252,380386.09854640247,416888.4607349534,453108.48917350837,510525.13636621257
2027-10-11,Low volatility,317145.7891213462,381013.9881726177,417297.907003933,453534.83715581405,511389.39296499046
2027-10-12,Low volatility,317736.9977715476,380958.45577755634,417415.17316983046,454055.03031189437,511738.5473538729
2027-10-13,Low volatility,317896.3517689302,381177.7442982553,417685.6818641388,454599.67025710305,512566.878647419
2027-10-14,Low volatility,317484.0048297692,380827.50406531245,417992.0145230987,454703.3385759779,512285.01590709796
2027-10-15,Low volatility,317723.515160077,380991.37947389064,417654.4146736004,454759.27255371225,513380.54016235564
2027-10-18,Low volatility,317449.7575790978,381235.73830284737,418033.4081193565,454870.2320049478,514290.4185481797
2027-10-19,Low volatility,318299.9269919571,380847.0513808503,418475.51323789934,455644.3536735992,514915.09636392136
2027-10-20,Low volatility,318705.1815382274,381162.7991170753,418672.45591551706,456426.42910396453,514679.0346514814
2027-10-21,Low volatility,318691.2982546597,381414.1694452759,419499.7223017923,457183.0650054729,515519.0116865221
2027-10-22,Low volatility,318270.4332640155,381896.1189558318,419576.89895920345,457132.7173654835,515426.80743214267
2027-10-25,Low volatility,319297.04188710277,382465.9948647176,419792.9840979704,457446.37420409813,516616.1676742315
2027-10-26,Low volatility,319442.97646426107,382383.55636971607,420148.1648655692,457948.63850176794,516568.3883152969
2027-10-27,Low volatility,318963.2066406198,382289.4602834586,420789.7244578135,458530.73374321667,516910.68589075824
2027-10-28,Low volatility,319540.56150101504,382367.0711950491,420871.44307467586,459103.6452068602,517332.299806475
2027-10-29,Low volatility,319112.8059031987,382688.3805911661,420454.9266107003,459165.58649549657,518293.614769858
2027-11-01,Low volatility,320089.5370040122,382502.54294730397,420930.82173892803,459688.5928309552,518554.96177071554
2027-11-02,Low volatility,319871.98762613337,383102.5450659351,420940.3431722615,460484.6102637434,517803.64795869094
2027-11-03,Low volatility,319257.11178078887,383369.3656917826,421543.06932837766,460869.58012066106,518992.8937318049
2027-11-04,Low volatility,319890.5279735944,383366.14027899643,421590.66853209084,461283.23372379603,520430.792385064
2027-11-05,Low volatility,319254.3872035355,383180.9561241748,422141.362488855,461507.67344990466,521352.22001869715
2027-11-08,Low volatility,318798.69810750464,383679.04634147254,422266.71325316845,462072.2296291146,521519.5233302169
2027-11-09,Low volatility,319564.60383616464,383550.7452727961,422524.1946627221,462421.22467152425,521352.61556920543
2027-11-10,Low volatility,319325.4001139448,383829.21583512286,422308.6076302035,462714.29845070053,522295.68877809803
2027-11-11,Low volatility,320526.012718481,383847.8406646111,422520.6458642549,463099.9065969128,522141.6502306078
2027-11-12,Low volatility,320429.047331114,383452.9299959716,422933.2838252422,463098.59785193566,523586.7875936434
2027-11-15,Low volatility,321201.4492700829,384089.9983633307,423542.3429389806,463568.26855993056,523522.9073558848
2027-11-16,Low volatility,320481.03570287477,384185.0342224436,423838.21996319445,463733.198136386,524314.4261480429
2027-11-17,Low volatility,320504.1755797518,383917.73020576837,424405.93348256004,464387.3897244844,524187.3827770761
2027-11-18,Low volatility,319957.38978903217,384437.7561268336,424304.23581481836,464436.42275476165,525267.2257200592
2027-11-19,Low volatility,320667.2441336935,384498.57039284636,424743.4675777792,465317.1580629159,525744.4819673656
2027-11-22,Low volatility,321614.1712382351,384864.777434388,425202.0753820713,465279.9893870677,525620.0208064552
2027-11-23,Low volatility,320963.47974375717,384752.2599129927,425428.5982356986,465374.2393145985,525830.9410860277
2027-11-24,Low volatility,321064.7397694477,385118.5236926681,425284.8510814402,465984.0772921567,527005.8161964234
2027-11-25,Low volatility,321372.1611791579,385434.09454892686,425414.9717374296,466944.3140475356,527899.0778969784
2027-11-26,Low volatility,321153.538536572,385175.11854866205,425649.35800576187,467449.37335752894,528270.0743114172
2027-11-29,Low volatility,321355.6648288592,385919.7670548593,426045.3297809142,467896.8285384823,528973.3560777396
2027-11-30,Low volatility,321251.642543036,385845.3164174351,426238.40669975657,467904.0921563329,529533.9841500145
2027-12-01,Low volatility,321679.778192876,386202.835549015,426724.99084333034,468330.5219730985,530734.0544673438
2027-12-02,Low volatility,321634.09807027504,386352.6142794292,427116.5672845668,468971.1597802043,531220.2547530583
2027-12-03,Low volatility,322150.2930289504,386381.9378831553,426997.6913651057,469707.4269224724,531846.6169112154
2027-12-06,Low volatility,322503.9440521861,386610.19506423234,427102.39404189656,469559.8420020838,532650.505691309
2027-12-07,Low volatility,321782.1679055913,386822.1688371718,427267.807283018,469336.27550745325,533208.2322716983
2027-12-08,Low volatility,321365.4450441319,387490.4308730293,427756.61000527197,470024.4452828399,532961.5627805592
2027-12-09,Low volatility,321977.5059852438,387267.8925829941,428263.9044595304,469796.0335283688,533829.0677589485
2027-12-10,Low volatility,321869.2782145701,387340.9997231051,428566.7582704922,470448.8994781949,535105.4411877869
2027-12-13,Low volatility,323187.3750597605,387708.6738745917,428511.5852227878,470450.6360181975,535681.8957859582
2027-12-14,Low volatility,322956.66622514284,387609.05626561877,428647.97750208806,470698.817052888,536418.7773822324
2027-12-15,Low volatility,323718.99029130326,388063.3577277687,428953.0781883226,470546.55765167135,536922.4863945278
2027-12-16,Low volatility,323416.03558085766,388123.9583565502,429187.7227019432,470851.1212051187,537747.1171290247
2027-12-17,Low volatility,323816.00607431727,388032.8047714892,429857.2086921432,471637.6111078049,537810.0845126938
2027-12-20,Low volatility,323971.3938025141,388065.01128298324,430205.10092224664,471964.8503172846,538232.2428290737
2027-12-21,Low volatility,323618.8668245307,388421.37125094084,430918.8355760296,472166.1337676239,538956.7942646379
2027-12-22,Low volatility,323894.97529141186,388759.1828738883,430309.12329439784,472567.0877690969,539511.3273941876
2027-12-23,Low volatility,323058.76447621273,388905.46169475815,430815.68692270457,472667.5295889954,540456.7660374909
2027-12-24,Low volatility,322926.55802483804,389705.9495425055,431285.4744251758,473397.69986830076,539797.4862605981
2027-12-27,Low volatility,323875.48923225235,389570.42055041785,431452.7845246133,474199.58657053625,541147.4093646931
2027-12-28,Low volatility,324803.6229167396,389785.7587467277,431772.321557243,474837.1472739967,542050.1855611391
2027-12-29,Low volatility,324212.1556914558,389614.3307500084,432028.1335427152,475213.3288612092,541801.2079711781
2027-12-30,Low volatility,324435.26699622435,390164.0070276976,432313.38530836545,475003.66660894593,542401.9667651646
2027-12-31,Low volatility,324274.91755175404,390135.6823960211,432265.7188885901,475548.4366844748,543627.6339396727
2028-01-03,Low volatility,324663.3585349538,390477.1612023254,432824.1180418653,476551.59962452715,544276.3127154479
2028-01-04,Low volatility,325023.23267483443,390587.1703205991,432521.5179432358,477141.23750054964,544940.5803790335
2028-01-05,Low volatility,325791.274583382,390342.5460046785,432766.87351113046,477091.2386160792,544895.5260286941
2028-01-06,Low volatility,325526.49151932215,390946.0655841585,433126.0274083778,477596.52828798944,545053.0197664975
2028-01-07,Low volatility,324758.6535583023,391048.5008407481,433329.4633242625,477991.88578291476,544912.5951976392
2028-01-10,Low volatility,325572.61656088935,390767.6222463049,433624.1681126378,478367.2434639923,546205.390789734
2028-01-11,Low volatility,325769.3478010003,391330.88544889493,434013.2040773761,479223.14159137674,547670.2778759369
2028-01-12,Low volatility,325872.2187696779,391634.17697960755,434163.6567676415,479285.6056921433,548854.2631632027
2028-01-13,Low volatility,325826.210712592,391802.97876827815,434740.0817416634,479819.3380894342,549135.287223071
2028-01-14,Low volatility,325890.9050523133,392536.2567617175,435140.23488291004,479961.15125326,550301.1410064531
2028-01-17,Low volatility,325622.9842073711,393124.7750089197,435875.8672628257,480618.6731860712,551028.5801026156
2028-01-18,Low volatility,325486.44381244946,393219.26772893564,436491.50494346395,481278.74837609637,551954.2306334936
2028-01-19,Low volatility,325684.23362563195,393162.45992595644,436760.11201612715,481478.8677326811,553405.9398045967
2028-01-20,Low volatility,325985.9764227133,392980.22053466836,436540.3075488694,482248.51227368286,553052.5244165307
2028-01-21,Low volatility,326003.3505123877,393439.74785691337,437109.9527965408,481795.88795380987,553234.8603307966
2028-01-24,Low volatility,326623.62442382117,393905.2129804479,436862.7090901467,482494.5291553813,554656.1518179198
2028-01-25,Low volatility,326981.7339696423,393693.5579016943,437199.4624264473,482907.8672634226,555180.4125526901
2028-01-26,Low volatility,326812.4800280988,393942.3991737118,437509.2372978979,483283.8974458001,554375.5473878493
2028-01-27,Low volatility,327309.1995193448,394358.3217590315,437842.30674176104,483186.46654957515,555596.3837797361
2028-01-28,Low volatility,326435.6899026961,394090.7971468014,438010.8901494487,483754.8450605128,555653.8798838203
2028-01-31,Low volatility,326647.0287035175,393969.78441701946,438451.296203724,483908.4124234366,556404.2266094099
2028-02-01,Low volatility,327157.6944326008,394312.4947931875,439001.33823096915,484395.9389489415,556665.0298068614
2028-02-02,Low volatility,326822.64414255565,394544.01932531106,439478.9944424762,484699.4592658564,557246.8397871814
2028-02-03,Low volatility,327057.07484447805,395212.0593719543,439777.8198297275,484913.6437774698,558485.6106189566
2028-02-04,Low volatility,327935.80345972703,395373.8809774198,439800.7705205403,485075.90962946496,558274.1210627605
2028-02-07,Low volatility,328163.0638090617,395625.44617454766,440223.8153641862,485913.60765936854,558989.243121349
2028-02-08,Low volatility,328354.347752742,395542.8052202247,440511.3223019833,485835.1253172669,560649.6299501742
2028-02-09,Low volatility,327346.1383868741,395917.2654269083,440803.5800639282,486124.04675550037,561412.0625796498
2028-02-10,Low volatility,327867.06659037987,396184.5513696139,440741.9797351655,486632.09756779834,560722.823220238
2028-02-11,Low volatility,327364.0904274985,396477.61636800185,441494.5464954525,486687.2961139005,560273.345554682
2028-02-14,Low volatility,328294.9571393139,396831.88458359824,441860.0920180835,487323.7475265012,561194.2168906375
2028-02-15,Low volatility,328501.7156190825,397090.70472090074,442039.88852533046,487856.94317015476,562966.7867825243
2028-02-16,Low volatility,327727.26169793407,396709.3126547736,442212.28827602323,487643.99010902696,562517.0799807631
2028-02-17,Low volatility,327529.0596570321,396610.249991749,442935.6592633546,488361.38506641996,563609.4587454537
2028-02-18,Low volatility,327908.01410063286,397133.2676867843,443023.90757834585,488611.3071173565,563243.8400416075
2028-02-21,Low volatility,328579.08532287396,397253.6199684002,443120.67621239834,489171.4304647668,565378.6542981542
2028-02-22,Low volatility,328852.7957983255,397680.3713330651,443602.1750500308,489462.3062048898,565046.3292980796
2028-02-23,Low volatility,328973.8965005442,397870.141530793,444256.00934281014,489781.26251056616,565430.6456238694
2028-02-24,Low volatility,328542.90731120895,397966.56675096805,444533.9333503441,490287.8864288342,566116.9071165884
2028-02-25,Low volatility,329376.66867179086,397977.1292623383,445203.58904162096,490486.4943810228,567376.5003812029
2028-02-28,Low volatility,328068.9678479648,398152.30004202743,445162.60982926865,490935.72062500805,567402.0233489423
2028-02-29,Low volatility,328798.74756946025,399070.63743506523,445255.0347074383,490969.0480483082,568740.299380507
2028-03-01,Low volatility,328526.4861593624,399007.4064442729,445529.4246052234,491105.8299282924,569200.9435078963
2028-03-02,Low volatility,329349.9657354025,399085.5496790477,446015.74431202165,492509.47706573247,568187.2645090559
2028-03-03,Low volatility,328441.7317953239,399254.90143495117,446037.6796991315,493091.89428960904,569180.9468248622
2028-03-06,Low volatility,328910.77220487274,399319.64257619926,446706.34490650205,493030.21133283846,570225.6479125734
2028-03-07,Low volatility,328740.7642291006,399599.3024638872,447029.39280798053,493210.3082849415,571050.7668111321
2028-03-08,Low volatility,329015.8856859283,399666.58908688865,446905.2544171512,494206.7076883726,570802.7375903184
2028-03-09,Low volatility,328131.6251954502,399930.2001519513,446865.8048888522,495178.5577419738,571997.6033445094
2028-03-10,Low volatility,328555.4934805044,399872.06577777216,447559.2777352481,495270.1381252628,572393.1920637981
2028-03-13,Low volatility,329086.4969078669,400261.1237680372,447725.8227553464,496008.90614938637,572417.5614443853
2028-03-14,Low volatility,328773.8176309701,400450.5802908776,448313.71626310353,496907.3711772232,572641.5568384378
2028-03-15,Low volatility,328345.727941687,400598.8900849414,448763.54204456974,497306.0567369502,572078.1380175143
2028-03-16,Low volatility,328626.96518064797,401296.4642164368,449214.9903476078,497615.72335140995,573382.1285850207
2028-03-17,Low volatility,329627.1981335699,400859.3809978283,449268.4961433634,497735.681566155,573333.0040723329
2028-03-20,Low volatility,329242.7275863654,400959.2101629773,449639.18175600306,498105.14564287325,574534.1732692788
2028-03-21,Low volatility,328757.97878418915,401198.110515233,449951.3406946344,498125.7013058525,574776.9476595696
2028-03-22,Low volatility,329027.1227321804,400996.1964662068,449905.7478691443,498502.03279653203,576261.7814088012
2028-03-23,Low volatility,328288.96826859255,401434.1314169045,450055.77609154105,498926.1273390183,577437.8646433151
2028-03-24,Low volatility,328280.7086724076,401754.84812068316,450475.80723766756,499464.41797736404,577837.282987799
2028-03-27,Low volatility,328877.9233599579,402165.9825769492,450770.54130490613,499305.64249571576,578022.3789381686
2028-03-28,Low volatility,328338.5015628051,402221.7143072328,450361.0648873887,499906.50700178684,579327.3406392517
2028-03-29,Low volatility,328537.4505960263,402862.12942079623,451029.3144266988,500455.5021994271,579847.2919842002
2028-03-30,Low volatility,327977.19286265195,402569.9207094161,451355.959317347,501302.8833319956,579024.9283173904
2028-03-31,Low volatility,328276.67524145474,403338.0153121453,451569.64878136234,501338.39793042606,579528.109324239
2028-04-03,Low volatility,328369.2049136196,403091.71248905687,451950.28103328124,501406.0433689015,580241.7157746869
2028-04-04,Low volatility,328640.2705651667,402930.93199773954,452661.5271022796,501786.52683636546,580315.7083206122
2028-04-05,Low volatility,328552.70267394884,403348.10211181507,452367.00665292726,502183.6087957609,581798.2666565025
2028-04-06,Low volatility,329258.6968607044,403661.201457051,452997.2435476738,502906.75192840386,584148.2059606245
2028-04-07,Low volatility,328482.3604522487,404390.20376311184,453417.83037906024,503451.8459454563,583747.0957214453
2028-04-10,Low volatility,328918.0752301132,404481.6246078343,453685.0938973146,503723.18716260744,583909.3687151278
2028-04-11,Low volatility,328515.20038826106,404929.4736247842,453907.93893478415,504092.0001942841,585449.7606063104
2028-04-12,Low volatility,328283.43954659085,404523.64282858226,454400.18446828204,504366.88266883977,585990.441364429
2028-04-13,Low volatility,329741.8271026197,405007.1769546146,454422.5680806266,504417.7878646612,586890.5950289208
2028-04-14,Low volatility,329738.8227409381,405380.836174228,454898.09948973905,505080.71069285483,587155.8206617133
2028-04-17,Low volatility,329966.97937485756,405549.6327360937,455112.86916765803,505500.1497846751,587884.4798832338
2028-04-18,Low volatility,330960.2162636769,405919.93145141465,455718.381767438,505760.8327540762,587305.55469093
2028-04-19,Low volatility,330931.02033711027,406228.64443202846,455958.3936757234,506538.31620364246,588811.2553981957
2028-04-20,Low volatility,329956.38370153296,405684.4645381957,456580.95368243055,507058.5646814761,589194.3895307438
2028-04-21,Low volatility,331093.28987553046,405904.4510885654,456097.7510527542,507660.4817372707,590284.6381550092
2028-04-24,Low volatility,331443.9054654422,405879.43750099564,456217.3835941094,507955.3974883748,591331.3342966774
2028-04-25,Low volatility,330571.08682861587,406621.0124622532,456862.31112524745,508291.4195441629,590632.8077920668
2028-04-26,Low volatility,331057.6470624492,406435.40677913104,457091.4536452938,509446.642933568,591502.5490437337
2028-04-27,Low volatility,329921.54114010563,407154.572882712,457560.5096842231,509492.4681064026,592532.7258875706
2028-04-28,Low volatility,330311.1397871169,406806.24795335927,457597.5999045427,509746.56940194103,592786.8813461323
2028-05-01,Low volatility,330928.3692123547,406886.78942141077,457831.4072057222,509794.98452221346,592429.0337206566
2028-05-02,Low volatility,330657.30612064584,407203.7283342531,458488.73344445316,510169.26127259276,592990.1128698527
2028-05-03,Low volatility,331419.71460191323,406951.11957045004,458355.83405153384,511348.7150815727,593562.5812421747
2028-05-04,Low volatility,331300.5742989148,407873.8903763165,458387.6252781451,511900.8459668533,594359.9514051026
2028-05-05,Low volatility,330591.3094330789,408274.1900795255,459104.4571159661,511544.5456508252,595535.0166448763
2028-05-08,Low volatility,331788.24838594603,408343.8775303969,459511.47393659176,511402.0161308299,596564.8518293351
2028-05-09,Low volatility,331669.74348989123,408042.60342759517,459868.2243798423,511903.3390489249,597453.1090632667
2028-05-10,Low volatility,331589.34980546735,408299.11142330756,459933.8386436248,512317.9344185344,597824.3107099456
2028-05-11,Low volatility,331532.5837118732,408018.01995955524,459660.41582390806,513256.7357688535,597993.7298495858
2028-05-12,Low volatility,331985.0388707548,408267.08812390856,460129.55555355875,513605.7170699766,597768.5041096592
2028-05-15,Low volatility,332668.1414416824,408799.9687225558,460213.6648889299,514092.111976202,597428.2291007405
2028-05-16,Low volatility,332028.41646494437,408452.72067664843,460785.8315755987,514111.98409533285,597754.1954628009
2028-05-17,Low volatility,332080.97267948644,408552.7940787206,461333.19360094145,514441.65120733576,599234.2349732113
2028-05-18,Low volatility,331861.83253203274,409203.0035765243,461575.1847638104,514772.4275535304,599343.7903277543
2028-05-19,Low volatility,331421.56474328996,409328.80991694,461978.88490000484,515007.1633062139,599313.502397797
2028-05-22,Low volatility,331371.6490878433,410031.4181431366,462454.3474962476,516293.21071348625,600610.3954868623
2028-05-23,Low volatility,331851.593940362,410626.30687940476,462435.1161757085,516535.26584867097,601071.536850794
2028-05-24,Low volatility,331558.4614027119,410425.5344718736,462586.36687951395,517094.2271120348,601734.2294492109
2028-05-25,Low volatility,331310.1729741381,411273.7559160885,463119.7077968015,517737.3883836111,600822.6205375221
2028-05-26,Low volatility,332254.82346969104,410971.6372873541,463493.8376573655,518232.07039640815,600775.1406978413
2028-05-29,Low volatility,332245.77920533466,411563.7955032509,463317.8756879674,518672.3380860734,601648.1095705124
2028-05-30,Low volatility,332398.97648095473,411326.33069112437,463687.60222805606,518079.81895311817,601047.069062904
2028-05-31,Low volatility,332392.9004213956,411941.45160361845,464275.7567166417,518834.79054413247,603381.4327396539
2028-06-01,Low volatility,332347.0537406693,411777.1711768408,464357.5097354058,519256.3036285133,603379.0390589698
2028-06-02,Low volatility,331556.36827787565,412378.55305133783,464556.9069095343,519623.02283182857,604854.3274041141
2028-06-05,Low volatility,333543.79505347635,412624.66621953587,465164.76983566687,519465.4384164567,605361.8527556931
2028-06-06,Low volatility,333790.4268213968,413382.4338424802,465488.8000296392,519798.0711671412,606273.0882930895
2028-06-07,Low volatility,333526.26755160844,413069.5285530519,465617.8259349809,520372.70931113564,607168.283586055
2028-06-08,Low volatility,333289.74207456096,413018.9914693597,465884.8632833243,520694.3998485126,608075.6675893444
2028-06-09,Low volatility,333387.81089336594,413348.1159347124,466138.7269571355,521343.34585453756,608511.5818435915
2028-06-12,Low volatility,333405.97070959857,413581.4704298475,466952.4892645963,521669.3649867067,609109.6909780696
2028-06-13,Low volatility,333548.0696446521,413809.1306888348,467033.51357399125,522004.29756721406,610226.3581745423
2028-06-14,Low volatility,334787.3467895022,413721.88720629446,467490.95946212613,522561.92508592206,610553.0295153876
2028-06-15,Low volatility,335130.2587592989,413818.46904666803,467826.828446177,523263.1196600242,611527.4095685197
2028-06-16,Low volatility,335055.36141592904,414375.1840453289,468176.84062831796,523349.70091898245,612717.9436226363
2028-06-19,Low volatility,335270.77226904413,414520.36330250575,468009.5834113085,523706.6300680987,612891.1721162924
2028-06-20,Low volatility,335273.55234932806,414567.07750786305,468390.4097401074,524512.4694759368,614154.473546693
2028-06-21,Low volatility,336121.67773111793,414668.1232508827,468118.21251788666,525095.3081154987,614379.9328274436
2028-06-22,Low volatility,335603.00902215193,414685.1735645139,468927.87885393214,524866.7003480725,616289.5661923225
2028-06-23,Low volatility,336418.4544338792,414901.40980625106,468863.9921540457,525307.8678513877,616182.6860534243
2028-06-26,Low volatility,336181.5386328313,414674.9479253239,469450.32140408363,525838.698784392,617285.6235216808
2028-06-27,Low volatility,336039.47592548747,415209.03010382236,469625.39688790357,526098.7481701273,617593.5405816901
2028-06-28,Low volatility,335997.0448815485,415361.2857914776,469712.6654270345,526440.0429976033,618408.1409661395
2028-06-29,Low volatility,336198.1237123121,415768.25065071695,469794.4885082354,526751.4917743234,617875.2036884082
2028-06-30,Low volatility,335528.11377942277,416033.44940926926,470152.4684152716,527466.6710991769,618264.7380828379
2028-07-03,Low volatility,335869.475329163,416620.46759628557,470740.53778488626,527994.528250965,619183.8470294464
2028-07-04,Low volatility,335312.95562398835,417018.0198166501,470697.36921104434,528241.5231462816,620951.4484777069
2028-07-05,Low volatility,335362.54946822487,416383.6272407879,471109.8036951894,528956.3962300515,621673.8717667008
2028-07-06,Low volatility,336605.74375656736,416611.52217525756,471247.83405159274,528635.6790044769,621618.0304745985
2028-07-07,Low volatility,335313.3612236817,416623.6697925845,471546.2922507856,529290.5791742266,622691.540746419
2028-07-10,Low volatility,335575.5462292798,417029.1534811405,471839.8083525036,529217.0016736076,622021.7003805464
2028-07-11,Low volatility,335734.73374599003,417302.16687920387,472403.75469056895,529708.6965160838,623418.9511570839
2028-07-12,Low volatility,335582.7973152893,417512.1463828031,472559.8598390982,530465.4891016809,624818.0068789355
2028-07-13,Low volatility,336060.6696795368,417710.83751546685,472629.8210635034,530697.8627497235,625584.0879747538
2028-07-14,Low volatility,336294.29354407114,417740.0531025548,473528.0316788753,531250.0064097759,625563.4437348101
2028-07-17,Low volatility,336579.99673509004,418133.96150788874,473534.0441277534,531384.1188015497,626194.0445334777
2028-07-18,Low volatility,336761.8555539743,418830.55992185767,473506.77205183613,531806.1147673435,626742.0921021121
2028-07-19,Low volatility,336995.140525153,419177.945437488,473769.9611867635,532109.2918683619,627610.7354550534
2028-07-20,Low volatility,337705.3092426555,419024.46091519686,474272.19940527534,532755.5991566371,627232.1356145049
2028-07-21,Low volatility,337951.57803855534,419254.17622932774,474420.4736164608,533502.7857121555,627305.3870223141
2028-07-24,Low volatility,338247.94087206305,419050.85925706127,474933.96508548793,533711.436135174,629704.4701643421
2028-07-25,Low volatility,338544.8940200699,419378.96406604943,475330.86425723805,533508.1085208114,631067.138058695
2028-07-26,Low volatility,338849.023044578,419739.4877593325,475479.79066685424,534234.9541170084,631860.9762383696
2028-07-27,Low volatility,338223.2834785192,419827.21753906563,475651.6852665307,534797.8073970387,632627.6291817216
2028-07-28,Low volatility,338944.89981632546,420145.91064731404,475899.25181042386,534481.8999124855,632805.3817336777
2028-07-31,Low volatility,338980.2652017756,420085.2859927383,476313.71374927886,534738.7531630946,632229.3555482724
2028-08-01,Low volatility,339331.3503388006,419465.7657555772,477132.3367602505,536408.7602811562,631769.934389989
2028-08-02,Low volatility,338675.9204227146,420704.4798545196,477109.7711631601,536010.4127944836,632840.8852686476
2028-08-03,Low volatility,338331.96851576224,420367.00939905876,477494.8972777867,536412.3059567797,633568.7056231841
2028-08-04,Low volatility,338933.1291134965,420328.4656358247,477745.8397032787,537008.924184185,633008.4366402037
2028-08-07,Low volatility,339018.606518569,420468.17879553756,477350.3772056601,538263.2359342049,635981.3554242885
2028-08-08,Low volatility,337803.5358094286,420551.5290925681,477556.9113078143,538611.8991236587,636718.4129945445
2028-08-09,Low volatility,339047.38394613646,420949.3963387422,478017.7202437044,538395.6825938453,637370.9462453395
2028-08-10,Low volatility,339028.6457627109,421360.2655133503,478793.45749618264,539047.5379279415,638311.9218548615
2028-08-11,Low volatility,338482.90645397716,421521.05759170325,478927.807308179,539743.5924437408,637297.5436392775
2028-08-14,Low volatility,337955.04223036824,420388.13762296736,479575.96181710914,539904.0052870478,638389.2825443114
2028-08-15,Low volatility,338230.2151907075,420415.1749037447,479955.70488491154,540505.6899431857,639587.5829278432
2028-08-16,Low volatility,337183.008245711,420708.05816818867,480039.4291002589,540460.3125596344,638471.3052031469
2028-08-17,Low volatility,338815.0956962329,421148.61511653085,480686.2122567145,541543.3917841834,640155.4266141731
2028-08-18,Low volatility,338886.34634769004,422249.1838367075,480895.322175144,542076.1281418133,641015.9602846167
2028-08-21,Low volatility,339084.74681199016,422287.8986255174,481103.19537218567,542289.2408529342,642296.0176178976
2028-08-22,Low volatility,339394.2136893288,422602.02000956086,481372.4612077958,542523.3472200467,642946.2512739663
2028-08-23,Low volatility,339199.49467321637,423257.13231569395,481640.2000561646,543284.5901018626,643957.4791595453
2028-08-24,Low volatility,340883.29009569605,423581.3268882224,481942.52969789563,543407.4581483335,643601.4245708003
2028-08-25,Low volatility,340441.6328661327,423148.2109139819,482636.76763820194,544275.6045740615,643980.9345348984
2028-08-28,Low volatility,340142.32718549017,423357.8012870107,483122.64396932983,544472.6660711009,645452.2521320474
2028-08-29,Low volatility,339628.2591748479,423786.9843786519,483371.0450337507,545770.5339922172,646601.4461114752
2028-08-30,Low volatility,340290.9546732223,423892.2528543576,483374.52788244386,545208.3987427137,647337.086785816
2028-08-31,Low volatility,341232.48647306615,423527.94890560606,484187.2289099519,545738.8636729398,649167.5083216741
2028-09-01,Low volatility,341767.75695866306,423405.7949840119,484673.2877721776,546177.1603405982,650215.21442622
2028-09-04,Low volatility,341710.2018076085,423015.269514495,484698.5272172009,547724.0598535151,650348.2577544132
2028-09-05,Low volatility,341825.1194465994,423511.9928215834,484871.20247404,546553.9172426441,651437.3148356731
2028-09-06,Low volatility,341288.4710479317,423819.94869441376,485395.0634417695,547191.3482486401,652557.1741158896
2028-09-07,Low volatility,341657.2844185615,424240.01413333375,485464.7074546941,547304.1652019967,652029.8297134389
2028-09-08,Low volatility,342630.4435648034,424963.5432720373,485802.74353217776,547917.8412496564,652072.19482434
2028-09-11,Low volatility,341297.0944218995,425179.3622794224,487072.4819417014,548789.1925227554,652874.9892604153
2028-09-12,Low volatility,341490.2577296056,425696.9162942085,486829.54027074075,549052.8885958428,654426.8313106028
2028-09-13,Low volatility,340999.8625211227,425958.2938293194,486863.3111289131,549691.0461765105,654597.407536669
2028-09-14,Low volatility,341475.51171818207,426227.8505756656,487706.3563839196,549776.2068199222,654675.486665377
2028-09-15,Low volatility,341615.2499391092,426376.2308622808,487395.2960538893,550694.3485397131,655407.6029072374
2028-09-18,Low volatility,343315.0240280963,426330.79911257216,488079.38110429083,550849.4709218412,655524.2466232039
2028-09-19,Low volatility,343155.42431100045,426406.23931563686,488320.5373148223,550843.3048462751,656171.8417519034
2028-09-20,Low volatility,343601.976250103,426717.5816947211,488721.73182279896,551390.9437501886,656958.0974673575
2028-09-21,Low volatility,343521.52344199945,427774.9598431316,489247.3108166217,551554.4277421283,657279.0748728798
2028-09-22,Low volatility,343101.1072009155,427258.80595360685,489154.57758035976,552220.8168268227,657708.7315814298
2028-09-25,Low volatility,343575.53157776507,428037.04086565296,489740.4324289348,552669.1559353487,657149.7246101983
2028-09-26,Low volatility,343608.24998319143,427521.7310155531,489880.3496293341,553084.2220115638,658085.6259769737
2028-09-27,Low volatility,344041.7103343076,427770.9596625326,490659.16779338045,554554.182688999,658451.0480982296
2028-09-28,Low volatility,344594.32011330774,427663.26566503657,489977.66149015125,554440.9677488959,658863.9674465606
2028-09-29,Low volatility,345207.2761027583,427937.9918572932,490200.4463554106,554879.2418950878,659596.2182230544
2028-10-02,Low volatility,345168.67916954437,428334.07564104226,490713.05158085475,555358.1439238531,661123.641192692
2028-10-03,Low volatility,346144.5377021757,428546.8511558003,491284.6895962922,555727.0532294434,660892.3851146576
2028-10-04,Low volatility,346657.075953474,428400.59917377285,491987.04872915405,556282.7587722107,661286.2694284157
2028-10-05,Low volatility,346091.8891122555,428510.1169602139,492007.34041730437,557099.0576304295,662118.0322153567
2028-10-06,Low volatility,345177.0161991654,429172.8069189477,492359.0013001793,557516.016722121,662924.9957911172
2028-10-09,Low volatility,344800.5327514684,429463.29929498065,492294.0471386234,558433.1786972145,662712.8939478048
2028-10-10,Low volatility,345175.5724890723,429654.6890874777,493185.90535370074,558827.1824836477,663369.5828648055
2028-10-11,Low volatility,345606.33736656536,429712.02444393985,493846.74378332414,559567.0608339687,664197.9114574431
2028-10-12,Low volatility,345640.9264914999,430759.05561977904,493979.50556746474,559289.2864837344,664989.7193847793
2028-10-13,Low volatility,346259.65843737824,431006.24997251376,493810.0825025811,560272.5013256293,666519.9867370035
2028-10-16,Low volatility,347176.87539435085,431020.49235823867,494354.7990617561,560410.7056035099,666999.8849486557
2028-10-17,Low volatility,346503.7969789468,430342.46885765553,495285.64609283657,560908.7346682536,667509.491573346
2028-10-18,Low volatility,345987.9940567011,430983.733408289,495332.7997171432,560777.6402939592,668537.53348553
2028-10-19,Low volatility,347522.8640331,431380.1658349533,496276.0567734574,561689.9793652572,668674.4945276005
2028-10-20,Low volatility,347826.3814609077,431861.3844558684,496422.3591363104,562449.5845047402,668249.5854227351
2028-10-23,Low volatility,347992.63291291625,431571.9979265962,496633.40182434174,563124.456488339,669149.054775158
2028-10-24,Low volatility,347693.8792986039,431520.81923815433,496080.09402757895,562461.3921863632,669525.1217608177
2028-10-25,Low volatility,346637.14668272424,431834.1795997443,496767.7057654832,563562.957960635,670655.8795423105
2028-10-26,Low volatility,346977.7890488394,432373.12967921176,497084.8484156644,563455.0383277516,671711.656417635
2028-10-27,Low volatility,346124.45711430383,432195.8049861276,497698.9800636346,564232.3359531687,672638.4037338842
2028-10-30,Low volatility,346486.1859430154,433106.874932954,497653.75212068507,564747.9148992868,672676.5346983657
2028-10-31,Low volatility,346689.6422763211,432609.18075919437,497915.55975237454,564483.8222108509,674131.2076428685
2028-11-01,Low volatility,346548.9658559266,432589.4496868849,498604.00598316,565035.5516218643,674589.989330422
2028-11-02,Low volatility,347696.371123337,433087.0890096598,499193.2864078587,565557.5495338,674140.8002153813
2028-11-03,Low volatility,347261.1192553802,433221.3714487996,499481.78508320963,565425.1730745921,674224.5857517989
2028-11-06,Low volatility,347352.8788714929,433054.7107201357,499988.44603479654,565959.6665055328,675266.7424014418
2028-11-07,Low volatility,347919.70412258507,433282.77982128283,499678.1595605152,566409.2701456817,673303.2104506379
2028-11-08,Low volatility,347541.9454945144,432938.4508652474,499676.7466917647,566675.089587512,675895.7131082494
2028-11-09,Low volatility,347493.5606849229,433434.60363550455,499924.01717207464,567255.1477043993,677848.525092074
2028-11-10,Low volatility,347678.8538916688,433508.50075748266,500332.2248447004,568012.3790829692,679401.3826562593
2028-11-13,Low volatility,347932.22239525756,433719.36071827007,501145.9507217339,568472.2815102211,678146.5134347918
2028-11-14,Low volatility,347042.272142416,434775.2902516286,501606.73502150667,568885.4858691038,679699.9584596219
2028-11-15,Low volatility,347926.2819797843,435395.0794267403,501728.8632407747,569874.0559693817,679273.3710172474
2028-11-16,Low volatility,348132.7931410237,435752.31752156914,502362.6276650508,570310.1663836151,678599.5871582219
2028-11-17,Low volatility,349253.49796739593,435574.50252233195,502377.7261582683,569912.2294319533,679660.7234337181
2028-11-20,Low volatility,349861.45368558425,435675.20712394477,502603.35008339793,571132.951602987,681881.1874076953
2028-11-21,Low volatility,350040.9609349283,436408.6189625739,503002.8599474705,572191.6838227173,683187.0944245772
2028-11-22,Low volatility,349847.9864477297,436328.5174888158,503274.7476403214,572003.7826721861,682640.3995961875
2028-11-23,Low volatility,350334.3664175169,436785.3430649381,503975.9938409447,572247.1296279902,685763.2226705493
2028-11-24,Low volatility,350178.8634500391,436635.6916178958,504369.0004015818,573259.6680790915,686862.7301630644
2028-11-27,Low volatility,350751.042265045,436896.2454928765,505058.2470204984,573775.740258604,686633.4581676942
2028-11-28,Low volatility,350602.7059523829,436707.18343754916,505407.16202164494,574653.7940693144,688039.6811197362
2028-11-29,Low volatility,350451.36364059505,437142.8567291604,505657.90043756925,574793.5858529215,688491.8768440327
2028-11-30,Low volatility,350979.34721227176,437713.19823673373,506195.8948413377,574914.2014999114,687606.1887140573
2028-12-01,Low volatility,350773.2834079129,438507.58831414726,506302.89279488777,574576.0509707024,688161.4403108838
2028-12-04,Low volatility,351777.15909877734,438358.75851856725,506547.59218993806,575353.7753809873,690454.5452252565
2028-12-05,Low volatility,351583.46070241893,438858.2752640993,506795.69548194174,575509.9202754723,692329.30868025
2028-12-06,Low volatility,352410.7999633248,438980.35562226485,507003.08323806117,576519.4615039134,692723.1562375205
2028-12-07,Low volatility,352242.720511309,439352.77252909273,507717.592289094,576340.9023900606,692149.9373022388
2028-12-08,Low volatility,352015.8492013579,439528.38808125537,508009.72234613006,576950.4952266081,694208.362150503
2028-12-11,Low volatility,352526.3127797601,439699.53284315433,507983.90000238235,577406.0282267291,694635.6748673161
2028-12-12,Low volatility,352083.8627073111,439823.9118790458,507389.83926270006,578030.8619159614,695085.3204109294
2028-12-13,Low volatility,352431.8795035859,440337.37502010015,507902.3459097305,578180.7462632394,696077.3073734489
2028-12-14,Low volatility,352821.06035183265,440441.55032164947,507859.7192044942,579734.6209090804,697161.322691461
2028-12-15,Low volatility,353198.9499244931,440450.8497083746,507851.9890376037,579848.5274168272,697486.1642743694
2028-12-18,Low volatility,353117.7926869521,441139.88279020006,508593.3715808602,579794.9836840132,697584.6540675419
2028-12-19,Low volatility,352747.57691694295,441866.58374824,509054.22452528094,580234.1460973105,697474.5710305185
2028-12-20,Low volatility,353823.7785860902,441886.69325649197,509783.3313987188,580831.5602642316,697454.8817010095
2028-12-21,Low volatility,353696.0696085018,442434.6232258914,510017.8075472935,580884.2414059301,697349.223244945
2028-12-22,Low volatility,352653.03510267445,442813.61152481916,510116.87780325965,581268.1386359574,700035.5021473682
2028-12-25,Low volatility,352846.5193874381,443603.5370432627,510484.65114916494,582510.2302759781,700960.2494690529
2028-12-26,Low volatility,352715.551731956,443774.57674169075,510577.20146684773,582920.6366282913,701043.4411488919
2028-12-27,Low volatility,352450.57560174196,443839.9535105643,511818.05072467105,583298.8253181037,701971.9972950185
2028-12-28,Low volatility,353650.73777911445,443414.26320777216,511807.0223935768,584069.7541226462,703686.2724063445
2028-12-29,Low volatility,353722.5562533845,443508.82660624094,512119.4435933976,584512.2749708944,703509.407686396
2029-01-01,Low volatility,353918.810435711,443409.00206812704,511818.737692826,584616.2943116745,703809.070801293
2029-01-02,Low volatility,353836.3892693329,443723.44838851766,512052.1308550158,585620.490868957,705588.5788353767
2029-01-03,Low volatility,353521.41395468713,443896.2097388836,512439.0895795106,586457.3848722344,705301.939475664
2029-01-04,Low volatility,353520.8728384016,444539.6317629155,512517.6462088627,586228.8530613515,706550.2585270309
2029-01-05,Low volatility,354434.8693939407,444669.7143510522,512667.0320150956,586526.1514061209,707522.3529760427
2029-01-08,Low volatility,354324.07507267967,444543.2459044831,513146.28120392514,586713.8472797622,706436.1842640443
2029-01-09,Low volatility,353384.71482777054,444908.7236772672,513681.85611715115,587501.1324993846,709175.8921449346
2029-01-10,Low volatility,354052.80711904546,444271.2193898767,513991.24482606753,587623.6855999909,710121.5263127537
2029-01-11,Low volatility,353999.8551124298,444750.4849454673,514626.76630290353,587541.9343761697,710454.1169874744
2029-01-12,Low volatility,354253.26784624933,445507.61875257955,514733.8918807947,588244.4225536837,710771.3566805242
2029-01-15,Low volatility,355018.4112274379,445269.784356634,515069.96773283463,588664.0305752804,711525.6294587947
2029-01-16,Low volatility,355326.6980558416,445791.4110485082,515519.57686428697,588499.5381057691,711799.4586375628
2029-01-17,Low volatility,355126.04517910175,445633.20674855553,516069.8874530429,589469.7267139858,709519.9405087867
2029-01-18,Low volatility,354557.78487438627,446044.140513796,515785.1706421362,589928.4027920647,712479.6058021643
2029-01-19,Low volatility,355231.78923185176,445994.5940207226,516427.98244668415,590479.8594187881,712821.5286435698
2029-01-22,Low volatility,354504.1543353239,446420.50525401573,517484.4418436677,590315.2164402767,713204.7885564684
2029-01-23,Low volatility,355035.14600853994,446588.9232732689,517575.6987121069,590946.960229416,714112.8663753491
2029-01-24,Low volatility,355001.7866109059,446826.792805435,517769.2715726786,591436.4374299633,714793.3546845132
2029-01-25,Low volatility,354677.69953062636,446765.07369932986,517634.5123559779,590945.4297515112,715810.8737365204
2029-01-26,Low volatility,355332.39066535054,447209.0258022952,517860.9933712748,591296.5687245219,716728.8373114766
2029-01-29,Low volatility,354346.10793614516,448217.3881489884,518310.24597223324,592475.588430819,716093.4299205502
2029-01-30,Low volatility,354052.14547105023,447808.14086208085,518455.69217119704,593533.9686891738,717328.4170099972
2029-01-31,Low volatility,355282.28579724,447703.8748709719,519024.86349845235,593122.4638213152,719355.916529741
2029-02-01,Low volatility,355052.32215691754,448224.76465341053,519452.84034191724,593395.8812268144,720957.439140839
2029-02-02,Low volatility,355017.44408100174,448064.7258891884,519666.21946562233,594178.7992794104,720778.7767555292
2029-02-05,Low volatility,354484.8379114252,448917.45907029504,519772.5628869375,594009.4536257348,722119.0572025771
2029-02-06,Low volatility,355452.993419698,448971.45616019424,520781.67720292957,594789.2327793498,722587.311244863
2029-02-07,Low volatility,354894.79187020834,449222.05292042735,521391.33344738046,595463.725885907,722136.1069410767
2029-02-08,Low volatility,354587.39602886233,449265.58268978796,521815.93118283956,595660.8835581733,723058.3838652284
2029-02-09,Low volatility,355893.43174097466,449889.3513604364,522259.346809034,596025.8871116905,725312.5782249608
2029-02-12,Low volatility,356334.8543902151,450350.342074734,523165.1415660221,596519.3643743792,726071.42251403
2029-02-13,Low volatility,356338.4702477177,450771.8626458412,522888.1458184009,596621.5733112036,726107.0052161755
2029-02-14,Low volatility,356659.95145225537,450400.34222254343,522951.4529073384,597887.0771902755,726820.1979292338
2029-02-15,Low volatility,357025.95554820163,451230.62655551836,523509.25093584403,598773.0553304865,725882.6850270752
2029-02-16,Low volatility,356336.02256567817,451633.46940954356,523065.52924166527,599347.4432091578,727111.4345190066
2029-02-19,Low volatility,357488.4256446293,451957.2692436728,523376.6015054044,599314.3227578634,727662.4621065493
2029-02-20,Low volatility,357405.47937682376,451616.7826304767,523876.49437485996,600031.452914906,729344.9435329236
2029-02-21,Low volatility,358602.3473140596,452482.0939715774,524337.5779462674,599568.3558392526,728523.1397372006
2029-02-22,Low volatility,357366.91433270805,452704.6071390094,525159.5851619529,600296.2753937509,730388.0768718892
2029-02-23,Low volatility,359300.5460488741,452672.55037088436,525347.9932602099,600458.7451205852,732304.7896748707
2029-02-26,Low volatility,358266.61005236063,452993.39710116084,525709.007446096,601064.6053905122,733177.117972173
2029-02-27,Low volatility,359138.308432224,453464.47354499437,526075.1527367109,601478.0004165164,734138.3899457769
2029-02-28,Low volatility,358867.00452844973,453534.3959391507,526517.4769949852,601066.7187560932,733737.0961626878
2029-03-01,Low volatility,359059.7354830866,453572.35538409115,526822.2319344088,602598.742352559,734346.1361733159
2029-03-02,Low volatility,358771.7873186731,453995.1068750138,527006.6472789638,602944.8267439497,733351.9322514905
2029-03-05,Low volatility,358739.87631696503,454373.32364267844,527379.0525408279,603343.6042820816,734692.5336659561
2029-03-06,Low volatility,359505.33972826006,454924.6908983044,528063.1235612951,604266.7214516117,734762.7987850425
2029-03-07,Low volatility,359864.90346880886,454728.97543892346,528219.040864167,604105.1147458646,733589.8713385147
2029-03-08,Low volatility,358849.68230063486,455379.37008393666,528682.395609541,604236.795723784,735406.5161832599
2029-03-09,Low volatility,359301.54634931206,456086.28708868474,529305.2020666695,604928.2143944022,736135.2658583431
2029-03-12,Low volatility,358729.15949135815,455389.90841097664,529017.3797486422,604882.1331657893,736583.2976717522
2029-03-13,Low volatility,357886.05163558904,455840.1298454422,529714.5091852008,605921.4842501073,737330.0512118534
2029-03-14,Low volatility,357111.26892156695,455898.74066839635,530013.1404360594,605258.690329777,736813.9759750168
2029-03-15,Low volatility,357843.5501345554,456794.80027422204,530619.2945003905,606631.0745082517,738441.8091446783
2029-03-16,Low volatility,357250.0347365902,456306.1634076836,530867.9497665165,606811.6453628263,741853.0851911762
2029-03-19,Low volatility,358393.41636245814,457035.8248898354,530836.9700362768,607014.9024561789,741090.5980696046
2029-03-20,Low volatility,357914.0307931975,456980.14939786843,531420.7551616363,608018.8962965489,741505.5972608642
2029-03-21,Low volatility,357587.4527790386,457208.4391335301,531503.3156698117,608242.1720355633,741890.1043962435
2029-03-22,Low volatility,357558.7245216347,457399.76503279235,531480.8033046522,608635.1887256928,741726.0207249171
2029-03-23,Low volatility,357048.21709626814,457455.9426782568,531828.9932836549,608448.2989339442,742429.6565792026
2029-03-26,Low volatility,358673.6499786484,457895.5288307059,532253.3006308227,609728.3773664343,743131.6938017986
2029-03-27,Low volatility,357685.72419092996,457856.828165132,532779.8748346374,610221.042110032,743649.2309626667
2029-03-28,Low volatility,358067.44447792927,458069.33237686136,532593.3995631926,610897.3536677111,744594.7957510961
2029-03-29,Low volatility,358280.0865526619,458152.27280177484,532927.2048269797,611435.8762381065,745396.9657358194
2029-03-30,Low volatility,358553.8244272639,458755.23373114824,533043.845160106,611306.8675623344,745161.9843936475
2029-04-02,Low volatility,359049.7932550987,459029.4053665873,533633.0030531593,611801.2218410717,746475.8331339065
2029-04-03,Low volatility,359055.5277383121,458687.8140944012,533883.709896144,612425.3362893641,746646.9462040989
2029-04-04,Low volatility,359589.131913104,459010.5929684032,534147.8068604411,612425.7725108764,746102.4868558357
2029-04-05,Low volatility,359829.947958078,459817.5829764251,534464.8487005377,612335.3315256961,747330.8838882026
2029-04-06,Low volatility,358354.05263511464,460287.9936913027,534844.6431388204,613184.5156892905,747467.5697911358
2029-04-09,Low volatility,359900.890062593,460908.759869414,535778.5325550037,613522.659986249,749022.7507679269
2029-04-10,Low volatility,359957.0133608285,461392.94645586016,535660.7349343565,614698.5073547638,751324.2898322069
2029-04-11,Low volatility,360774.3962988762,461861.8770800422,535810.5948620444,614731.5990060136,751428.3985363755
2029-04-12,Low volatility,361997.5718271956,461958.2233187726,536256.370036682,615838.0848782071,752391.9917098257
2029-04-13,Low volatility,362246.7809860685,461842.27543765755,536433.909353689,616554.8544290614,753983.7171595828
2029-04-16,Low volatility,361461.29961468827,462652.58037887764,537149.5074107895,616728.734878428,755336.6691835459
2029-04-17,Low volatility,362042.3545337046,463392.3144281586,536794.4142847825,618144.3771464756,756860.4034070595
2029-04-18,Low volatility,363150.14635069564,463080.3863225593,537018.358385785,618003.1174540219,755469.782534705
2029-04-19,Low volatility,361984.66474894556,463145.69251151534,537572.8972214843,618122.4865560915,755970.2820917168
2029-04-20,Low volatility,363295.6110720703,463281.38956208335,537418.734120453,619225.7106343374,756911.7477974574
2029-04-23,Low volatility,362320.2251229311,463750.0277078536,537435.4147729476,619982.7924834214,757563.5757969097
2029-04-24,Low volatility,362661.9813600933,463859.91106436495,538695.5433467878,619696.2005207546,758116.7512128139
2029-04-25,Low volatility,362413.17129845265,464372.15330130415,538624.263720016,620301.8589401115,760726.1845817406
2029-04-26,Low volatility,362391.2522592962,464484.4477980363,539213.7613797509,620781.8137648241,760685.595492114
2029-04-27,Low volatility,362244.51303918444,464561.0218719905,539792.9732306458,621014.9431555549,761828.3591376229
2029-04-30,Low volatility,361867.6265167235,464072.50232023187,540553.4805581314,620217.0087714765,762761.124458491
2029-05-01,Low volatility,362584.8935073327,464829.73207540426,541135.8587220532,621415.473514016,763512.6842567034
2029-05-02,Low volatility,362390.01063803723,465006.49478028633,542201.1793277643,622305.5749379665,763203.3434880056
2029-05-03,Low volatility,361593.3922049411,465459.5726842794,542057.5080797855,623260.0928104584,762762.8551475112
2029-05-04,Low volatility,361676.66275911353,465592.97475471825,542684.2088212444,624132.3265524708,762777.4372573177
2029-05-07,Low volatility,363045.62312511454,465554.90415827825,542803.2851752436,624996.3160940703,763386.7132518782
2029-05-08,Low volatility,362498.27548957546,465820.82284242986,542932.8203560556,624573.3591536303,764817.9383561265
2029-05-09,Low volatility,363995.90676562965,465664.3292496884,543414.2543989371,625244.795726786,766279.4278516044
2029-05-10,Low volatility,363018.7505323039,466800.7742204787,542737.3970659631,626130.4967518358,767882.9062107147
2029-05-11,Low volatility,363850.88421403675,466092.6836037383,543506.2654317345,625931.531337308,769533.9200942129
2029-05-14,Low volatility,364584.8600820907,466994.1924717306,543714.6850060811,626626.7948042862,769487.9803929258
2029-05-15,Low volatility,364496.6262846911,466712.27734587423,544891.5901390375,627110.9753954527,771009.0738046265
2029-05-16,Low volatility,365229.8982219721,467532.0712910672,545176.9405932107,627561.4506673286,771785.5366500852
2029-05-17,Low volatility,365228.38440666953,468002.10867340036,545536.883280003,627308.3968081647,773087.135392073
2029-05-18,Low volatility,364865.7186591461,468543.222489163,545404.5230888375,628589.087215785,774096.0165774856
2029-05-21,Low volatility,364337.1365017973,468481.8285161451,545754.6473574634,629438.5855884372,772469.6682440108
2029-05-22,Low volatility,364491.28055792465,468817.1079495928,546218.5414789626,629951.2793501448,773875.0594049387
2029-05-23,Low volatility,365415.2390661106,468797.87008275563,546742.881520095,629247.3982935598,774237.4551267952
2029-05-24,Low volatility,364658.5033557216,468707.42224543967,547528.0310475646,630445.1536418927,774115.3720579139
2029-05-25,Low volatility,365852.0014731034,469196.04558330803,547559.2207493202,629852.1419590504,775827.3690118939
2029-05-28,Low volatility,365620.37615333486,468921.4136289647,548410.0524399674,630329.3824844548,777621.9953440356
2029-05-29,Low volatility,365419.542980082,470370.33836599626,548388.0527445842,631000.5780249417,776925.9334151051
2029-05-30,Low volatility,365628.9037708329,469845.83326238184,548897.5185851217,632272.9299661173,776663.0270896209
2029-05-31,Low volatility,366187.272408069,469944.1794286726,549183.5557477784,633195.4147790747,775210.1295357834
2029-06-01,Low volatility,365215.1313151205,470207.6439350192,549811.8546709104,633041.4000487648,777657.2181540164
2029-06-04,Low volatility,365981.76074520714,470332.89310800255,549637.0823497951,634054.6284291854,777043.8374235434
2029-06-05,Low volatility,366887.76874850737,471215.72598069505,550007.2351150897,633822.2922741913,778163.4178580318
2029-06-06,Low volatility,366540.6941451705,472188.7532077434,550402.0735931522,634645.6564071721,779491.5299521558
2029-06-07,Low volatility,366868.0047296748,472436.8206958554,550368.4404271371,634972.5041220139,779333.1959884702
2029-06-08,Low volatility,366878.43357620976,472526.75449495297,550201.7694689716,635729.2013451713,779793.0669676394
2029-06-11,Low volatility,366916.3829244027,473569.4190875393,550621.5784534011,635447.0817296609,779716.5770771112
2029-06-12,Low volatility,367366.40366649453,473777.04100584716,550682.6659075574,636712.7189008623,778882.0138998614
2029-06-13,Low volatility,368428.16452104575,474118.8113844441,551082.889460136,637408.7987830018,781072.9436885542
2029-06-14,Low volatility,368205.54473622056,473984.19664615754,551971.7748596403,637311.662165003,781842.7729255467
2029-06-15,Low volatility,368176.49063679785,474518.66004408,552505.671743383,638613.0987651868,782030.3982383718
2029-06-18,Low volatility,368481.34248445433,475022.1514303301,552982.9426551348,638931.4053029591,783858.8639500006
2029-06-19,Low volatility,368050.62681714405,475465.1034170981,553512.2503098432,639494.2952259642,784803.8365896788
2029-06-20,Low volatility,369910.4925746615,476216.57587709953,553438.1315777564,639865.3332236927,786002.9373092314
2029-06-21,Low volatility,369636.7862550173,475742.55368469027,553531.6976705815,640815.5996665348,788126.2505462662
2029-06-22,Low volatility,370128.64495707414,476585.5679465702,553866.3191914851,641358.0218878406,787291.2486246482
2029-06-25,Low volatility,369160.94892345555,476924.0557413322,554359.7043580565,641695.0398491949,787623.7611641805
2029-06-26,Low volatility,369789.8712502303,476565.8974291488,554733.0449635646,642243.2909761193,786414.6128457845
2029-06-27,Low volatility,368537.09557836875,476691.8112769692,554902.2434336434,642364.5023518599,786893.0677348211
2029-06-28,Low volatility,369706.14410429477,477050.6163520658,554671.0194036826,642641.2446437508,787244.7200909156
2029-06-29,Low volatility,369634.5759183563,477013.5359621026,555399.0196796615,643371.244260729,789904.484889444
2029-07-02,Low volatility,370817.46054053935,476554.29241075454,555858.1288442207,643677.2397870712,790785.5701290551
2029-07-03,Low volatility,371492.00161155587,476676.3794651947,556352.4496648442,644553.8541284585,790544.7802624302
2029-07-04,Low volatility,372020.1540292293,476803.6472533893,556738.6370276914,644949.3669250129,791662.1697103047
2029-07-05,Low volatility,371770.8272674097,476639.5802273207,557394.3012572348,645569.9301820571,792022.3694106464
2029-07-06,Low volatility,372144.22275608237,477252.14612618624,556917.1934845389,645622.2959633031,793567.4541968947
2029-07-09,Low volatility,372562.5680910597,477409.1650050587,557526.2626309308,646560.5830194291,793662.6050189177
2029-07-10,Low volatility,371761.1121692023,477714.7081657016,558188.2547524173,647063.750316517,795288.6502533585
2029-07-11,Low volatility,371726.0811273334,477024.9105597938,558707.6050477204,647294.1499622518,795577.1426125808
2029-07-12,Low volatility,372231.4582940949,478264.86692184425,558702.3137531757,647838.8345612449,796172.7034789157
2029-07-13,Low volatility,371220.2087990866,478857.40970444086,558153.7706577515,648386.3492552305,797098.3321152051
2029-07-16,Low volatility,371862.9178972484,479024.8984166771,559481.8176429698,648491.1281311854,796150.3673279614
2029-07-17,Low volatility,372584.9881837906,478828.47936765244,560519.3945682291,649236.6932650821,797327.6442401123
2029-07-18,Low volatility,371658.9569885763,479376.24447822967,560474.3546408238,650231.113895174,799497.3440043635
2029-07-19,Low volatility,372879.8557527748,479434.28028957965,560360.8568772025,650114.0871919406,799506.2397253751
2029-07-20,Low volatility,373499.5477970667,479879.77050141915,560333.1602079456,650201.4810458269,799610.8040699518
2029-07-23,Low volatility,372212.93109886145,480278.08540344227,561159.2111359532,651067.4770528896,801445.9979379284
2029-07-24,Low volatility,371001.81139259133,480422.03820715984,561745.2656236164,651975.5412739353,801048.6869969997
2029-07-25,Low volatility,371987.0012167501,480771.6214496039,562546.7108041588,652337.1639550296,802959.9166887779
2029-07-26,Low volatility,370866.14216416905,482315.73493134766,562655.6900418375,651698.2308092234,805521.0052124286
2029-07-27,Low volatility,372622.941040134,482146.8818319245,563220.656993157,653057.7204763194,806994.7770040421
2029-07-30,Low volatility,372973.3833469095,482130.841464468,563338.3455142907,653722.6416697976,805656.8084960883
2029-07-31,Low volatility,372595.23140883696,482416.5446366666,563661.5135703395,653604.6645952845,806891.171664621
2029-08-01,Low volatility,373612.51067833084,481333.4328000871,563747.3499996201,654266.4324561415,807497.5163048619
2029-08-02,Low volatility,372055.7044212742,481956.7515470999,564202.924347176,655413.5156356613,809144.6317405489
2029-08-03,Low volatility,373520.0876007194,482046.0724004765,564565.7173553961,656397.2724435332,809167.80417759
2029-08-06,Low volatility,372603.99470352015,482483.1996860959,564420.2245231164,657037.1101264498,808372.5206933566
2029-08-07,Low volatility,373867.10514612973,483258.38492921204,564738.6521044307,657605.1947897421,811159.4783944569
2029-08-08,Low volatility,373252.7821542213,483275.5557507165,565324.891190118,658074.835152605,811292.480385285
2029-08-09,Low volatility,373043.40410275495,483025.42201534286,565547.1380625956,658622.4897535191,810471.5288947148
2029-08-10,Low volatility,372891.33368673146,483375.56109032605,565906.7517193856,660662.6039642196,811090.7954009989
2029-08-13,Low volatility,374152.67501900723,484076.3960299108,566000.285467653,661205.7660043724,813696.3974099456
2029-08-14,Low volatility,374116.67940098944,483964.7881560165,566568.7533199441,660970.8713051435,815358.0181429293
2029-08-15,Low volatility,373328.58274496737,484570.40165679634,566525.0380870241,661361.3784398797,815145.718969037
2029-08-16,Low volatility,374589.4793203553,484406.9749904908,566887.6126894961,661714.3467747264,815229.6659271674
2029-08-17,Low volatility,373515.2308610287,484427.2361584837,567713.9275927291,661946.3158074786,817857.5810092633
2029-08-20,Low volatility,374614.40963783395,485062.2438397079,568232.9769369224,661932.4570580713,818144.334394548
2029-08-21,Low volatility,374242.5426003536,486212.5769064967,567984.4953628124,662340.3828582803,818627.6592991487
2029-08-22,Low volatility,374585.383227284,485731.2027886971,568083.2895174593,663572.2425188645,817679.9989809723
2029-08-23,Low volatility,374045.1312324285,486557.9198383051,568534.9587443256,664148.6998062481,819943.814865071
2029-08-24,Low volatility,374820.8449214683,487559.9146401945,568573.6158614515,664476.1439959414,820375.1803959698
2029-08-27,Low volatility,375704.996260162,487013.5617769142,569910.3388008913,664749.7449700173,821203.1586455153
2029-08-28,Low volatility,375753.3157628246,487008.010529594,570439.6753111111,664086.8740093868,821832.5688411962
2029-08-29,Low volatility,376269.3805940979,487017.5086251613,569889.5522562962,665095.7496217816,823168.3312501154
2029-08-30,Low volatility,375975.0694533958,487189.1229263836,570417.6049312529,665386.6954590232,825846.5743921341
2029-08-31,Low volatility,376047.8539139144,487390.0156596232,570527.0522725176,665332.7402769929,826404.54666059
2029-09-03,Low volatility,376569.0313031641,487763.4947110831,570896.4893454745,666003.3479186072,827614.6823359677
2029-09-04,Low volatility,376357.61531858984,487908.21807969967,571161.7563174062,665742.7195290081,827097.6390192895
2029-09-05,Low volatility,376255.42763391073,488437.6703710244,571787.6792745048,666703.637126284,828316.3115323188
2029-09-06,Low volatility,375423.9276778123,488794.73020356207,572281.5613045048,667900.6231566058,830097.1295740593
2029-09-07,Low volatility,375925.5520866656,489547.565878675,572665.1781490124,668479.2206692253,829779.272503659
2029-09-10,Low volatility,376462.8823913687,489609.01433472324,573146.2748916491,668566.1078932047,830008.3298889092
2029-09-11,Low volatility,376414.50283456413,489737.15862659254,573159.6875013995,668872.6268594358,830189.1500090233
2029-09-12,Low volatility,376753.09157074447,489418.89669510117,574442.0055470516,669495.350090691,833138.2013869951
2029-09-13,Low volatility,376885.48677999375,489710.12084919127,574709.055052788,670055.2565334609,833839.3643356764
2029-09-14,Low volatility,377418.37523102836,490115.19025344466,575430.0582786461,670991.9734303744,833139.4321790541
2029-09-17,Low volatility,375563.3734117306,490618.1256576448,576271.0920709837,670181.3023100137,832870.2869471906
2029-09-18,Low volatility,376559.3122631281,490701.85559745587,576158.1855369634,671977.5863477624,834425.0637252213
2029-09-19,Low volatility,376737.7772178585,491107.7138699568,576365.6252421954,672109.438508179,834131.1378685357
2029-09-20,Low volatility,377454.88379608514,490621.88357458054,576568.3843127772,672567.8563821648,835556.7289855393
2029-09-21,Low volatility,376115.2241099426,491529.83669202897,576931.360418067,674056.9393555738,836419.2153657862
2029-09-24,Low volatility,376513.2411862165,491825.93332819047,577983.3943629556,673802.1916165221,835574.2753547789
2029-09-25,Low volatility,377047.21382227837,491439.87132283795,577765.4957530221,673660.1880479841,835209.7293953262
2029-09-26,Low volatility,377596.8772414108,492160.71552249126,577935.1108352565,674706.3710771635,837957.4339461989
2029-09-27,Low volatility,377504.80586454767,492577.42888293124,578561.471008417,675118.3664440075,838562.764875718
2029-09-28,Low volatility,377163.27140942076,492485.80173328385,579286.58260101,675964.0858970177,841054.2302458565
2029-10-01,Low volatility,377555.70321101596,493773.0372919903,579311.8499387142,675264.7438801072,841977.3004426705
2029-10-02,Low volatility,377297.51195017045,493231.817420951,579340.6076029474,676738.6517376688,841509.7688180147
2029-10-03,Low volatility,377801.4399419886,494331.78422260634,579777.1695407156,676361.7978948862,841451.3724704315
2029-10-04,Low volatility,376804.79160282604,494456.736447162,580530.026221448,677497.2917726026,842716.3540217722
2029-10-05,Low volatility,378581.7840245905,494491.23632043257,580185.5851039251,677992.7096165444,845288.1498068997
2029-10-08,Low volatility,379271.65246273007,494552.8587011464,581305.6697499116,678145.8641194623,845797.4383931985
2029-10-09,Low volatility,379354.5076438766,494673.1171204526,581091.5643224893,679076.3237474912,844884.6194895679
2029-10-10,Low volatility,378717.40414864814,494769.68615400034,581558.155615656,680624.2829024028,844696.320875549
2029-10-11,Low volatility,379325.51930758107,495036.159853992,582119.4029987003,680736.7513417144,844619.4480853083
2029-10-12,Low volatility,381424.96784156235,494415.24504162313,582511.2080201564,681447.5882171625,844725.3928892005
2029-10-15,Low volatility,380843.0913901297,494456.29976640135,582481.4868025044,682105.4073950562,846733.7142394464
2029-10-16,Low volatility,380004.71650548605,495667.72336513543,583167.263381076,682711.7270242828,847613.2956582403
2029-10-17,Low volatility,381040.18568232126,495751.40410033567,583054.6235924619,683413.1216274981,845962.6592150239
2029-10-18,Low volatility,379533.2490207353,496564.29631212534,584020.649191659,683969.5285135661,848853.8742312619
2029-10-19,Low volatility,380240.4696153272,496647.2473879268,584021.8896511216,684296.2965939274,850231.2407068916
2029-10-22,Low volatility,378943.34508177545,496492.56083495275,584331.9470653946,685330.9364684621,851486.9774439872
2029-10-23,Low volatility,378709.60603659874,497446.41148660216,584684.6161288011,685958.2961692398,850475.40028028
2029-10-24,Low volatility,379724.6698243851,497952.5647462071,585275.4090655439,685948.9878198346,851510.6541535745
2029-10-25,Low volatility,379361.0870505867,499077.4067060557,585996.9343657455,686136.3359563865,850528.2835108351
2029-10-26,Low volatility,380559.3464518765,498336.103640023,586069.7980028652,686856.9500025575,853013.1044248567
2029-10-29,Low volatility,379357.2266032847,498792.73411311803,586679.2347702296,687907.1944413655,853892.6884460918
2029-10-30,Low volatility,378746.32027239114,498087.2403844274,586322.6604579345,688590.8925612064,854691.9659366095
2029-10-31,Low volatility,380681.57533908496,498255.61771377915,587057.1149130127,687871.1921040819,856732.8300335377
2029-11-01,Low volatility,379096.3602843439,498615.69713704416,587669.1655250622,688181.4881120707,857767.159162359
2029-11-02,Low volatility,379940.08926900465,498961.16555529844,588104.837714148,690100.4250343895,859779.8021461266
2029-11-05,Low volatility,380853.5067156795,499101.0071998031,588106.9939511592,688753.7016395634,860972.7443069437
2029-11-06,Low volatility,381331.20078678173,499129.5841309071,588238.3646386431,689669.9276299607,861855.3047664247
2029-11-07,Low volatility,381717.51483700477,499859.96674866957,589442.4791296436,689566.652737561,865264.1878043192
2029-11-08,Low volatility,381110.5953799843,500399.8252436158,590000.5197630173,690762.1293776451,864528.2293850323
2029-11-09,Low volatility,381924.15851165773,501139.64916124055,589650.6645827102,691867.4636151578,864350.7268010959
2029-11-12,Low volatility,382298.97005641676,500304.78664671135,590846.9183678548,690742.6834321965,864198.9124693227
2029-11-13,Low volatility,381380.9703886158,501323.5457614722,590770.8928720328,692033.4892075452,865449.03531327
2029-11-14,Low volatility,379904.107661755,501381.54462639487,591488.3807669634,692776.1925445405,866074.6141163919
2029-11-15,Low volatility,378786.89965265937,502402.4952075927,591783.1682128069,693403.4054445487,867617.2773477561
2029-11-16,Low volatility,379368.19377659645,502086.1353345484,592627.0907710635,694119.3665684869,868319.5821589718
2029-11-19,Low volatility,379464.7918521824,502372.69652918633,592888.4493137666,695124.2654099059,866488.1303732536
2029-11-20,Low volatility,381056.9265726833,502331.32894750393,593092.0933742648,695214.7979165715,866991.4784511863
2029-11-21,Low volatility,380917.16237716126,502257.0818822908,592911.1666690559,695589.9555094847,864784.8523781186
2029-11-22,Low volatility,380753.2145765816,503406.4213136773,594168.7711943148,696199.6567460666,866715.4353494034
2029-11-23,Low volatility,381550.2608121195,504278.7564717679,594464.7822249928,696427.4811275961,868592.9603236072
2029-11-26,Low volatility,382650.29005458934,504154.03913960257,595059.4458827722,696453.7787684482,868002.5227819736
2029-11-27,Low volatility,381665.65351521195,505142.5073317344,594768.4314742521,696563.6867267063,870006.0814308951
2029-11-28,Low volatility,382595.99971028103,504607.6734718671,595767.2822277327,697215.9180983345,869866.2693042288
2029-11-29,Low volatility,383361.05372124375,505263.8322790259,596877.8216975259,698167.3690419205,869717.4593023182
2029-11-30,Low volatility,382498.3477934703,505970.05114159576,596599.6913438039,698903.53109821,871579.8899204527
2029-12-03,Low volatility,380628.667060448,505329.18374374846,596253.4676004924,700013.139402115,872936.0628082212
2029-12-04,Low volatility,381540.6962523809,505737.4115338383,596340.8199922594,700095.8965811338,872276.155772627
2029-12-05,Low volatility,381898.61970998126,506185.74081986677,597761.2289837986,700048.123816764,872937.2013232833
2029-12-06,Low volatility,381759.1888578426,506220.5725453178,597925.5639876253,700893.4354833689,872877.6425526467
2029-12-07,Low volatility,382878.7750611992,507193.5495866715,598726.628111785,701737.5673314184,874516.8742262005
2029-12-10,Low volatility,381251.82907753054,507324.3766394382,597736.753028167,702251.4726957041,875153.5208742487
2029-12-11,Low volatility,381939.2701869284,507741.5012149447,599035.1844474322,702511.2272950362,874463.9364354921
2029-12-12,Low volatility,382517.5682489402,507805.8615299382,599076.8654256427,702684.8641175925,875407.5034504612
2029-12-13,Low volatility,382270.44813864457,507891.81613636797,599723.4075458315,703161.0844413331,876367.9391791315
2029-12-14,Low volatility,382789.580669823,507300.0441985035,599753.3615938791,702888.3120243856,879289.3336408618
2029-12-17,Low volatility,383737.0152177711,507410.850400188,600452.7283061147,704341.5696936147,880429.1223580948
2029-12-18,Low volatility,384213.16456672945,508197.73762647214,600752.8816252522,705455.1723754986,879676.491860647
2029-12-19,Low volatility,383967.2800752632,508543.95836972614,601049.288228664,705110.7650763356,882992.8908664793
2029-12-20,Low volatility,383776.6892315186,508238.9902020234,601356.1316827025,703978.4082599216,884160.4366640695
2029-12-21,Low volatility,384186.6669180372,508467.1980078195,602001.0366510786,705441.760606816,885061.2811864297
2029-12-24,Low volatility,383793.31946107344,508594.29625401966,602571.5515668644,705410.8103920051,885891.7981221012
2029-12-25,Low volatility,384393.8097042979,509157.9886500786,602589.2306877335,707068.0503323755,886243.9233427049
2029-12-26,Low volatility,383357.07824915496,508838.0232738259,603656.1540647042,707426.6760536083,887901.9543972382
2029-12-27,Low volatility,382360.0673927616,509858.81496907066,604400.8016295175,707473.7864238552,887674.0115906702
2029-12-28,Low volatility,383684.0265445588,510266.8674260945,603644.5192930067,708221.4828641305,889587.3430974247
2029-12-31,Low volatility,383571.0017216417,510961.5711455771,604459.4063633066,708812.5363821517,887279.0023103995
2030-01-01,Low volatility,383177.06851334096,510832.5271168595,604269.1814931743,708100.9151227586,891240.028227189
2030-01-02,Low volatility,383245.05913597037,511815.3680547786,604333.2379569577,709981.8094246292,890325.0806521375
2030-01-03,Low volatility,383884.99968610215,511511.8041494911,604916.9155932753,709729.6305133528,892462.8255647506
2030-01-04,Low volatility,383906.6704320341,512099.4092154855,604850.6625105516,710428.8649920251,890513.1157987673
2030-01-07,Low volatility,384801.66484746145,512280.7931254759,604926.9686574152,710257.7633502333,892021.0233600497
2030-01-08,Low volatility,384579.85288815625,513212.26006956754,606533.8500885139,711278.277804761,894502.9346482747
2030-01-09,Low volatility,384446.105824379,513611.2270679436,606854.0448443899,711819.7137413926,893315.654458907
2030-01-10,Low volatility,383858.6863545172,513223.09438565205,607144.9205095519,711234.2318010002,893915.5657043988
2030-01-11,Low volatility,384231.1978890127,514025.39044633176,607492.428351647,711755.8776694724,892797.6640201801
2030-01-14,Low volatility,384830.787992029,514281.27162528236,608664.6896478673,712914.0424978343,896639.0637281747
2030-01-15,Low volatility,384958.26301370637,515196.4770152656,608879.542997373,713048.0091114823,896024.338448573
2030-01-16,Low volatility,385945.09349345916,515109.7448281448,609116.6666356944,714393.6141834805,893192.9180650756
2030-01-17,Low volatility,384581.6165655656,515392.9597669111,609513.2454155285,715326.828294909,896745.5804509692
2030-01-18,Low volatility,385713.4518074902,515081.1340271196,610726.7501444195,716195.3930124163,897922.7189349274
2030-01-21,Low volatility,385412.89047684585,515302.65340678045,609835.2901920645,716647.7075960457,898039.6082494874
2030-01-22,Low volatility,385818.91127315117,515993.28002811986,609796.9246101422,717568.1182695576,899850.7114784217
2030-01-23,Low volatility,386560.3846668902,515981.6782362895,610670.6274528183,718214.205660822,902421.6211061128
2030-01-24,Low volatility,386165.87395817606,517155.6001292002,610891.6917310538,719292.850622234,900288.5092856087
2030-01-25,Low volatility,386493.1633244591,517248.49149801064,611658.6727623905,718920.5205860105,899442.349944779
2030-01-28,Low volatility,384722.02810331585,517908.4789295448,612115.3056457238,719536.7447941704,902371.5955421206
2030-01-29,Low volatility,386703.6513122702,517220.11536507844,613102.9252231588,719544.4657263021,903360.6051909018
2030-01-30,Low volatility,386253.5546173484,517938.1182941218,612442.4549488148,720187.351887374,902328.5697717194
2030-01-31,Low volatility,385980.04114921537,519583.5403479155,612640.8908800432,720757.8895549848,905046.422119616
2030-02-01,Low volatility,386480.9485292616,519291.5922287028,612860.1366754521,720664.3411666334,905358.1882691424
2030-02-04,Low volatility,386907.33191954205,520050.5590396669,613388.5510087814,721602.5930097908,906570.3299585959
2030-02-05,Low volatility,386655.4886093349,520032.019068557,613950.0004450486,721378.6946412789,908950.5999563544
2030-02-06,Low volatility,386762.72255483305,520277.7726302905,614418.1408757553,721796.898411144,909585.994966703
2030-02-07,Low volatility,386486.63313930255,520507.3802673449,615575.3647793771,722029.3843108366,909101.5816042902
2030-02-08,Low volatility,388207.2420406665,520865.9673008872,615789.0081204043,722912.3433084078,910861.2430622915
2030-02-11,Low volatility,387793.6010256745,520787.5667642576,616617.8102536607,723370.5554997092,910988.0882995673
2030-02-12,Low volatility,389748.1982793977,522363.65451387875,617396.6746099207,725049.2712873562,910215.8891246375
2030-02-13,Low volatility,389428.13186160964,521663.01989609987,616486.1041716343,725768.6378857878,911220.2515226457
2030-02-14,Low volatility,389847.76092228206,522479.2440383215,616923.7103047906,725595.6256493003,911747.8727938315
2030-02-15,Low volatility,389689.09329203406,522955.18947922334,617008.7156981074,725883.0747069224,913114.9480634427
2030-02-18,Low volatility,388984.0268233233,522783.5671669148,617463.5839052834,726817.0756929182,912344.1380610195
2030-02-19,Low volatility,389877.8764027669,523186.35737801215,618292.9196680544,727356.8038222268,909596.3896141715
2030-02-20,Low volatility,390724.7242215904,521945.90744496236,618803.2633137731,728359.665110371,911868.1938754293
2030-02-21,Low volatility,391537.9786391437,522231.86624276993,619479.0725924165,729575.313195898,913086.4609440404
2030-02-22,Low volatility,391291.40710096445,522437.96706330753,619207.06402582,730365.4559744416,913614.0836548373
2030-02-25,Low volatility,391373.4187718107,522783.272967319,620442.6946778431,730972.4789603885,915228.9747615678
2030-02-26,Low volatility,391827.23602262867,523029.04804432,620543.1390453218,731527.3664164784,913966.9439197354
2030-02-27,Low volatility,392708.53657440405,523503.1683365067,621209.5143415742,732101.364028844,915738.7293517414
2030-02-28,Low volatility,392856.1015823649,524102.3005809723,622339.1366558727,731458.119277769,917409.5311928558
2030-03-01,Low volatility,391872.59044238756,524327.0756747255,622473.3334735567,731044.081169215,917943.8334578064
2030-03-04,Low volatility,391589.2224424545,524557.7555021124,623416.2360904636,732167.9753596047,918468.9282315465
2030-03-05,Low volatility,392719.46594810806,524893.8715459971,623550.8857488097,732936.1961601076,920421.8500255414
2030-03-06,Low volatility,392680.8122845673,525475.1781232054,624253.4200435663,733699.4190662678,919736.6101436093
2030-03-07,Low volatility,392837.92779664154,526374.8967043734,625043.3850625416,734987.6238875326,919311.7023485225
2030-03-08,Low volatility,392504.9929077678,525858.1443116833,624033.1317840316,735615.6862897866,921878.0222749896
2030-03-11,Low volatility,393117.31499401416,525632.6290610568,624752.1654174643,736208.8555048613,923011.4094481105
2030-03-12,Low volatility,392288.87172619626,526560.075306736,624932.6808402741,737255.9188978678,926214.0257598483
2030-03-13,Low volatility,393240.922165787,527156.6047449836,625620.3870716186,738295.2026014989,925866.5334407466
2030-03-14,Low volatility,392679.22953879845,526460.5091364945,625488.0412475701,738928.5024331608,926237.9744374963
2030-03-15,Low volatility,391888.2559921521,526780.5311481034,626391.2376521336,739478.1784982848,927028.4538455823
2030-03-18,Low volatility,392795.4989499055,527006.683321763,627625.8188900385,739221.0660702706,929205.4598145477
2030-03-19,Low volatility,392940.0151338983,526735.8264633222,627813.5539869017,740044.9180139549,930268.7575652748
2030-03-20,Low volatility,393314.05310872773,527237.9400729558,627990.7191404544,738956.7813038953,931915.0709151409
2030-03-21,Low volatility,394076.4857958085,527523.4440858037,627848.4519729221,741438.3424375938,931808.1351185862
2030-03-22,Low volatility,394824.4575513229,527275.0996399126,628778.9902890975,741669.0359705437,932119.1861631662
2030-03-25,Low volatility,394027.26816083875,527599.3774962241,629494.9580226669,742066.6534608536,933570.5168578209
2030-03-26,Low volatility,394156.1109026515,528202.117222029,629380.1153939875,740823.1996812983,936758.4088071933
2030-03-27,Low volatility,394264.70004878286,528193.689534571,629635.8467316105,741420.0122981103,933690.6471728852
2030-03-28,Low volatility,395220.75956423255,528326.6206933116,630443.9884476644,743182.690036814,937869.6945398432
2030-03-29,Low volatility,396526.686162989,528468.9117691588,630794.9306507353,743454.2658609825,938127.79295813
2030-04-01,Low volatility,395451.64700934215,528788.8040908943,630971.1906092721,743273.9950301216,937654.3027128072
2030-04-02,Low volatility,396546.0525860483,529263.4739006358,631438.4868760589,744357.975307202,940080.4439615086
2030-04-03,Low volatility,395927.9429155847,529231.6091795915,631882.6616655972,745990.3417544233,941779.5668221526
2030-04-04,Low volatility,396089.4566604757,530203.373916571,632394.6381918851,746057.1964805361,939458.0413873302
2030-04-05,Low volatility,396060.2706414517,529723.1424611311,632621.3279807108,746337.6278308455,939912.602023726
2030-04-08,Low volatility,396763.24761548516,530838.6843451726,632565.08198872,746811.0060503676,941114.0434589802
2030-04-09,Low volatility,397145.0545677462,530164.639078086,633782.6057073483,747670.7535209886,943312.3354867995
2030-04-10,Low volatility,396366.5567987702,531031.7979804466,633349.7141324682,748515.0845990056,942234.2630732727
2030-04-11,Low volatility,395889.739097655,530188.0798336357,633495.258517615,748672.5669129587,944767.3663080652
2030-04-12,Low volatility,396215.64343450806,530762.7010676437,634057.04480292,748953.6526982676,943760.8268844206
2030-04-15,Low volatility,396920.3856909963,531203.4436644613,635084.8141328616,749724.5587554286,946534.4732946268
2030-04-16,Low volatility,396878.04750493274,531565.1550519253,635449.9337214062,750429.0272874658,945770.0984955133
2030-04-17,Low volatility,396892.0359304215,532901.5446649347,635691.4673468238,751352.3816505147,949840.2640805274
2030-04-18,Low volatility,397300.00192295655,531233.3368560462,636538.2381550656,751406.7428352743,947823.0103389571
2030-04-19,Low volatility,396494.46052570886,532117.2561185074,636524.94178403,752929.2164016686,949425.6775414087
2030-04-22,Low volatility,396598.08482396643,533045.5630510938,637404.5046562179,752498.5717682175,952087.7851306825
2030-04-23,Low volatility,396636.1794287371,533221.22770954,637064.8756376099,753773.596364283,953835.2716693747
2030-04-24,Low volatility,397670.8702721399,533618.6673381908,638259.6914214811,754150.4052490335,957201.9772635989
2030-04-25,Low volatility,397925.8703168277,533296.8780021087,638874.7746210948,755206.1866715144,956683.8621394149
2030-04-26,Low volatility,398117.0038128821,533741.8479533382,639261.2764197167,756057.6341447497,957946.1154948034
2030-04-29,Low volatility,398258.012483272,533177.6930792244,640364.6185884464,756705.1463342062,957901.7082120512
2030-04-30,Low volatility,399894.4855298342,534317.1892322557,640523.6273814919,757426.8169891061,959083.3674852237
2030-05-01,Low volatility,399344.62128097104,534979.5891660892,641289.3185586047,757297.2909275114,959040.9712915568
2030-05-02,Low volatility,398890.5553495472,534683.8654037996,641535.9996724119,758458.1395534271,960828.0171261405
2030-05-03,Low volatility,399703.7883410586,536306.1944830506,642189.1808626916,759644.5689048433,962808.0025159059
2030-05-06,Low volatility,400806.95073441154,536053.2499194106,642574.2445372804,760874.8153704284,963206.3435450152
2030-05-07,Low volatility,400930.6867886633,536715.6004085072,641587.315673101,760925.5568389782,961393.1780947681
2030-05-08,Low volatility,401509.1437601389,536755.3352148584,643431.5851686171,760747.4018902294,963785.7311534076
2030-05-09,Low volatility,402297.05334688816,537009.7941334618,643789.8865332131,760754.2003746288,964950.5276775222
2030-05-10,Low volatility,402320.84692010685,536949.0234971181,644660.2324478279,761283.5526192123,964943.809471624
2030-05-13,Low volatility,403318.216873149,537943.6951079237,644638.3746413095,761196.1892532549,967111.7933467305
2030-05-14,Low volatility,401608.93856401194,537516.5491391849,644250.7563480238,762056.4436489341,967128.8670804569
2030-05-15,Low volatility,403560.85288648645,537546.0424397304,644486.4523232046,762491.7553960835,966194.9468927039
2030-05-16,Low volatility,403908.55987865065,538112.9987050603,644962.3330764554,762338.1154574682,967335.499577883
2030-05-17,Low volatility,403426.4725527039,537261.4723860635,646377.6986743342,762980.5254346321,968367.7979690031
2030-05-20,Low volatility,403581.8617590858,537762.1092036784,646284.7657890669,764337.4761433929,969433.4771917311
2030-05-21,Low volatility,403893.9662970475,538495.6758846228,645765.3621569305,765054.9346808855,969935.6659005801
2030-05-22,Low volatility,403647.34781924536,538109.3102307493,645370.8457787377,765896.7812380868,970181.5665303876
2030-05-23,Low volatility,403183.0581939203,538555.4656179664,645580.9360757201,766014.1171863679,970229.5308926186
2030-05-24,Low volatility,404133.4743379238,538128.8752088023,646929.4625137532,767369.0338973231,972913.4213931096
2030-05-27,Low volatility,402951.2936147453,538577.4456287723,647162.0798867145,767425.1284879891,972549.0673346074
2030-05-28,Low volatility,403787.6431416598,538661.4194100102,647643.2998036192,768145.6891458649,973190.9351373824
2030-05-29,Low volatility,404246.9783751001,539231.551323342,648399.8419481883,767436.5393758047,972421.3702802534
2030-05-30,Low volatility,404357.6276238871,540821.997083379,647985.2103225291,768760.2132802232,974100.0094268721
2030-05-31,Low volatility,404499.4428257856,541657.6914668756,649453.0602782371,770325.0651648546,973899.4069739578
2030-06-03,Low volatility,405240.4004281311,541422.4178145882,649136.4535040032,770731.3559407901,976616.4075963105
2030-06-04,Low volatility,404485.57741899753,540694.0636285094,647847.7825482618,771314.1444945119,977557.3425510061
2030-06-05,Low volatility,404839.0138406581,541745.6877486125,649323.6315665448,771924.7674040584,978829.6775515404
2030-06-06,Low volatility,406232.1630797533,542236.0211533371,649930.4074693955,773350.7446125875,982297.8720511751
2030-06-07,Low volatility,404971.39427396987,542876.8108833999,650566.9062124764,773912.3480024751,983156.8679102142
2030-06-10,Low volatility,404981.6958958541,543149.0681699411,650959.5174237615,774237.4797427116,983927.3427750604
2030-06-11,Low volatility,404011.898111712,543571.8145433543,651958.4624833991,774848.2973646478,981922.8181297714
2030-06-12,Low volatility,405134.9401062542,543176.3913574445,653466.0434264108,775672.2350798298,982392.16846758
2030-06-13,Low volatility,405197.05429337133,543432.5485072213,652958.691242951,776778.9205599598,982548.3058499013
2030-06-14,Low volatility,405516.5376075007,544403.2642363105,653267.957382359,776518.8686993043,985808.9936337275
2030-06-17,Low volatility,405304.57410196116,544597.9559209761,653086.0140475904,776566.4659342314,983268.0808749677
2030-06-18,Low volatility,405454.55435572175,544619.4912463736,653584.9062764917,777325.5192270216,985340.280622215
2030-06-19,Low volatility,406694.1973629221,544426.5473105536,653645.43170626,779946.1030563877,985197.9867740792
2030-06-20,Low volatility,406154.0018780113,544292.3742497362,654505.355691227,780074.1948549292,987954.5802775592
2030-06-21,Low volatility,406170.42739043134,544330.9516726269,655109.2618388105,779204.2977531857,986767.0393999026
2030-06-24,Low volatility,406835.6580939246,544186.4098281646,655984.4459211354,780390.7454150413,987609.9317459831
2030-06-25,Low volatility,406089.958503311,545359.8301089469,655564.7261218986,780796.5233324602,987248.7315815416
2030-06-26,Low volatility,407630.8537849983,545571.3139934286,656358.8709375277,780104.5680196411,989342.8661045574
2030-06-27,Low volatility,407982.1420780887,546411.5478717969,655479.0510430592,782219.0903294111,989901.562263318
2030-06-28,Low volatility,408030.647417131,546719.0765472602,657017.8766513932,782991.3636523678,990482.0028085085
2030-07-01,Low volatility,408367.97331373213,547633.2236021688,655954.8342278368,783793.3543088316,992629.829350991
2030-07-02,Low volatility,407461.6493028683,547638.4625187245,657026.5353935419,784731.1827374804,994034.8177566485
2030-07-03,Low volatility,408664.23301577405,548696.4354340371,657380.2968048742,784567.2118236984,994377.3945755603
2030-07-04,Low volatility,409098.94940566126,548975.5173423707,657759.8637342488,784204.5323621514,998410.9809149546
2030-07-05,Low volatility,409597.2295296027,548546.9833701123,658834.2500427393,785563.1634720275,997284.5882828329
2030-07-08,Low volatility,409907.17203101865,548722.4147925192,658491.8460803849,785853.8762191525,998405.3503789791
2030-07-09,Low volatility,409691.16001612117,548984.991387467,659587.741069606,786922.4227515714,998760.9526213575
2030-07-10,Low volatility,408281.1301953502,549278.4108640486,659606.0106616803,787986.8664898935,999233.8444844653
2030-07-11,Low volatility,410027.144383954,549710.3710518337,660427.3044017921,787983.4103103016,1000575.9480901146
2030-07-12,Low volatility,409085.75223889604,550012.1589176608,660476.9285396175,789524.5938248676,1001245.628620824
2030-07-15,Low volatility,409184.52854952967,550923.6327794994,660626.0974417198,790579.425288651,1000721.4592725582
2030-07-16,Low volatility,409365.92510994925,550823.9479540954,661382.4759030694,790842.3996973627,1002693.1526008602
2030-07-17,Low volatility,408893.7136798266,551481.8595637622,661389.8292496151,789646.9923163115,1002178.5055593478
2030-07-18,Low volatility,408860.1479725651,551907.8041477372,662620.2546606865,791080.8814974556,1003760.0453206016
2030-07-19,Low volatility,409017.5100221536,552011.3554425363,663447.8605346668,790852.2097625656,1003783.0667732218
2030-07-22,Low volatility,408925.00531287014,551892.5344617364,663332.7706040754,791648.7219540273,1003903.3859301324
2030-07-23,Low volatility,409184.78916511347,552518.2124289769,663235.3177452812,792179.4503916798,1006476.9156741332
2030-07-24,Low volatility,409099.35428037937,552551.8817426472,663439.7342115506,793278.2748788334,1007835.8611229607
2030-07-25,Low volatility,409412.2626036213,553218.5794279084,664266.8748392985,793906.7872820167,1011212.4878223842
2030-07-26,Low volatility,409559.1592791311,553574.8649263709,664319.3028856418,795400.1571795606,1009882.2143614652
2030-07-29,Low volatility,410460.23481733317,553773.1986289707,665809.0307292035,797372.4022654003,1010958.0097421686
2030-07-30,Low volatility,408818.5845303086,553455.112267812,667014.0161186478,798951.3844071291,1011043.1475384652
2030-07-31,Low volatility,409011.8218814596,554053.5437776508,666225.4464806251,799425.8058099453,1011162.3191326456
2030-08-01,Low volatility,409819.31218062824,554215.3466527313,667468.339225785,799158.5533663118,1012285.6170402335
2030-08-02,Low volatility,409920.39660075825,553782.789554184,667663.7987491626,800003.5771251629,1011448.563620309
2030-08-05,Low volatility,410485.22906900867,554422.9995119866,668602.104782711,799645.2544463306,1011661.9720905484
2030-08-06,Low volatility,410920.35872107005,554488.3719472012,669478.8730828661,801041.6635784635,1015440.5489660267
2030-08-07,Low volatility,410431.55850856676,554876.2472405459,669092.4107612363,801021.753174867,1015086.0823556961
2030-08-08,Low volatility,410725.85740729107,554769.5166207328,669499.1274661779,801243.0084288986,1015927.574432854
2030-08-09,Low volatility,411312.38894835085,554709.7684231063,670159.42402044,800874.7938478586,1015198.7516031915
2030-08-12,Low volatility,412301.1983832835,554680.0744703324,670988.0819128084,800150.0917919301,1015452.2417759739
2030-08-13,Low volatility,411365.24971644883,555413.2324073381,671767.2425356393,801826.0643286996,1014743.4572271251
2030-08-14,Low volatility,411860.6687955274,555904.316634076,671892.8986787319,803842.5233960301,1019195.0188443757
2030-08-15,Low volatility,412915.39829209424,556582.1670767294,672689.7085486159,803496.4602555269,1020026.6998280488
2030-08-16,Low volatility,411815.06967344665,556413.7774131175,673654.9318176999,804882.112762808,1020587.5398430268
2030-08-19,Low volatility,413015.79800019506,557349.0537571647,674035.8475740887,805056.2265511616,1021411.5649692455
2030-08-20,Low volatility,413580.85761978227,557405.505316066,673914.4929406019,805873.1038937473,1020700.8359163407
2030-08-21,Low volatility,414279.00979517464,558442.445140381,674178.2933557434,806652.3425015621,1020609.2221852603
2030-08-22,Low volatility,414281.1778578493,558734.273839937,674954.3944495268,808297.3730530042,1021917.1822609393
2030-08-23,Low volatility,414898.3394301919,558514.9346972103,674557.691229572,809184.7404491962,1024367.554552214
2030-08-26,Low volatility,415644.9932805498,559466.8608589142,674907.2717722459,807781.3083398156,1025329.4296631814
2030-08-27,Low volatility,416038.08875647926,560114.3563144773,675963.138442565,808486.1215803563,1025109.6005656486
2030-08-28,Low volatility,415842.15299544437,560128.5535282111,676035.5016135094,809157.535715439,1024611.313668924
2030-08-29,Low volatility,415192.58617907687,559723.7646023999,676310.0914735422,809719.984344856,1028918.4678411176
2030-08-30,Low volatility,416441.0274194319,560714.8686307871,676908.3794176355,810046.3263636974,1030886.3851395012
2030-09-02,Low volatility,416063.3905718752,559493.3069728896,677890.0799881897,810635.6415785064,1031365.1056802276
2030-09-03,Low volatility,417004.9547168964,561164.8172949207,678186.6528066047,811168.9315461428,1030875.4158402244
2030-09-04,Low volatility,416652.52764606813,561656.424020608,678321.8169682557,811177.1416214881,1032245.4979201881
2030-09-05,Low volatility,417263.4985730626,562255.7009177996,678330.6744531742,812371.0614028691,1034769.8764476023
2030-09-06,Low volatility,417964.01162770885,561533.0352424001,679689.1356865529,812924.2083462091,1033477.8887010711
2030-09-09,Low volatility,417980.8808007864,562048.7709001083,679168.5831390455,813104.964937729,1031594.7391414096
2030-09-10,Low volatility,418383.1973493039,562816.0839142916,679687.8717902747,813790.7630623314,1034946.6437349591
2030-09-11,Low volatility,419178.703485708,561996.8419335814,680089.5471104131,813848.7863895341,1037251.1962086238
2030-09-12,Low volatility,419753.8313447514,562527.0070324275,680861.6970444112,815213.5582784017,1036904.6604201967
2030-09-13,Low volatility,419514.7058922391,563041.4081415453,681320.5954424862,816802.6590686967,1039168.3110353878
2030-09-16,Low volatility,419263.3073942716,563510.0884223676,681211.9931123925,816513.9008951872,1038420.8601048205
2030-09-17,Low volatility,418405.6298473331,564328.7200958257,682043.6050605441,818395.6305988879,1039000.5809680959
2030-09-18,Low volatility,419217.2544547487,564890.994083351,681971.9617546878,818401.3209336859,1040900.3042702283
2030-09-19,Low volatility,419327.5064117203,565816.5718950542,682551.6977541964,818793.180501091,1042382.5221827398
2030-09-20,Low volatility,418722.5903801344,565793.6076281577,683092.9844996466,818862.1572649883,1044171.1563618123
2030-09-23,Low volatility,418461.6226935502,566658.433435811,683503.5410289484,819312.3194822043,1045059.8967947041
2030-09-24,Low volatility,419834.9316672611,566430.9020492863,684712.9973808283,819932.0159196646,1047153.1982377116
2030-09-25,Low volatility,419743.7558932668,565514.0525537429,685791.7898127688,819201.7061392016,1048695.6116800003
2030-09-26,Low volatility,419561.9868449705,565785.974756747,685828.4861149497,819090.0457589587,1047443.234832564
2030-09-27,Low volatility,419327.51705186075,566851.2359917599,686891.836089446,820336.585388317,1048687.8799743485
2030-09-30,Low volatility,419763.8656409286,567466.1359110161,686548.5703166295,821147.3942695726,1048570.7204241188
2030-10-01,Low volatility,417871.2291048384,568029.1523876349,687134.1717293041,821603.7486191879,1051829.8592372213
2030-10-02,Low volatility,418573.3473594596,569023.4418955713,687590.1094591845,821939.2594847311,1051008.0143588088
2030-10-03,Low volatility,418654.3549989274,569283.3088208539,687617.3232193986,823249.6772329421,1052881.9614590106
2030-10-04,Low volatility,419230.4573358348,568738.4742986986,687689.1643481825,824625.7105480634,1053913.0145395382
2030-10-07,Low volatility,419351.19326665136,568916.7410250755,687361.3692589786,824900.8460310844,1054293.2611274968
2030-10-08,Low volatility,419415.5202992301,569400.9826316817,688407.4591078546,825536.3089324441,1053399.4160516053
2030-10-09,Low volatility,420183.54667412926,569521.1827083218,688924.9482256264,825678.7998584468,1054119.1707542625
2030-10-10,Low volatility,420233.9595029891,571255.3622263495,689722.9426119139,825748.62408781,1057140.4545013567
2030-10-11,Low volatility,420544.1758995011,571085.9080357079,689746.4762347196,826918.0969947628,1057205.4947291363
2030-10-14,Low volatility,420438.5221061894,571534.201594962,689920.4646572717,827234.5608160289,1056774.70501535
2030-10-15,Low volatility,421095.02204463043,572526.40884907,690464.5875487758,828572.7405037867,1058682.8369701272
2030-10-16,Low volatility,420617.6653968972,572072.2747674811,690978.3888136402,828454.3180355659,1060378.8346865778
2030-10-17,Low volatility,420191.2296335244,572319.6317692649,692236.8877204629,830070.3482023675,1063368.8677922569
2030-10-18,Low volatility,421024.253432824,573117.0297092205,692470.7442547518,830330.2989603346,1062742.8937339315
2030-10-21,Low volatility,421350.12837423215,573266.2104724706,693678.675956646,830586.2763529633,1063720.643989121
2030-10-22,Low volatility,422500.9163529218,574179.4811388836,694239.3637625278,831628.7222765287,1062326.509519989
2030-10-23,Low volatility,423576.9490621835,574724.8865521346,695253.8295303686,832988.4672113145,1067916.875315833
2030-10-24,Low volatility,422787.8739988742,574528.3375027549,694444.8643821625,833398.3464715978,1065416.0027015945
2030-10-25,Low volatility,422997.08313531464,575509.7049825063,694216.2758013078,833824.3934755778,1068696.3506954075
2030-10-28,Low volatility,422785.025424259,574976.7807501745,695064.618903528,835076.4656319625,1069103.9311126112
2030-10-29,Low volatility,422827.65879872825,574691.0602770161,695195.8665229264,835532.426161749,1071572.0193691973
2030-10-30,Low volatility,423375.44898077234,574285.5456301061,695336.2182051623,837380.4484337589,1073922.6680096372
2030-10-31,Low volatility,422691.87435976707,575344.6897743586,695517.5326295776,836670.7810033599,1075383.61013537
2030-11-01,Low volatility,423303.4635444448,576339.1641180646,697329.3888330688,838460.3477131851,1078433.247755049
2030-11-04,Low volatility,424144.0329580869,575841.3224160387,697200.6884657561,838118.9864798114,1080377.6911733854
2030-11-05,Low volatility,424323.7025788776,576116.8911907373,697927.894570013,837587.320372308,1082806.882759354
2030-11-06,Low volatility,424059.6711671184,576735.9527284543,697838.69259824,838760.0858445775,1081744.5100650848
2030-11-07,Low volatility,425480.0490315481,577266.4672115078,697839.822929248,838911.5923085562,1080524.8697216276
2030-11-08,Low volatility,423271.3418709916,577174.9116682172,699020.3630264188,838285.1107387543,1083691.4819445547
2030-11-11,Low volatility,424438.4273003571,577156.8986452739,699226.6983932098,838746.6091972617,1081310.1801303073
2030-11-12,Low volatility,423863.92821213463,577122.0246614728,699366.0758247881,840386.1704132676,1085518.430043777
2030-11-13,Low volatility,424062.9188231496,578839.3592567486,699436.2648206642,840668.188328384,1085059.6476047086
2030-11-14,Low volatility,424454.85385432304,579229.2198767293,700528.304905989,841595.9643413252,1083525.9186606675
2030-11-15,Low volatility,424257.6299271864,580019.5218179317,700136.8549594516,841666.7269712863,1085695.4127919178
2030-11-18,Low volatility,424068.44797151565,579187.4107454964,699984.4080840449,843522.8933613002,1086610.3516292928
2030-11-19,Low volatility,423725.4118892098,579755.6738072475,700637.4156189229,842973.1487494361,1089648.8638745535
2030-11-20,Low volatility,423839.41199052316,579725.635830312,702526.5185347255,843655.7072145954,1089715.8858645337
2030-11-21,Low volatility,425711.370439391,580658.5258089235,702361.6621219525,845209.3347283261,1092631.5147130725
2030-11-22,Low volatility,424706.40752932127,580606.5206550871,703612.0917157908,844164.7919393675,1094737.6393918467
2030-11-25,Low volatility,425250.98060919094,581097.9736741481,703369.6066264083,845734.065853549,1094735.744530656
2030-11-26,Low volatility,424741.186563059,580341.9223314143,704158.0857102298,847134.1229330702,1095481.4517350635
2030-11-27,Low volatility,425065.83797267335,581587.9624665239,704648.1070963354,848443.5169607901,1094475.902278996
2030-11-28,Low volatility,425714.87398050074,582070.7052443812,704740.825206788,848740.4072545187,1094444.3169284284
2030-11-29,Low volatility,425842.1195403336,582216.4963898796,705705.8352773342,849928.1625399529,1095426.2327787112
2030-12-02,Low volatility,427704.99456265836,581491.7882794285,705591.6214673372,850363.1340708596,1096027.4467047483
2030-12-03,Low volatility,428494.11590944213,581419.8286512115,705725.4776124497,851471.8182239044,1097908.183686589
2030-12-04,Low volatility,429152.9478993598,581638.6706681764,706419.3400309267,852776.8839319765,1098038.6237888806
2030-12-05,Low volatility,428807.3411778966,582669.9602202249,707224.7783746575,853161.7531332374,1097599.306557268
2030-12-06,Low volatility,428337.61269146483,583657.9446278323,707315.2136631191,852040.5201825855,1098203.4482355434
2030-12-09,Low volatility,429423.64282055746,582969.6354291032,707395.9323822225,853527.9908995989,1102506.859977294
2030-12-10,Low volatility,430525.780950968,584235.4357820236,707795.4224230547,855208.7602376437,1102862.696290791
2030-12-11,Low volatility,430053.654672302,584567.5959471338,708149.2472599209,854566.3121981736,1103233.1592399415
2030-12-12,Low volatility,430258.8751534778,584108.0666606189,708718.1186817742,856148.8545357788,1106986.2835183465
2030-12-13,Low volatility,430910.19251945795,584348.7418478852,708678.450403129,856312.7672369829,1107904.872301289
2030-12-16,Low volatility,429843.70771422866,585797.0721151072,709308.9596909245,856610.4843549747,1104942.7751893036
2030-12-17,Low volatility,429810.58920582436,586772.7737464854,709227.6120058787,857874.8747547509,1105048.3767848334
2030-12-18,Low volatility,430829.49790754425,587108.3313836221,709758.3185345947,857689.9445386924,1107413.4276855723
2030-12-19,Low volatility,431303.335077284,587885.2483833684,710424.6623941602,858520.5753261884,1112010.8794949842
2030-12-20,Low volatility,432045.9802110615,588234.5475268451,711482.1427059337,859958.9972584958,1112016.664152219
2030-12-23,Low volatility,431820.4243256317,588052.8661750932,712000.6099952701,861485.4647409115,1113364.3271972735
2030-12-24,Low volatility,431984.2051109259,588886.1567390851,711159.4996412885,861102.6519088818,1113649.346553578
2030-12-25,Low volatility,431530.0297018305,589298.576775077,712275.4077975049,863462.4732357387,1114328.621493386
2030-12-26,Low volatility,431738.3915955814,588680.9246974429,711387.6352342886,863421.8924679869,1116161.8797646067
2030-12-27,Low volatility,432072.4610853565,589295.074945041,711791.7561689718,863803.0804593064,1114560.161134019
2030-12-30,Low volatility,432475.88898084813,589011.8969213339,712229.1774115241,862654.8445462451,1117102.662391595
2030-12-31,Low volatility,432945.22376944375,588832.9039744299,712751.7706254094,864060.5985888658,1121118.250755035
2031-01-01,Low volatility,434072.8916877942,589212.8576098187,712655.7934263495,865383.1261551965,1120930.836341052
2031-01-02,Low volatility,434147.6772079509,589081.4450615055,713425.5624227251,865442.893918565,1122828.518244972
2031-01-03,Low volatility,433694.34618172655,588940.3677998827,715115.6869047028,865919.1299068265,1122239.622337359
2031-01-06,Low volatility,433332.9308847724,590051.4347928618,715572.3033984476,865817.6028090382,1123007.2338728362
2031-01-07,Low volatility,433972.55081600905,589084.246734819,716357.4825456337,868276.3872144851,1123728.6454426677
2031-01-08,Low volatility,433134.74819409975,589353.1065133542,715839.9306397653,868431.4876891082,1123808.7365696097
2031-01-09,Low volatility,432184.76676548494,589779.9425454721,716390.7488905641,868651.080279451,1122377.5522911004
2031-01-10,Low volatility,433179.1987732751,590368.6555108753,717293.3899624544,868712.4401300602,1124276.1426981755
2031-01-13,Low volatility,432582.2644866113,590228.5240761453,718252.7955630037,868988.3825859625,1122790.8542619804
2031-01-14,Low volatility,432973.95544940745,590738.3772697232,717200.9390263176,869174.1508543664,1123245.6250151668
2031-01-15,Low volatility,433754.99380914983,591313.7688086985,718082.1786025327,869036.8583075716,1125534.7174451733
2031-01-16,Low volatility,434425.7696588208,592714.0813538774,719197.2988408455,870546.9108361168,1124869.6257465936
2031-01-17,Low volatility,435134.0146570493,593556.1669455571,719668.3799424226,872119.0045704092,1127793.0557513416
2031-01-20,Low volatility,434794.4265521512,593606.4085386163,719995.0967424618,872433.562814289,1130414.9554083154
2031-01-21,Low volatility,436453.42149793287,594905.7162268905,720435.8471437085,870098.3665799354,1128688.1170487013
2031-01-22,Low volatility,435658.9360106271,594677.2494674653,720984.5809853461,871508.6045887526,1131703.4570988908
2031-01-23,Low volatility,436308.54591223475,594839.0185828467,721320.5567626352,872260.8013787513,1132934.129999642
2031-01-24,Low volatility,435980.97189475264,595290.6458701042,721271.9842300266,871621.6372026106,1135640.87823724
2031-01-27,Low volatility,435680.56673409726,596115.1527897812,721641.5081798749,874602.2678605439,1137129.735516032
2031-01-28,Low volatility,436724.1311117501,595836.9686068475,722101.1916444695,873088.8650762357,1136816.1689280523
2031-01-29,Low volatility,435572.462421693,596008.0365372836,722782.9888606202,874660.3971859065,1139126.9073346513
2031-01-30,Low volatility,437940.4160667922,596313.9334776509,722840.8915403138,874995.5027344842,1138877.4653922578
2031-01-31,Low volatility,436901.06527276547,595616.8197647639,723221.6230339798,876724.5427770813,1138676.6829735849
2031-02-03,Low volatility,436707.2197939758,595694.4292687336,724328.898280842,877439.2756257672,1139669.2436588164
2031-02-04,Low volatility,436809.6877818481,595470.0370529369,723803.933523976,877526.5351098382,1138594.1635748192
2031-02-05,Low volatility,437454.3550335129,595553.3023121845,724268.4185809874,878724.3736468088,1142108.168083494
2031-02-06,Low volatility,437005.8583821543,596381.95797544,725460.5850734385,879109.6712928468,1141188.1766390265
2031-02-07,Low volatility,437934.3128971339,597172.2480687575,726324.531232412,881058.2536737896,1144177.3174056774
2031-02-10,Low volatility,437929.23494293634,597947.1020686027,726693.289804403,881896.4225975112,1141120.1678821957
2031-02-11,Low volatility,437767.8386566929,597258.1289928998,726718.6056668387,882627.6344992073,1144148.2491285433
2031-02-12,Low volatility,437871.24779806245,598487.7794799459,727579.0916996048,882067.9759799328,1142152.7953796566
2031-02-13,Low volatility,438367.17569996894,598005.0322178635,727766.506075758,882732.0352142169,1146313.962855383
2031-02-14,Low volatility,438555.51803471067,598635.4172251283,727876.3081165734,883284.2739757253,1143899.3209330891
2031-02-17,Low volatility,438332.27320718335,599380.1049359017,728759.1423088186,883920.0849819457,1142160.2195559938
2031-02-18,Low volatility,439206.8696605773,598261.8559758107,729672.694753736,885473.5293948276,1146391.7878178018
2031-02-19,Low volatility,438781.9601089798,598591.5278448683,729965.9882160425,885428.8776643678,1148712.3537977226
2031-02-20,Low volatility,439574.1002145856,599042.4644796833,731336.4717658465,886788.9303680083,1147239.2758610975
2031-02-21,Low volatility,440057.79628422996,600044.8130231312,732151.051338952,888030.9211687072,1148278.11823324
2031-02-24,Low volatility,440700.5821931287,599453.6152025582,732711.2309540473,889065.0493550634,1151595.4212370778
2031-02-25,Low volatility,440943.57185290597,600275.9522647765,732598.1257663722,888974.3328767227,1151364.3861255955
2031-02-26,Low volatility,442561.39633715333,599587.488680698,733073.5447860053,888304.0378513719,1154002.8222721007
2031-02-27,Low volatility,442041.5243148013,600101.7919202067,733449.1188664391,889909.5699510849,1150719.718402285
2031-02-28,Low volatility,441337.14924945356,600187.0716127327,734744.5446045313,889955.779191031,1156168.2281412762
2031-03-03,Low volatility,442049.9917903146,600908.9382857867,734420.4204344756,891541.7241333779,1156119.8786275499
2031-03-04,Low volatility,442591.5755619138,601718.9787650387,735141.8692021456,892304.1071912497,1158791.0705379818
2031-03-05,Low volatility,442230.3453136482,602551.2813369851,736214.551799841,893187.0486837452,1159408.9916062355
2031-03-06,Low volatility,442452.9410454247,603205.7179573856,736844.7340271372,893419.3220152982,1159195.83819791
2031-03-07,Low volatility,443133.3811023034,604205.0805200969,736695.1501023318,894869.123297443,1160228.6305673148
2031-03-10,Low volatility,442058.7780350715,603924.7973346544,736646.5236671264,894386.5063347794,1161149.723073314
2031-03-11,Low volatility,441718.9068157995,603830.722650095,736941.5461016926,894739.0645999948,1159978.374540236
2031-03-12,Low volatility,441428.7418942019,605224.9513512123,736732.630950024,895904.9265851987,1163912.3507166882
2031-03-13,Low volatility,442170.63312380813,605319.0131733089,737472.9437442857,895733.2825120124,1164754.684839145
2031-03-14,Low volatility,442137.7538170583,605933.1685085336,737800.5252312951,896936.8435903371,1164063.238664922
2031-03-17,Low volatility,442566.90688411944,605716.4495461341,739266.8487228001,896432.8464839543,1165130.8558950075
2031-03-18,Low volatility,442792.8878742025,606841.0985178514,739420.49458285,896384.8244298403,1165613.436514105
2031-03-19,Low volatility,442939.27096590056,606320.3784318923,740400.7419909849,897084.69811863,1166678.1056031676
2031-03-20,Low volatility,441406.89670334716,606196.7372290959,741321.2219101555,897030.6659686216,1168455.9975016322
2031-03-21,Low volatility,440278.4350201236,606511.5167267949,740967.688985534,898025.2330551777,1168769.367811252
2031-03-24,Low volatility,441817.21401556354,606737.775440242,741589.5345955202,900038.3565462872,1174298.3705396513
2031-03-25,Low volatility,441489.9221375051,607433.5811117396,742229.8049424507,901505.217889782,1173860.0629013502
2031-03-26,Low volatility,441881.36925326235,605904.1241781547,743026.052438692,901246.7908274943,1175253.5491290898
2031-03-27,Low volatility,442870.72914202465,606346.1762835011,744297.4785440863,902714.7680589923,1174471.9864866703
2031-03-28,Low volatility,443555.5109178669,607859.5313320404,744104.1367811917,903536.5495110843,1174517.7197244344
2031-03-31,Low volatility,443358.4809451865,607626.3679569319,743917.254002868,903534.8672245432,1176396.9889168604
2031-04-01,Low volatility,444348.97565226,607234.4133110916,744942.3390493686,903414.6209760886,1175125.2170554288
2031-04-02,Low volatility,444944.4692672815,607277.082897039,744806.3659323023,903824.951590214,1178393.0579973992
2031-04-03,Low volatility,444508.4026137624,607584.7919504106,746810.623073658,905168.1677414128,1174723.415208075
2031-04-04,Low volatility,444275.32092738856,607806.0163263291,746191.7780950905,906074.6962775597,1176196.690928041
2031-04-07,Low volatility,443198.9760072238,608427.146792789,747032.4560248768,907540.9882786656,1180228.3787943644
2031-04-08,Low volatility,443314.22379402403,610230.4945867457,746914.3814372767,908338.150688381,1182741.2390261535
2031-04-09,Low volatility,444632.7196065723,610225.0858351652,746784.0172560252,909335.4017283041,1180802.823766664
2031-04-10,Low volatility,445615.9165558184,610382.4260058375,748043.8023142405,909761.0316371248,1180865.1912509385
2031-04-11,Low volatility,445633.1579053776,612164.8110073864,749394.02477513,909070.0970617009,1182775.735275163
2031-04-14,Low volatility,447003.48706364864,611812.8860635142,748880.726117958,910183.1532635516,1179505.616574513
2031-04-15,Low volatility,446811.45293313713,610971.2072932206,749403.6950718245,908659.5051846722,1181687.129323404
2031-04-16,Low volatility,447305.7514077386,612137.8928595815,749430.6368054328,909805.7076492461,1182479.681826857
2031-04-17,Low volatility,447295.22040417814,612208.6305055231,751159.5716161835,909383.3195723039,1187920.7779558122
2031-04-18,Low volatility,446757.9243128767,613741.8052258061,751256.168641828,911540.6392838662,1187342.7613906385
2031-04-21,Low volatility,446377.0515789982,613482.8834385825,752118.5428019703,911366.7607708632,1186097.4179526223
2031-04-22,Low volatility,447151.14957739145,613571.0332087934,752530.2709702745,912851.6392761305,1187271.3213319087
2031-04-23,Low volatility,447025.31465886533,614039.7915457431,752441.1194233582,911956.459100552,1188198.3584283304
2031-04-24,Low volatility,448252.29253870004,614857.6640883037,753399.9947596565,912636.8158914285,1194823.0087634432
2031-04-25,Low volatility,447466.6964246306,615521.2752065798,753684.4679862908,913300.8769772501,1192169.2999165056
2031-04-28,Low volatility,447319.5747781785,614645.7260640064,754785.4170929261,914069.6739755291,1191291.0471076423
2031-04-29,Low volatility,449377.91975104954,615322.0739306936,754811.2270188164,915520.9591487589,1196405.9121960683
2031-04-30,Low volatility,447642.5988644817,615709.681301372,754931.5963889746,916837.5642293211,1193336.8445430228
2031-05-01,Low volatility,447822.26849485264,615985.1315911094,755149.5833464502,916611.793474005,1195805.4394722586
2031-05-02,Low volatility,450088.0291536534,616892.2505432763,756139.4307652996,917405.78192288,1197409.3895441957
2031-05-05,Low volatility,449778.9194408345,617160.8734826832,757105.6296783147,918560.4849066732,1195697.532105313
2031-05-06,Low volatility,449954.1414896855,617523.7717537009,758802.6789486979,918995.9096882666,1194365.7371492158
2031-05-07,Low volatility,450169.6162048353,617623.0837580003,758690.8909887329,918843.6889305041,1196172.5730311652
2031-05-08,Low volatility,450848.3275209244,616974.7420376661,758767.8344673051,920361.99220775,1195574.2829955362
2031-05-09,Low volatility,450284.7085584195,617743.3641056725,760609.9158277172,922179.8486799321,1195381.1150720785
2031-05-12,Low volatility,450854.29502884834,619541.4099886697,759628.5633361973,921600.2419281742,1196054.9095173418
2031-05-13,Low volatility,450869.68930589495,619731.9075697492,759931.1049015629,922875.3630302851,1198982.8676793608
2031-05-14,Low volatility,451310.1269218168,619050.2881233182,759868.5638208509,922845.8240439387,1200788.6440706805
2031-05-15,Low volatility,452035.52983914205,619190.8755701954,760491.6094194923,923419.7059282716,1203478.7701692968
2031-05-16,Low volatility,453411.56141880644,620497.1275454897,761120.0359041078,923739.0361730099,1202449.071652162
2031-05-19,Low volatility,453461.8454434317,620558.8344142858,761241.8704126265,924113.3419767893,1204428.4292755611
2031-05-20,Low volatility,452431.9421968672,620460.7152085664,761438.6884466081,924310.0050603074,1206792.4620257458
2031-05-21,Low volatility,452976.0461067637,621619.8100269033,762353.6293058646,924187.1064019856,1207542.7890613144
2031-05-22,Low volatility,453288.33713255514,620926.3088574099,762452.1057940344,927251.1429670521,1209413.5312680944
2031-05-23,Low volatility,451985.699936929,622071.307558035,762168.6164895413,927093.42609476,1208215.8869890198
2031-05-26,Low volatility,452225.9408407783,621732.750920377,762985.6495062961,927835.2018443362,1210281.8660511603
2031-05-27,Low volatility,453836.34615836525,622103.5578584265,762275.8018248109,926969.7464100722,1213742.210040156
2031-05-28,Low volatility,453723.1585922655,622457.0553924497,763483.8231185665,926832.6432947841,1212743.4416117235
2031-05-29,Low volatility,453680.16806848644,622804.1494311822,764063.1142415189,929034.1793478329,1213614.886178028
2031-05-30,Low volatility,454386.7884731622,622155.2383127066,766201.7865416969,930250.8713177096,1214963.0098320227
2031-06-02,Low volatility,456093.62636219256,622889.3624995045,765396.1689785174,931010.9562619631,1216315.2060491324
2031-06-03,Low volatility,455171.91408765304,624377.4081837342,766382.6709073512,929966.2749155613,1218472.5270291145
2031-06-04,Low volatility,456276.58231444494,624968.706279693,767372.5897460846,930465.4709039839,1217305.26662313
2031-06-05,Low volatility,456005.90702041844,625813.9669963712,767047.9907664601,932900.3711643617,1219437.9041576486
2031-06-06,Low volatility,457181.32961328886,625393.8474748896,767453.9302378742,933174.2915754395,1216891.815321582
2031-06-09,Low volatility,457631.8447327847,625926.6105660023,768531.8477309843,935006.1596570181,1219692.5367316927
2031-06-10,Low volatility,456796.7806806898,626152.3205818088,769949.1428339329,934297.0671411294,1222473.4648849939
2031-06-11,Low volatility,457581.65776475315,627463.1898403895,769539.5597944618,934418.1560933599,1220582.8966192023
2031-06-12,Low volatility,455771.2241879369,626518.0544266747,769631.6485953173,935588.2579489064,1222886.0631074675
2031-06-13,Low volatility,456736.6292947689,627449.0354004254,770490.386509897,936336.9871782457,1223563.1209774131
2031-06-16,Low volatility,456520.5729491134,628270.0512074674,771137.9155582245,935406.3804317239,1224744.3485816424
2031-06-17,Low volatility,457376.78855149413,628791.3333967205,771840.5437351945,937762.0313832525,1228142.374013306
2031-06-18,Low volatility,458686.67491874075,628973.3641756243,772268.2721720219,936315.8534607333,1230760.0051205894
2031-06-19,Low volatility,458620.89198718756,629921.5524083636,772571.3822276414,938019.3973955386,1230704.3757937383
2031-06-20,Low volatility,458231.8094996614,631317.9912453133,772839.8929127424,938906.0059677674,1232240.2310714803
2031-06-23,Low volatility,457848.69171083986,631529.6404196785,773519.6419996363,938628.3412709297,1235830.7487657536
2031-06-24,Low volatility,459137.7788661864,631897.0317090637,773766.0706935722,939922.8699607754,1235288.1006507243
2031-06-25,Low volatility,458597.15241408447,631942.7460511704,775011.8096315863,940463.2690137922,1236566.0520529128
2031-06-26,Low volatility,457901.9632973554,632229.7355782639,775232.9092902376,939877.5537578214,1234930.7715079666
2031-06-27,Low volatility,460116.66008326324,633057.9840459771,775734.0550314863,941485.2441739279,1234676.6192860121
2031-06-30,Low volatility,458997.85964358435,632711.1147080082,775704.5471220476,942182.4672913371,1237532.0405028649
