date,ticker,adjusted_price,volume
2018-01-02,RY.TO,74.05504608154297,1397500
2018-01-03,RY.TO,74.73123168945312,1998200
2018-01-04,RY.TO,75.4505386352539,2218100
2018-01-05,RY.TO,75.3426513671875,1451800
2018-01-08,RY.TO,75.03336334228516,1372900
2018-01-09,RY.TO,75.41458892822266,1510700
2018-01-10,RY.TO,75.53687286376953,2956100
2018-01-11,RY.TO,75.58721923828125,1529400
2018-01-12,RY.TO,75.64479064941406,1880800
2018-01-15,RY.TO,75.71670532226562,1073100
2018-01-16,RY.TO,76.08354949951172,3115800
2018-01-17,RY.TO,76.45040130615234,2821500
2018-01-18,RY.TO,76.90361022949219,2507200
2018-01-19,RY.TO,77.48624420166016,3120800
2018-01-22,RY.TO,77.7236328125,3140900
2018-01-23,RY.TO,77.22731018066406,4368700
2018-01-24,RY.TO,76.90811920166016,3862300
2018-01-25,RY.TO,76.55260467529297,2696500
2018-01-26,RY.TO,76.69770050048828,2066200
2018-01-29,RY.TO,76.27691650390625,2834900
2018-01-30,RY.TO,76.5018310546875,3629600
2018-01-31,RY.TO,76.40752410888672,2403600
2018-02-01,RY.TO,75.93595886230469,3205500
2018-02-02,RY.TO,75.12342071533203,1812100
2018-02-05,RY.TO,73.37500762939453,3765900
2018-02-06,RY.TO,73.52734375,3887400
2018-02-07,RY.TO,73.32422637939453,2592400
2018-02-08,RY.TO,71.99658203125,4807600
2018-02-09,RY.TO,71.88053131103516,3218100
2018-02-12,RY.TO,72.34483337402344,4343600
2018-02-13,RY.TO,72.41011810302734,3976200
2018-02-14,RY.TO,72.91793823242188,2222200
2018-02-15,RY.TO,72.98323059082031,1497500
2018-02-16,RY.TO,72.89618682861328,1312100
2018-02-20,RY.TO,72.9034423828125,1816800
2018-02-21,RY.TO,74.36166381835938,2167200
2018-02-22,RY.TO,74.11498260498047,2493700
2018-02-23,RY.TO,74.4051742553711,2413100
2018-02-26,RY.TO,74.28186798095703,2430800
2018-02-27,RY.TO,74.63734436035156,2698500
2018-02-28,RY.TO,73.33871459960938,2672600
2018-03-01,RY.TO,72.96148681640625,1967100
2018-03-02,RY.TO,72.482666015625,1668700
2018-03-05,RY.TO,73.20814514160156,1729200
2018-03-06,RY.TO,73.09933471679688,2195300
2018-03-07,RY.TO,72.9542236328125,1626400
2018-03-08,RY.TO,73.65068817138672,2732800
2018-03-09,RY.TO,73.8248062133789,1486300
2018-03-12,RY.TO,73.861083984375,4717100
2018-03-13,RY.TO,73.861083984375,2862000
2018-03-14,RY.TO,73.66516876220703,1856200
2018-03-15,RY.TO,74.13677978515625,1462100
2018-03-16,RY.TO,74.23107147216797,9837600
2018-03-19,RY.TO,74.02794647216797,1750100
2018-03-20,RY.TO,74.44873046875,1496000
2018-03-21,RY.TO,74.19479370117188,1842800
2018-03-22,RY.TO,73.01226806640625,2703200
2018-03-23,RY.TO,71.97482299804688,2526200
2018-03-26,RY.TO,72.4463882446289,2636600
2018-03-27,RY.TO,71.73540496826172,2412200
2018-03-28,RY.TO,71.59758758544922,2176100
2018-03-29,RY.TO,72.1997299194336,2365000
2018-04-02,RY.TO,71.6266098022461,1706100
2018-04-03,RY.TO,71.2420883178711,1955200
2018-04-04,RY.TO,70.79953002929688,2503100
2018-04-05,RY.TO,71.34365844726562,1690300
2018-04-06,RY.TO,70.58916473388672,2525800
2018-04-09,RY.TO,71.12602233886719,2082900
2018-04-10,RY.TO,71.1332778930664,1470800
2018-04-11,RY.TO,70.40054321289062,1852100
2018-04-12,RY.TO,70.1973876953125,1627100
2018-04-13,RY.TO,69.68956756591797,1916500
2018-04-16,RY.TO,69.92898559570312,1233900
2018-04-17,RY.TO,69.80563354492188,1410500
2018-04-18,RY.TO,70.37150573730469,1817600
2018-04-19,RY.TO,70.10306549072266,1494800
2018-04-20,RY.TO,70.57465362548828,1434900
2018-04-23,RY.TO,71.08248138427734,1653600
2018-04-24,RY.TO,70.72354888916016,1621000
2018-04-25,RY.TO,70.76750183105469,2001900
2018-04-26,RY.TO,71.18504333496094,3504800
2018-04-27,RY.TO,71.89556121826172,1207400
2018-04-30,RY.TO,71.52201080322266,1893400
2018-05-01,RY.TO,71.54397583007812,1095300
2018-05-02,RY.TO,71.57328796386719,1079500
2018-05-03,RY.TO,71.53665924072266,2232000
2018-05-04,RY.TO,71.6611557006836,1667500
2018-05-07,RY.TO,72.34239196777344,1877400
2018-05-08,RY.TO,72.43030548095703,1916300
2018-05-09,RY.TO,72.97969055175781,2031700
2018-05-10,RY.TO,73.22140502929688,2846600
2018-05-11,RY.TO,73.52906799316406,2198000
2018-05-14,RY.TO,73.97586822509766,2308600
2018-05-15,RY.TO,74.01251983642578,1834100
2018-05-16,RY.TO,74.21028900146484,1802200
2018-05-17,RY.TO,74.01985168457031,1748900
2018-05-18,RY.TO,73.66824340820312,1813600
2018-05-22,RY.TO,74.53260040283203,2072100
2018-05-23,RY.TO,74.07112884521484,2004900
2018-05-24,RY.TO,72.60610961914062,3321200
2018-05-25,RY.TO,72.21056365966797,2428200
2018-05-28,RY.TO,71.83698272705078,891000
2018-05-29,RY.TO,70.96528625488281,3555600
2018-05-30,RY.TO,70.89936065673828,2238400
2018-05-31,RY.TO,71.78571319580078,3701300
2018-06-01,RY.TO,71.88823699951172,1759500
2018-06-04,RY.TO,72.47425079345703,1640300
2018-06-05,RY.TO,72.75260925292969,1579400
2018-06-06,RY.TO,72.69400024414062,1647400
2018-06-07,RY.TO,72.81121063232422,1417000
2018-06-08,RY.TO,73.1701431274414,1668500
2018-06-11,RY.TO,73.20677185058594,1854900
2018-06-12,RY.TO,73.29466247558594,1554300
2018-06-13,RY.TO,73.19210052490234,1500500
2018-06-14,RY.TO,73.14082336425781,1660100
2018-06-15,RY.TO,73.44117736816406,6911800
2018-06-18,RY.TO,73.5730209350586,1296300
2018-06-19,RY.TO,73.22872924804688,1594900
2018-06-20,RY.TO,73.5730209350586,1653000
2018-06-21,RY.TO,73.7341537475586,2077100
2018-06-22,RY.TO,74.2542495727539,1614000
2018-06-25,RY.TO,73.10421752929688,3575300
2018-06-26,RY.TO,72.96503448486328,3191300
2018-06-27,RY.TO,72.54019927978516,1813600
2018-06-28,RY.TO,72.3863296508789,1340200
2018-06-29,RY.TO,72.51090240478516,2162500
2018-07-03,RY.TO,72.87715148925781,1766700
2018-07-04,RY.TO,72.78922271728516,400700
2018-07-05,RY.TO,72.95038604736328,1186700
2018-07-06,RY.TO,73.39720153808594,951600
2018-07-09,RY.TO,73.82938385009766,1310700
2018-07-10,RY.TO,74.21028900146484,1681900
2018-07-11,RY.TO,73.67555236816406,3224700
2018-07-12,RY.TO,74.35679626464844,1843000
2018-07-13,RY.TO,74.3201675415039,1243100
2018-07-16,RY.TO,74.67178344726562,1106100
2018-07-17,RY.TO,74.71574401855469,1396000
2018-07-18,RY.TO,74.3421401977539,1600700
2018-07-19,RY.TO,74.27622985839844,1086800
2018-07-20,RY.TO,74.33482360839844,1415700
2018-07-23,RY.TO,74.5692138671875,1110700
2018-07-24,RY.TO,74.73768615722656,1795600
2018-07-25,RY.TO,74.58244323730469,1206100
2018-07-26,RY.TO,74.73031616210938,1122000
2018-07-27,RY.TO,74.73768615722656,1316000
2018-07-30,RY.TO,74.91513061523438,1121400
2018-07-31,RY.TO,75.0777816772461,2480300
2018-08-01,RY.TO,75.26998138427734,1661100
2018-08-02,RY.TO,75.01863098144531,1100500
2018-08-03,RY.TO,74.98165130615234,1163600
2018-08-07,RY.TO,74.30890655517578,2474900
2018-08-08,RY.TO,74.78944396972656,1278200
2018-08-09,RY.TO,75.32915496826172,1533300
2018-08-10,RY.TO,74.8929672241211,1406000
2018-08-13,RY.TO,74.93730163574219,1353200
2018-08-14,RY.TO,75.48442077636719,1584100
2018-08-15,RY.TO,75.02605438232422,2097100
2018-08-16,RY.TO,75.41046142578125,1653700
2018-08-17,RY.TO,76.00194549560547,1819100
2018-08-20,RY.TO,76.07585906982422,1613100
2018-08-21,RY.TO,75.84667205810547,2773800
2018-08-22,RY.TO,76.86692810058594,4414100
2018-08-23,RY.TO,76.65253448486328,2509100
2018-08-24,RY.TO,76.62296295166016,1397000
2018-08-27,RY.TO,76.85953521728516,1367700
2018-08-28,RY.TO,76.74864196777344,2107700
2018-08-29,RY.TO,77.25138092041016,1906500
2018-08-30,RY.TO,77.46577453613281,3180900
2018-08-31,RY.TO,76.63775634765625,2364100
2018-09-04,RY.TO,76.71907043457031,1983600
2018-09-05,RY.TO,76.7116928100586,1744400
2018-09-06,RY.TO,76.9334716796875,2813100
2018-09-07,RY.TO,76.5785903930664,1540500
2018-09-10,RY.TO,76.63037109375,1730600
2018-09-11,RY.TO,76.70427703857422,1496300
2018-09-12,RY.TO,76.28288269042969,2358800
2018-09-13,RY.TO,76.1498031616211,1381400
2018-09-14,RY.TO,76.20154571533203,1138700
2018-09-17,RY.TO,76.53422546386719,1299000
2018-09-18,RY.TO,76.85213470458984,1414800
2018-09-19,RY.TO,76.88172149658203,1624700
2018-09-20,RY.TO,77.29574584960938,2068800
2018-09-21,RY.TO,76.95565032958984,4999500
2018-09-24,RY.TO,77.14047241210938,1848700
2018-09-25,RY.TO,77.20701599121094,1621400
2018-09-26,RY.TO,77.17005157470703,2948300
2018-09-27,RY.TO,77.29574584960938,1536100
2018-09-28,RY.TO,76.54903411865234,2427900
2018-10-01,RY.TO,76.5934066772461,2726700
2018-10-02,RY.TO,76.08328247070312,2200600
2018-10-03,RY.TO,76.23111724853516,1410100
2018-10-04,RY.TO,76.43071746826172,1591900
2018-10-05,RY.TO,76.0684814453125,1518900
2018-10-09,RY.TO,75.63967895507812,1918400
2018-10-10,RY.TO,74.44937133789062,3830400
2018-10-11,RY.TO,72.97071075439453,4669000
2018-10-12,RY.TO,73.0298843383789,3962300
2018-10-15,RY.TO,72.74893188476562,1857200
2018-10-16,RY.TO,73.68048095703125,2218100
2018-10-17,RY.TO,73.91705322265625,3259800
2018-10-18,RY.TO,73.1629409790039,2385400
2018-10-19,RY.TO,73.19252014160156,1998200
2018-10-22,RY.TO,72.64542388916016,2113000
2018-10-23,RY.TO,72.77851104736328,3006700
2018-10-24,RY.TO,70.64279174804688,4152900
2018-10-25,RY.TO,70.73986053466797,3452100
2018-10-26,RY.TO,70.56065368652344,2966000
2018-10-29,RY.TO,70.20967864990234,2793000
2018-10-30,RY.TO,71.23271942138672,2687500
2018-10-31,RY.TO,71.62850189208984,2967700
2018-11-01,RY.TO,71.58370971679688,2465100
2018-11-02,RY.TO,71.50154113769531,2657400
2018-11-05,RY.TO,71.4194107055664,1958100
2018-11-06,RY.TO,71.34471893310547,2136200
2018-11-07,RY.TO,71.63599395751953,2439100
2018-11-08,RY.TO,72.12882995605469,1815700
2018-11-09,RY.TO,71.65090942382812,2189500
2018-11-12,RY.TO,71.18791961669922,1883000
2018-11-13,RY.TO,71.50154113769531,2133700
2018-11-14,RY.TO,71.1655044555664,2000900
2018-11-15,RY.TO,71.42689514160156,1789000
2018-11-16,RY.TO,71.21780395507812,1439000
2018-11-19,RY.TO,70.80706024169922,1850900
2018-11-20,RY.TO,69.91098022460938,2143700
2018-11-21,RY.TO,71.5986328125,3996200
2018-11-22,RY.TO,70.89668273925781,1338300
2018-11-23,RY.TO,70.9863052368164,1403000
2018-11-26,RY.TO,70.85188293457031,3370200
2018-11-27,RY.TO,71.3073959350586,2964200
2018-11-28,RY.TO,73.25640869140625,4244500
2018-11-29,RY.TO,73.0473403930664,2656600
2018-11-30,RY.TO,72.7486343383789,3550200
2018-12-03,RY.TO,72.77104187011719,2787200
2018-12-04,RY.TO,72.21845245361328,3164400
2018-12-05,RY.TO,72.88304901123047,2130500
2018-12-06,RY.TO,71.4791488647461,4787800
2018-12-07,RY.TO,70.61292266845703,5231200
2018-12-10,RY.TO,70.26194763183594,3054600
2018-12-11,RY.TO,69.7168197631836,4235900
2018-12-12,RY.TO,70.5083999633789,2840900
2018-12-13,RY.TO,70.35157012939453,2652800
2018-12-14,RY.TO,70.43370056152344,2884900
2018-12-17,RY.TO,69.82135009765625,2201000
2018-12-18,RY.TO,70.04537963867188,5466600
2018-12-19,RY.TO,69.20903015136719,4215000
2018-12-20,RY.TO,68.8580551147461,4834000
2018-12-21,RY.TO,67.9171371459961,10544300
2018-12-24,RY.TO,67.36453247070312,1766700
2018-12-27,RY.TO,69.23143005371094,2358700
2018-12-28,RY.TO,69.52265930175781,3178900
2018-12-31,RY.TO,69.77655029296875,2420500
2019-01-02,RY.TO,69.91098022460938,2893400
2019-01-03,RY.TO,69.12689208984375,3305700
2019-01-04,RY.TO,70.2992935180664,4301900
2019-01-07,RY.TO,70.12755584716797,4589400
2019-01-08,RY.TO,70.0005874633789,3296500
2019-01-09,RY.TO,71.49411010742188,4959300
2019-01-10,RY.TO,72.15122985839844,4089500
2019-01-11,RY.TO,72.13629150390625,3243000
2019-01-14,RY.TO,72.35283660888672,3069600
2019-01-15,RY.TO,72.63661193847656,1941200
2019-01-16,RY.TO,73.06226348876953,2979900
2019-01-17,RY.TO,73.49537658691406,2071600
2019-01-18,RY.TO,73.65967559814453,3148300
2019-01-21,RY.TO,74.48109436035156,1176200
2019-01-22,RY.TO,74.67526245117188,4491500
2019-01-23,RY.TO,74.3962173461914,2972400
2019-01-24,RY.TO,74.65263366699219,2314500
2019-01-25,RY.TO,74.70541381835938,1766500
2019-01-28,RY.TO,74.95428466796875,1622400
2019-01-29,RY.TO,75.19561767578125,2473800
2019-01-30,RY.TO,75.43696594238281,4262300
2019-01-31,RY.TO,75.42937469482422,3032400
2019-02-01,RY.TO,75.49726104736328,2011300
2019-02-04,RY.TO,75.82157135009766,3626400
2019-02-05,RY.TO,76.31928253173828,2276500
2019-02-06,RY.TO,76.46257019042969,2001700
2019-02-07,RY.TO,76.4701156616211,3064800
2019-02-08,RY.TO,76.10059356689453,1729600
2019-02-11,RY.TO,75.75369262695312,3909600
2019-02-12,RY.TO,75.97993469238281,3224000
2019-02-13,RY.TO,76.04781341552734,1142400
2019-02-14,RY.TO,75.91958618164062,1990000
2019-02-15,RY.TO,76.47767639160156,2381300
2019-02-19,RY.TO,76.76424407958984,5230300
2019-02-20,RY.TO,77.51083374023438,3916000
2019-02-21,RY.TO,77.126220703125,6668600
2019-02-22,RY.TO,76.72653198242188,2701300
2019-02-25,RY.TO,77.23934173583984,2634600
2019-02-26,RY.TO,77.40525817871094,2538900
2019-02-27,RY.TO,77.9029769897461,1811200
2019-02-28,RY.TO,77.56361389160156,2508000
2019-03-01,RY.TO,78.02366638183594,2084600
2019-03-04,RY.TO,77.99349212646484,3225800
2019-03-05,RY.TO,78.23482513427734,2605500
2019-03-06,RY.TO,78.18954467773438,2408300
2019-03-07,RY.TO,77.85018157958984,2519300
2019-03-08,RY.TO,77.57872772216797,2401200
2019-03-11,RY.TO,77.66165924072266,2160300
2019-03-12,RY.TO,77.41279602050781,1823000
2019-03-13,RY.TO,77.4957504272461,3798100
2019-03-14,RY.TO,77.40525817871094,1227500
2019-03-15,RY.TO,78.08399200439453,9327400
2019-03-18,RY.TO,78.55908966064453,1542900
2019-03-19,RY.TO,78.1292495727539,1527700
2019-03-20,RY.TO,77.60889434814453,1717500
2019-03-21,RY.TO,77.28458404541016,5844400
2019-03-22,RY.TO,77.02064514160156,4558500
2019-03-25,RY.TO,76.94524383544922,2586300
2019-03-26,RY.TO,77.48066711425781,3681900
2019-03-27,RY.TO,76.97541809082031,2778100
2019-03-28,RY.TO,76.75668334960938,3146000
2019-03-29,RY.TO,76.03271484375,2685600
2019-04-01,RY.TO,77.29966735839844,3746700
2019-04-02,RY.TO,77.69182586669922,2566900
2019-04-03,RY.TO,77.97085571289062,2047300
2019-04-04,RY.TO,78.00859832763672,1437100
2019-04-05,RY.TO,78.1292495727539,1761400
2019-04-08,RY.TO,78.00859832763672,2527600
2019-04-09,RY.TO,77.79740142822266,2469700
2019-04-10,RY.TO,78.05381774902344,1523200
2019-04-11,RY.TO,78.26496887207031,4394300
2019-04-12,RY.TO,78.95124053955078,1664500
2019-04-15,RY.TO,79.22274780273438,2429500
2019-04-16,RY.TO,79.6978530883789,2604300
2019-04-17,RY.TO,80.27098846435547,8604800
2019-04-18,RY.TO,80.73857116699219,4018800
2019-04-22,RY.TO,80.7234878540039,3304400
2019-04-23,RY.TO,81.33433532714844,4068900
2019-04-24,RY.TO,80.29130554199219,3436000
2019-04-25,RY.TO,80.23039245605469,4087600
2019-04-26,RY.TO,80.6338882446289,2466300
2019-04-29,RY.TO,81.14400482177734,2825300
2019-04-30,RY.TO,81.28865051269531,3045100
2019-05-01,RY.TO,81.0450439453125,5080100
2019-05-02,RY.TO,80.99935150146484,2174000
2019-05-03,RY.TO,81.38001251220703,1950000
2019-05-06,RY.TO,81.50946044921875,1862300
2019-05-07,RY.TO,80.94605255126953,2538300
2019-05-08,RY.TO,80.64911651611328,1391900
2019-05-09,RY.TO,80.68720245361328,3376200
2019-05-10,RY.TO,80.26084899902344,3037700
2019-05-13,RY.TO,79.4766845703125,2543300
2019-05-14,RY.TO,79.7126693725586,1760400
2019-05-15,RY.TO,79.72030639648438,2383800
2019-05-16,RY.TO,80.25322723388672,2426300
2019-05-17,RY.TO,80.03245544433594,2033200
2019-05-21,RY.TO,80.09334564208984,3405500
2019-05-22,RY.TO,80.07813262939453,2361600
2019-05-23,RY.TO,78.14433288574219,4296200
2019-05-24,RY.TO,79.09598541259766,3705100
2019-05-27,RY.TO,79.74314880371094,797300
2019-05-28,RY.TO,79.21780395507812,3748500
2019-05-29,RY.TO,78.15953063964844,2275500
2019-05-30,RY.TO,78.10624694824219,1493100
2019-05-31,RY.TO,77.33728790283203,2037700
2019-06-03,RY.TO,77.48956298828125,2374100
2019-06-04,RY.TO,78.47168731689453,2102800
2019-06-05,RY.TO,78.7990493774414,1649200
2019-06-06,RY.TO,78.5782699584961,1408000
2019-06-07,RY.TO,78.58588409423828,1360900
2019-06-10,RY.TO,78.67723846435547,1180300
2019-06-11,RY.TO,78.6315689086914,1962300
2019-06-12,RY.TO,77.9311294555664,1985200
2019-06-13,RY.TO,78.44124603271484,1974700
2019-06-14,RY.TO,78.8371353149414,1371500
2019-06-17,RY.TO,78.92849731445312,1344700
2019-06-18,RY.TO,80.21517181396484,2107500
2019-06-19,RY.TO,80.08573150634766,1374100
2019-06-20,RY.TO,80.26846313476562,1393600
2019-06-21,RY.TO,79.94107818603516,7020500
2019-06-24,RY.TO,79.93346405029297,1924400
2019-06-25,RY.TO,79.29395294189453,3745200
2019-06-26,RY.TO,78.98179626464844,1651300
2019-06-27,RY.TO,78.76862335205078,1307700
2019-06-28,RY.TO,79.23302459716797,3094100
2019-07-02,RY.TO,79.81166076660156,1396700
2019-07-03,RY.TO,80.4054946899414,1354100
2019-07-04,RY.TO,80.26084899902344,739600
2019-07-05,RY.TO,80.46641540527344,989000
2019-07-08,RY.TO,80.0628890991211,2016100
2019-07-09,RY.TO,80.33697509765625,1870000
2019-07-10,RY.TO,80.07050323486328,2371800
2019-07-11,RY.TO,79.8268814086914,2205600
2019-07-12,RY.TO,79.43099212646484,2439700
2019-07-15,RY.TO,79.37007141113281,1516300
2019-07-16,RY.TO,79.49951934814453,1690900
2019-07-17,RY.TO,79.43099212646484,1677800
2019-07-18,RY.TO,79.56040954589844,2938900
2019-07-19,RY.TO,79.87256622314453,1598700
2019-07-22,RY.TO,79.72789764404297,2630400
2019-07-23,RY.TO,80.32176208496094,3646000
2019-07-24,RY.TO,80.75225830078125,1959900
2019-07-25,RY.TO,80.3371353149414,3252600
2019-07-26,RY.TO,80.54469299316406,1688600
2019-07-29,RY.TO,80.54469299316406,2069300
2019-07-30,RY.TO,80.06806182861328,2343100
2019-07-31,RY.TO,80.12187957763672,2687500
2019-08-01,RY.TO,79.05326843261719,3269500
2019-08-02,RY.TO,78.5689468383789,3011500
2019-08-06,RY.TO,77.65411376953125,3359500
2019-08-07,RY.TO,77.89241790771484,2920000
2019-08-08,RY.TO,78.27679443359375,1332700
2019-08-09,RY.TO,77.70793914794922,2810500
2019-08-12,RY.TO,76.86225128173828,2294100
2019-08-13,RY.TO,77.42346954345703,2855200
2019-08-14,RY.TO,75.9781723022461,2435000
2019-08-15,RY.TO,75.91666412353516,1990900
2019-08-16,RY.TO,76.67774200439453,1439200
2019-08-19,RY.TO,77.23127746582031,1471100
2019-08-20,RY.TO,76.37024688720703,2005800
2019-08-21,RY.TO,76.8084487915039,3213300
2019-08-22,RY.TO,76.3779296875,1909700
2019-08-23,RY.TO,75.03258514404297,2151300
2019-08-26,RY.TO,75.2478256225586,1583500
2019-08-27,RY.TO,75.27857971191406,2293500
2019-08-28,RY.TO,75.57073211669922,1595000
2019-08-29,RY.TO,76.4317398071289,1635400
2019-08-30,RY.TO,76.55474853515625,2028100
2019-09-03,RY.TO,76.43943786621094,1513400
2019-09-04,RY.TO,76.4009780883789,2131100
2019-09-05,RY.TO,77.40811157226562,2236300
2019-09-06,RY.TO,77.60028839111328,1372300
2019-09-09,RY.TO,77.8309097290039,3328400
2019-09-10,RY.TO,78.66120147705078,8891100
2019-09-11,RY.TO,79.36077880859375,2835700
2019-09-12,RY.TO,80.09111022949219,5637600
2019-09-13,RY.TO,80.91370391845703,3680600
2019-09-16,RY.TO,81.02133178710938,5330400
2019-09-17,RY.TO,81.40573120117188,2293200
2019-09-18,RY.TO,81.71324920654297,3115500
2019-09-19,RY.TO,82.17448425292969,2213400
2019-09-20,RY.TO,82.99710083007812,7022600
2019-09-23,RY.TO,82.53582763671875,1523200
2019-09-24,RY.TO,82.12837219238281,2393400
2019-09-25,RY.TO,82.54351806640625,2370400
2019-09-26,RY.TO,82.6126937866211,1446300
2019-09-27,RY.TO,82.60501861572266,1678200
2019-09-30,RY.TO,82.62040710449219,2554900
2019-10-01,RY.TO,82.05149841308594,2402400
2019-10-02,RY.TO,80.9598617553711,3304700
2019-10-03,RY.TO,80.8598861694336,3666900
2019-10-04,RY.TO,81.37498474121094,3407600
2019-10-07,RY.TO,81.17509460449219,1700400
2019-10-08,RY.TO,80.32176971435547,2410800
2019-10-09,RY.TO,81.09820556640625,1784500
2019-10-10,RY.TO,81.3057861328125,1432500
2019-10-11,RY.TO,81.74398040771484,3840700
2019-10-15,RY.TO,82.27445983886719,2949000
2019-10-16,RY.TO,82.38208770751953,3100100
2019-10-17,RY.TO,81.9746322631836,3722600
2019-10-18,RY.TO,82.22064208984375,3606700
2019-10-21,RY.TO,82.79721069335938,4197000
2019-10-22,RY.TO,82.46664428710938,3218600
2019-10-23,RY.TO,82.50544738769531,4806200
2019-10-24,RY.TO,82.1483383178711,3576500
2019-10-25,RY.TO,82.3113784790039,2992400
2019-10-28,RY.TO,82.23371887207031,1390900
2019-10-29,RY.TO,82.32689666748047,3523400
2019-10-30,RY.TO,82.68402099609375,4725800
2019-10-31,RY.TO,82.4821548461914,2285900
2019-11-01,RY.TO,82.80047607421875,1397100
2019-11-04,RY.TO,83.36722564697266,4895800
2019-11-05,RY.TO,83.77095031738281,2396600
2019-11-06,RY.TO,83.92623901367188,1827700
2019-11-07,RY.TO,84.2057113647461,1359600
2019-11-08,RY.TO,84.190185546875,962100
2019-11-11,RY.TO,84.00386810302734,993000
2019-11-12,RY.TO,84.06599426269531,3017900
2019-11-13,RY.TO,84.00386810302734,1420800
2019-11-14,RY.TO,84.05819702148438,969900
2019-11-15,RY.TO,84.47744750976562,1400200
2019-11-18,RY.TO,84.46969604492188,1055100
2019-11-19,RY.TO,84.51628112792969,2815200
2019-11-20,RY.TO,84.50074005126953,2348600
2019-11-21,RY.TO,84.74917602539062,2421000
2019-11-22,RY.TO,84.81906127929688,1210800
2019-11-25,RY.TO,84.90446472167969,5087900
2019-11-26,RY.TO,84.32994079589844,2286800
2019-11-27,RY.TO,84.46969604492188,1067800
2019-11-28,RY.TO,84.36874389648438,537200
2019-11-29,RY.TO,84.41535186767578,1020300
2019-12-02,RY.TO,83.8951644897461,3741300
2019-12-03,RY.TO,83.21196746826172,2412700
2019-12-04,RY.TO,81.48063659667969,4726500
2019-12-05,RY.TO,81.33311462402344,4386200
2019-12-06,RY.TO,81.51170349121094,1918400
2019-12-09,RY.TO,81.09244537353516,1716300
2019-12-10,RY.TO,80.71977996826172,1927900
2019-12-11,RY.TO,80.53346252441406,1896600
2019-12-12,RY.TO,80.54898834228516,2318100
2019-12-13,RY.TO,81.39522552490234,3540300
2019-12-16,RY.TO,81.36418151855469,1332200
2019-12-17,RY.TO,81.32534790039062,2586700
2019-12-18,RY.TO,80.65768432617188,3102500
2019-12-19,RY.TO,80.61109924316406,2102100
2019-12-20,RY.TO,81.0614013671875,7372600
2019-12-23,RY.TO,80.37040710449219,1452900
2019-12-24,RY.TO,80.300537109375,589400
2019-12-27,RY.TO,80.33159637451172,1017100
2019-12-30,RY.TO,80.1064453125,1294100
2019-12-31,RY.TO,79.77259826660156,1419400
2020-01-02,RY.TO,80.39370727539062,1354100
2020-01-03,RY.TO,80.09869384765625,3199000
2020-01-06,RY.TO,80.11420440673828,3139000
2020-01-07,RY.TO,80.14527893066406,1289100
2020-01-08,RY.TO,80.78192138671875,4035100
2020-01-09,RY.TO,81.0769271850586,2540600
2020-01-10,RY.TO,80.97599029541016,2230900
2020-01-13,RY.TO,81.2943115234375,6241400
2020-01-14,RY.TO,81.55828094482422,4430700
2020-01-15,RY.TO,81.86882781982422,2607300
2020-01-16,RY.TO,82.41230010986328,2048300
2020-01-17,RY.TO,82.72285461425781,4172300
2020-01-20,RY.TO,83.11878967285156,1978900
2020-01-21,RY.TO,82.9091796875,7447100
2020-01-22,RY.TO,82.86258697509766,4587700
2020-01-23,RY.TO,83.31288146972656,5277300
2020-01-24,RY.TO,82.92870330810547,2231800
2020-01-27,RY.TO,82.59941101074219,3384500
2020-01-28,RY.TO,82.87381744384766,5561800
2020-01-29,RY.TO,82.93655395507812,4934500
2020-01-30,RY.TO,82.74838256835938,2669000
2020-01-31,RY.TO,81.99569702148438,2763300
2020-02-03,RY.TO,82.1368179321289,2727500
2020-02-04,RY.TO,83.45401000976562,2326600
2020-02-05,RY.TO,83.8538818359375,4030700
2020-02-06,RY.TO,84.38703918457031,2062600
2020-02-07,RY.TO,84.08126831054688,1277600
2020-02-10,RY.TO,84.2223892211914,3115200
2020-02-11,RY.TO,84.4968032836914,1418600
2020-02-12,RY.TO,84.72418212890625,2034100
2020-02-13,RY.TO,84.92018127441406,4704900
2020-02-14,RY.TO,84.912353515625,1970800
2020-02-18,RY.TO,84.55952453613281,4046800
2020-02-19,RY.TO,84.48896026611328,2218100
2020-02-20,RY.TO,84.6771469116211,4167100
2020-02-21,RY.TO,85.62583923339844,5528000
2020-02-24,RY.TO,84.92803192138672,3005000
2020-02-25,RY.TO,83.28153991699219,4582400
2020-02-26,RY.TO,81.51744079589844,4138800
2020-02-27,RY.TO,80.38056182861328,3211400
2020-02-28,RY.TO,78.26362609863281,7774400
2020-03-02,RY.TO,80.20022583007812,5715900
2020-03-03,RY.TO,78.8594970703125,6468200
2020-03-04,RY.TO,79.32994842529297,5061500
2020-03-05,RY.TO,78.2479476928711,5322200
2020-03-06,RY.TO,76.44463348388672,5422000
2020-03-09,RY.TO,70.05463409423828,10781200
2020-03-10,RY.TO,72.4302978515625,7581500
2020-03-11,RY.TO,68.89427185058594,7163400
2020-03-12,RY.TO,61.633968353271484,11157100
2020-03-13,RY.TO,70.81517791748047,9529700
2020-03-16,RY.TO,65.74237060546875,9645200
2020-03-17,RY.TO,69.85865020751953,7983200
2020-03-18,RY.TO,62.72378921508789,7684000
2020-03-19,RY.TO,64.37030792236328,4779700
2020-03-20,RY.TO,61.54772186279297,11147700
2020-03-23,RY.TO,56.64743423461914,8021900
2020-03-24,RY.TO,64.09589385986328,8878100
2020-03-25,RY.TO,66.7381362915039,7159400
2020-03-26,RY.TO,67.74954986572266,5054000
2020-03-27,RY.TO,64.71527099609375,4661100
2020-03-30,RY.TO,66.48723602294922,4212400
2020-03-31,RY.TO,68.34541320800781,5492400
2020-04-01,RY.TO,65.11515045166016,4373100
2020-04-02,RY.TO,65.5934066772461,4059600
2020-04-03,RY.TO,64.35462188720703,3881600
2020-04-06,RY.TO,67.34968566894531,6604700
2020-04-07,RY.TO,67.1693344116211,4432800
2020-04-08,RY.TO,68.53358459472656,10499200
2020-04-09,RY.TO,69.19220733642578,4437300
2020-04-13,RY.TO,67.51433563232422,6166100
2020-04-14,RY.TO,68.5179214477539,6009900
2020-04-15,RY.TO,66.84789276123047,4311300
2020-04-16,RY.TO,65.56990051269531,5221500
2020-04-17,RY.TO,68.58064270019531,12155200
2020-04-20,RY.TO,68.06316375732422,7114000
2020-04-21,RY.TO,65.6482925415039,12451200
2020-04-22,RY.TO,65.9262924194336,4304600
2020-04-23,RY.TO,65.33851623535156,3007500
2020-04-24,RY.TO,66.08515167236328,3593000
2020-04-27,RY.TO,67.47517395019531,10161400
2020-04-28,RY.TO,68.41244506835938,7004000
2020-04-29,RY.TO,70.16783142089844,4298900
2020-04-30,RY.TO,68.01529693603516,3816100
2020-05-01,RY.TO,67.10186004638672,2946200
2020-05-04,RY.TO,67.6260757446289,3727300
2020-05-05,RY.TO,67.4195556640625,2876300
2020-05-06,RY.TO,67.21307373046875,3956800
2020-05-07,RY.TO,66.86357116699219,1813000
2020-05-08,RY.TO,67.78491973876953,7174600
2020-05-11,RY.TO,68.7857437133789,3598900
2020-05-12,RY.TO,67.42753601074219,3711900
2020-05-13,RY.TO,65.52915954589844,4620900
2020-05-14,RY.TO,66.0374984741211,3731800
2020-05-15,RY.TO,65.64035034179688,2125100
2020-05-19,RY.TO,66.5061264038086,6332900
2020-05-20,RY.TO,68.3171157836914,4883300
2020-05-21,RY.TO,66.46642303466797,2852600
2020-05-22,RY.TO,65.34646606445312,2249500
2020-05-25,RY.TO,65.84687805175781,1385800
2020-05-26,RY.TO,69.92160034179688,4636800
2020-05-27,RY.TO,73.27350616455078,5392200
2020-05-28,RY.TO,72.54276275634766,2888800
2020-05-29,RY.TO,70.95416259765625,4124200
2020-06-01,RY.TO,72.47923278808594,2481200
2020-06-02,RY.TO,74.37757110595703,4171000
2020-06-03,RY.TO,74.94947814941406,2692800
2020-06-04,RY.TO,75.38632202148438,2548500
2020-06-05,RY.TO,76.88753509521484,2874700
2020-06-08,RY.TO,76.30772399902344,2254400
2020-06-09,RY.TO,75.17188262939453,2258600
2020-06-10,RY.TO,74.05986785888672,2209200
2020-06-11,RY.TO,71.39895629882812,3055800
2020-06-12,RY.TO,72.55863952636719,3125900
2020-06-15,RY.TO,72.57453155517578,2472300
2020-06-16,RY.TO,73.67066192626953,2513300
2020-06-17,RY.TO,73.28939056396484,2130900
2020-06-18,RY.TO,73.86923217773438,2511100
2020-06-19,RY.TO,73.36087799072266,12390000
2020-06-22,RY.TO,73.15435791015625,1642100
2020-06-23,RY.TO,73.55152130126953,2501800
2020-06-24,RY.TO,72.84458923339844,5469900
2020-06-25,RY.TO,74.00426483154297,2241500
2020-06-26,RY.TO,72.43950653076172,3996700
2020-06-29,RY.TO,73.24175262451172,2828200
2020-06-30,RY.TO,73.16231536865234,2686200
2020-07-02,RY.TO,73.68655395507812,3093900
2020-07-03,RY.TO,73.20995330810547,619800
2020-07-06,RY.TO,74.19489288330078,4543700
2020-07-07,RY.TO,73.4482650756836,2553800
2020-07-08,RY.TO,73.05905151367188,3787300
2020-07-09,RY.TO,72.49510955810547,3786100
2020-07-10,RY.TO,73.93276977539062,5997700
2020-07-13,RY.TO,74.21871948242188,3795300
2020-07-14,RY.TO,75.32279968261719,5313800
2020-07-15,RY.TO,76.0773696899414,11913700
2020-07-16,RY.TO,76.06149291992188,4159600
2020-07-17,RY.TO,76.14090728759766,3872800
2020-07-20,RY.TO,75.41017150878906,7974500
2020-07-21,RY.TO,76.01382446289062,10320700
2020-07-22,RY.TO,75.76759338378906,2384300
2020-07-23,RY.TO,75.54518127441406,3609200
2020-07-24,RY.TO,75.296142578125,7322800
2020-07-27,RY.TO,75.03904724121094,6094000
2020-07-28,RY.TO,74.30792999267578,3540200
2020-07-29,RY.TO,74.78194427490234,2791500
2020-07-30,RY.TO,74.91049194335938,3286000
2020-07-31,RY.TO,74.23563385009766,2697000
2020-08-04,RY.TO,74.30792999267578,4465400
2020-08-05,RY.TO,75.36043548583984,6086200
2020-08-06,RY.TO,75.99508666992188,2762900
2020-08-07,RY.TO,76.6458740234375,2133400
2020-08-10,RY.TO,77.31273651123047,5673700
2020-08-11,RY.TO,78.46158599853516,6151300
2020-08-12,RY.TO,78.76689147949219,3338600
2020-08-13,RY.TO,78.45353698730469,2225500
2020-08-14,RY.TO,78.3009033203125,1356600
2020-08-17,RY.TO,78.01168060302734,4731300
2020-08-18,RY.TO,78.18842315673828,1384000
2020-08-19,RY.TO,78.48568725585938,2302600
2020-08-20,RY.TO,78.67047119140625,2347800
2020-08-21,RY.TO,78.67047119140625,1799500
2020-08-24,RY.TO,79.48995971679688,4203600
2020-08-25,RY.TO,80.27730560302734,2698700
2020-08-26,RY.TO,81.46636962890625,5161500
2020-08-27,RY.TO,81.86807250976562,2358600
2020-08-28,RY.TO,81.20124053955078,2097500
2020-08-31,RY.TO,79.80328369140625,2837900
2020-09-01,RY.TO,79.56227111816406,2311300
2020-09-02,RY.TO,79.650634765625,1720700
2020-09-03,RY.TO,78.60619354248047,2411300
2020-09-04,RY.TO,77.85902404785156,2494100
2020-09-08,RY.TO,77.36091613769531,2535800
2020-09-09,RY.TO,78.33303833007812,2022100
2020-09-10,RY.TO,77.45732116699219,1563100
2020-09-11,RY.TO,78.0759506225586,1814800
2020-09-14,RY.TO,78.63028717041016,1850800
2020-09-15,RY.TO,78.83915710449219,1532200
2020-09-16,RY.TO,77.66621398925781,1891500
2020-09-17,RY.TO,77.55372619628906,1499000
2020-09-18,RY.TO,76.7021255493164,7517200
2020-09-21,RY.TO,75.80229187011719,2113100
2020-09-22,RY.TO,75.7781753540039,1726900
2020-09-23,RY.TO,75.22382354736328,1489300
2020-09-24,RY.TO,75.67373657226562,1447100
2020-09-25,RY.TO,75.91474151611328,2342200
2020-09-28,RY.TO,76.77442169189453,8686700
2020-09-29,RY.TO,75.44878387451172,3559800
2020-09-30,RY.TO,75.11133575439453,4507200
2020-10-01,RY.TO,75.16758728027344,2743400
2020-10-02,RY.TO,75.73802185058594,2122500
2020-10-05,RY.TO,76.74227142333984,4875800
2020-10-06,RY.TO,76.83869171142578,2291700
2020-10-07,RY.TO,78.46961212158203,3379900
2020-10-08,RY.TO,78.50176239013672,3890700
2020-10-09,RY.TO,78.2125244140625,3080400
2020-10-13,RY.TO,78.17236328125,3800400
2020-10-14,RY.TO,77.99560546875,2291800
2020-10-15,RY.TO,77.9875717163086,5193600
2020-10-16,RY.TO,78.20449829101562,6206600
2020-10-19,RY.TO,77.24842071533203,7680000
2020-10-20,RY.TO,77.0475845336914,7565500
2020-10-21,RY.TO,77.71440124511719,5716100
2020-10-22,RY.TO,78.2125244140625,3919500
2020-10-23,RY.TO,78.22876739501953,12957900
2020-10-26,RY.TO,76.7745361328125,5814500
2020-10-27,RY.TO,75.48278045654297,8791000
2020-10-28,RY.TO,74.08538818359375,6162100
2020-10-29,RY.TO,75.4665298461914,4234100
2020-10-30,RY.TO,75.68588256835938,2842700
2020-11-02,RY.TO,75.79150390625,3395800
2020-11-03,RY.TO,77.13199615478516,2258300
2020-11-04,RY.TO,78.99246215820312,6099400
2020-11-05,RY.TO,78.2125244140625,3588700
2020-11-06,RY.TO,78.59437561035156,2351400
2020-11-09,RY.TO,79.34992218017578,7357000
2020-11-10,RY.TO,80.75543975830078,5255700
2020-11-11,RY.TO,81.35663604736328,3102400
2020-11-12,RY.TO,81.47850799560547,3793300
2020-11-13,RY.TO,81.56787109375,3420000
2020-11-16,RY.TO,82.66464233398438,6378300
2020-11-17,RY.TO,84.05390930175781,10202200
2020-11-18,RY.TO,84.5575942993164,5884300
2020-11-19,RY.TO,84.46823120117188,7909700
2020-11-20,RY.TO,84.7607192993164,3988100
2020-11-23,RY.TO,85.79248809814453,5606000
2020-11-24,RY.TO,87.5067138671875,5161300
2020-11-25,RY.TO,87.5067138671875,5200500
2020-11-26,RY.TO,87.94544219970703,1098400
2020-11-27,RY.TO,87.87229919433594,1572100
2020-11-30,RY.TO,86.16621398925781,4645500
2020-12-01,RY.TO,86.9623794555664,2233100
2020-12-02,RY.TO,86.43431091308594,2426600
2020-12-03,RY.TO,85.98747253417969,2232500
2020-12-04,RY.TO,85.42689514160156,4167100
2020-12-07,RY.TO,85.89810943603516,1821700
2020-12-08,RY.TO,85.96309661865234,2812700
2020-12-09,RY.TO,86.320556640625,3232200
2020-12-10,RY.TO,86.47493743896484,1895600
2020-12-11,RY.TO,86.41804504394531,2009100
2020-12-14,RY.TO,85.1912841796875,3514600
2020-12-15,RY.TO,84.83382415771484,3277300
2020-12-16,RY.TO,85.11004638671875,4599400
2020-12-17,RY.TO,84.8419418334961,5580500
2020-12-18,RY.TO,84.5332260131836,10169900
2020-12-21,RY.TO,84.26512145996094,2113800
2020-12-22,RY.TO,84.07014465332031,1630100
2020-12-23,RY.TO,85.1912841796875,3435200
2020-12-24,RY.TO,85.23192596435547,978400
2020-12-29,RY.TO,85.46751403808594,3520300
2020-12-30,RY.TO,85.15877532958984,1362600
2020-12-31,RY.TO,84.97193145751953,1636900
2021-01-04,RY.TO,85.04505920410156,2233600
2021-01-05,RY.TO,85.58940124511719,3126400
2021-01-06,RY.TO,86.83240509033203,2791800
2021-01-07,RY.TO,87.7991714477539,4883800
2021-01-08,RY.TO,87.72608184814453,4412500
2021-01-11,RY.TO,87.61231994628906,4696000
2021-01-12,RY.TO,88.11603546142578,2500900
2021-01-13,RY.TO,88.19727325439453,1628300
2021-01-14,RY.TO,87.88855743408203,4210600
2021-01-15,RY.TO,88.06729125976562,4775900
2021-01-18,RY.TO,87.98605346679688,2987400
2021-01-19,RY.TO,87.579833984375,11767400
2021-01-20,RY.TO,87.7991714477539,8270000
2021-01-21,RY.TO,87.61231994628906,12609900
2021-01-22,RY.TO,87.22235870361328,14473800
2021-01-25,RY.TO,87.23057556152344,4802900
2021-01-26,RY.TO,86.98435974121094,4771700
2021-01-27,RY.TO,85.4168472290039,5800600
2021-01-28,RY.TO,86.31141662597656,9572500
2021-01-29,RY.TO,84.94087219238281,6095100
2021-02-01,RY.TO,85.77794647216797,3454800
2021-02-02,RY.TO,86.71353912353516,5220500
2021-02-03,RY.TO,86.61505889892578,2136900
2021-02-04,RY.TO,87.23877716064453,3830600
2021-02-05,RY.TO,87.55064392089844,1408600
2021-02-08,RY.TO,87.9199447631836,6046000
2021-02-09,RY.TO,87.87069702148438,5005100
2021-02-10,RY.TO,86.93511962890625,2368000
2021-02-11,RY.TO,86.83662414550781,2391900
2021-02-12,RY.TO,87.15673065185547,4753400
2021-02-16,RY.TO,87.37007904052734,3746500
2021-02-17,RY.TO,88.11690521240234,6741000
2021-02-18,RY.TO,89.544921875,6096100
2021-02-19,RY.TO,90.0865478515625,5063600
2021-02-22,RY.TO,91.1534423828125,5257400
2021-02-23,RY.TO,92.05622100830078,3681300
2021-02-24,RY.TO,91.81818389892578,4572200
2021-02-25,RY.TO,90.56253051757812,10436600
2021-02-26,RY.TO,88.92939758300781,8127100
2021-03-01,RY.TO,90.06192016601562,2813900
2021-03-02,RY.TO,90.02909851074219,3037800
2021-03-03,RY.TO,90.07833862304688,2618700
2021-03-04,RY.TO,90.17681121826172,6608100
2021-03-05,RY.TO,92.38447570800781,4863400
2021-03-08,RY.TO,93.96019744873047,3375400
2021-03-09,RY.TO,93.80425262451172,4426200
2021-03-10,RY.TO,95.15017700195312,3032800
2021-03-11,RY.TO,95.37996673583984,3174700
2021-03-12,RY.TO,95.5687255859375,2556900
2021-03-15,RY.TO,95.13378143310547,2510900
2021-03-16,RY.TO,95.19121551513672,2126400
2021-03-17,RY.TO,95.53589630126953,4351000
2021-03-18,RY.TO,96.05293273925781,2652700
2021-03-19,RY.TO,95.64259338378906,12535000
2021-03-22,RY.TO,95.1830062866211,2201800
2021-03-23,RY.TO,95.0680923461914,3674200
2021-03-24,RY.TO,95.16657257080078,2291200
2021-03-25,RY.TO,95.43742370605469,9018800
2021-03-26,RY.TO,96.06934356689453,4331300
2021-03-29,RY.TO,96.11859130859375,3248300
2021-03-30,RY.TO,96.13500213623047,2961600
2021-03-31,RY.TO,95.09273529052734,3144100
2021-04-01,RY.TO,95.19941711425781,2863400
2021-04-05,RY.TO,95.6097640991211,6352100
2021-04-06,RY.TO,95.6015625,1680100
2021-04-07,RY.TO,95.65079498291016,1907300
2021-04-08,RY.TO,95.85596466064453,1875000
2021-04-09,RY.TO,96.11038208007812,2429100
2021-04-12,RY.TO,96.50430297851562,10317200
2021-04-13,RY.TO,96.1678237915039,4415500
2021-04-14,RY.TO,96.29914855957031,7398900
2021-04-15,RY.TO,96.85720825195312,8582000
2021-04-16,RY.TO,97.24292755126953,5376900
2021-04-19,RY.TO,96.79976654052734,8480200
2021-04-20,RY.TO,95.69184112548828,5197600
2021-04-21,RY.TO,96.1225814819336,4075100
2021-04-22,RY.TO,95.96519470214844,4374700
2021-04-23,RY.TO,96.5533218383789,4116100
2021-04-26,RY.TO,96.7107162475586,5661400
2021-04-27,RY.TO,97.00891876220703,7340800
2021-04-28,RY.TO,97.53076934814453,9467700
2021-04-29,RY.TO,97.8372573852539,9136600
2021-04-30,RY.TO,97.1745834350586,2405300
2021-05-03,RY.TO,97.82069396972656,1672200
2021-05-04,RY.TO,97.67988586425781,4022000
2021-05-05,RY.TO,98.60765838623047,4172800
2021-05-06,RY.TO,99.04667663574219,2647700
2021-05-07,RY.TO,99.61823272705078,2268700
2021-05-10,RY.TO,99.7176284790039,3103300
2021-05-11,RY.TO,98.91413116455078,6574700
2021-05-12,RY.TO,99.35318756103516,5049800
2021-05-13,RY.TO,100.34719848632812,3052000
2021-05-14,RY.TO,100.94361877441406,2461200
2021-05-17,RY.TO,101.2998275756836,2046000
2021-05-18,RY.TO,102.00390625,2219700
2021-05-19,RY.TO,101.75538635253906,3255500
2021-05-20,RY.TO,101.86309051513672,2042000
2021-05-21,RY.TO,102.27726745605469,2239100
2021-05-25,RY.TO,102.26898956298828,3463400
2021-05-26,RY.TO,103.08906555175781,2638700
2021-05-27,RY.TO,104.37301635742188,4597900
2021-05-28,RY.TO,104.05823516845703,6010000
2021-05-31,RY.TO,102.89025115966797,2009600
2021-06-01,RY.TO,104.2487564086914,3341200
2021-06-02,RY.TO,104.35647583007812,2170800
2021-06-03,RY.TO,104.4724349975586,2380900
2021-06-04,RY.TO,104.54695892333984,1541900
2021-06-07,RY.TO,104.39788055419922,1977800
2021-06-08,RY.TO,104.10794067382812,3515800
2021-06-09,RY.TO,103.4783935546875,3552200
2021-06-10,RY.TO,103.29615783691406,1808300
2021-06-11,RY.TO,104.45586395263672,2557100
2021-06-14,RY.TO,104.712646484375,2353900
2021-06-15,RY.TO,105.47472381591797,2308100
2021-06-16,RY.TO,105.7646713256836,2257000
2021-06-17,RY.TO,105.26764678955078,2928400
2021-06-18,RY.TO,104.33987426757812,9652500
2021-06-21,RY.TO,104.5884017944336,1557900
2021-06-22,RY.TO,104.240478515625,1928700
2021-06-23,RY.TO,104.07479858398438,1768900
2021-06-24,RY.TO,104.13279724121094,1669800
2021-06-25,RY.TO,104.51383972167969,1789500
2021-06-28,RY.TO,103.98368835449219,2680400
2021-06-29,RY.TO,104.09136199951172,1447500
2021-06-30,RY.TO,104.03337860107422,2493100
2021-07-02,RY.TO,104.39788055419922,1522800
2021-07-05,RY.TO,104.68778991699219,494400
2021-07-06,RY.TO,104.35647583007812,2682100
2021-07-07,RY.TO,104.33158874511719,2539000
2021-07-08,RY.TO,104.1907730102539,4082900
2021-07-09,RY.TO,104.67948913574219,4405800
2021-07-12,RY.TO,105.79778289794922,9403300
2021-07-13,RY.TO,106.01317596435547,1727100
2021-07-14,RY.TO,106.64273071289062,4975500
2021-07-15,RY.TO,107.11485290527344,2424200
2021-07-16,RY.TO,105.64868927001953,9217300
2021-07-19,RY.TO,103.9919662475586,10464900
2021-07-20,RY.TO,104.36473083496094,6853400
2021-07-21,RY.TO,104.62152862548828,2649300
2021-07-22,RY.TO,104.25706481933594,10324500
2021-07-23,RY.TO,104.7082290649414,6858300
2021-07-26,RY.TO,105.159423828125,5516600
2021-07-27,RY.TO,105.72756958007812,5527100
2021-07-28,RY.TO,105.81112670898438,2201000
2021-07-29,RY.TO,106.11190032958984,1807600
2021-07-30,RY.TO,105.42679595947266,3993300
2021-08-03,RY.TO,105.51033020019531,1816600
2021-08-04,RY.TO,106.27904510498047,1658300
2021-08-05,RY.TO,106.8805923461914,8759600
2021-08-06,RY.TO,107.89994812011719,2106300
2021-08-09,RY.TO,108.07542419433594,4279900
2021-08-10,RY.TO,108.91929626464844,1468400
2021-08-11,RY.TO,109.42061614990234,4018100
2021-08-12,RY.TO,109.52088165283203,2411200
2021-08-13,RY.TO,109.50415802001953,965600
2021-08-16,RY.TO,109.60442352294922,2467500
2021-08-17,RY.TO,109.24513244628906,2567300
2021-08-18,RY.TO,109.16996002197266,1624400
2021-08-19,RY.TO,108.91094207763672,2488700
2021-08-20,RY.TO,110.05561828613281,2055800
2021-08-23,RY.TO,110.07231903076172,2198000
2021-08-24,RY.TO,110.33134460449219,2648400
2021-08-25,RY.TO,111.25039672851562,3074700
2021-08-26,RY.TO,110.76580810546875,1756700
2021-08-27,RY.TO,110.52347564697266,2630100
2021-08-30,RY.TO,109.51249694824219,1911400
2021-08-31,RY.TO,108.2842788696289,3297000
2021-09-01,RY.TO,108.19237518310547,1947000
2021-09-02,RY.TO,108.32606506347656,1291400
2021-09-03,RY.TO,108.18401336669922,1150600
2021-09-07,RY.TO,108.57672119140625,1522600
2021-09-08,RY.TO,108.1506118774414,1349400
2021-09-09,RY.TO,108.48481750488281,1292900
2021-09-10,RY.TO,108.3093490600586,1433600
2021-09-13,RY.TO,107.91665649414062,2253800
2021-09-14,RY.TO,107.30670928955078,2005800
2021-09-15,RY.TO,108.25086975097656,1937700
2021-09-16,RY.TO,108.25923919677734,1636400
2021-09-17,RY.TO,106.66336059570312,7761000
2021-09-20,RY.TO,105.05079650878906,3026000
2021-09-21,RY.TO,104.71659851074219,1691800
2021-09-22,RY.TO,105.61895751953125,1649400
2021-09-23,RY.TO,107.07276916503906,1748300
2021-09-24,RY.TO,106.8638916015625,3298100
2021-09-27,RY.TO,106.91401672363281,2544400
2021-09-28,RY.TO,105.75263977050781,2426100
2021-09-29,RY.TO,105.86961364746094,1784700
2021-09-30,RY.TO,105.30146789550781,2712600
2021-10-01,RY.TO,105.36831665039062,4045100
2021-10-04,RY.TO,105.44351959228516,1728900
2021-10-05,RY.TO,106.32079315185547,3106000
2021-10-06,RY.TO,106.37928771972656,3258100
2021-10-07,RY.TO,106.84719848632812,2170000
2021-10-08,RY.TO,107.2900161743164,1404300
2021-10-12,RY.TO,107.19810485839844,5842200
2021-10-13,RY.TO,107.50725555419922,6621100
2021-10-14,RY.TO,108.50988006591797,8363100
2021-10-15,RY.TO,109.16996002197266,2225400
2021-10-18,RY.TO,109.68797302246094,10998800
2021-10-19,RY.TO,109.92193603515625,3930900
2021-10-20,RY.TO,110.40652465820312,12132500
2021-10-21,RY.TO,110.59870147705078,1409700
2021-10-22,RY.TO,111.3172607421875,2673700
2021-10-25,RY.TO,111.56996154785156,7945000
2021-10-26,RY.TO,111.78053283691406,11491100
2021-10-27,RY.TO,110.34014129638672,3795300
2021-10-28,RY.TO,110.45805358886719,1668600
2021-10-29,RY.TO,108.51220703125,4867800
2021-11-01,RY.TO,108.91655731201172,1956000
2021-11-02,RY.TO,110.08740997314453,5414200
2021-11-03,RY.TO,111.33411407470703,2443500
2021-11-04,RY.TO,111.62049865722656,5728100
2021-11-05,RY.TO,111.24986267089844,2915200
2021-11-08,RY.TO,111.19088745117188,5270500
2021-11-09,RY.TO,111.38462829589844,3420700
2021-11-10,RY.TO,111.51943969726562,2139200
2021-11-11,RY.TO,112.21856689453125,2117900
2021-11-12,RY.TO,112.21856689453125,2711800
2021-11-15,RY.TO,111.56996154785156,2723500
2021-11-16,RY.TO,111.73843383789062,2085200
2021-11-17,RY.TO,111.3256607055664,3055400
2021-11-18,RY.TO,111.01398468017578,1901000
2021-11-19,RY.TO,111.1572036743164,2757000
2021-11-22,RY.TO,110.87922668457031,3220000
2021-11-23,RY.TO,110.91291046142578,4005200
2021-11-24,RY.TO,111.28356170654297,3294600
2021-11-25,RY.TO,111.82266998291016,848700
2021-11-26,RY.TO,110.09583282470703,4572800
2021-11-29,RY.TO,109.27875518798828,2570000
2021-11-30,RY.TO,106.38945770263672,6322700
2021-12-01,RY.TO,105.91776275634766,3430700
2021-12-02,RY.TO,107.93941497802734,4880800
2021-12-03,RY.TO,108.36058044433594,2465800
2021-12-06,RY.TO,108.71437072753906,2192600
2021-12-07,RY.TO,109.77574920654297,2130800
2021-12-08,RY.TO,109.20293426513672,2190300
2021-12-09,RY.TO,109.27875518798828,1911600
2021-12-10,RY.TO,109.65780639648438,2047400
2021-12-13,RY.TO,108.2258071899414,5817900
2021-12-14,RY.TO,108.34374237060547,3126600
2021-12-15,RY.TO,109.77574920654297,3652800
2021-12-16,RY.TO,110.74446105957031,2956200
2021-12-17,RY.TO,110.33169555664062,5961000
2021-12-20,RY.TO,109.49777221679688,2899800
2021-12-21,RY.TO,110.82868957519531,2894100
2021-12-22,RY.TO,111.68789672851562,1997800
2021-12-23,RY.TO,112.5723648071289,3240000
2021-12-24,RY.TO,112.86717987060547,368800
2021-12-29,RY.TO,113.54104614257812,2976300
2021-12-30,RY.TO,113.26309967041016,1194100
2021-12-31,RY.TO,113.08619689941406,1345100
2022-01-04,RY.TO,115.26787567138672,3985400
2022-01-05,RY.TO,116.51460266113281,4038500
2022-01-06,RY.TO,117.76970672607422,3194500
2022-01-07,RY.TO,119.40385437011719,2722100
2022-01-10,RY.TO,120.0609130859375,4055600
2022-01-11,RY.TO,121.12226867675781,3585000
2022-01-12,RY.TO,122.13310241699219,4232800
2022-01-13,RY.TO,122.47847747802734,7743100
2022-01-14,RY.TO,124.07050323486328,7629100
2022-01-17,RY.TO,125.63727569580078,1854900
2022-01-18,RY.TO,125.24982452392578,10085000
2022-01-19,RY.TO,123.82624053955078,6819300
2022-01-20,RY.TO,122.40264892578125,5743500
2022-01-21,RY.TO,121.8467025756836,9326800
2022-01-24,RY.TO,120.74319458007812,8062600
2022-01-25,RY.TO,119.96170043945312,7835100
2022-01-26,RY.TO,120.16558837890625,4136400
2022-01-27,RY.TO,120.73470306396484,9206900
2022-01-28,RY.TO,121.62666320800781,6853900
2022-01-31,RY.TO,123.11319732666016,2539600
2022-02-01,RY.TO,124.14108276367188,4779000
2022-02-02,RY.TO,124.667724609375,3925700
2022-02-03,RY.TO,124.1580581665039,5062100
2022-02-04,RY.TO,124.7612075805664,3130000
2022-02-07,RY.TO,123.82675170898438,3793000
2022-02-08,RY.TO,125.32182312011719,2963800
2022-02-09,RY.TO,124.38739776611328,2586200
2022-02-10,RY.TO,123.69935607910156,2329900
2022-02-11,RY.TO,124.23452758789062,2858600
2022-02-14,RY.TO,123.17266845703125,4944000
2022-02-15,RY.TO,123.17266845703125,1637800
2022-02-16,RY.TO,123.06222534179688,2717600
2022-02-17,RY.TO,120.16558837890625,2904300
2022-02-18,RY.TO,119.81730651855469,2147300
2022-02-22,RY.TO,120.92160034179688,2845300
2022-02-23,RY.TO,119.34160614013672,3810000
2022-02-24,RY.TO,116.89513397216797,7836000
2022-02-25,RY.TO,119.23963928222656,3658400
2022-02-28,RY.TO,119.10372924804688,4802100
2022-03-01,RY.TO,116.71673583984375,3673500
2022-03-02,RY.TO,116.91211700439453,2960800
2022-03-03,RY.TO,118.10987091064453,2825200
2022-03-04,RY.TO,117.43877410888672,2369400
2022-03-07,RY.TO,115.78234100341797,5158800
2022-03-08,RY.TO,114.88189697265625,5323200
2022-03-09,RY.TO,117.01404571533203,2298800
2022-03-10,RY.TO,117.48975372314453,1974000
2022-03-11,RY.TO,117.35382080078125,3352900
2022-03-14,RY.TO,118.14383697509766,3689700
2022-03-15,RY.TO,118.99331665039062,3086000
2022-03-16,RY.TO,119.64741516113281,3094900
2022-03-17,RY.TO,120.41189575195312,1823100
2022-03-18,RY.TO,120.73470306396484,10561200
2022-03-21,RY.TO,121.22738647460938,1742200
2022-03-22,RY.TO,121.4397964477539,2030800
2022-03-23,RY.TO,119.25663757324219,2567200
2022-03-24,RY.TO,119.34160614013672,1808800
2022-03-25,RY.TO,120.01265716552734,2855800
2022-03-28,RY.TO,119.62191772460938,4324900
2022-03-29,RY.TO,119.23963928222656,2030900
2022-03-30,RY.TO,118.8233871459961,3703100
2022-03-31,RY.TO,116.92059326171875,3097400
2022-04-01,RY.TO,116.64877319335938,2638900
2022-04-04,RY.TO,117.42179870605469,3387200
2022-04-05,RY.TO,117.21791076660156,3716900
2022-04-06,RY.TO,116.50435638427734,2832400
2022-04-07,RY.TO,115.16222381591797,4254100
2022-04-08,RY.TO,116.08812713623047,2162200
2022-04-11,RY.TO,116.85263061523438,3196800
2022-04-12,RY.TO,115.90974426269531,3627800
2022-04-13,RY.TO,115.86727142333984,2727200
2022-04-14,RY.TO,116.25800323486328,8609600
2022-04-18,RY.TO,116.52983856201172,6277800
2022-04-19,RY.TO,117.8380126953125,8113000
2022-04-20,RY.TO,118.0843734741211,2329600
2022-04-21,RY.TO,117.71060943603516,12608800
2022-04-22,RY.TO,113.7603530883789,10172300
2022-04-25,RY.TO,112.76638793945312,6559600
2022-04-26,RY.TO,111.52389526367188,6418700
2022-04-27,RY.TO,111.12113952636719,2206700
2022-04-28,RY.TO,112.63783264160156,2793800
2022-04-29,RY.TO,111.1811294555664,2569500
2022-05-02,RY.TO,111.13829803466797,4452100
2022-05-03,RY.TO,112.22653198242188,1653400
2022-05-04,RY.TO,113.62328338623047,2792700
2022-05-05,RY.TO,111.66957092285156,4022600
2022-05-06,RY.TO,111.04402923583984,3211800
2022-05-09,RY.TO,109.45022583007812,4991800
2022-05-10,RY.TO,108.28485870361328,4712300
2022-05-11,RY.TO,108.30198669433594,5097000
2022-05-12,RY.TO,107.40225982666016,3375000
2022-05-13,RY.TO,108.49909210205078,3354900
2022-05-16,RY.TO,108.73043060302734,2720500
2022-05-17,RY.TO,109.01321411132812,3126800
2022-05-18,RY.TO,107.94210052490234,7991600
2022-05-19,RY.TO,108.80754852294922,2895900
2022-05-20,RY.TO,109.03890991210938,2369400
2022-05-24,RY.TO,110.21283721923828,2712300
2022-05-25,RY.TO,110.15286254882812,2197500
2022-05-26,RY.TO,110.14429473876953,1899900
2022-05-27,RY.TO,112.20939636230469,2647100
2022-05-30,RY.TO,113.1948013305664,603300
2022-05-31,RY.TO,113.25479888916016,4224100
2022-06-01,RY.TO,113.4947280883789,1975800
2022-06-02,RY.TO,113.8546142578125,1542600
2022-06-03,RY.TO,113.06626892089844,2126600
2022-06-06,RY.TO,113.52903747558594,2370200
2022-06-07,RY.TO,114.04312896728516,1710500
2022-06-08,RY.TO,112.99773406982422,2741800
2022-06-09,RY.TO,112.19225311279297,1345200
2022-06-10,RY.TO,110.15286254882812,2035300
2022-06-13,RY.TO,108.55049896240234,2796800
2022-06-14,RY.TO,107.97637176513672,2545700
2022-06-15,RY.TO,108.46479034423828,5859300
2022-06-16,RY.TO,106.9138412475586,2379700
2022-06-17,RY.TO,106.70816802978516,6651700
2022-06-20,RY.TO,107.94210052490234,843200
2022-06-21,RY.TO,108.29342651367188,2865000
2022-06-22,RY.TO,107.3080062866211,2669300
2022-06-23,RY.TO,105.69705963134766,3513900
2022-06-24,RY.TO,106.54537963867188,2823600
2022-06-27,RY.TO,106.9138412475586,4625300
2022-06-28,RY.TO,107.40225982666016,3734500
2022-06-29,RY.TO,108.00206756591797,2194000
2022-06-30,RY.TO,106.80242919921875,2576600
2022-07-04,RY.TO,107.70216369628906,1111200
2022-07-05,RY.TO,106.99951171875,3751000
2022-07-06,RY.TO,107.57364654541016,2721400
2022-07-07,RY.TO,109.23600769042969,3697700
2022-07-08,RY.TO,109.30452728271484,3725700
2022-07-11,RY.TO,109.1417465209961,5152600
2022-07-12,RY.TO,109.39879608154297,4373000
2022-07-13,RY.TO,108.2677001953125,3009500
2022-07-14,RY.TO,102.17523956298828,8553800
2022-07-15,RY.TO,101.65254974365234,5066400
2022-07-18,RY.TO,103.51199340820312,5602100
2022-07-19,RY.TO,105.63706970214844,5901800
2022-07-20,RY.TO,105.9969711303711,4032800
2022-07-21,RY.TO,106.32257843017578,9400300
2022-07-22,RY.TO,105.92841339111328,9930500
2022-07-25,RY.TO,106.58646392822266,6288700
2022-07-26,RY.TO,105.50414276123047,7420400
2022-07-27,RY.TO,106.19683074951172,4460700
2022-07-28,RY.TO,107.1492691040039,4712200
2022-07-29,RY.TO,108.11038208007812,4168800
2022-08-02,RY.TO,107.56487274169922,5088100
2022-08-03,RY.TO,109.33122253417969,3685000
2022-08-04,RY.TO,109.47840881347656,6142800
2022-08-05,RY.TO,109.50437927246094,2592900
2022-08-08,RY.TO,107.88523864746094,5552100
2022-08-09,RY.TO,107.54754638671875,2421300
2022-08-10,RY.TO,109.01084899902344,3370300
2022-08-11,RY.TO,109.8680419921875,2977600
2022-08-12,RY.TO,110.8551254272461,2393500
2022-08-15,RY.TO,111.21876525878906,5420000
2022-08-16,RY.TO,111.92011260986328,1900500
2022-08-17,RY.TO,111.755615234375,4121300
2022-08-18,RY.TO,112.21450805664062,1952000
2022-08-19,RY.TO,111.73829650878906,2898400
2022-08-22,RY.TO,110.50878143310547,3192900
2022-08-23,RY.TO,109.5217056274414,3199900
2022-08-24,RY.TO,106.67305755615234,4705100
2022-08-25,RY.TO,108.88963317871094,3446600
2022-08-26,RY.TO,108.20559692382812,2148700
2022-08-29,RY.TO,108.29219818115234,1868000
2022-08-30,RY.TO,106.6297607421875,2205700
2022-08-31,RY.TO,105.74658203125,2395800
2022-09-01,RY.TO,105.53878021240234,2598400
2022-09-02,RY.TO,106.53450775146484,2857700
2022-09-06,RY.TO,106.06695556640625,2400700
2022-09-07,RY.TO,107.29646301269531,1989900
2022-09-08,RY.TO,108.78572082519531,1735200
2022-09-09,RY.TO,110.55207061767578,1781500
2022-09-12,RY.TO,111.63438415527344,2317200
2022-09-13,RY.TO,109.8680419921875,1903400
2022-09-14,RY.TO,109.94596862792969,2386100
2022-09-15,RY.TO,110.751220703125,2643400
2022-09-16,RY.TO,109.48705291748047,6981200
2022-09-19,RY.TO,110.49147033691406,2614800
2022-09-20,RY.TO,110.17976379394531,2718700
2022-09-21,RY.TO,108.75975799560547,2154900
2022-09-22,RY.TO,108.21426391601562,1905900
2022-09-23,RY.TO,106.8462142944336,2920600
2022-09-26,RY.TO,107.27049255371094,3072300
2022-09-27,RY.TO,106.508544921875,2511200
2022-09-28,RY.TO,107.98914337158203,2577400
2022-09-29,RY.TO,107.738037109375,2883300
2022-09-30,RY.TO,107.68609619140625,1982500
2022-10-03,RY.TO,108.62122344970703,2274800
2022-10-04,RY.TO,111.43524932861328,4305400
2022-10-05,RY.TO,110.95902252197266,1574300
2022-10-06,RY.TO,107.8506088256836,9722800
2022-10-07,RY.TO,104.77684020996094,4588500
2022-10-11,RY.TO,102.2398910522461,5396800
2022-10-12,RY.TO,102.75074768066406,2905600
2022-10-13,RY.TO,105.6513442993164,7045900
2022-10-14,RY.TO,105.58206939697266,5804700
2022-10-17,RY.TO,107.00206756591797,6195500
2022-10-18,RY.TO,107.53890228271484,7798800
2022-10-19,RY.TO,106.74231719970703,4165800
2022-10-20,RY.TO,105.40026092529297,5746300
2022-10-21,RY.TO,107.13195037841797,3283800
2022-10-24,RY.TO,107.83330535888672,5171300
2022-10-25,RY.TO,108.37568664550781,16054300
2022-10-26,RY.TO,108.786865234375,3892300
2022-10-27,RY.TO,109.09306335449219,5100300
2022-10-28,RY.TO,109.85417938232422,2748100
2022-10-31,RY.TO,110.27409362792969,3120000
2022-11-01,RY.TO,110.29161071777344,1825500
2022-11-02,RY.TO,109.98540496826172,3766900
2022-11-03,RY.TO,109.73169708251953,3855200
2022-11-04,RY.TO,111.38514709472656,2592900
2022-11-07,RY.TO,112.16378021240234,3576700
2022-11-08,RY.TO,112.60118865966797,1724000
2022-11-09,RY.TO,111.86632537841797,2348600
2022-11-10,RY.TO,114.50833129882812,3747100
2022-11-11,RY.TO,115.19947814941406,2619800
2022-11-14,RY.TO,115.1819839477539,5177700
2022-11-15,RY.TO,115.2869644165039,2438800
2022-11-16,RY.TO,115.05951690673828,5651000
2022-11-17,RY.TO,115.7593765258789,3388300
2022-11-18,RY.TO,116.09178161621094,2217000
2022-11-21,RY.TO,116.31051635742188,5381700
2022-11-22,RY.TO,117.95523071289062,3876700
2022-11-23,RY.TO,117.83277130126953,2627400
2022-11-24,RY.TO,117.92023468017578,1714700
2022-11-25,RY.TO,117.937744140625,1751300
2022-11-28,RY.TO,116.53799438476562,2548100
2022-11-29,RY.TO,117.02790069580078,2502900
2022-11-30,RY.TO,117.03663635253906,5769800
2022-12-01,RY.TO,117.81524658203125,2397100
2022-12-02,RY.TO,117.412841796875,1374200
2022-12-05,RY.TO,116.94915771484375,3049100
2022-12-06,RY.TO,115.72438049316406,1888400
2022-12-07,RY.TO,115.38319396972656,1648300
2022-12-08,RY.TO,114.8582763671875,1869700
2022-12-09,RY.TO,114.5258560180664,1238500
2022-12-12,RY.TO,115.59314727783203,3034000
2022-12-13,RY.TO,113.86970520019531,3958300
2022-12-14,RY.TO,113.2223129272461,1800800
2022-12-15,RY.TO,112.17253112792969,1972700
2022-12-16,RY.TO,111.94506072998047,6758500
2022-12-19,RY.TO,110.89523315429688,2569100
2022-12-20,RY.TO,111.5426254272461,3750500
2022-12-21,RY.TO,112.5661849975586,2183800
2022-12-22,RY.TO,111.74383544921875,2441100
2022-12-23,RY.TO,112.22500610351562,2134600
2022-12-28,RY.TO,111.72633361816406,3163800
2022-12-29,RY.TO,112.55744934082031,3256100
2022-12-30,RY.TO,111.36766052246094,3545800
2023-01-03,RY.TO,112.00630187988281,4506700
2023-01-04,RY.TO,113.00360870361328,3282500
2023-01-05,RY.TO,112.6711654663086,2219400
2023-01-06,RY.TO,114.10591888427734,3559400
2023-01-09,RY.TO,114.95450592041016,3719700
2023-01-10,RY.TO,116.26678466796875,4505300
2023-01-11,RY.TO,116.15306091308594,2530300
2023-01-12,RY.TO,116.74795532226562,13776600
2023-01-13,RY.TO,117.47406768798828,3351300
2023-01-16,RY.TO,117.83277130126953,3427300
2023-01-17,RY.TO,118.3664321899414,8033800
2023-01-18,RY.TO,117.72779083251953,7128800
2023-01-19,RY.TO,117.64028930664062,4474300
2023-01-20,RY.TO,117.85025024414062,6311600
2023-01-23,RY.TO,117.86772918701172,12461800
2023-01-24,RY.TO,118.20895385742188,5401700
2023-01-25,RY.TO,117.93506622314453,14669100
2023-01-26,RY.TO,119.80801391601562,11180400
2023-01-27,RY.TO,118.95989990234375,3776400
2023-01-30,RY.TO,119.33096313476562,4274200
2023-01-31,RY.TO,120.29395294189453,4103100
2023-02-01,RY.TO,120.5854721069336,4967000
2023-02-02,RY.TO,120.49715423583984,3755000
2023-02-03,RY.TO,122.05204010009766,4559100
2023-02-06,RY.TO,122.02554321289062,7063600
2023-02-07,RY.TO,122.46727752685547,5276300
2023-02-08,RY.TO,123.28893280029297,3103900
2023-02-09,RY.TO,123.02386474609375,3103000
2023-02-10,RY.TO,122.5909652709961,4095700
2023-02-13,RY.TO,122.79418182373047,4340000
2023-02-14,RY.TO,122.67050170898438,2514100
2023-02-15,RY.TO,122.51145935058594,5379800
2023-02-16,RY.TO,122.39662170410156,5294400
2023-02-17,RY.TO,122.61747741699219,5139900
2023-02-21,RY.TO,122.12274932861328,3834400
2023-02-22,RY.TO,120.63849639892578,4922300
2023-02-23,RY.TO,120.0377426147461,2714400
2023-02-24,RY.TO,121.23043060302734,2826100
2023-02-27,RY.TO,121.9548568725586,1882300
2023-02-28,RY.TO,122.39662170410156,3941300
2023-03-01,RY.TO,118.04991149902344,5951400
2023-03-02,RY.TO,120.3381118774414,3822300
2023-03-03,RY.TO,120.8152084350586,3257900
2023-03-06,RY.TO,121.22157287597656,2781200
2023-03-07,RY.TO,120.6296615600586,2226900
2023-03-08,RY.TO,121.08905792236328,2711800
2023-03-09,RY.TO,119.61368560791016,3352700
2023-03-10,RY.TO,117.5993423461914,4088800
2023-03-13,RY.TO,115.97376251220703,4516000
2023-03-14,RY.TO,117.29011535644531,3058500
2023-03-15,RY.TO,115.32881164550781,4193800
2023-03-16,RY.TO,115.29346466064453,3128200
2023-03-17,RY.TO,112.43101501464844,8312600
2023-03-20,RY.TO,113.5707015991211,2152900
2023-03-21,RY.TO,114.65736389160156,2694200
2023-03-22,RY.TO,113.07595825195312,2613900
2023-03-23,RY.TO,112.26315307617188,3565400
2023-03-24,RY.TO,112.03343963623047,2106200
2023-03-27,RY.TO,112.88158416748047,2212800
2023-03-28,RY.TO,112.32498931884766,3658400
2023-03-29,RY.TO,113.1907958984375,2775800
2023-03-30,RY.TO,113.49118041992188,1924500
2023-03-31,RY.TO,114.1891098022461,2188500
2023-04-03,RY.TO,115.68221282958984,4232800
2023-04-04,RY.TO,115.25813293457031,3007400
2023-04-05,RY.TO,115.14328002929688,3150700
2023-04-06,RY.TO,115.337646484375,4126100
2023-04-10,RY.TO,115.8853988647461,4172600
2023-04-11,RY.TO,116.42433166503906,3337300
2023-04-12,RY.TO,116.50384521484375,7846600
2023-04-13,RY.TO,116.69818115234375,2898500
2023-04-14,RY.TO,117.3166275024414,8465100
2023-04-17,RY.TO,117.97041320800781,8318700
2023-04-18,RY.TO,118.641845703125,11379900
2023-04-19,RY.TO,118.99524688720703,4391900
2023-04-20,RY.TO,119.0482406616211,4026200
2023-04-21,RY.TO,119.5341567993164,6370800
2023-04-24,RY.TO,119.07913970947266,16872800
2023-04-25,RY.TO,117.55350494384766,8851700
2023-04-26,RY.TO,117.97284698486328,8494800
2023-04-27,RY.TO,119.36461639404297,5372300
2023-04-28,RY.TO,120.00701141357422,4844000
2023-05-01,RY.TO,119.8821029663086,6137300
2023-05-02,RY.TO,117.26802062988281,4395200
2023-05-03,RY.TO,116.9825210571289,2655100
2023-05-04,RY.TO,115.33197784423828,2220500
2023-05-05,RY.TO,116.94684600830078,2624400
2023-05-08,RY.TO,117.18772888183594,4847500
2023-05-09,RY.TO,115.47472381591797,2600500
2023-05-10,RY.TO,115.05543518066406,4930700
2023-05-11,RY.TO,115.84052276611328,2851600
2023-05-12,RY.TO,115.88514709472656,2317900
2023-05-15,RY.TO,116.80408477783203,6590700
2023-05-16,RY.TO,114.4665756225586,6014200
2023-05-17,RY.TO,114.75205993652344,3645300
2023-05-18,RY.TO,114.10970306396484,4477700
2023-05-19,RY.TO,113.47625732421875,4390000
2023-05-23,RY.TO,112.3074951171875,5225900
2023-05-24,RY.TO,110.40715026855469,3552100
2023-05-25,RY.TO,108.38191986083984,4354700
2023-05-26,RY.TO,109.80939483642578,2550100
2023-05-29,RY.TO,110.17520141601562,525300
2023-05-30,RY.TO,109.836181640625,2464800
2023-05-31,RY.TO,108.33729553222656,3749600
2023-06-01,RY.TO,108.48005676269531,4557800
2023-06-02,RY.TO,110.68373107910156,3440500
2023-06-05,RY.TO,109.6666488647461,2500100
2023-06-06,RY.TO,110.37146759033203,1155000
2023-06-07,RY.TO,109.81830596923828,1170100
2023-06-08,RY.TO,110.00568389892578,1934100
2023-06-09,RY.TO,110.53207397460938,1228000
2023-06-12,RY.TO,110.60344696044922,1337300
2023-06-13,RY.TO,111.36180114746094,1510400
2023-06-14,RY.TO,111.6829833984375,1713300
2023-06-15,RY.TO,112.26290130615234,1573400
2023-06-16,RY.TO,112.3074951171875,7283200
2023-06-19,RY.TO,111.84358215332031,425000
2023-06-20,RY.TO,111.30826568603516,2692300
2023-06-21,RY.TO,111.15658569335938,2248600
2023-06-22,RY.TO,110.28225708007812,2001500
2023-06-23,RY.TO,109.13135528564453,1985800
2023-06-26,RY.TO,110.29116821289062,4121600
2023-06-27,RY.TO,111.72760009765625,2109100
2023-06-28,RY.TO,111.45101165771484,1824400
2023-06-29,RY.TO,111.9773941040039,2730000
2023-06-30,RY.TO,112.87848663330078,3625900
2023-07-04,RY.TO,113.05693817138672,1749000
2023-07-05,RY.TO,113.37812042236328,4277900
2023-07-06,RY.TO,111.9773941040039,3769000
2023-07-07,RY.TO,111.98631286621094,4305300
2023-07-10,RY.TO,111.76327514648438,2935000
2023-07-11,RY.TO,112.27181243896484,5230700
2023-07-12,RY.TO,112.48592376708984,5612500
2023-07-13,RY.TO,113.68146514892578,5820200
2023-07-14,RY.TO,114.30598449707031,5526700
2023-07-17,RY.TO,115.153564453125,4693900
2023-07-18,RY.TO,115.6799545288086,9973900
2023-07-19,RY.TO,116.13493347167969,12686500
2023-07-20,RY.TO,116.36690521240234,5410200
2023-07-21,RY.TO,116.90223693847656,10349600
2023-07-24,RY.TO,117.8211669921875,2970300
2023-07-25,RY.TO,117.190185546875,10274500
2023-07-26,RY.TO,117.33440399169922,9827900
2023-07-27,RY.TO,117.32538604736328,6247000
2023-07-28,RY.TO,117.46058654785156,5712900
2023-07-31,RY.TO,117.83919525146484,3066900
2023-08-01,RY.TO,116.88370513916016,7878900
2023-08-02,RY.TO,115.820068359375,4407900
2023-08-03,RY.TO,115.10797119140625,1979000
2023-08-04,RY.TO,115.6037368774414,1979200
2023-08-08,RY.TO,114.90966796875,3942700
2023-08-09,RY.TO,114.90966796875,1979000
2023-08-10,RY.TO,115.10797119140625,4102800
2023-08-11,RY.TO,114.99079895019531,2229500
2023-08-14,RY.TO,114.35981750488281,3640900
2023-08-15,RY.TO,111.80886840820312,3587600
2023-08-16,RY.TO,111.25000762939453,3557600
2023-08-17,RY.TO,110.41170501708984,3414800
2023-08-18,RY.TO,109.49229431152344,3516100
2023-08-21,RY.TO,109.28496551513672,5630400
2023-08-22,RY.TO,107.90583801269531,4165000
2023-08-23,RY.TO,108.40160369873047,3818900
2023-08-24,RY.TO,110.5289077758789,2978200
2023-08-25,RY.TO,109.0866470336914,2058500
2023-08-28,RY.TO,109.9880599975586,1521000
2023-08-29,RY.TO,110.56494903564453,2253400
2023-08-30,RY.TO,110.85340881347656,1679000
2023-08-31,RY.TO,109.73566436767578,2154000
2023-09-01,RY.TO,110.7362060546875,2461000
2023-09-05,RY.TO,109.9880599975586,1632400
2023-09-06,RY.TO,109.28496551513672,1540400
2023-09-07,RY.TO,108.43766021728516,2614300
2023-09-08,RY.TO,108.25738525390625,1575000
2023-09-11,RY.TO,108.52779388427734,1138100
2023-09-12,RY.TO,109.26693725585938,1310700
2023-09-13,RY.TO,109.93396759033203,1982500
2023-09-14,RY.TO,111.28606414794922,2455800
2023-09-15,RY.TO,111.88098907470703,8515700
2023-09-18,RY.TO,111.18690490722656,1511900
2023-09-19,RY.TO,110.29454040527344,2658500
2023-09-20,RY.TO,110.66409301757812,917500
2023-09-21,RY.TO,108.92440795898438,2203300
2023-09-22,RY.TO,108.3385009765625,2660400
2023-09-25,RY.TO,108.54582977294922,4449600
2023-09-26,RY.TO,107.13965606689453,3513500
2023-09-27,RY.TO,105.73348236083984,3448400
2023-09-28,RY.TO,107.04952239990234,2778600
2023-09-29,RY.TO,106.99541473388672,3313600
2023-10-02,RY.TO,104.51659393310547,4403900
2023-10-03,RY.TO,101.98368072509766,5967200
2023-10-04,RY.TO,102.9301528930664,5264500
2023-10-05,RY.TO,103.72335815429688,4823300
2023-10-06,RY.TO,103.57013702392578,6214700
2023-10-10,RY.TO,104.1199951171875,5743300
2023-10-11,RY.TO,104.90419006347656,5678400
2023-10-12,RY.TO,104.15605163574219,3792900
2023-10-13,RY.TO,103.24563598632812,2968800
2023-10-16,RY.TO,104.74193572998047,9376600
2023-10-17,RY.TO,104.13800048828125,3894900
2023-10-18,RY.TO,102.44340515136719,4782900
2023-10-19,RY.TO,101.884521484375,3101300
2023-10-20,RY.TO,100.06372833251953,9340900
2023-10-23,RY.TO,100.35216522216797,2908300
2023-10-24,RY.TO,99.49583435058594,4806600
2023-10-25,RY.TO,99.56884002685547,9526400
2023-10-26,RY.TO,100.57263946533203,6907100
2023-10-27,RY.TO,98.98479461669922,6817100
2023-10-30,RY.TO,100.4905014038086,6701200
2023-10-31,RY.TO,101.07455444335938,5015700
2023-11-01,RY.TO,101.5399398803711,3133300
2023-11-02,RY.TO,104.75215148925781,4425900
2023-11-03,RY.TO,105.90196990966797,7501100
2023-11-06,RY.TO,106.05709838867188,4604700
2023-11-07,RY.TO,105.65556335449219,8334600
2023-11-08,RY.TO,105.85633850097656,4122000
2023-11-09,RY.TO,106.07535552978516,2340900
2023-11-10,RY.TO,106.56812286376953,2896200
2023-11-13,RY.TO,106.65937805175781,2619300
2023-11-14,RY.TO,108.72175598144531,3707700
2023-11-15,RY.TO,109.40617370605469,7469100
2023-11-16,RY.TO,109.28755187988281,1898800
2023-11-17,RY.TO,109.95368957519531,3046400
2023-11-20,RY.TO,109.99021911621094,3865400
2023-11-21,RY.TO,109.30579376220703,2518800
2023-11-22,RY.TO,108.5666275024414,4038000
2023-11-23,RY.TO,108.28373718261719,1232500
2023-11-24,RY.TO,108.55748748779297,1499400
2023-11-27,RY.TO,107.8000717163086,3332500
2023-11-28,RY.TO,107.0609130859375,5890900
2023-11-29,RY.TO,108.42061614990234,2681000
2023-11-30,RY.TO,111.8974609375,5597700
2023-12-01,RY.TO,112.18948364257812,3287900
2023-12-04,RY.TO,112.47235107421875,3027700
2023-12-05,RY.TO,113.15678405761719,2444500
2023-12-06,RY.TO,113.00163269042969,2357300
2023-12-07,RY.TO,113.39403533935547,2068200
2023-12-08,RY.TO,114.2883529663086,5144200
2023-12-11,RY.TO,114.49822235107422,1605200
2023-12-12,RY.TO,114.552978515625,2604800
2023-12-13,RY.TO,117.37276458740234,5317400
2023-12-14,RY.TO,119.41690063476562,14418300
2023-12-15,RY.TO,119.90054321289062,14092400
2023-12-18,RY.TO,120.82222747802734,2925800
2023-12-19,RY.TO,121.716552734375,2755700
2023-12-20,RY.TO,120.75836944580078,4079300
2023-12-21,RY.TO,121.451904296875,1809600
2023-12-22,RY.TO,121.98116302490234,2965400
2023-12-27,RY.TO,122.4922103881836,2668400
2023-12-28,RY.TO,122.31880950927734,1631200
2023-12-29,RY.TO,122.28231811523438,2371300
2024-01-02,RY.TO,122.23670196533203,8608500
2024-01-03,RY.TO,121.8990478515625,5352100
2024-01-04,RY.TO,122.07243347167969,2113300
2024-01-05,RY.TO,122.85724639892578,3482400
2024-01-08,RY.TO,123.46864318847656,4469600
2024-01-09,RY.TO,123.49601745605469,6545200
2024-01-10,RY.TO,122.86636352539062,3238500
2024-01-11,RY.TO,121.66180419921875,3157900
2024-01-12,RY.TO,120.63970947265625,3466600
2024-01-15,RY.TO,120.86786651611328,802000
2024-01-16,RY.TO,121.187255859375,11017200
2024-01-17,RY.TO,120.2016830444336,8537200
2024-01-18,RY.TO,120.93173217773438,6707500
2024-01-19,RY.TO,122.10895538330078,11983200
2024-01-22,RY.TO,121.74391174316406,14845300
2024-01-23,RY.TO,122.04507446289062,8797300
2024-01-24,RY.TO,122.02659606933594,20283500
2024-01-25,RY.TO,122.02659606933594,10162800
2024-01-26,RY.TO,122.62596130371094,12877200
2024-01-29,RY.TO,122.36779022216797,9073200
2024-01-30,RY.TO,122.71817016601562,3158800
2024-01-31,RY.TO,120.98469543457031,4254000
2024-02-01,RY.TO,121.24286651611328,3265300
2024-02-02,RY.TO,120.993896484375,4227100
2024-02-05,RY.TO,120.35765838623047,8736200
2024-02-06,RY.TO,120.54208374023438,4276300
2024-02-07,RY.TO,120.46831512451172,2609000
2024-02-08,RY.TO,120.05338287353516,3932900
2024-02-09,RY.TO,120.80025482177734,1634800
2024-02-12,RY.TO,121.23362731933594,4821900
2024-02-13,RY.TO,118.52273559570312,2795800
2024-02-14,RY.TO,120.83715057373047,5680600
2024-02-15,RY.TO,121.65779113769531,4310500
2024-02-16,RY.TO,121.65779113769531,4547100
2024-02-20,RY.TO,122.2202377319336,8807200
2024-02-21,RY.TO,121.63014221191406,5452700
2024-02-22,RY.TO,121.98973083496094,3096800
2024-02-23,RY.TO,122.83804321289062,3743100
2024-02-26,RY.TO,122.00819396972656,13886700
2024-02-27,RY.TO,120.993896484375,5346500
2024-02-28,RY.TO,120.72648620605469,3827100
2024-02-29,RY.TO,121.52870178222656,9318200
2024-03-01,RY.TO,121.65779113769531,1860400
2024-03-04,RY.TO,121.63014221191406,1145700
2024-03-05,RY.TO,122.7458267211914,1822900
2024-03-06,RY.TO,122.4692153930664,2618700
2024-03-07,RY.TO,123.38206481933594,1591400
2024-03-08,RY.TO,123.53881072998047,1205800
2024-03-11,RY.TO,124.35945892333984,1185600
2024-03-12,RY.TO,125.1431884765625,1702500
2024-03-13,RY.TO,125.55816650390625,1387900
2024-03-14,RY.TO,124.47012329101562,3027800
2024-03-15,RY.TO,124.13816833496094,10079100
2024-03-18,RY.TO,123.8707504272461,1675100
2024-03-19,RY.TO,123.63102722167969,3179100
2024-03-20,RY.TO,124.811279296875,3866200
2024-03-21,RY.TO,125.89009857177734,5607800
2024-03-22,RY.TO,124.71905517578125,2511700
2024-03-25,RY.TO,124.54387664794922,2681600
2024-03-26,RY.TO,124.22113800048828,3507200
2024-03-27,RY.TO,125.61345672607422,2110200
2024-03-28,RY.TO,125.97306060791016,2782100
2024-04-01,RY.TO,125.47512817382812,2468100
2024-04-02,RY.TO,124.63606262207031,2446300
2024-04-03,RY.TO,125.11555480957031,2377000
2024-04-04,RY.TO,126.11140441894531,4032600
2024-04-05,RY.TO,128.26904296875,4121600
2024-04-08,RY.TO,129.04356384277344,5402300
2024-04-09,RY.TO,128.61019897460938,2213600
2024-04-10,RY.TO,127.31930541992188,2965800
2024-04-11,RY.TO,126.55398559570312,2814100
2024-04-12,RY.TO,125.087890625,3804000
2024-04-15,RY.TO,124.47012329101562,8064100
2024-04-16,RY.TO,122.73661041259766,5618900
2024-04-17,RY.TO,122.91181182861328,8474100
2024-04-18,RY.TO,123.1146469116211,7993900
2024-04-19,RY.TO,124.08283233642578,13526400
2024-04-22,RY.TO,125.33684539794922,12311700
2024-04-23,RY.TO,125.77942657470703,5806700
2024-04-24,RY.TO,124.1772689819336,8748100
2024-04-25,RY.TO,124.3263168334961,9280700
2024-04-26,RY.TO,124.9504165649414,6968000
2024-04-29,RY.TO,124.82930755615234,3947900
2024-04-30,RY.TO,124.06549072265625,4501700
2024-05-01,RY.TO,124.79205322265625,6341200
2024-05-02,RY.TO,126.44078063964844,5130500
2024-05-03,RY.TO,128.89993286132812,6327900
2024-05-06,RY.TO,129.60787963867188,7016600
2024-05-07,RY.TO,129.15142822265625,7241700
2024-05-08,RY.TO,130.30648803710938,3922700
2024-05-09,RY.TO,131.30320739746094,2383500
2024-05-10,RY.TO,131.41497802734375,2226900
2024-05-13,RY.TO,133.18479919433594,6972700
2024-05-14,RY.TO,132.58863830566406,4738400
2024-05-15,RY.TO,133.6878204345703,3391200
2024-05-16,RY.TO,134.4330291748047,2713200
2024-05-17,RY.TO,135.38311767578125,4338300
2024-05-21,RY.TO,134.6286163330078,6445800
2024-05-22,RY.TO,135.0757293701172,5696400
2024-05-23,RY.TO,133.82754516601562,6206800
2024-05-24,RY.TO,134.0604248046875,1870100
2024-05-27,RY.TO,134.27462768554688,586600
2024-05-28,RY.TO,133.4921875,2946500
2024-05-29,RY.TO,131.30320739746094,2878400
2024-05-30,RY.TO,138.1123809814453,6475100
2024-05-31,RY.TO,138.7737579345703,3991600
2024-06-03,RY.TO,137.93540954589844,3064700
2024-06-04,RY.TO,136.8828125,3698100
2024-06-05,RY.TO,136.64064025878906,3262400
2024-06-06,RY.TO,137.04116821289062,3193500
2024-06-07,RY.TO,136.32394409179688,1872800
2024-06-10,RY.TO,136.1935272216797,3242700
2024-06-11,RY.TO,134.9639434814453,1838500
2024-06-12,RY.TO,134.90805053710938,2885500
2024-06-13,RY.TO,133.58534240722656,1881800
2024-06-14,RY.TO,133.08233642578125,2647700
2024-06-17,RY.TO,132.5327606201172,3192800
2024-06-18,RY.TO,132.6352081298828,2698100
2024-06-19,RY.TO,132.0483856201172,2650600
2024-06-20,RY.TO,131.8248291015625,2897100
2024-06-21,RY.TO,132.29989624023438,9731300
2024-06-24,RY.TO,135.1595458984375,3989400
2024-06-25,RY.TO,135.2899932861328,3007500
2024-06-26,RY.TO,134.79629516601562,2376800
2024-06-27,RY.TO,135.43902587890625,3453200
2024-06-28,RY.TO,135.67189025878906,3775200
2024-07-02,RY.TO,136.90147399902344,6132700
2024-07-03,RY.TO,138.99732971191406,3786800
2024-07-04,RY.TO,139.3140411376953,1674000
2024-07-05,RY.TO,138.05650329589844,4788800
2024-07-08,RY.TO,138.8855438232422,4399200
2024-07-09,RY.TO,139.20223999023438,5275000
2024-07-10,RY.TO,140.5249786376953,4800000
2024-07-11,RY.TO,140.05921936035156,2766600
2024-07-12,RY.TO,141.1956329345703,3845100
2024-07-15,RY.TO,141.1304168701172,5389600
2024-07-16,RY.TO,140.74850463867188,2542200
2024-07-17,RY.TO,142.81643676757812,5599800
2024-07-18,RY.TO,143.21697998046875,8725100
2024-07-19,RY.TO,142.18301391601562,10742300
2024-07-22,RY.TO,143.04000854492188,8307900
2024-07-23,RY.TO,141.81973266601562,10546600
2024-07-24,RY.TO,141.782470703125,11139300
2024-07-25,RY.TO,142.46885681152344,19095600
2024-07-26,RY.TO,143.98269653320312,12298300
2024-07-29,RY.TO,143.56898498535156,9711500
2024-07-30,RY.TO,144.70669555664062,4566300
2024-07-31,RY.TO,145.0640106201172,2521700
2024-08-01,RY.TO,143.26808166503906,5982300
2024-08-02,RY.TO,140.06178283691406,3543600
2024-08-06,RY.TO,139.11212158203125,8849800
2024-08-07,RY.TO,138.91468811035156,8594700
2024-08-08,RY.TO,140.28744506835938,3764200
2024-08-09,RY.TO,140.88919067382812,1710600
2024-08-12,RY.TO,139.87374877929688,4145700
2024-08-13,RY.TO,141.14308166503906,3362600
2024-08-14,RY.TO,142.44065856933594,4446000
2024-08-15,RY.TO,142.9578094482422,2408100
2024-08-16,RY.TO,144.04849243164062,1946900
2024-08-19,RY.TO,144.58445739746094,4525800
2024-08-20,RY.TO,144.23655700683594,2987800
2024-08-21,RY.TO,144.38699340820312,1845600
2024-08-22,RY.TO,145.08277893066406,4062100
2024-08-23,RY.TO,146.765869140625,3819200
2024-08-26,RY.TO,146.7188720703125,4644600
2024-08-27,RY.TO,147.2172088623047,1683800
2024-08-28,RY.TO,150.4235076904297,3083300
2024-08-29,RY.TO,151.14752197265625,1703100
2024-08-30,RY.TO,153.24429321289062,3402900
2024-09-03,RY.TO,153.9683074951172,2748000
2024-09-04,RY.TO,155.13424682617188,2405300
2024-09-05,RY.TO,154.2974090576172,1973800
2024-09-06,RY.TO,154.27857971191406,2674100
2024-09-09,RY.TO,156.91134643554688,2547700
2024-09-10,RY.TO,156.45999145507812,2653800
2024-09-11,RY.TO,157.45668029785156,3075300
2024-09-12,RY.TO,158.3217315673828,1612300
2024-09-13,RY.TO,157.9832305908203,1712300
2024-09-16,RY.TO,157.56951904296875,2419500
2024-09-17,RY.TO,157.0711669921875,1977100
2024-09-18,RY.TO,156.8455047607422,1838700
2024-09-19,RY.TO,156.95834350585938,2495100
2024-09-20,RY.TO,155.42572021484375,7194700
2024-09-23,RY.TO,156.42239379882812,3050700
2024-09-24,RY.TO,156.26254272460938,1304800
2024-09-25,RY.TO,156.74209594726562,3965200
2024-09-26,RY.TO,157.757568359375,3887300
2024-09-27,RY.TO,157.81396484375,3409700
2024-09-30,RY.TO,158.71664428710938,3450900
2024-10-01,RY.TO,157.09939575195312,3651900
2024-10-02,RY.TO,155.9898681640625,1914600
2024-10-03,RY.TO,154.7111053466797,2695800
2024-10-04,RY.TO,156.27194213867188,4613500
2024-10-07,RY.TO,155.9898681640625,5066700
2024-10-08,RY.TO,156.4976043701172,4216800
2024-10-09,RY.TO,157.71054077148438,3210200
2024-10-10,RY.TO,157.0523681640625,4668300
2024-10-11,RY.TO,160.20225524902344,4152800
2024-10-15,RY.TO,161.2835693359375,7802800
2024-10-16,RY.TO,163.01365661621094,4001100
2024-10-17,RY.TO,164.13255310058594,8096100
2024-10-18,RY.TO,163.6812286376953,9163300
2024-10-21,RY.TO,162.6751251220703,12858800
2024-10-22,RY.TO,162.5341033935547,8509200
2024-10-23,RY.TO,162.9384002685547,7924100
2024-10-24,RY.TO,162.30320739746094,13061100
2024-10-25,RY.TO,161.37416076660156,7913600
2024-10-28,RY.TO,163.37452697753906,8207800
2024-10-29,RY.TO,163.14697265625,6831500
2024-10-30,RY.TO,162.90997314453125,7331600
2024-10-31,RY.TO,159.6392822265625,5372100
2024-11-01,RY.TO,161.2793731689453,5059800
2024-11-04,RY.TO,161.1940460205078,5953400
2024-11-05,RY.TO,161.56378173828125,2605100
2024-11-06,RY.TO,162.20843505859375,4092600
2024-11-07,RY.TO,163.6873779296875,4096300
2024-11-08,RY.TO,163.0995635986328,2100400
2024-11-11,RY.TO,163.80111694335938,3610600
2024-11-12,RY.TO,163.77268981933594,3499700
2024-11-13,RY.TO,163.4693145751953,1973500
2024-11-14,RY.TO,163.1090850830078,3755700
2024-11-15,RY.TO,162.23687744140625,4504100
2024-11-18,RY.TO,162.6824493408203,3728100
2024-11-19,RY.TO,162.76776123046875,4123400
2024-11-20,RY.TO,161.45001220703125,2451300
2024-11-21,RY.TO,165.67823791503906,5106300
2024-11-22,RY.TO,165.630859375,2290900
2024-11-25,RY.TO,164.73965454101562,7092200
2024-11-26,RY.TO,165.58343505859375,2287300
2024-11-27,RY.TO,166.63575744628906,3383200
2024-11-28,RY.TO,166.66416931152344,872600
2024-11-29,RY.TO,167.0054931640625,1436000
2024-12-02,RY.TO,166.66416931152344,4722100
2024-12-03,RY.TO,166.66416931152344,2537200
2024-12-04,RY.TO,167.1002960205078,3525200
2024-12-05,RY.TO,170.23826599121094,5218500
2024-12-06,RY.TO,169.00584411621094,2448700
2024-12-09,RY.TO,169.34715270996094,2796800
2024-12-10,RY.TO,169.19544982910156,4020200
2024-12-11,RY.TO,169.2902374267578,1979800
2024-12-12,RY.TO,168.1999969482422,3345000
2024-12-13,RY.TO,168.09571838378906,1986000
2024-12-16,RY.TO,168.1715545654297,2119800
2024-12-17,RY.TO,167.8682098388672,2447000
2024-12-18,RY.TO,164.01918029785156,5133600
2024-12-19,RY.TO,163.35557556152344,2057300
2024-12-20,RY.TO,164.388916015625,9249500
2024-12-23,RY.TO,164.4363250732422,3932200
2024-12-24,RY.TO,164.51217651367188,610300
2024-12-27,RY.TO,165.2990264892578,1846800
2024-12-30,RY.TO,164.06658935546875,3103600
2024-12-31,RY.TO,164.31307983398438,982100
2025-01-02,RY.TO,163.317626953125,4303700
2025-01-03,RY.TO,164.8724365234375,2992000
2025-01-06,RY.TO,165.1947479248047,3381100
2025-01-07,RY.TO,165.2231903076172,3295900
2025-01-08,RY.TO,165.91525268554688,5609800
2025-01-09,RY.TO,165.40330505371094,1283400
2025-01-10,RY.TO,162.03778076171875,3929500
2025-01-13,RY.TO,161.93350219726562,3649400
2025-01-14,RY.TO,161.52586364746094,4242700
2025-01-15,RY.TO,162.65402221679688,3359900
2025-01-16,RY.TO,163.87696838378906,5604200
2025-01-17,RY.TO,165.2231903076172,4688000
2025-01-20,RY.TO,164.75863647460938,3348300
2025-01-21,RY.TO,166.37979125976562,8277200
2025-01-22,RY.TO,165.06201171875,7485300
2025-01-23,RY.TO,166.4556427001953,8055300
2025-01-24,RY.TO,166.8158721923828,6103600
2025-01-27,RY.TO,168.45077514648438,10690700
2025-01-28,RY.TO,169.2538604736328,8045800
2025-01-29,RY.TO,168.2977752685547,8978900
2025-01-30,RY.TO,170.8218231201172,4498600
2025-01-31,RY.TO,169.3972625732422,4915100
2025-02-03,RY.TO,165.48692321777344,6847900
2025-02-04,RY.TO,162.4561767578125,4465600
2025-02-05,RY.TO,162.92466735839844,2467300
2025-02-06,RY.TO,163.37400817871094,2545300
2025-02-07,RY.TO,162.95333862304688,2922100
2025-02-10,RY.TO,161.46188354492188,4557600
2025-02-11,RY.TO,161.6339569091797,1635100
2025-02-12,RY.TO,161.70089721679688,1511300
2025-02-13,RY.TO,161.90164184570312,3706100
2025-02-14,RY.TO,161.26107788085938,2858500
2025-02-18,RY.TO,164.0050048828125,7054000
2025-02-19,RY.TO,163.9859161376953,2467400
2025-02-20,RY.TO,161.9590301513672,2708800
2025-02-21,RY.TO,161.78692626953125,2685800
2025-02-24,RY.TO,161.71043395996094,3969400
2025-02-25,RY.TO,163.19235229492188,5163400
2025-02-26,RY.TO,163.89028930664062,2702300
2025-02-27,RY.TO,159.2055206298828,6201700
2025-02-28,RY.TO,163.4696044921875,4373100
2025-03-03,RY.TO,162.11199951171875,3371100
2025-03-04,RY.TO,155.85928344726562,4114500
2025-03-05,RY.TO,158.2876739501953,3531900
2025-03-06,RY.TO,156.23211669921875,3656700
2025-03-07,RY.TO,158.11561584472656,3433300
2025-03-10,RY.TO,155.99310302734375,3566600
2025-03-11,RY.TO,152.025390625,4484900
2025-03-12,RY.TO,152.971923828125,3435400
2025-03-13,RY.TO,150.15150451660156,3086500
2025-03-14,RY.TO,152.971923828125,2657000
2025-03-17,RY.TO,153.9566650390625,4075600
2025-03-18,RY.TO,153.77500915527344,2429300
2025-03-19,RY.TO,156.4329071044922,2751100
2025-03-20,RY.TO,155.79234313964844,2501200
2025-03-21,RY.TO,155.763671875,6927700
2025-03-24,RY.TO,158.7083740234375,4029400
2025-03-25,RY.TO,159.32981872558594,3644700
2025-03-26,RY.TO,158.7943878173828,2199400
2025-03-27,RY.TO,157.02566528320312,2334700
2025-03-28,RY.TO,153.52645874023438,3935900
2025-03-31,RY.TO,154.9796600341797,4138800
2025-04-01,RY.TO,155.54376220703125,3010800
2025-04-02,RY.TO,157.0543670654297,2743700
2025-04-03,RY.TO,155.0848388671875,6510200
2025-04-04,RY.TO,150.8876953125,8777000
2025-04-07,RY.TO,148.70782470703125,9351000
2025-04-08,RY.TO,147.70396423339844,5445600
2025-04-09,RY.TO,153.34478759765625,5027800
2025-04-10,RY.TO,146.85304260253906,8464100
2025-04-11,RY.TO,150.3713836669922,5002100
2025-04-14,RY.TO,152.9336700439453,6392900
2025-04-15,RY.TO,153.73678588867188,6543600
2025-04-16,RY.TO,153.29698181152344,7798400
2025-04-17,RY.TO,153.8419647216797,10715800
2025-04-21,RY.TO,152.379150390625,7282400
2025-04-22,RY.TO,155.8688201904297,12876900
2025-04-23,RY.TO,156.31817626953125,6123200
2025-04-24,RY.TO,157.30227661132812,6825100
2025-04-25,RY.TO,157.55313110351562,14776700
2025-04-28,RY.TO,158.1127166748047,8660800
2025-04-29,RY.TO,160.07127380371094,8373800
2025-04-30,RY.TO,159.6467742919922,5363600
2025-05-01,RY.TO,160.30284118652344,2113000
2025-05-02,RY.TO,161.5377655029297,2914900
2025-05-05,RY.TO,161.12290954589844,4169900
2025-05-06,RY.TO,159.62747192382812,5402600
2025-05-07,RY.TO,160.5440216064453,5303200
2025-05-08,RY.TO,160.96853637695312,3690700
2025-05-09,RY.TO,161.69212341308594,2717600
2025-05-12,RY.TO,163.06216430664062,4856400
2025-05-13,RY.TO,163.80508422851562,5104300
2025-05-14,RY.TO,165.21371459960938,5912900
2025-05-15,RY.TO,168.0598907470703,3524900
2025-05-16,RY.TO,169.65182495117188,3374400
2025-05-20,RY.TO,169.6325225830078,3292600
2025-05-21,RY.TO,168.22390747070312,3699200
2025-05-22,RY.TO,169.23695373535156,5934700
2025-05-23,RY.TO,169.88339233398438,2738100
2025-05-26,RY.TO,170.1824493408203,2573600
2025-05-27,RY.TO,171.61038208007812,3691400
2025-05-28,RY.TO,172.314697265625,4638500
2025-05-29,RY.TO,166.3328857421875,8100300
2025-05-30,RY.TO,167.81869506835938,7194100
2025-06-02,RY.TO,168.99574279785156,2519600
2025-06-03,RY.TO,168.7738494873047,2845400
2025-06-04,RY.TO,168.11778259277344,1719700
2025-06-05,RY.TO,167.37486267089844,2747400
2025-06-06,RY.TO,168.42652893066406,2508500
2025-06-09,RY.TO,168.5133514404297,2230300
2025-06-10,RY.TO,169.29483032226562,1930000
2025-06-11,RY.TO,168.57122802734375,1963700
2025-06-12,RY.TO,169.10189819335938,1904200
2025-06-13,RY.TO,167.44241333007812,1918800
2025-06-16,RY.TO,168.8317413330078,3094900
2025-06-17,RY.TO,168.5133514404297,2345700
2025-06-18,RY.TO,169.15975952148438,2486000
2025-06-19,RY.TO,168.87033081054688,627100
2025-06-20,RY.TO,168.68701171875,5413200
2025-06-23,RY.TO,168.52297973632812,3163800
2025-06-24,RY.TO,169.93162536621094,2885000
2025-06-25,RY.TO,169.53604125976562,2880400
2025-06-26,RY.TO,171.35952758789062,3584000
2025-06-27,RY.TO,171.44635009765625,2483800
2025-06-30,RY.TO,173.15406799316406,5281800
2025-07-02,RY.TO,171.84193420410156,3499300
2025-07-03,RY.TO,173.21197509765625,3137100
2025-07-04,RY.TO,173.23126220703125,1787100
2025-07-07,RY.TO,173.7812042236328,5284700
2025-07-08,RY.TO,174.0417022705078,4488800
2025-07-09,RY.TO,174.9100341796875,2439900
2025-07-10,RY.TO,175.91343688964844,5219900
2025-07-11,RY.TO,174.02239990234375,2303300
2025-07-14,RY.TO,174.27325439453125,5288900
2025-07-15,RY.TO,173.03829956054688,5727400
2025-07-16,RY.TO,174.27325439453125,4582800
2025-07-17,RY.TO,176.34759521484375,3797100
2025-07-18,RY.TO,175.7301025390625,5217000
2025-07-21,RY.TO,175.9423828125,3591800
2025-07-22,RY.TO,174.8328399658203,9537100
2025-07-23,RY.TO,176.00025939941406,5356900
2025-07-24,RY.TO,175.2121124267578,5004400
2025-07-25,RY.TO,176.0878143310547,5498000
2025-07-28,RY.TO,174.35585021972656,5199600
2025-07-29,RY.TO,173.79148864746094,8520000
2025-07-30,RY.TO,174.2390899658203,3160500
2025-07-31,RY.TO,172.99359130859375,3947800
2025-08-01,RY.TO,172.69198608398438,3301000
2025-08-05,RY.TO,175.20237731933594,4276000
2025-08-06,RY.TO,176.8759765625,5036300
2025-08-07,RY.TO,177.206787109375,3228600
2025-08-08,RY.TO,177.45004272460938,3030200
2025-08-11,RY.TO,178.9095916748047,3495600
2025-08-12,RY.TO,180.7194061279297,2662000
2025-08-13,RY.TO,181.98434448242188,2472700
2025-08-14,RY.TO,183.52171325683594,3227300
2025-08-15,RY.TO,183.41468811035156,2170600
2025-08-18,RY.TO,183.32711791992188,2019000
2025-08-19,RY.TO,183.93038940429688,1288800
2025-08-20,RY.TO,184.24176025390625,1533800
2025-08-21,RY.TO,184.30014038085938,3947800
2025-08-22,RY.TO,185.5066680908203,4241400
2025-08-25,RY.TO,183.784423828125,1943000
2025-08-26,RY.TO,185.25369262695312,4230900
2025-08-27,RY.TO,194.6725616455078,8300400
2025-08-28,RY.TO,195.35366821289062,2969400
2025-08-29,RY.TO,194.19577026367188,2244800
2025-09-02,RY.TO,194.14710998535156,1757300
2025-09-03,RY.TO,195.5482940673828,1598800
2025-09-04,RY.TO,196.2780303955078,1710400
2025-09-05,RY.TO,194.81851196289062,2511300
2025-09-08,RY.TO,194.38063049316406,2435600
2025-09-09,RY.TO,194.31251525878906,2038500
2025-09-10,RY.TO,194.54605102539062,1848800
2025-09-11,RY.TO,195.40232849121094,2328600
2025-09-12,RY.TO,194.24441528320312,2879800
2025-09-15,RY.TO,194.8477020263672,1905300
2025-09-16,RY.TO,195.596923828125,3065200
2025-09-17,RY.TO,196.0834197998047,2048900
2025-09-18,RY.TO,196.2001953125,1562000
2025-09-19,RY.TO,197.6597137451172,7750800
2025-09-22,RY.TO,199.9560546875,3250600
2025-09-23,RY.TO,199.50845336914062,1942700
2025-09-24,RY.TO,199.24575805664062,1743800
2025-09-25,RY.TO,198.3505859375,3413500
2025-09-26,RY.TO,198.1365203857422,2145400
2025-09-29,RY.TO,199.17764282226562,2485200
2025-09-30,RY.TO,199.5863037109375,3209600
2025-10-01,RY.TO,199.7128143310547,2358800
2025-10-02,RY.TO,198.92465209960938,3331500
2025-10-03,RY.TO,199.52792358398438,2155100
2025-10-06,RY.TO,199.49874877929688,2926800
2025-10-07,RY.TO,198.11705017089844,3127500
2025-10-08,RY.TO,197.04672241210938,3392700
2025-10-09,RY.TO,198.3116455078125,2319700
2025-10-10,RY.TO,195.77206420898438,3328500
2025-10-14,RY.TO,198.681396484375,2513400
2025-10-15,RY.TO,200.73448181152344,6296600
2025-10-16,RY.TO,198.69113159179688,3282400
2025-10-17,RY.TO,198.75924682617188,3746000
2025-10-20,RY.TO,200.6469268798828,3515100
2025-10-21,RY.TO,199.89768981933594,4464900
2025-10-22,RY.TO,199.73226928710938,6498900
2025-10-23,RY.TO,200.77340698242188,6966600
2025-10-24,RY.TO,201.30856323242188,5018700
2025-10-27,RY.TO,203.36721801757812,5279400
2025-10-28,RY.TO,203.71034240722656,7077400
2025-10-29,RY.TO,200.52430725097656,7226300
2025-10-30,RY.TO,200.10276794433594,5091900
2025-10-31,RY.TO,201.4261932373047,2342800
2025-11-03,RY.TO,203.14175415039062,3205500
2025-11-04,RY.TO,201.35757446289062,2904900
2025-11-05,RY.TO,201.5928497314453,3519700
2025-11-06,RY.TO,201.2105255126953,3969200
2025-11-07,RY.TO,199.9949188232422,2854000
2025-11-10,RY.TO,201.78890991210938,5716900
2025-11-11,RY.TO,202.7398223876953,2058600
2025-11-12,RY.TO,204.65142822265625,1919300
2025-11-13,RY.TO,201.79872131347656,3160800
2025-11-14,RY.TO,201.4163818359375,3134800
2025-11-17,RY.TO,202.85745239257812,4160700
2025-11-18,RY.TO,204.27891540527344,3754200
2025-11-19,RY.TO,204.40635681152344,2339100
2025-11-20,RY.TO,203.8867950439453,2177100
2025-11-21,RY.TO,207.2198944091797,4826500
2025-11-24,RY.TO,207.2296905517578,5735100
2025-11-25,RY.TO,210.49415588378906,3379200
2025-11-26,RY.TO,210.82745361328125,2317800
2025-11-27,RY.TO,211.17056274414062,422900
2025-11-28,RY.TO,211.8861846923828,1401900
2025-12-01,RY.TO,209.8765411376953,3058400
2025-12-02,RY.TO,211.954833984375,3185100
2025-12-03,RY.TO,214.33700561523438,3855300
2025-12-04,RY.TO,219.65032958984375,4734500
2025-12-05,RY.TO,220.29734802246094,1840000
2025-12-08,RY.TO,221.9932861328125,5337600
2025-12-09,RY.TO,221.58157348632812,2608100
2025-12-10,RY.TO,223.2677001953125,3482500
2025-12-11,RY.TO,225.47341918945312,3060600
2025-12-12,RY.TO,223.7970733642578,2263900
2025-12-15,RY.TO,225.5714569091797,2496900
2025-12-16,RY.TO,224.2774200439453,2973300
2025-12-17,RY.TO,223.37554931640625,4005400
2025-12-18,RY.TO,225.82635498046875,2827400
2025-12-19,RY.TO,228.13009643554688,7701500
2025-12-22,RY.TO,228.96336364746094,1829900
2025-12-23,RY.TO,229.4437255859375,1675900
2025-12-24,RY.TO,229.24766540527344,762300
2025-12-29,RY.TO,230.5514678955078,2141600
2025-12-30,RY.TO,230.37503051757812,1606300
2025-12-31,RY.TO,229.3848876953125,1567300
2026-01-02,RY.TO,229.9534912109375,1902500
2026-01-05,RY.TO,233.56105041503906,3627700
2026-01-06,RY.TO,230.816162109375,4096600
2026-01-07,RY.TO,230.06130981445312,4184500
2026-01-08,RY.TO,230.40443420410156,3505600
2026-01-09,RY.TO,230.88479614257812,4288100
2026-01-12,RY.TO,230.6789093017578,4127600
2026-01-13,RY.TO,229.94369506835938,3456500
2026-01-14,RY.TO,229.47312927246094,4373200
2026-01-15,RY.TO,230.7083282470703,2352600
2026-01-16,RY.TO,230.78675842285156,3065200
2026-01-19,RY.TO,230.3358154296875,1573900
2026-01-20,RY.TO,227.33602905273438,5599600
2026-01-21,RY.TO,227.7379608154297,9068800
2026-01-22,RY.TO,228.2183380126953,3076600
2026-01-23,RY.TO,228.13009643554688,3652900
2026-01-26,RY.TO,226.63931274414062,4800000
2026-01-27,RY.TO,226.27401733398438,5173800
2026-01-28,RY.TO,223.05548095703125,6855900
2026-01-29,RY.TO,224.62525939941406,6285800
2026-01-30,RY.TO,223.83544921875,2778700
2026-02-02,RY.TO,227.57720947265625,3040800
2026-02-03,RY.TO,229.78871154785156,2736900
2026-02-04,RY.TO,229.41355895996094,2045400
2026-02-05,RY.TO,228.18934631347656,3417800
2026-02-06,RY.TO,229.7591094970703,2647800
2026-02-09,RY.TO,233.28367614746094,4675200
2026-02-10,RY.TO,234.79421997070312,3456100
2026-02-11,RY.TO,231.72378540039062,2377100
2026-02-12,RY.TO,227.55747985839844,6161700
2026-02-13,RY.TO,228.04122924804688,2256500
2026-02-17,RY.TO,228.05111694335938,4652800
2026-02-18,RY.TO,231.00306701660156,3380700
2026-02-19,RY.TO,230.9833221435547,2373500
2026-02-20,RY.TO,232.99737548828125,2647700
2026-02-23,RY.TO,231.0228271484375,5427400
2026-02-24,RY.TO,231.0721893310547,2675800
2026-02-25,RY.TO,234.19198608398438,3491900
2026-02-26,RY.TO,229.1864776611328,3580800
2026-02-27,RY.TO,225.16827392578125,5647500
2026-03-02,RY.TO,227.80429077148438,2830900
2026-03-03,RY.TO,223.88479614257812,2575500
2026-03-04,RY.TO,223.52938842773438,2323400
2026-03-05,RY.TO,221.92999267578125,2810800
2026-03-06,RY.TO,219.64938354492188,3033000
2026-03-09,RY.TO,219.12612915039062,3018900
2026-03-10,RY.TO,221.75228881835938,2031000
2026-03-11,RY.TO,221.33763122558594,1917900
2026-03-12,RY.TO,219.28408813476562,2719000
2026-03-13,RY.TO,218.65223693847656,1519000
2026-03-16,RY.TO,221.3573760986328,2307900
2026-03-17,RY.TO,222.02871704101562,1953700
2026-03-18,RY.TO,220.1134033203125,2401800
2026-03-19,RY.TO,217.44776916503906,4158100
2026-03-20,RY.TO,215.72003173828125,8666900
2026-03-23,RY.TO,219.07675170898438,2793800
2026-03-24,RY.TO,220.34046936035156,3748500
2026-03-25,RY.TO,221.65354919433594,3210100
2026-03-26,RY.TO,219.1754913330078,2403700
2026-03-27,RY.TO,217.0528564453125,3784800
2026-03-30,RY.TO,216.99359130859375,2365900
2026-03-31,RY.TO,222.0188446044922,4432200
2026-04-01,RY.TO,224.0427703857422,2287100
2026-04-02,RY.TO,224.4475555419922,2782500
2026-04-06,RY.TO,225.91859436035156,4619500
2026-04-07,RY.TO,227.0638427734375,2974800
2026-04-08,RY.TO,231.29925537109375,4693600
2026-04-09,RY.TO,232.82952880859375,3819500
2026-04-10,RY.TO,234.8336944580078,2946500
2026-04-13,RY.TO,235.95921325683594,5023800
2026-04-14,RY.TO,237.64744567871094,4364300
2026-04-15,RY.TO,238.66433715820312,3747900
2026-04-16,RY.TO,238.03250122070312,4285800
2026-04-17,RY.TO,241.12266540527344,5327900
2026-04-20,RY.TO,242.7220458984375,9580500
2026-04-21,RY.TO,239.72071838378906,7290500
2026-04-22,RY.TO,238.19044494628906,2646700
2026-04-23,RY.TO,238.1308135986328,3386100
2026-04-24,RY.TO,238.39920043945312,5173000
2026-04-27,RY.TO,239.33360290527344,5163000
2026-04-28,RY.TO,241.689453125,5364900
2026-04-29,RY.TO,238.55825805664062,2683000
2026-04-30,RY.TO,242.85247802734375,3157600
2026-05-01,RY.TO,242.74313354492188,1514600
2026-05-04,RY.TO,240.92404174804688,5819900
2026-05-05,RY.TO,241.7292022705078,3444200
2026-05-06,RY.TO,246.24212646484375,3017300
2026-05-07,RY.TO,246.16261291503906,3905300
2026-05-08,RY.TO,247.3057403564453,3569100
2026-05-11,RY.TO,245.8942108154297,5299100
2026-05-12,RY.TO,248.37930297851562,3761300
2026-05-13,RY.TO,245.35743713378906,5393200
2026-05-14,RY.TO,250.9240264892578,3273700
2026-05-15,RY.TO,250.9936065673828,3892200
2026-05-19,RY.TO,251.0234375,3375600
2026-05-20,RY.TO,255.8047332763672,4231400
2026-05-21,RY.TO,259.03533935546875,4608000
2026-05-22,RY.TO,260.4071044921875,4292500
2026-05-25,RY.TO,262.5740966796875,847200
2026-05-26,RY.TO,260.76495361328125,3788400
2026-05-27,RY.TO,260.0791015625,2880800
2026-05-28,RY.TO,258.98565673828125,3224300
2026-05-29,RY.TO,262.8623962402344,5493300
2026-06-01,RY.TO,259.5323486328125,2824600
2026-06-02,RY.TO,262.9816589355469,3036700
2026-06-03,RY.TO,264.2242126464844,2255400
2026-06-04,RY.TO,269.3236083984375,2240400
2026-06-05,RY.TO,268.9856262207031,2121600
2026-06-08,RY.TO,271.0035095214844,2648900
2026-06-09,RY.TO,274.3633728027344,2527000
2026-06-10,RY.TO,274.1148681640625,2316200
2026-06-11,RY.TO,276.2718811035156,2414800
2026-06-12,RY.TO,277.26593017578125,2457200
2026-06-15,RY.TO,276.7987365722656,2256400
2026-06-16,RY.TO,279.83056640625,2154700
2026-06-17,RY.TO,281.540283203125,2788600
2026-06-18,RY.TO,283.3991394042969,2445200
2026-06-19,RY.TO,282.38519287109375,5617100
2026-06-22,RY.TO,285.0889587402344,3024000
2026-06-23,RY.TO,286.68939208984375,2586800
2026-06-24,RY.TO,286.3116455078125,3042800
2026-06-25,RY.TO,287.3951416015625,2107000
2026-06-26,RY.TO,286.2917785644531,2348000
2026-06-29,RY.TO,289.1446533203125,3127900
2026-06-30,RY.TO,291.92791748046875,2470600
2026-07-02,RY.TO,288.69732666015625,4797300
2026-07-03,RY.TO,288.64764404296875,1643200
2026-07-06,RY.TO,293.5283508300781,4922200
2026-07-07,RY.TO,295.1088562011719,4532600
2026-07-08,RY.TO,289.8802185058594,4534600
2026-07-09,RY.TO,294.0750427246094,4068100
2026-07-10,RY.TO,297.02734375,2266300
2026-07-13,RY.TO,296.0829772949219,2918200
2026-07-14,RY.TO,299.1545715332031,4137600
2026-07-15,RY.TO,303.9159851074219,3539400
2026-07-16,RY.TO,301.35137939453125,3483200
2026-07-17,RY.TO,300.3275451660156,2670000
2026-07-20,RY.TO,294.0054626464844,4634600
2026-07-21,RY.TO,295.9637145996094,5520300
2026-07-22,RY.TO,296.1724853515625,4063300
2026-07-23,RY.TO,291.9179992675781,3562600
2026-07-24,RY.TO,293.25,2296800
2026-07-27,RY.TO,296.1099853515625,3627400
2026-07-28,RY.TO,299.3999938964844,6013400
2026-07-29,RY.TO,290.3399963378906,5995300
2026-07-30,RY.TO,294.3699951171875,1926900
2026-07-31,RY.TO,293.4100036621094,2559000
2026-08-04,RY.TO,293.4700012207031,4022200
2026-08-05,RY.TO,295.95001220703125,3378800
2026-08-06,RY.TO,296.55999755859375,2433000
2026-08-07,RY.TO,294.5899963378906,2652600
2026-08-10,RY.TO,294.0899963378906,3919600
2026-08-11,RY.TO,293.1199951171875,2548900
2026-08-12,RY.TO,297.55999755859375,3278000
2026-08-13,RY.TO,299.45001220703125,3287800
2026-08-14,RY.TO,300.70001220703125,1784900
2026-08-17,RY.TO,300.0899963378906,2234500
2026-08-18,RY.TO,296.260009765625,2144700
2026-08-19,RY.TO,286.9200134277344,4849600
2026-08-20,RY.TO,283.3299865722656,2887700
2026-08-21,RY.TO,282.3699951171875,2525800
2026-08-24,RY.TO,282.6199951171875,2198500
2026-08-25,RY.TO,286.6300048828125,1747300
2026-08-26,RY.TO,288.1099853515625,2672200
2026-08-27,RY.TO,283.4700012207031,3276100
2026-08-28,RY.TO,284.1700134277344,3148800
2026-08-31,RY.TO,283.3999938964844,3634100
2018-01-02,TD.TO,51.06673049926758,2285200
2018-01-03,TD.TO,51.38541793823242,4851700
2018-01-04,TD.TO,51.814971923828125,2878800
2018-01-05,TD.TO,51.89118576049805,3203100
2018-01-08,TD.TO,51.773406982421875,3887200
2018-01-09,TD.TO,51.63371658325195,2716700
2018-01-10,TD.TO,51.661678314208984,3080400
2018-01-11,TD.TO,51.44515609741211,2433800
2018-01-12,TD.TO,51.242610931396484,1931300
2018-01-15,TD.TO,51.40325164794922,1199100
2018-01-16,TD.TO,51.20770263671875,2413800
2018-01-17,TD.TO,51.31943130493164,2709600
2018-01-18,TD.TO,51.51499938964844,4073900
2018-01-19,TD.TO,51.738460540771484,3534100
2018-01-22,TD.TO,51.96897888183594,3808800
2018-01-23,TD.TO,52.00388717651367,3996300
2018-01-24,TD.TO,51.71053695678711,3374700
2018-01-25,TD.TO,51.982933044433594,3618700
2018-01-26,TD.TO,51.71753692626953,2255100
2018-01-29,TD.TO,51.85721969604492,2826000
2018-01-30,TD.TO,52.108646392822266,2562000
2018-01-31,TD.TO,52.255306243896484,3181800
2018-02-01,TD.TO,52.0806999206543,3884800
2018-02-02,TD.TO,51.640716552734375,3553400
2018-02-05,TD.TO,50.13911056518555,4958300
2018-02-06,TD.TO,50.062286376953125,5659300
2018-02-07,TD.TO,50.08324432373047,4273900
2018-02-08,TD.TO,49.63626480102539,4448400
2018-02-09,TD.TO,49.45466613769531,4459000
2018-02-12,TD.TO,49.824825286865234,3870100
2018-02-13,TD.TO,49.85975646972656,4186900
2018-02-14,TD.TO,50.50926971435547,5139400
2018-02-15,TD.TO,50.85149002075195,2461600
2018-02-16,TD.TO,50.66990661621094,2349400
2018-02-20,TD.TO,50.62800979614258,2675600
2018-02-21,TD.TO,51.186744689941406,2882900
2018-02-22,TD.TO,51.1308708190918,3704200
2018-02-23,TD.TO,51.661678314208984,2584400
2018-02-26,TD.TO,52.073707580566406,2453400
2018-02-27,TD.TO,52.54863739013672,4518900
2018-02-28,TD.TO,51.6826057434082,5652600
2018-03-01,TD.TO,52.325157165527344,5986800
2018-03-02,TD.TO,52.12259292602539,3755800
2018-03-05,TD.TO,52.62547302246094,3362300
2018-03-06,TD.TO,52.8210334777832,4385600
2018-03-07,TD.TO,52.96070861816406,2821000
2018-03-08,TD.TO,53.02357482910156,2810000
2018-03-09,TD.TO,52.96070861816406,2915300
2018-03-12,TD.TO,52.869903564453125,4368500
2018-03-13,TD.TO,52.84895324707031,2267800
2018-03-14,TD.TO,52.88389205932617,3039300
2018-03-15,TD.TO,53.163246154785156,2778100
2018-03-16,TD.TO,53.02357482910156,12332000
2018-03-19,TD.TO,52.8629264831543,3561900
2018-03-20,TD.TO,53.302913665771484,2819400
2018-03-21,TD.TO,53.302913665771484,3440700
2018-03-22,TD.TO,52.31815719604492,4468600
2018-03-23,TD.TO,51.1308708190918,4299200
2018-03-26,TD.TO,51.25657272338867,2970200
2018-03-27,TD.TO,50.69784164428711,3302800
2018-03-28,TD.TO,50.593082427978516,2862500
2018-03-29,TD.TO,51.0610237121582,3801100
2018-04-02,TD.TO,50.704837799072266,2471500
2018-04-03,TD.TO,50.20895004272461,3297500
2018-04-04,TD.TO,49.999427795410156,4167500
2018-04-05,TD.TO,50.4464111328125,2877400
2018-04-06,TD.TO,49.8178596496582,3817900
2018-04-09,TD.TO,50.036407470703125,3162800
2018-04-10,TD.TO,49.94474792480469,2520600
2018-04-11,TD.TO,49.556983947753906,2606600
2018-04-12,TD.TO,49.542884826660156,2101800
2018-04-13,TD.TO,49.28202819824219,2745700
2018-04-16,TD.TO,49.183319091796875,2046400
2018-04-17,TD.TO,49.310218811035156,2468100
2018-04-18,TD.TO,49.331382751464844,3025900
2018-04-19,TD.TO,49.00000762939453,2471500
2018-04-20,TD.TO,49.486473083496094,2834100
2018-04-23,TD.TO,49.85309982299805,2258900
2018-04-24,TD.TO,50.078712463378906,2252500
2018-04-25,TD.TO,50.262020111083984,2384400
2018-04-26,TD.TO,50.868350982666016,2640600
2018-04-27,TD.TO,50.94590759277344,1411300
2018-04-30,TD.TO,50.84014129638672,2902400
2018-05-01,TD.TO,50.9741096496582,1961100
2018-05-02,TD.TO,51.33367156982422,2605300
2018-05-03,TD.TO,51.21382141113281,3693800
2018-05-04,TD.TO,51.41828536987305,2768500
2018-05-07,TD.TO,51.71440124511719,3538800
2018-05-08,TD.TO,51.841304779052734,3234500
2018-05-09,TD.TO,52.341888427734375,3602000
2018-05-10,TD.TO,52.370079040527344,4366600
2018-05-11,TD.TO,52.64502716064453,3385100
2018-05-14,TD.TO,52.93409729003906,3617800
2018-05-15,TD.TO,53.15266418457031,3353200
2018-05-16,TD.TO,53.25136184692383,2837200
2018-05-17,TD.TO,53.293663024902344,2593100
2018-05-18,TD.TO,53.300724029541016,4459800
2018-05-22,TD.TO,53.476985931396484,3247500
2018-05-23,TD.TO,53.230228424072266,2598700
2018-05-24,TD.TO,53.46287155151367,5367200
2018-05-25,TD.TO,53.864749908447266,4014300
2018-05-28,TD.TO,54.01280975341797,1933600
2018-05-29,TD.TO,53.194969177246094,5061500
2018-05-30,TD.TO,53.3712272644043,3168300
2018-05-31,TD.TO,53.3712272644043,4579100
2018-06-01,TD.TO,52.891788482666016,5705700
2018-06-04,TD.TO,53.004608154296875,2737100
2018-06-05,TD.TO,52.990509033203125,3074100
2018-06-06,TD.TO,53.16679000854492,2538900
2018-06-07,TD.TO,53.31483840942383,2490800
2018-06-08,TD.TO,53.018707275390625,3166300
2018-06-11,TD.TO,53.061004638671875,2934900
2018-06-12,TD.TO,53.38534164428711,3356000
2018-06-13,TD.TO,53.5474853515625,2555400
2018-06-14,TD.TO,53.72373580932617,2519900
2018-06-15,TD.TO,53.321876525878906,10165500
2018-06-18,TD.TO,53.617984771728516,3294700
2018-06-19,TD.TO,53.56158447265625,2828700
2018-06-20,TD.TO,54.10445785522461,3001900
2018-06-21,TD.TO,54.2736701965332,2692900
2018-06-22,TD.TO,54.28777313232422,1935300
2018-06-25,TD.TO,53.79424285888672,6128500
2018-06-26,TD.TO,53.9564094543457,3317100
2018-06-27,TD.TO,53.58273696899414,3228400
2018-06-28,TD.TO,53.427635192871094,2448100
2018-06-29,TD.TO,53.64619064331055,4385800
2018-07-03,TD.TO,53.681434631347656,1793100
2018-07-04,TD.TO,53.73785400390625,721000
2018-07-05,TD.TO,53.35006332397461,2485400
2018-07-06,TD.TO,53.56863784790039,3106300
2018-07-09,TD.TO,53.97407150268555,2640000
2018-07-10,TD.TO,54.201698303222656,2144600
2018-07-11,TD.TO,54.073665618896484,2696700
2018-07-12,TD.TO,54.30839538574219,2649900
2018-07-13,TD.TO,54.02387619018555,2582500
2018-07-16,TD.TO,54.12345886230469,1215400
2018-07-17,TD.TO,54.15901184082031,2320300
2018-07-18,TD.TO,54.087886810302734,1958800
2018-07-19,TD.TO,54.287044525146484,2056600
2018-07-20,TD.TO,54.066558837890625,2428900
2018-07-23,TD.TO,54.13056564331055,1533700
2018-07-24,TD.TO,54.151920318603516,2565900
2018-07-25,TD.TO,54.68539047241211,2662300
2018-07-26,TD.TO,54.46487808227539,1364300
2018-07-27,TD.TO,54.59292984008789,1839100
2018-07-30,TD.TO,54.66404342651367,988200
2018-07-31,TD.TO,54.89168930053711,3002100
2018-08-01,TD.TO,54.88454818725586,1745800
2018-08-02,TD.TO,54.8774299621582,1619100
2018-08-03,TD.TO,54.70673370361328,2537600
2018-08-07,TD.TO,54.52177810668945,3446800
2018-08-08,TD.TO,54.88454818725586,1721100
2018-08-09,TD.TO,55.325565338134766,2273200
2018-08-10,TD.TO,55.04817199707031,1890400
2018-08-13,TD.TO,55.13351821899414,2280400
2018-08-14,TD.TO,55.6100959777832,3092700
2018-08-15,TD.TO,55.34689712524414,3140000
2018-08-16,TD.TO,55.74524688720703,2272200
2018-08-17,TD.TO,55.97996139526367,3355900
2018-08-20,TD.TO,56.01553726196289,2071500
2018-08-21,TD.TO,55.951515197753906,2637800
2018-08-22,TD.TO,56.05821990966797,2663100
2018-08-23,TD.TO,55.93729019165039,1951800
2018-08-24,TD.TO,55.83770751953125,1650500
2018-08-27,TD.TO,56.08665084838867,1948300
2018-08-28,TD.TO,56.19336700439453,2192400
2018-08-29,TD.TO,56.41386032104492,2359900
2018-08-30,TD.TO,56.115108489990234,3313000
2018-08-31,TD.TO,55.94441604614258,3569800
2018-09-04,TD.TO,56.022647857666016,3060000
2018-09-05,TD.TO,56.470787048339844,2984500
2018-09-06,TD.TO,56.6414794921875,3008300
2018-09-07,TD.TO,56.63438034057617,2335800
2018-09-10,TD.TO,56.48501205444336,3542800
2018-09-11,TD.TO,56.27873229980469,2319000
2018-09-12,TD.TO,55.88750457763672,3155200
2018-09-13,TD.TO,55.95862579345703,4273300
2018-09-14,TD.TO,56.143577575683594,2043400
2018-09-17,TD.TO,56.31428527832031,1957000
2018-09-18,TD.TO,56.67704391479492,2550200
2018-09-19,TD.TO,56.41386032104492,2564700
2018-09-20,TD.TO,56.71261978149414,2622200
2018-09-21,TD.TO,56.65571212768555,7889400
2018-09-24,TD.TO,56.477882385253906,2747300
2018-09-25,TD.TO,56.172019958496094,3026000
2018-09-26,TD.TO,56.3498420715332,3765600
2018-09-27,TD.TO,56.40677261352539,3711100
2018-09-28,TD.TO,55.830604553222656,3918300
2018-10-01,TD.TO,55.70967483520508,2679900
2018-10-02,TD.TO,55.14063262939453,3031300
2018-10-03,TD.TO,55.12640380859375,2435500
2018-10-04,TD.TO,54.92722702026367,4413000
2018-10-05,TD.TO,54.792091369628906,2596300
2018-10-09,TD.TO,54.89971923828125,2734100
2018-10-10,TD.TO,54.282623291015625,3920100
2018-10-11,TD.TO,53.177608489990234,6423800
2018-10-12,TD.TO,53.3067626953125,5056400
2018-10-15,TD.TO,53.14171600341797,2335600
2018-10-16,TD.TO,53.74447250366211,2600000
2018-10-17,TD.TO,53.816226959228516,2552100
2018-10-18,TD.TO,53.31393814086914,3568300
2018-10-19,TD.TO,53.127376556396484,2882100
2018-10-22,TD.TO,52.71837615966797,2597300
2018-10-23,TD.TO,52.86906051635742,4468000
2018-10-24,TD.TO,51.993656158447266,4089900
2018-10-25,TD.TO,51.97929000854492,2872300
2018-10-26,TD.TO,51.88601303100586,3241100
2018-10-29,TD.TO,51.893192291259766,4440700
2018-10-30,TD.TO,52.302181243896484,2655600
2018-10-31,TD.TO,52.40266036987305,3516900
2018-11-01,TD.TO,52.144325256347656,3195200
2018-11-02,TD.TO,52.31654739379883,3496500
2018-11-05,TD.TO,52.53181076049805,3547000
2018-11-06,TD.TO,52.617897033691406,3051900
2018-11-07,TD.TO,52.67531967163086,3341600
2018-11-08,TD.TO,52.8116455078125,2656300
2018-11-09,TD.TO,52.55333709716797,2652900
2018-11-12,TD.TO,52.07257843017578,2291200
2018-11-13,TD.TO,52.43134689331055,2827300
2018-11-14,TD.TO,52.27349090576172,2498600
2018-11-15,TD.TO,52.36676788330078,2430400
2018-11-16,TD.TO,52.10844421386719,2228000
2018-11-19,TD.TO,51.45547103881836,2310400
2018-11-20,TD.TO,50.5513801574707,3710300
2018-11-21,TD.TO,51.032135009765625,3383500
2018-11-22,TD.TO,50.974727630615234,916500
2018-11-23,TD.TO,51.26891326904297,1482600
2018-11-26,TD.TO,51.48417282104492,2936300
2018-11-27,TD.TO,51.6276969909668,3054700
2018-11-28,TD.TO,52.8116455078125,3754600
2018-11-29,TD.TO,52.72555160522461,3433100
2018-11-30,TD.TO,52.78294372558594,3609900
2018-12-03,TD.TO,52.42416763305664,3461000
2018-12-04,TD.TO,51.54875564575195,3733800
2018-12-05,TD.TO,51.69945526123047,2511200
2018-12-06,TD.TO,50.6159553527832,5947500
2018-12-07,TD.TO,50.10649108886719,5979200
2018-12-10,TD.TO,49.90558624267578,6375100
2018-12-11,TD.TO,49.7907600402832,4879100
2018-12-12,TD.TO,50.04907989501953,3445400
2018-12-13,TD.TO,50.027565002441406,2444200
2018-12-14,TD.TO,49.92710876464844,2756800
2018-12-17,TD.TO,49.367408752441406,4643500
2018-12-18,TD.TO,49.24542236328125,5707700
2018-12-19,TD.TO,48.492000579833984,5120200
2018-12-20,TD.TO,48.21216583251953,4928500
2018-12-21,TD.TO,47.465904235839844,12458900
2018-12-24,TD.TO,47.078426361083984,2347600
2018-12-27,TD.TO,48.44178009033203,3542800
2018-12-28,TD.TO,48.52787780761719,5883000
2018-12-31,TD.TO,48.69292449951172,3002600
2019-01-02,TD.TO,48.97276306152344,3930300
2019-01-03,TD.TO,48.29109191894531,5407700
2019-01-04,TD.TO,48.77902603149414,5103400
2019-01-07,TD.TO,48.5709342956543,5907000
2019-01-08,TD.TO,48.66420364379883,7337200
2019-01-09,TD.TO,49.38167953491211,5124400
2019-01-10,TD.TO,49.85997772216797,3953000
2019-01-11,TD.TO,49.90345764160156,3519700
2019-01-14,TD.TO,49.751277923583984,3248300
2019-01-15,TD.TO,50.24409103393555,2665500
2019-01-16,TD.TO,51.18620681762695,4320500
2019-01-17,TD.TO,51.70074462890625,3382200
2019-01-18,TD.TO,52.42545700073242,4799300
2019-01-21,TD.TO,52.83129119873047,1476100
2019-01-22,TD.TO,52.47618103027344,4053600
2019-01-23,TD.TO,52.324005126953125,3067000
2019-01-24,TD.TO,52.65736389160156,2512400
2019-01-25,TD.TO,52.78057098388672,1908100
2019-01-28,TD.TO,53.026973724365234,1971000
2019-01-29,TD.TO,53.41830825805664,3106200
2019-01-30,TD.TO,53.43280792236328,3368400
2019-01-31,TD.TO,53.62847137451172,4005700
2019-02-01,TD.TO,53.46177291870117,2475200
2019-02-04,TD.TO,53.81690216064453,4255800
2019-02-05,TD.TO,54.01981735229492,2923200
2019-02-06,TD.TO,54.19374465942383,2391000
2019-02-07,TD.TO,54.041561126708984,3772900
2019-02-08,TD.TO,54.077796936035156,1944300
2019-02-11,TD.TO,53.60673522949219,2727200
2019-02-12,TD.TO,54.085044860839844,2919700
2019-02-13,TD.TO,54.25897216796875,2409900
2019-02-14,TD.TO,54.07054138183594,2788900
2019-02-15,TD.TO,54.614078521728516,3419300
2019-02-19,TD.TO,54.853233337402344,3591300
2019-02-20,TD.TO,55.28805923461914,2810700
2019-02-21,TD.TO,55.31705856323242,3377300
2019-02-22,TD.TO,55.23732376098633,2373400
2019-02-25,TD.TO,55.49097442626953,2394800
2019-02-26,TD.TO,55.59967041015625,4146700
2019-02-27,TD.TO,56.0200080871582,3109700
2019-02-28,TD.TO,54.68654251098633,7009000
2019-03-01,TD.TO,54.469139099121094,3185900
2019-03-04,TD.TO,54.36767578125,3554200
2019-03-05,TD.TO,54.403900146484375,3122100
2019-03-06,TD.TO,54.30244445800781,4231300
2019-03-07,TD.TO,54.05603790283203,4195800
2019-03-08,TD.TO,54.22998046875,4839400
2019-03-11,TD.TO,54.44015121459961,7268100
2019-03-12,TD.TO,54.55610275268555,4841800
2019-03-13,TD.TO,54.469139099121094,3504700
2019-03-14,TD.TO,54.374916076660156,1598000
2019-03-15,TD.TO,54.76626968383789,11735400
2019-03-18,TD.TO,55.259071350097656,2067800
2019-03-19,TD.TO,54.94743728637695,2515500
2019-03-20,TD.TO,54.68654251098633,2795200
2019-03-21,TD.TO,54.2517204284668,4091200
2019-03-22,TD.TO,53.62847137451172,5972600
2019-03-25,TD.TO,53.541500091552734,4687900
2019-03-26,TD.TO,53.382076263427734,4270100
2019-03-27,TD.TO,53.005210876464844,8845700
2019-03-28,TD.TO,52.94000244140625,4330900
2019-03-29,TD.TO,52.55588912963867,4967400
2019-04-01,TD.TO,53.56325149536133,5182900
2019-04-02,TD.TO,53.809635162353516,3990700
2019-04-03,TD.TO,54.04880905151367,3442500
2019-04-04,TD.TO,54.17200469970703,3990000
2019-04-05,TD.TO,54.33142852783203,2006700
2019-04-08,TD.TO,54.36767578125,7351300
2019-04-09,TD.TO,53.95779037475586,2478600
2019-04-10,TD.TO,53.98707962036133,2348600
2019-04-11,TD.TO,53.92852783203125,6885900
2019-04-12,TD.TO,54.50674819946289,4903100
2019-04-15,TD.TO,54.79219436645508,3679500
2019-04-16,TD.TO,55.22404098510742,3337300
2019-04-17,TD.TO,55.355777740478516,2653900
2019-04-18,TD.TO,55.44361114501953,1993300
2019-04-22,TD.TO,55.275245666503906,4286900
2019-04-23,TD.TO,55.20938491821289,2533200
2019-04-24,TD.TO,54.79951095581055,2726600
2019-04-25,TD.TO,54.938568115234375,1817600
2019-04-26,TD.TO,55.21670150756836,1891300
2019-04-29,TD.TO,55.75101089477539,4199400
2019-04-30,TD.TO,55.93399429321289,3917000
2019-05-01,TD.TO,55.78029251098633,2343600
2019-05-02,TD.TO,55.71442413330078,2244700
2019-05-03,TD.TO,55.97791290283203,1984300
2019-05-06,TD.TO,55.90472412109375,3392100
2019-05-07,TD.TO,55.282588958740234,2971200
2019-05-08,TD.TO,54.96784591674805,2044900
2019-05-09,TD.TO,54.63116455078125,2762600
2019-05-10,TD.TO,54.36767578125,3511400
2019-05-13,TD.TO,53.965126037597656,2753900
2019-05-14,TD.TO,54.133460998535156,2219900
2019-05-15,TD.TO,54.148109436035156,2080800
2019-05-16,TD.TO,54.46282958984375,2134400
2019-05-17,TD.TO,54.43355178833008,1758100
2019-05-21,TD.TO,54.43355178833008,3028100
2019-05-22,TD.TO,54.052940368652344,2622000
2019-05-23,TD.TO,55.23867416381836,5007400
2019-05-24,TD.TO,55.699790954589844,3046500
2019-05-27,TD.TO,56.007198333740234,1369800
2019-05-28,TD.TO,55.80957794189453,2477800
2019-05-29,TD.TO,55.011783599853516,3073400
2019-05-30,TD.TO,54.806846618652344,2378500
2019-05-31,TD.TO,54.08955001831055,2580000
2019-06-03,TD.TO,53.950477600097656,3409300
2019-06-04,TD.TO,54.70437240600586,3163900
2019-06-05,TD.TO,55.0703125,2371100
2019-06-06,TD.TO,55.18743896484375,1743100
2019-06-07,TD.TO,55.136199951171875,1980000
2019-06-10,TD.TO,55.18013381958008,1505500
2019-06-11,TD.TO,55.421669006347656,2525400
2019-06-12,TD.TO,54.89466857910156,2201000
2019-06-13,TD.TO,55.00446319580078,2042800
2019-06-14,TD.TO,55.560726165771484,2244400
2019-06-17,TD.TO,55.60463333129883,1677000
2019-06-18,TD.TO,56.28533935546875,3120400
2019-06-19,TD.TO,56.33655548095703,2779000
2019-06-20,TD.TO,56.1755485534668,2299300
2019-06-21,TD.TO,55.99256134033203,8551400
2019-06-24,TD.TO,56.21212387084961,4917300
2019-06-25,TD.TO,55.84616470336914,3291100
2019-06-26,TD.TO,55.78029251098633,2525800
2019-06-27,TD.TO,55.71442413330078,2022100
2019-06-28,TD.TO,56.007198333740234,3982800
2019-07-02,TD.TO,56.39512634277344,2369500
2019-07-03,TD.TO,56.753753662109375,3411800
2019-07-04,TD.TO,56.90013122558594,2602800
2019-07-05,TD.TO,56.83427047729492,4855800
2019-07-08,TD.TO,56.665931701660156,7158900
2019-07-09,TD.TO,56.784183502197266,3066500
2019-07-10,TD.TO,56.473785400390625,2753200
2019-07-11,TD.TO,56.658538818359375,3751100
2019-07-12,TD.TO,56.555076599121094,4413500
2019-07-15,TD.TO,56.577239990234375,4557900
2019-07-16,TD.TO,56.688114166259766,2697500
2019-07-17,TD.TO,56.732421875,1904500
2019-07-18,TD.TO,56.90242004394531,3391700
2019-07-19,TD.TO,56.732421875,2748600
2019-07-22,TD.TO,56.80635452270508,1166800
2019-07-23,TD.TO,57.09455871582031,1771400
2019-07-24,TD.TO,57.2940673828125,3129200
2019-07-25,TD.TO,57.0723762512207,3729600
2019-07-26,TD.TO,57.07975769042969,2197400
2019-07-29,TD.TO,57.19062423706055,2909500
2019-07-30,TD.TO,56.976322174072266,3110200
2019-07-31,TD.TO,57.01327133178711,3860300
2019-08-01,TD.TO,56.17818832397461,2759300
2019-08-02,TD.TO,55.638736724853516,2971000
2019-08-06,TD.TO,55.0844841003418,5116200
2019-08-07,TD.TO,54.951473236083984,3242300
2019-08-08,TD.TO,55.45398712158203,2684700
2019-08-09,TD.TO,55.187950134277344,3603000
2019-08-12,TD.TO,54.63371276855469,3090700
2019-08-13,TD.TO,55.10667037963867,2907000
2019-08-14,TD.TO,53.80603790283203,3799500
2019-08-15,TD.TO,53.089202880859375,3423900
2019-08-16,TD.TO,53.59171676635742,2243100
2019-08-19,TD.TO,54.03511047363281,1943400
2019-08-20,TD.TO,53.303504943847656,2517300
2019-08-21,TD.TO,53.56216812133789,1999900
2019-08-22,TD.TO,53.6804084777832,2486200
2019-08-23,TD.TO,52.89708709716797,2932900
2019-08-26,TD.TO,53.08183288574219,2920900
2019-08-27,TD.TO,53.08183288574219,3124900
2019-08-28,TD.TO,52.84535217285156,3558300
2019-08-29,TD.TO,53.111385345458984,3067200
2019-08-30,TD.TO,53.35525131225586,3733100
2019-09-03,TD.TO,52.91184616088867,2626600
2019-09-04,TD.TO,52.97836685180664,2895700
2019-09-05,TD.TO,53.51042938232422,3652300
2019-09-06,TD.TO,53.902103424072266,2056100
2019-09-09,TD.TO,54.08683776855469,3140000
2019-09-10,TD.TO,54.69282150268555,2781900
2019-09-11,TD.TO,54.92191696166992,3438400
2019-09-12,TD.TO,55.25446701049805,6479900
2019-09-13,TD.TO,55.579612731933594,4209600
2019-09-16,TD.TO,55.623958587646484,2767400
2019-09-17,TD.TO,55.9343376159668,3027100
2019-09-18,TD.TO,56.18557357788086,3473600
2019-09-19,TD.TO,56.38511276245117,2710600
2019-09-20,TD.TO,56.5920295715332,8956100
2019-09-23,TD.TO,56.518123626708984,1801900
2019-09-24,TD.TO,56.23732376098633,2605400
2019-09-25,TD.TO,56.20035934448242,5896700
2019-09-26,TD.TO,56.34077453613281,4476600
2019-09-27,TD.TO,56.74721908569336,2828000
2019-09-30,TD.TO,57.08715057373047,3666700
2019-10-01,TD.TO,55.60918045043945,6666700
2019-10-02,TD.TO,54.271610260009766,5951900
2019-10-03,TD.TO,54.145965576171875,9515900
2019-10-04,TD.TO,54.53764724731445,8486000
2019-10-07,TD.TO,54.43417739868164,3472300
2019-10-08,TD.TO,54.06467056274414,4581900
2019-10-09,TD.TO,54.393165588378906,2629300
2019-10-10,TD.TO,54.52008056640625,3984800
2019-10-11,TD.TO,55.06504440307617,3349600
2019-10-15,TD.TO,55.483116149902344,7188800
2019-10-16,TD.TO,55.50551223754883,3224900
2019-10-17,TD.TO,55.22930145263672,2491400
2019-10-18,TD.TO,55.31886291503906,2318600
2019-10-21,TD.TO,55.49058151245117,3062600
2019-10-22,TD.TO,55.744388580322266,3187900
2019-10-23,TD.TO,55.692142486572266,1918600
2019-10-24,TD.TO,55.833984375,2954900
2019-10-25,TD.TO,56.11021423339844,2608900
2019-10-28,TD.TO,56.102752685546875,2024200
2019-10-29,TD.TO,56.15500259399414,2408800
2019-10-30,TD.TO,56.18484878540039,2114600
2019-10-31,TD.TO,56.14753341674805,3503200
2019-11-01,TD.TO,56.244571685791016,2756300
2019-11-04,TD.TO,56.75968551635742,5544100
2019-11-05,TD.TO,56.655181884765625,4000800
2019-11-06,TD.TO,56.894065856933594,1855900
2019-11-07,TD.TO,56.99114227294922,2186200
2019-11-08,TD.TO,57.14790725708008,1355700
2019-11-11,TD.TO,57.25243377685547,1400100
2019-11-12,TD.TO,57.185245513916016,3159400
2019-11-13,TD.TO,57.00605773925781,2264300
2019-11-14,TD.TO,56.99114227294922,1433900
2019-11-15,TD.TO,57.27479934692383,1747400
2019-11-18,TD.TO,57.27479934692383,1552300
2019-11-19,TD.TO,57.468910217285156,3510800
2019-11-20,TD.TO,57.14790725708008,3421600
2019-11-21,TD.TO,57.66300582885742,3976500
2019-11-22,TD.TO,57.528648376464844,2269000
2019-11-25,TD.TO,57.88697052001953,3466700
2019-11-26,TD.TO,57.42412567138672,3461100
2019-11-27,TD.TO,57.386810302734375,1736200
2019-11-28,TD.TO,57.43905258178711,700700
2019-11-29,TD.TO,57.177764892578125,2064100
2019-12-02,TD.TO,56.916473388671875,2989600
2019-12-03,TD.TO,56.528289794921875,2745000
2019-12-04,TD.TO,56.49095916748047,2570500
2019-12-05,TD.TO,54.51261901855469,6060000
2019-12-06,TD.TO,54.818687438964844,2351700
2019-12-09,TD.TO,54.408084869384766,2253300
2019-12-10,TD.TO,54.47529220581055,2865000
2019-12-11,TD.TO,54.37821960449219,3187100
2019-12-12,TD.TO,54.72163391113281,5007200
2019-12-13,TD.TO,55.47563171386719,5298200
2019-12-16,TD.TO,55.580169677734375,2540100
2019-12-17,TD.TO,55.78173065185547,2669600
2019-12-18,TD.TO,55.25168228149414,4169900
2019-12-19,TD.TO,54.93812942504883,4027500
2019-12-20,TD.TO,55.13968276977539,10498100
2019-12-23,TD.TO,54.90080642700195,2141000
2019-12-24,TD.TO,54.90827560424805,1262400
2019-12-27,TD.TO,54.7888298034668,1668300
2019-12-30,TD.TO,54.587249755859375,1795800
2019-12-31,TD.TO,54.37076187133789,1933900
2020-01-02,TD.TO,54.81122589111328,2207900
2020-01-03,TD.TO,54.76642608642578,3472900
2020-01-06,TD.TO,54.773902893066406,8359000
2020-01-07,TD.TO,54.714168548583984,3622600
2020-01-08,TD.TO,55.13968276977539,6465500
2020-01-09,TD.TO,55.19247817993164,2853100
2020-01-10,TD.TO,55.049190521240234,5958500
2020-01-13,TD.TO,55.15476989746094,7879600
2020-01-14,TD.TO,54.936092376708984,5011200
2020-01-15,TD.TO,55.34330749511719,5912400
2020-01-16,TD.TO,55.77315139770508,3000000
2020-01-17,TD.TO,55.893795013427734,2928500
2020-01-20,TD.TO,55.95412063598633,1480200
2020-01-21,TD.TO,55.77315139770508,2616900
2020-01-22,TD.TO,55.90888595581055,2429300
2020-01-23,TD.TO,55.931514739990234,2839300
2020-01-24,TD.TO,55.95412063598633,3647200
2020-01-27,TD.TO,55.788238525390625,2243800
2020-01-28,TD.TO,55.931514739990234,2372700
2020-01-29,TD.TO,55.81837844848633,2551800
2020-01-30,TD.TO,55.62984848022461,2310000
2020-01-31,TD.TO,55.15476989746094,3388700
2020-02-03,TD.TO,55.13215637207031,2208100
2020-02-04,TD.TO,56.09739685058594,4262000
2020-02-05,TD.TO,56.72330856323242,3680500
2020-02-06,TD.TO,57.10789489746094,2393200
2020-02-07,TD.TO,57.12298583984375,2216900
2020-02-10,TD.TO,56.994781494140625,1769300
2020-02-11,TD.TO,57.009864807128906,1949000
2020-02-12,TD.TO,56.82133865356445,2401600
2020-02-13,TD.TO,56.5347785949707,2287400
2020-02-14,TD.TO,56.77608871459961,1529000
2020-02-18,TD.TO,56.78364181518555,2899600
2020-02-19,TD.TO,57.009864807128906,1980400
2020-02-20,TD.TO,57.29643249511719,2936700
2020-02-21,TD.TO,57.138057708740234,2365300
2020-02-24,TD.TO,56.41411590576172,3617100
2020-02-25,TD.TO,55.418701171875,4601500
2020-02-26,TD.TO,55.12461471557617,4261700
2020-02-27,TD.TO,53.46559524536133,6556000
2020-02-28,TD.TO,52.06296920776367,9997600
2020-03-02,TD.TO,52.41740036010742,7626200
2020-03-03,TD.TO,51.16560745239258,10041000
2020-03-04,TD.TO,51.76134490966797,4853000
2020-03-05,TD.TO,50.743316650390625,6698200
2020-03-06,TD.TO,49.35576629638672,13450800
2020-03-09,TD.TO,43.27018737792969,11327100
2020-03-10,TD.TO,45.396751403808594,10608900
2020-03-11,TD.TO,43.73772048950195,8848700
2020-03-12,TD.TO,39.09247589111328,17537600
2020-03-13,TD.TO,46.082977294921875,13269400
2020-03-16,TD.TO,41.558380126953125,11836100
2020-03-17,TD.TO,43.5190315246582,11360000
2020-03-18,TD.TO,40.74394989013672,8435700
2020-03-19,TD.TO,41.00788879394531,6080400
2020-03-20,TD.TO,40.05017852783203,16737600
2020-03-23,TD.TO,37.1619758605957,11966800
2020-03-24,TD.TO,42.14657974243164,12678600
2020-03-25,TD.TO,44.94428634643555,8719100
2020-03-26,TD.TO,45.434452056884766,9265600
2020-03-27,TD.TO,42.81018829345703,6212000
2020-03-30,TD.TO,44.08460235595703,5642000
2020-03-31,TD.TO,45.117733001708984,9112400
2020-04-01,TD.TO,42.83280944824219,10721000
2020-04-02,TD.TO,42.991172790527344,12564100
2020-04-03,TD.TO,42.071170806884766,8432100
2020-04-06,TD.TO,44.476749420166016,15700400
2020-04-07,TD.TO,45.095096588134766,9068300
2020-04-08,TD.TO,45.85929489135742,8469700
2020-04-09,TD.TO,46.02741241455078,6241600
2020-04-13,TD.TO,44.644222259521484,13003300
2020-04-14,TD.TO,44.89641189575195,8089900
2020-04-15,TD.TO,43.29924011230469,4138300
2020-04-16,TD.TO,41.66387176513672,4961300
2020-04-17,TD.TO,43.49794006347656,4358200
2020-04-20,TD.TO,43.53614807128906,6014600
2020-04-21,TD.TO,41.64094543457031,5669500
2020-04-22,TD.TO,41.92369842529297,3629400
2020-04-23,TD.TO,41.50339889526367,3520600
2020-04-24,TD.TO,41.931339263916016,4146400
2020-04-27,TD.TO,43.4444465637207,5360100
2020-04-28,TD.TO,44.26213073730469,5709800
2020-04-29,TD.TO,46.103843688964844,6141400
2020-04-30,TD.TO,44.44554138183594,5922500
2020-05-01,TD.TO,43.58964157104492,4318000
2020-05-04,TD.TO,43.93353271484375,6140200
2020-05-05,TD.TO,43.55143356323242,4678600
2020-05-06,TD.TO,43.39094924926758,5864100
2020-05-07,TD.TO,42.985931396484375,4010100
2020-05-08,TD.TO,43.58200454711914,4026900
2020-05-11,TD.TO,44.22392654418945,3170500
2020-05-12,TD.TO,43.368019104003906,3461600
2020-05-13,TD.TO,41.83964157104492,5546400
2020-05-14,TD.TO,42.206451416015625,5406800
2020-05-15,TD.TO,41.95427322387695,3196000
2020-05-19,TD.TO,42.90187072753906,3401800
2020-05-20,TD.TO,43.4444465637207,3071800
2020-05-21,TD.TO,42.95536422729492,3346200
2020-05-22,TD.TO,42.428070068359375,3341700
2020-05-25,TD.TO,43.475013732910156,1986600
2020-05-26,TD.TO,45.70646286010742,5162700
2020-05-27,TD.TO,47.914981842041016,10295100
2020-05-28,TD.TO,46.073280334472656,5806900
2020-05-29,TD.TO,45.07218551635742,5364700
2020-06-01,TD.TO,45.889862060546875,2592100
2020-06-02,TD.TO,46.45536804199219,3366900
2020-06-03,TD.TO,47.70865249633789,5583500
2020-06-04,TD.TO,47.662803649902344,3449000
2020-06-05,TD.TO,49.68027877807617,4558600
2020-06-08,TD.TO,50.19992446899414,3616400
2020-06-09,TD.TO,49.59620666503906,4662200
2020-06-10,TD.TO,48.62568283081055,3975600
2020-06-11,TD.TO,46.47828674316406,4897700
2020-06-12,TD.TO,47.693363189697266,5885300
2020-06-15,TD.TO,47.26541519165039,3221200
2020-06-16,TD.TO,47.73157501220703,3665300
2020-06-17,TD.TO,47.33419418334961,4552300
2020-06-18,TD.TO,47.227203369140625,4354000
2020-06-19,TD.TO,47.05144119262695,17477500
2020-06-22,TD.TO,46.921531677246094,8405300
2020-06-23,TD.TO,47.15842819213867,4529500
2020-06-24,TD.TO,46.073280334472656,5458000
2020-06-25,TD.TO,46.592926025390625,5400800
2020-06-26,TD.TO,45.45428466796875,7405900
2020-06-29,TD.TO,46.096195220947266,6670000
2020-06-30,TD.TO,46.30253219604492,6683500
2020-07-02,TD.TO,46.3101692199707,4981900
2020-07-03,TD.TO,46.34838104248047,2531200
2020-07-06,TD.TO,46.745765686035156,10917800
2020-07-07,TD.TO,46.0197868347168,13366900
2020-07-08,TD.TO,46.08091735839844,21774800
2020-07-09,TD.TO,45.48468017578125,4423300
2020-07-10,TD.TO,46.39838790893555,7248800
2020-07-13,TD.TO,47.0488395690918,8992700
2020-07-14,TD.TO,47.1340217590332,11968100
2020-07-15,TD.TO,47.85415267944336,13560900
2020-07-16,TD.TO,47.85415267944336,2985400
2020-07-17,TD.TO,47.7612419128418,4067700
2020-07-20,TD.TO,47.792205810546875,5821500
2020-07-21,TD.TO,47.94707489013672,2197200
2020-07-22,TD.TO,47.62185287475586,3365900
2020-07-23,TD.TO,47.41278839111328,4464700
2020-07-24,TD.TO,46.90945816040039,3475500
2020-07-27,TD.TO,46.52229309082031,5723200
2020-07-28,TD.TO,46.181575775146484,4873100
2020-07-29,TD.TO,46.382911682128906,3465500
2020-07-30,TD.TO,46.390655517578125,3408700
2020-07-31,TD.TO,45.89506912231445,5452500
2020-08-04,TD.TO,46.12738037109375,5717600
2020-08-05,TD.TO,46.59972381591797,3611700
2020-08-06,TD.TO,46.83977127075195,3240700
2020-08-07,TD.TO,47.38955307006836,3364200
2020-08-10,TD.TO,48.00901794433594,2819500
2020-08-11,TD.TO,48.94597244262695,9944500
2020-08-12,TD.TO,49.53446960449219,4299400
2020-08-13,TD.TO,49.1550407409668,1822300
2020-08-14,TD.TO,49.1163330078125,3315800
2020-08-17,TD.TO,48.75238800048828,1483400
2020-08-18,TD.TO,48.318748474121094,1844300
2020-08-19,TD.TO,48.341983795166016,1963000
2020-08-20,TD.TO,48.16389083862305,2477300
2020-08-21,TD.TO,48.16389083862305,2765600
2020-08-24,TD.TO,49.5654411315918,4872700
2020-08-25,TD.TO,49.983585357666016,2572900
2020-08-26,TD.TO,51.392879486083984,5213700
2020-08-27,TD.TO,51.41611099243164,4169200
2020-08-28,TD.TO,50.93601989746094,4087200
2020-08-31,TD.TO,50.386234283447266,5529400
2020-09-01,TD.TO,50.32428741455078,3036600
2020-09-02,TD.TO,50.28557586669922,2870300
2020-09-03,TD.TO,49.689327239990234,3844000
2020-09-04,TD.TO,49.10858154296875,4955400
2020-09-08,TD.TO,48.837562561035156,2560400
2020-09-09,TD.TO,49.309913635253906,2914000
2020-09-10,TD.TO,48.79109191894531,3633500
2020-09-11,TD.TO,49.02341079711914,3186800
2020-09-14,TD.TO,49.077598571777344,8485800
2020-09-15,TD.TO,48.94597244262695,5940000
2020-09-16,TD.TO,48.442657470703125,3786400
2020-09-17,TD.TO,48.41941452026367,4394500
2020-09-18,TD.TO,48.07096481323242,11208900
2020-09-21,TD.TO,47.07980728149414,6916500
2020-09-22,TD.TO,47.172733306884766,4306000
2020-09-23,TD.TO,46.591976165771484,4798700
2020-09-24,TD.TO,47.11078643798828,2791100
2020-09-25,TD.TO,47.48247146606445,3464000
2020-09-28,TD.TO,48.295528411865234,6344900
2020-09-29,TD.TO,47.67605209350586,4582800
2020-09-30,TD.TO,47.738006591796875,6863300
2020-10-01,TD.TO,47.84640884399414,6004200
2020-10-02,TD.TO,48.39619827270508,5609000
2020-10-05,TD.TO,49.1550407409668,12092700
2020-10-06,TD.TO,49.00017166137695,13900100
2020-10-07,TD.TO,49.100833892822266,11971400
2020-10-08,TD.TO,49.17140579223633,8512700
2020-10-09,TD.TO,48.25400924682617,6787600
2020-10-13,TD.TO,47.422847747802734,17595900
2020-10-14,TD.TO,47.070003509521484,14384600
2020-10-15,TD.TO,47.48558044433594,5236500
2020-10-16,TD.TO,47.375789642333984,6964300
2020-10-19,TD.TO,46.53681182861328,8468600
2020-10-20,TD.TO,46.450557708740234,5917900
2020-10-21,TD.TO,46.38783645629883,4095900
2020-10-22,TD.TO,47.06216049194336,4431200
2020-10-23,TD.TO,47.46206283569336,4259900
2020-10-26,TD.TO,46.86613464355469,5201600
2020-10-27,TD.TO,46.05849838256836,5778300
2020-10-28,TD.TO,45.33712387084961,3637800
2020-10-29,TD.TO,46.10554885864258,2854900
2020-10-30,TD.TO,46.0898551940918,4186100
2020-11-02,TD.TO,46.278053283691406,5184900
2020-11-03,TD.TO,47.00726318359375,3356300
2020-11-04,TD.TO,46.97590637207031,7989900
2020-11-05,TD.TO,46.59953689575195,6038400
2020-11-06,TD.TO,46.670101165771484,5917000
2020-11-09,TD.TO,49.31254577636719,10867300
2020-11-10,TD.TO,50.55927658081055,7780500
2020-11-11,TD.TO,50.959171295166016,7078000
2020-11-12,TD.TO,50.5749626159668,4365700
2020-11-13,TD.TO,50.88076400756836,5534300
2020-11-16,TD.TO,51.92362976074219,6769500
2020-11-17,TD.TO,52.692039489746094,3965800
2020-11-18,TD.TO,53.55458068847656,4030000
2020-11-19,TD.TO,53.640830993652344,5790200
2020-11-20,TD.TO,53.99367141723633,4500600
2020-11-23,TD.TO,54.730735778808594,5816300
2020-11-24,TD.TO,55.81281280517578,5993800
2020-11-25,TD.TO,55.7265625,3835700
2020-11-26,TD.TO,55.6010856628418,2186500
2020-11-27,TD.TO,55.59324645996094,2300200
2020-11-30,TD.TO,54.322998046875,6847900
2020-12-01,TD.TO,55.44428253173828,3313000
2020-12-02,TD.TO,55.499149322509766,3190600
2020-12-03,TD.TO,55.41291427612305,3814500
2020-12-04,TD.TO,55.59324645996094,4424200
2020-12-07,TD.TO,55.70302963256836,2688600
2020-12-08,TD.TO,56.07939147949219,3023500
2020-12-09,TD.TO,56.745887756347656,6722700
2020-12-10,TD.TO,56.73020935058594,4124900
2020-12-11,TD.TO,56.361671447753906,3613300
2020-12-14,TD.TO,56.212703704833984,10230300
2020-12-15,TD.TO,56.39303207397461,3439400
2020-12-16,TD.TO,56.47145462036133,5005700
2020-12-17,TD.TO,56.432254791259766,3826300
2020-12-18,TD.TO,56.283267974853516,16317300
2020-12-21,TD.TO,56.06371307373047,6025500
2020-12-22,TD.TO,55.679500579833984,6299100
2020-12-23,TD.TO,56.24406814575195,5364600
2020-12-24,TD.TO,56.34598922729492,1253300
2020-12-29,TD.TO,56.56556701660156,4929100
2020-12-30,TD.TO,56.47145462036133,5056900
2020-12-31,TD.TO,56.39303207397461,4706100
2021-01-04,TD.TO,56.40872573852539,8546700
2021-01-05,TD.TO,56.698848724365234,19248400
2021-01-06,TD.TO,58.30626678466797,22115500
2021-01-07,TD.TO,58.69459533691406,10940400
2021-01-08,TD.TO,58.73422622680664,4674000
2021-01-11,TD.TO,58.80555725097656,7830200
2021-01-12,TD.TO,59.28108596801758,14619900
2021-01-13,TD.TO,59.130489349365234,8577200
2021-01-14,TD.TO,59.91510009765625,6692900
2021-01-15,TD.TO,59.772438049316406,8226600
2021-01-18,TD.TO,59.772438049316406,2590400
2021-01-19,TD.TO,59.42374038696289,9073100
2021-01-20,TD.TO,59.32069396972656,5805100
2021-01-21,TD.TO,59.035396575927734,3549500
2021-01-22,TD.TO,58.31419372558594,5253400
2021-01-25,TD.TO,58.25872039794922,6429600
2021-01-26,TD.TO,58.472694396972656,2513100
2021-01-27,TD.TO,57.83076477050781,8526500
2021-01-28,TD.TO,58.52816390991211,4030400
2021-01-29,TD.TO,57.42656326293945,4794600
2021-02-01,TD.TO,57.65639114379883,2679900
2021-02-02,TD.TO,58.56779479980469,3027600
2021-02-03,TD.TO,58.80555725097656,3301600
2021-02-04,TD.TO,59.17803192138672,4498100
2021-02-05,TD.TO,59.12257385253906,5478700
2021-02-08,TD.TO,59.54261779785156,4026600
2021-02-09,TD.TO,59.487117767333984,4411400
2021-02-10,TD.TO,59.447513580322266,2291900
2021-02-11,TD.TO,59.56638717651367,2132700
2021-02-12,TD.TO,59.772438049316406,2796800
2021-02-16,TD.TO,59.97848892211914,2717700
2021-02-17,TD.TO,59.84376525878906,3472300
2021-02-18,TD.TO,59.83584213256836,4050700
2021-02-19,TD.TO,60.533267974853516,5813400
2021-02-22,TD.TO,60.89783477783203,4091000
2021-02-23,TD.TO,61.840946197509766,10542900
2021-02-24,TD.TO,62.92668914794922,11334800
2021-02-25,TD.TO,61.87263488769531,6049500
2021-02-26,TD.TO,61.13559341430664,6425200
2021-03-01,TD.TO,61.634883880615234,4456500
2021-03-02,TD.TO,62.11833572387695,4545600
2021-03-03,TD.TO,62.5462760925293,3200300
2021-03-04,TD.TO,62.09455490112305,4354600
2021-03-05,TD.TO,63.01388168334961,9189100
2021-03-08,TD.TO,64.02831268310547,5898200
2021-03-09,TD.TO,64.06002044677734,9285400
2021-03-10,TD.TO,64.3136215209961,4582000
2021-03-11,TD.TO,64.40080261230469,6102700
2021-03-12,TD.TO,64.70988464355469,4993300
2021-03-15,TD.TO,65.0348129272461,3880700
2021-03-16,TD.TO,65.10615539550781,5512700
2021-03-17,TD.TO,65.1854019165039,4656200
2021-03-18,TD.TO,65.79562377929688,10505800
2021-03-19,TD.TO,65.32014465332031,22051700
2021-03-22,TD.TO,65.09825134277344,3902100
2021-03-23,TD.TO,64.7653579711914,10693500
2021-03-24,TD.TO,64.64649963378906,8670100
2021-03-25,TD.TO,65.08238220214844,5733100
2021-03-26,TD.TO,65.68470001220703,2377800
2021-03-29,TD.TO,65.35184478759766,3997300
2021-03-30,TD.TO,65.4865493774414,4174100
2021-03-31,TD.TO,64.95558166503906,14980400
2021-04-01,TD.TO,65.35184478759766,6057700
2021-04-05,TD.TO,66.15229034423828,13343500
2021-04-06,TD.TO,66.13642883300781,17138000
2021-04-07,TD.TO,66.30287170410156,10717800
2021-04-08,TD.TO,66.15086364746094,10268200
2021-04-09,TD.TO,66.31086730957031,9707600
2021-04-12,TD.TO,66.88694763183594,13274500
2021-04-13,TD.TO,66.50289154052734,16173700
2021-04-14,TD.TO,66.37487030029297,5801900
2021-04-15,TD.TO,66.10285186767578,3161300
2021-04-16,TD.TO,66.31086730957031,4232600
2021-04-19,TD.TO,65.85482025146484,4101200
2021-04-20,TD.TO,65.5748062133789,2598800
2021-04-21,TD.TO,66.15086364746094,3472800
2021-04-22,TD.TO,66.20686340332031,2374100
2021-04-23,TD.TO,67.37498474121094,5560300
2021-04-26,TD.TO,67.3189697265625,4630900
2021-04-27,TD.TO,67.67900085449219,3193200
2021-04-28,TD.TO,67.75904083251953,2695900
2021-04-29,TD.TO,68.10306549072266,3045700
2021-04-30,TD.TO,67.60701751708984,4879100
2021-05-03,TD.TO,67.32696533203125,3128500
2021-05-04,TD.TO,67.44699096679688,4979600
2021-05-05,TD.TO,68.19107818603516,4379500
2021-05-06,TD.TO,68.7351303100586,3214600
2021-05-07,TD.TO,68.88713836669922,4331400
2021-05-10,TD.TO,68.64710998535156,8157300
2021-05-11,TD.TO,68.44709777832031,3962800
2021-05-12,TD.TO,68.63912200927734,3772100
2021-05-13,TD.TO,69.6312255859375,4990000
2021-05-14,TD.TO,70.19129180908203,3259800
2021-05-17,TD.TO,70.70332336425781,3577300
2021-05-18,TD.TO,70.59132385253906,3599100
2021-05-19,TD.TO,70.07926940917969,3675400
2021-05-20,TD.TO,70.28727722167969,2935400
2021-05-21,TD.TO,70.49528503417969,3099200
2021-05-25,TD.TO,70.5033187866211,3388700
2021-05-26,TD.TO,71.05536651611328,3553500
2021-05-27,TD.TO,69.27918243408203,11390100
2021-05-28,TD.TO,69.66321563720703,4089500
2021-05-31,TD.TO,69.52719116210938,2796000
2021-06-01,TD.TO,70.13526916503906,4029500
2021-06-02,TD.TO,70.07926940917969,2471800
2021-06-03,TD.TO,70.2632827758789,3073300
2021-06-04,TD.TO,70.37528991699219,1772300
2021-06-07,TD.TO,70.3432846069336,2220400
2021-06-08,TD.TO,70.39928436279297,2647200
2021-06-09,TD.TO,69.90323638916016,3603900
2021-06-10,TD.TO,69.67122650146484,4342000
2021-06-11,TD.TO,69.81523895263672,1591300
2021-06-14,TD.TO,69.55121612548828,6315300
2021-06-15,TD.TO,70.00726318359375,2891000
2021-06-16,TD.TO,70.2792739868164,4474800
2021-06-17,TD.TO,70.05525970458984,6403300
2021-06-18,TD.TO,69.6792221069336,13300000
2021-06-21,TD.TO,70.05525970458984,2542600
2021-06-22,TD.TO,69.70323944091797,5520000
2021-06-23,TD.TO,69.60721588134766,3224000
2021-06-24,TD.TO,69.74324035644531,2745300
2021-06-25,TD.TO,70.16727447509766,2942700
2021-06-28,TD.TO,69.53521728515625,2550500
2021-06-29,TD.TO,69.55921173095703,1846500
2021-06-30,TD.TO,69.50321960449219,6830400
2021-07-02,TD.TO,69.60721588134766,2644700
2021-07-05,TD.TO,70.1192626953125,4978500
2021-07-06,TD.TO,69.8072280883789,25478300
2021-07-07,TD.TO,69.55921173095703,10760200
2021-07-08,TD.TO,67.62141418457031,8499600
2021-07-09,TD.TO,68.38844299316406,7138200
2021-07-12,TD.TO,68.67105865478516,11505500
2021-07-13,TD.TO,68.38844299316406,9022700
2021-07-14,TD.TO,68.34808349609375,4895300
2021-07-15,TD.TO,68.34808349609375,7257600
2021-07-16,TD.TO,67.83939361572266,2121600
2021-07-19,TD.TO,66.05500030517578,9340700
2021-07-20,TD.TO,66.48294067382812,2732800
2021-07-21,TD.TO,66.89472198486328,2403600
2021-07-22,TD.TO,66.53945922851562,2962500
2021-07-23,TD.TO,66.7574691772461,3503900
2021-07-26,TD.TO,66.76553344726562,4332000
2021-07-27,TD.TO,67.0885009765625,3051800
2021-07-28,TD.TO,67.21768188476562,1607700
2021-07-29,TD.TO,67.5810317993164,2516600
2021-07-30,TD.TO,66.9754638671875,5657300
2021-08-03,TD.TO,67.51643371582031,2738300
2021-08-04,TD.TO,67.33074188232422,2032400
2021-08-05,TD.TO,67.5810317993164,4249800
2021-08-06,TD.TO,68.45304870605469,3420400
2021-08-09,TD.TO,68.29962921142578,1930500
2021-08-10,TD.TO,69.22816467285156,3318700
2021-08-11,TD.TO,69.85795593261719,2323700
2021-08-12,TD.TO,69.80142974853516,2460000
2021-08-13,TD.TO,69.53498077392578,1768700
2021-08-16,TD.TO,69.65608215332031,1854400
2021-08-17,TD.TO,69.3896484375,4165500
2021-08-18,TD.TO,69.15550231933594,2442600
2021-08-19,TD.TO,69.09090423583984,2439700
2021-08-20,TD.TO,69.54304504394531,1894300
2021-08-23,TD.TO,69.63186645507812,2831600
2021-08-24,TD.TO,69.25238800048828,3191400
2021-08-25,TD.TO,69.23624420166016,6491100
2021-08-26,TD.TO,67.5810317993164,4736900
2021-08-27,TD.TO,67.25808715820312,4765600
2021-08-30,TD.TO,66.82205200195312,2574100
2021-08-31,TD.TO,66.15191650390625,5060300
2021-09-01,TD.TO,66.3133773803711,3140200
2021-09-02,TD.TO,66.60404968261719,2424400
2021-09-03,TD.TO,66.5717544555664,2337600
2021-09-07,TD.TO,67.0400619506836,3212900
2021-09-08,TD.TO,66.6282730102539,2588300
2021-09-09,TD.TO,66.60404968261719,2093800
2021-09-10,TD.TO,66.3698959350586,2521600
2021-09-13,TD.TO,66.3053207397461,6412300
2021-09-14,TD.TO,66.0146484375,2961700
2021-09-15,TD.TO,66.61212158203125,2603100
2021-09-16,TD.TO,66.9673843383789,2735600
2021-09-17,TD.TO,66.59598541259766,11219900
2021-09-20,TD.TO,66.09538269042969,5084400
2021-09-21,TD.TO,66.28915405273438,3894200
2021-09-22,TD.TO,66.3698959350586,2977900
2021-09-23,TD.TO,67.16925811767578,6499100
2021-09-24,TD.TO,67.22576141357422,2572300
2021-09-27,TD.TO,68.34808349609375,6573600
2021-09-28,TD.TO,68.59837341308594,5116100
2021-09-29,TD.TO,68.57416534423828,7744300
2021-09-30,TD.TO,67.70215606689453,4831700
2021-10-01,TD.TO,68.9294204711914,8444300
2021-10-04,TD.TO,68.69528198242188,16884900
2021-10-05,TD.TO,69.34927368164062,19089600
2021-10-06,TD.TO,69.0344009399414,17499800
2021-10-07,TD.TO,69.61299896240234,7122900
2021-10-08,TD.TO,70.322021484375,5041900
2021-10-12,TD.TO,69.83303833007812,10534700
2021-10-13,TD.TO,69.3033218383789,15034000
2021-10-14,TD.TO,69.68634796142578,17131000
2021-10-15,TD.TO,70.90878295898438,6622600
2021-10-18,TD.TO,71.2103042602539,2349700
2021-10-19,TD.TO,72.26972961425781,3964700
2021-10-20,TD.TO,72.62016296386719,2277500
2021-10-21,TD.TO,72.34308624267578,4218200
2021-10-22,TD.TO,72.65275573730469,2801500
2021-10-25,TD.TO,72.9706039428711,6563500
2021-10-26,TD.TO,73.58995056152344,2341600
2021-10-27,TD.TO,73.15803527832031,3879200
2021-10-28,TD.TO,73.13357543945312,2574900
2021-10-29,TD.TO,73.215087890625,8402700
2021-11-01,TD.TO,73.68775177001953,3826800
2021-11-02,TD.TO,73.63884735107422,2141200
2021-11-03,TD.TO,74.25823211669922,2713200
2021-11-04,TD.TO,74.38859558105469,3236300
2021-11-05,TD.TO,74.52714538574219,5108300
2021-11-08,TD.TO,74.78793334960938,4847300
2021-11-09,TD.TO,74.69013977050781,1788000
2021-11-10,TD.TO,75.1546630859375,2631200
2021-11-11,TD.TO,75.6273422241211,3722600
2021-11-12,TD.TO,76.10814666748047,6067700
2021-11-15,TD.TO,76.04296875,3734900
2021-11-16,TD.TO,75.97775268554688,2091100
2021-11-17,TD.TO,75.43173217773438,2707700
2021-11-18,TD.TO,75.19540405273438,1915900
2021-11-19,TD.TO,74.83682250976562,3381900
2021-11-22,TD.TO,75.75772857666016,4392000
2021-11-23,TD.TO,77.59949493408203,5768700
2021-11-24,TD.TO,78.04773712158203,3891800
2021-11-25,TD.TO,78.3248062133789,1470300
2021-11-26,TD.TO,77.06978607177734,4749000
2021-11-29,TD.TO,76.27113342285156,4224800
2021-11-30,TD.TO,73.46771240234375,10322300
2021-12-01,TD.TO,74.95907592773438,4237700
2021-12-02,TD.TO,78.64264678955078,6046700
2021-12-03,TD.TO,77.90103149414062,4197900
2021-12-06,TD.TO,76.97199249267578,3536400
2021-12-07,TD.TO,77.33872985839844,3691300
2021-12-08,TD.TO,77.78697204589844,3650000
2021-12-09,TD.TO,77.77879333496094,2784600
2021-12-10,TD.TO,77.68916320800781,6767500
2021-12-13,TD.TO,77.49356079101562,7536200
2021-12-14,TD.TO,77.21648406982422,3544200
2021-12-15,TD.TO,77.60765838623047,4826000
2021-12-16,TD.TO,77.87659454345703,3719600
2021-12-17,TD.TO,76.70305633544922,9178400
2021-12-20,TD.TO,76.5889892578125,3026600
2021-12-21,TD.TO,77.17573547363281,2625500
2021-12-22,TD.TO,77.75434875488281,4831600
2021-12-23,TD.TO,78.40631866455078,3796300
2021-12-24,TD.TO,78.47966003417969,411600
2021-12-29,TD.TO,79.46576690673828,3427500
2021-12-30,TD.TO,79.2457046508789,1721100
2021-12-31,TD.TO,79.03382873535156,4203900
2022-01-04,TD.TO,80.96526336669922,19859700
2022-01-05,TD.TO,81.45421600341797,15726700
2022-01-06,TD.TO,81.95134735107422,10936600
2022-01-07,TD.TO,82.33777618408203,10887500
2022-01-10,TD.TO,82.00067901611328,8779700
2022-01-11,TD.TO,82.75712585449219,10349200
2022-01-12,TD.TO,83.39847564697266,8416500
2022-01-13,TD.TO,83.6451416015625,11638200
2022-01-14,TD.TO,84.245361328125,10785600
2022-01-17,TD.TO,85.63491821289062,2209400
2022-01-18,TD.TO,84.92781829833984,5836200
2022-01-19,TD.TO,83.56290435791016,6599200
2022-01-20,TD.TO,83.66979217529297,4501100
2022-01-21,TD.TO,82.46936798095703,7723500
2022-01-24,TD.TO,81.57311248779297,9567500
2022-01-25,TD.TO,82.11579132080078,6051400
2022-01-26,TD.TO,82.403564453125,4412900
2022-01-27,TD.TO,82.79002380371094,3881200
2022-01-28,TD.TO,82.39534759521484,3451800
2022-01-31,TD.TO,83.71090698242188,5210300
2022-02-01,TD.TO,85.10047912597656,4127500
2022-02-02,TD.TO,86.47358703613281,5202400
2022-02-03,TD.TO,86.50647735595703,5590700
2022-02-04,TD.TO,86.8436050415039,3386600
2022-02-07,TD.TO,87.2629165649414,6399900
2022-02-08,TD.TO,88.3976058959961,5478100
2022-02-09,TD.TO,88.18383026123047,3719200
2022-02-10,TD.TO,88.66893005371094,6486700
2022-02-11,TD.TO,88.64427947998047,4412500
2022-02-14,TD.TO,87.3780288696289,4257900
2022-02-15,TD.TO,87.89604187011719,4921400
2022-02-16,TD.TO,88.59490966796875,4405000
2022-02-17,TD.TO,87.64115142822266,3195100
2022-02-18,TD.TO,87.34516906738281,3572500
2022-02-22,TD.TO,87.19715118408203,6107800
2022-02-23,TD.TO,86.04602813720703,3894100
2022-02-24,TD.TO,84.14668273925781,6317900
2022-02-25,TD.TO,86.0707015991211,3790200
2022-02-28,TD.TO,84.09735870361328,6171500
2022-03-01,TD.TO,81.32645416259766,6611900
2022-03-02,TD.TO,83.44778442382812,4146300
2022-03-03,TD.TO,80.82489013671875,5996000
2022-03-04,TD.TO,81.02222442626953,3452900
2022-03-07,TD.TO,79.91223907470703,4203000
2022-03-08,TD.TO,79.19688415527344,5913100
2022-03-09,TD.TO,80.94001007080078,3426700
2022-03-10,TD.TO,80.87422180175781,3425200
2022-03-11,TD.TO,80.6275634765625,5034800
2022-03-14,TD.TO,81.3840103149414,4130000
2022-03-15,TD.TO,82.15689849853516,4674000
2022-03-16,TD.TO,83.13533020019531,4221900
2022-03-17,TD.TO,84.02334594726562,2856000
2022-03-18,TD.TO,83.6944580078125,14569900
2022-03-21,TD.TO,84.52491760253906,2275900
2022-03-22,TD.TO,84.61536407470703,5753300
2022-03-23,TD.TO,83.09424591064453,9165400
2022-03-24,TD.TO,82.9544448852539,3329200
2022-03-25,TD.TO,83.71090698242188,3642700
2022-03-28,TD.TO,83.84244537353516,5312200
2022-03-29,TD.TO,83.51356506347656,5030400
2022-03-30,TD.TO,83.39024353027344,3640000
2022-03-31,TD.TO,81.55667114257812,6092500
2022-04-01,TD.TO,81.78690338134766,8096500
2022-04-04,TD.TO,82.62557220458984,18484500
2022-04-05,TD.TO,82.37889862060547,16638700
2022-04-06,TD.TO,81.51557922363281,8090000
2022-04-07,TD.TO,80.00554656982422,3977700
2022-04-08,TD.TO,80.25445556640625,2813000
2022-04-11,TD.TO,80.21296691894531,9551500
2022-04-12,TD.TO,78.47895812988281,13764700
2022-04-13,TD.TO,77.864990234375,10742900
2022-04-14,TD.TO,77.98113250732422,6829700
2022-04-18,TD.TO,77.72394561767578,2273400
2022-04-19,TD.TO,78.36277770996094,3735000
2022-04-20,TD.TO,78.94356536865234,3223400
2022-04-21,TD.TO,78.5453109741211,3108700
2022-04-22,TD.TO,77.35060119628906,3832400
2022-04-25,TD.TO,77.20954895019531,8708200
2022-04-26,TD.TO,75.80738830566406,4193500
2022-04-27,TD.TO,75.21831512451172,4290800
2022-04-28,TD.TO,77.68244934082031,6363900
2022-04-29,TD.TO,76.98553466796875,3759600
2022-05-02,TD.TO,76.88595581054688,5717100
2022-05-03,TD.TO,77.71564483642578,3411800
2022-05-04,TD.TO,78.18855285644531,5951900
2022-05-05,TD.TO,77.45014953613281,4304000
2022-05-06,TD.TO,77.1348648071289,3198000
2022-05-09,TD.TO,76.73662567138672,3253000
2022-05-10,TD.TO,76.29689025878906,3331900
2022-05-11,TD.TO,76.88595581054688,2844000
2022-05-12,TD.TO,76.3051986694336,3008800
2022-05-13,TD.TO,76.26372528076172,2086600
2022-05-16,TD.TO,76.44625091552734,3927900
2022-05-17,TD.TO,77.88987731933594,2611200
2022-05-18,TD.TO,76.70344543457031,2499400
2022-05-19,TD.TO,76.13097381591797,2355600
2022-05-20,TD.TO,76.4130630493164,3259800
2022-05-24,TD.TO,76.67854309082031,3691900
2022-05-25,TD.TO,77.79032897949219,2482600
2022-05-26,TD.TO,79.00994110107422,3689500
2022-05-27,TD.TO,79.6405029296875,3557300
2022-05-30,TD.TO,80.40379333496094,1140100
2022-05-31,TD.TO,80.19638061523438,9683800
2022-06-01,TD.TO,79.6405029296875,1941000
2022-06-02,TD.TO,80.32084655761719,1950000
2022-06-03,TD.TO,79.34180450439453,2463200
2022-06-06,TD.TO,79.54093170166016,1467200
2022-06-07,TD.TO,79.46625518798828,4848200
2022-06-08,TD.TO,78.69465637207031,5051200
2022-06-09,TD.TO,77.38377380371094,1808300
2022-06-10,TD.TO,76.01481628417969,3489600
2022-06-13,TD.TO,74.92794036865234,4542500
2022-06-14,TD.TO,74.13146209716797,5649600
2022-06-15,TD.TO,73.97383117675781,4938500
2022-06-16,TD.TO,71.49308013916016,5764700
2022-06-17,TD.TO,71.71711730957031,10683700
2022-06-20,TD.TO,72.45551300048828,2045800
2022-06-21,TD.TO,72.6048583984375,6354900
2022-06-22,TD.TO,72.0489730834961,4487300
2022-06-23,TD.TO,69.70099639892578,5608800
2022-06-24,TD.TO,69.47697448730469,5552600
2022-06-27,TD.TO,70.39788818359375,5625600
2022-06-28,TD.TO,70.33154296875,8846300
2022-06-29,TD.TO,70.43110656738281,5729300
2022-06-30,TD.TO,70.03286743164062,3765100
2022-07-04,TD.TO,69.72586059570312,6319100
2022-07-05,TD.TO,69.54332733154297,22410800
2022-07-06,TD.TO,68.98746490478516,10885900
2022-07-07,TD.TO,69.138427734375,8940600
2022-07-08,TD.TO,69.79257202148438,4046400
2022-07-11,TD.TO,68.6352310180664,8133800
2022-07-12,TD.TO,67.7882080078125,14759500
2022-07-13,TD.TO,66.95791625976562,9805400
2022-07-14,TD.TO,65.55738067626953,12335700
2022-07-15,TD.TO,66.16121673583984,5686600
2022-07-18,TD.TO,66.80697631835938,10947900
2022-07-19,TD.TO,68.75264739990234,8794900
2022-07-20,TD.TO,68.90361022949219,3512700
2022-07-21,TD.TO,68.97069549560547,4424300
2022-07-22,TD.TO,68.79457092285156,2164900
2022-07-25,TD.TO,69.16358947753906,6365600
2022-07-26,TD.TO,68.2662353515625,5585400
2022-07-27,TD.TO,69.138427734375,6929200
2022-07-28,TD.TO,68.828125,4723000
2022-07-29,TD.TO,69.75902557373047,3462600
2022-08-02,TD.TO,69.473876953125,7614600
2022-08-03,TD.TO,70.38801574707031,3628800
2022-08-04,TD.TO,69.63322448730469,3760800
2022-08-05,TD.TO,69.9770736694336,5371500
2022-08-08,TD.TO,69.83450317382812,1943400
2022-08-09,TD.TO,69.42356872558594,1877900
2022-08-10,TD.TO,71.05054473876953,3237600
2022-08-11,TD.TO,71.56212615966797,2559000
2022-08-12,TD.TO,72.50140380859375,6918900
2022-08-15,TD.TO,73.07169342041016,3790900
2022-08-16,TD.TO,74.19548797607422,3384800
2022-08-17,TD.TO,74.03616333007812,2836400
2022-08-18,TD.TO,74.13679504394531,4826400
2022-08-19,TD.TO,73.34005737304688,3960700
2022-08-22,TD.TO,71.93952941894531,5268200
2022-08-23,TD.TO,71.94791412353516,3961600
2022-08-24,TD.TO,71.64599609375,3994900
2022-08-25,TD.TO,72.17435455322266,3710000
2022-08-26,TD.TO,72.8536605834961,7139400
2022-08-29,TD.TO,72.23303985595703,3425700
2022-08-30,TD.TO,71.70470428466797,3014600
2022-08-31,TD.TO,70.857666015625,4647700
2022-09-01,TD.TO,70.87442779541016,5144400
2022-09-02,TD.TO,71.72985076904297,2923600
2022-09-06,TD.TO,70.53897857666016,3153100
2022-09-07,TD.TO,71.3943862915039,2918000
2022-09-08,TD.TO,72.30854034423828,2141300
2022-09-09,TD.TO,73.86003875732422,2798100
2022-09-12,TD.TO,74.69029998779297,2613700
2022-09-13,TD.TO,73.03816223144531,2675500
2022-09-14,TD.TO,73.47425079345703,2199000
2022-09-15,TD.TO,73.8097152709961,4327200
2022-09-16,TD.TO,73.74262237548828,11107400
2022-09-19,TD.TO,74.1032485961914,5943800
2022-09-20,TD.TO,73.62521362304688,3183800
2022-09-21,TD.TO,72.16596984863281,2914600
2022-09-22,TD.TO,72.30854034423828,5305600
2022-09-23,TD.TO,70.75702667236328,7484900
2022-09-26,TD.TO,71.23506164550781,10073000
2022-09-27,TD.TO,70.78218078613281,2704800
2022-09-28,TD.TO,71.66276550292969,3257300
2022-09-29,TD.TO,71.25182342529297,3737600
2022-09-30,TD.TO,71.05054473876953,7109300
2022-10-03,TD.TO,72.434326171875,9849800
2022-10-04,TD.TO,73.7929458618164,15708300
2022-10-05,TD.TO,73.36524200439453,8872800
2022-10-06,TD.TO,70.6878433227539,6668900
2022-10-07,TD.TO,69.67959594726562,5276800
2022-10-11,TD.TO,68.48495483398438,9599600
2022-10-12,TD.TO,68.61204528808594,7530700
2022-10-13,TD.TO,71.43344116210938,7752800
2022-10-14,TD.TO,71.94181060791016,6373100
2022-10-17,TD.TO,72.34003448486328,10800900
2022-10-18,TD.TO,73.44149017333984,5448700
2022-10-19,TD.TO,72.61962127685547,4836200
2022-10-20,TD.TO,71.95030212402344,5633500
2022-10-21,TD.TO,73.08563995361328,4288200
2022-10-24,TD.TO,73.34828186035156,8977800
2022-10-25,TD.TO,73.95832824707031,6880700
2022-10-26,TD.TO,73.8058090209961,4878700
2022-10-27,TD.TO,73.94136047363281,3351300
2022-10-28,TD.TO,74.31417083740234,3706300
2022-10-31,TD.TO,73.87359619140625,4350000
2022-11-01,TD.TO,74.34806823730469,3458300
2022-11-02,TD.TO,73.7549819946289,6384400
2022-11-03,TD.TO,73.51773834228516,2255300
2022-11-04,TD.TO,74.53446197509766,3651000
2022-11-07,TD.TO,74.86489868164062,4887800
2022-11-08,TD.TO,74.94963836669922,3891800
2022-11-09,TD.TO,74.22098541259766,2378800
2022-11-10,TD.TO,75.65287017822266,3984800
2022-11-11,TD.TO,74.93268585205078,3125300
2022-11-14,TD.TO,74.47515869140625,5068700
2022-11-15,TD.TO,74.3226547241211,2509800
2022-11-16,TD.TO,74.6700210571289,3213100
2022-11-17,TD.TO,75.17839050292969,3668400
2022-11-18,TD.TO,75.76300811767578,4196700
2022-11-21,TD.TO,76.05108642578125,4237600
2022-11-22,TD.TO,76.88140106201172,3598700
2022-11-23,TD.TO,77.05087280273438,2137900
2022-11-24,TD.TO,77.06781005859375,661300
2022-11-25,TD.TO,77.11862182617188,1265700
2022-11-28,TD.TO,76.22901153564453,4387800
2022-11-29,TD.TO,75.90703582763672,2464900
2022-11-30,TD.TO,75.85620880126953,6693900
2022-12-01,TD.TO,77.81340026855469,3913700
2022-12-02,TD.TO,78.25398254394531,2417500
2022-12-05,TD.TO,77.37281036376953,3741600
2022-12-06,TD.TO,76.3984603881836,3672000
2022-12-07,TD.TO,75.63591003417969,3676800
2022-12-08,TD.TO,76.16122436523438,1820600
2022-12-09,TD.TO,76.72042083740234,3456400
2022-12-12,TD.TO,77.22879028320312,7294400
2022-12-13,TD.TO,75.11061096191406,5901200
2022-12-14,TD.TO,74.1362533569336,2953600
2022-12-15,TD.TO,73.62788391113281,5176100
2022-12-16,TD.TO,73.39910125732422,12453200
2022-12-19,TD.TO,73.38217163085938,6218400
2022-12-20,TD.TO,74.18709564208984,6312400
2022-12-21,TD.TO,74.64461517333984,3299100
2022-12-22,TD.TO,74.40737915039062,5391900
2022-12-23,TD.TO,74.8394775390625,4177900
2022-12-28,TD.TO,74.18709564208984,5697100
2022-12-29,TD.TO,75.01741027832031,8494300
2022-12-30,TD.TO,74.28026580810547,10549700
2023-01-03,TD.TO,74.28026580810547,20465200
2023-01-04,TD.TO,75.24617767333984,19876200
2023-01-05,TD.TO,74.01277160644531,4881400
2023-01-06,TD.TO,73.97850799560547,6166400
2023-01-09,TD.TO,73.74724578857422,4390400
2023-01-10,TD.TO,73.6615982055664,4842300
2023-01-11,TD.TO,74.05559539794922,7790900
2023-01-12,TD.TO,75.54594421386719,9205900
2023-01-13,TD.TO,76.09413146972656,9390900
2023-01-16,TD.TO,76.31683349609375,3855000
2023-01-17,TD.TO,77.04487609863281,10545000
2023-01-18,TD.TO,76.25687408447266,8874800
2023-01-19,TD.TO,75.86288452148438,4689400
2023-01-20,TD.TO,76.38534545898438,4400800
2023-01-23,TD.TO,76.78793334960938,7763300
2023-01-24,TD.TO,76.97636413574219,3922000
2023-01-25,TD.TO,77.18193054199219,3078000
2023-01-26,TD.TO,77.74724578857422,6067800
2023-01-27,TD.TO,78.30398559570312,4310600
2023-01-30,TD.TO,77.64445495605469,11892000
2023-01-31,TD.TO,78.85215759277344,10354400
2023-02-01,TD.TO,78.36393737792969,3029400
2023-02-02,TD.TO,78.75794982910156,4720400
2023-02-03,TD.TO,79.16051483154297,6171900
2023-02-06,TD.TO,78.54380798339844,5463000
2023-02-07,TD.TO,79.50312042236328,3180300
2023-02-08,TD.TO,79.55451965332031,2357300
2023-02-09,TD.TO,79.37464141845703,2251000
2023-02-10,TD.TO,79.6658935546875,1876500
2023-02-13,TD.TO,80.1369400024414,2059000
2023-02-14,TD.TO,79.7857894897461,2295800
2023-02-15,TD.TO,79.67443084716797,1570500
2023-02-16,TD.TO,79.3575210571289,2480400
2023-02-17,TD.TO,79.54595947265625,3494900
2023-02-21,TD.TO,78.79220581054688,3667700
2023-02-22,TD.TO,78.22691345214844,2853100
2023-02-23,TD.TO,77.43890380859375,2571800
2023-02-24,TD.TO,78.03846740722656,2643000
2023-02-27,TD.TO,77.55880737304688,2624100
2023-02-28,TD.TO,77.81576538085938,5427800
2023-03-01,TD.TO,77.65301513671875,6975300
2023-03-02,TD.TO,75.76866149902344,5567400
2023-03-03,TD.TO,76.27399444580078,3027200
2023-03-06,TD.TO,76.03417205810547,3899000
2023-03-07,TD.TO,74.74938201904297,6819100
2023-03-08,TD.TO,74.68086242675781,5172100
2023-03-09,TD.TO,73.33611297607422,6337400
2023-03-10,TD.TO,71.75151824951172,9909700
2023-03-13,TD.TO,69.29329681396484,14396200
2023-03-14,TD.TO,69.3789291381836,8181200
2023-03-15,TD.TO,68.00849914550781,8992700
2023-03-16,TD.TO,67.94853973388672,12222700
2023-03-17,TD.TO,66.72370147705078,16671900
2023-03-20,TD.TO,66.59521484375,9266000
2023-03-21,TD.TO,67.22905731201172,8264700
2023-03-22,TD.TO,66.88643646240234,7416100
2023-03-23,TD.TO,66.23548126220703,9060300
2023-03-24,TD.TO,66.4838638305664,10427900
2023-03-27,TD.TO,67.78578186035156,9255300
2023-03-28,TD.TO,68.40249633789062,5639000
2023-03-29,TD.TO,68.81362915039062,4697400
2023-03-30,TD.TO,68.83934783935547,6445700
2023-03-31,TD.TO,69.33611297607422,11509400
2023-04-03,TD.TO,70.81790924072266,16778400
2023-04-04,TD.TO,69.7301254272461,18244000
2023-04-05,TD.TO,68.82870483398438,6937000
2023-04-06,TD.TO,69.03672790527344,5499800
2023-04-10,TD.TO,69.34008026123047,10850800
2023-04-11,TD.TO,70.47552490234375,12714200
2023-04-12,TD.TO,69.77345275878906,8857800
2023-04-13,TD.TO,70.09416198730469,8107900
2023-04-14,TD.TO,70.46685791015625,4467900
2023-04-17,TD.TO,71.0822525024414,22580100
2023-04-18,TD.TO,72.18302154541016,12076300
2023-04-19,TD.TO,72.39970397949219,5941700
2023-04-20,TD.TO,72.37371063232422,3110200
2023-04-21,TD.TO,72.41704559326172,6114400
2023-04-24,TD.TO,71.7063217163086,7908900
2023-04-25,TD.TO,70.31083679199219,5175000
2023-04-26,TD.TO,70.32816314697266,5033000
2023-04-27,TD.TO,71.13426208496094,6780100
2023-04-28,TD.TO,71.13426208496094,4658700
2023-05-01,TD.TO,71.06491088867188,8014300
2023-05-02,TD.TO,70.27618408203125,7584600
2023-05-03,TD.TO,70.61421203613281,7905300
2023-05-04,TD.TO,70.78755950927734,6123300
2023-05-05,TD.TO,72.20037078857422,4807500
2023-05-08,TD.TO,71.33360290527344,7542300
2023-05-09,TD.TO,70.51020050048828,3582800
2023-05-10,TD.TO,71.20359802246094,2256900
2023-05-11,TD.TO,71.2209243774414,2564400
2023-05-12,TD.TO,71.35960388183594,2751300
2023-05-15,TD.TO,71.83633422851562,2357000
2023-05-16,TD.TO,70.64886474609375,2938200
2023-05-17,TD.TO,71.3075942993164,3942200
2023-05-18,TD.TO,71.26427459716797,3623200
2023-05-19,TD.TO,71.3075942993164,3335400
2023-05-23,TD.TO,71.68897247314453,4665200
2023-05-24,TD.TO,70.36284637451172,5316000
2023-05-25,TD.TO,67.4158935546875,10341000
2023-05-26,TD.TO,67.8319320678711,4367900
2023-05-29,TD.TO,68.57734680175781,1209400
2023-05-30,TD.TO,67.1558609008789,4278000
2023-05-31,TD.TO,66.60115051269531,4740200
2023-06-01,TD.TO,66.9825210571289,3726000
2023-06-02,TD.TO,68.37800598144531,3347200
2023-06-05,TD.TO,67.25987243652344,3852900
2023-06-06,TD.TO,67.60658264160156,2080800
2023-06-07,TD.TO,67.50257110595703,2429400
2023-06-08,TD.TO,68.46466827392578,5242500
2023-06-09,TD.TO,68.57734680175781,3988200
2023-06-12,TD.TO,68.32598876953125,5091500
2023-06-13,TD.TO,69.2013931274414,4248700
2023-06-14,TD.TO,69.27074432373047,4897700
2023-06-15,TD.TO,69.84281158447266,5150900
2023-06-16,TD.TO,69.95548248291016,12656400
2023-06-19,TD.TO,70.09416198730469,1597700
2023-06-20,TD.TO,69.49608612060547,8892400
2023-06-21,TD.TO,69.12339782714844,5710700
2023-06-22,TD.TO,68.15262603759766,5096900
2023-06-23,TD.TO,67.60658264160156,4266000
2023-06-26,TD.TO,68.71601104736328,8175500
2023-06-27,TD.TO,69.38343048095703,13024700
2023-06-28,TD.TO,69.77345275878906,12375600
2023-06-29,TD.TO,70.60552978515625,8917200
2023-06-30,TD.TO,71.16893768310547,9510800
2023-07-04,TD.TO,72.23503112792969,8290300
2023-07-05,TD.TO,72.09635162353516,8241500
2023-07-06,TD.TO,70.57086944580078,15788800
2023-07-07,TD.TO,70.93923950195312,14364600
2023-07-10,TD.TO,71.07080078125,8244300
2023-07-11,TD.TO,71.44796752929688,11482800
2023-07-12,TD.TO,71.98297882080078,5669900
2023-07-13,TD.TO,73.0179443359375,6841400
2023-07-14,TD.TO,73.57051849365234,5286400
2023-07-17,TD.TO,73.89503479003906,8992200
2023-07-18,TD.TO,74.56163787841797,6858400
2023-07-19,TD.TO,75.47381591796875,4556400
2023-07-20,TD.TO,75.19315338134766,6121200
2023-07-21,TD.TO,75.64045715332031,7242700
2023-07-24,TD.TO,75.71061706542969,5635000
2023-07-25,TD.TO,74.7546157836914,4336800
2023-07-26,TD.TO,75.42997741699219,4591000
2023-07-27,TD.TO,75.34224700927734,4040700
2023-07-28,TD.TO,75.50012969970703,2258700
2023-07-31,TD.TO,76.27196502685547,8869400
2023-08-01,TD.TO,76.06147003173828,6701000
2023-08-02,TD.TO,75.34224700927734,3564600
2023-08-03,TD.TO,75.39485931396484,2818600
2023-08-04,TD.TO,75.78079223632812,7063500
2023-08-08,TD.TO,74.92124938964844,6564900
2023-08-09,TD.TO,74.77214050292969,2256500
2023-08-10,TD.TO,75.29840087890625,3498700
2023-08-11,TD.TO,75.65799713134766,2374200
2023-08-14,TD.TO,75.29840087890625,3031700
2023-08-15,TD.TO,73.89503479003906,4388700
2023-08-16,TD.TO,73.8599624633789,2310300
2023-08-17,TD.TO,73.64067077636719,2258400
2023-08-18,TD.TO,73.61438751220703,3118600
2023-08-21,TD.TO,73.28108978271484,3451100
2023-08-22,TD.TO,72.41276550292969,4505400
2023-08-23,TD.TO,73.11444091796875,3411300
2023-08-24,TD.TO,70.75506591796875,6388400
2023-08-25,TD.TO,70.491943359375,6316600
2023-08-28,TD.TO,71.9478988647461,4276400
2023-08-29,TD.TO,73.0179443359375,4169900
2023-08-30,TD.TO,73.17583465576172,2600300
2023-08-31,TD.TO,72.28997802734375,4905000
2023-09-01,TD.TO,73.03549194335938,3571100
2023-09-05,TD.TO,72.56187438964844,3984000
2023-09-06,TD.TO,71.70232391357422,4673200
2023-09-07,TD.TO,70.85153198242188,6499300
2023-09-08,TD.TO,70.71998596191406,2093000
2023-09-11,TD.TO,71.81634521484375,4258700
2023-09-12,TD.TO,72.03559875488281,4445400
2023-09-13,TD.TO,72.59695434570312,5321300
2023-09-14,TD.TO,73.61438751220703,8356200
2023-09-15,TD.TO,73.76348114013672,14116300
2023-09-18,TD.TO,73.54421997070312,7164100
2023-09-19,TD.TO,72.74606323242188,6039400
2023-09-20,TD.TO,72.82499694824219,5009700
2023-09-21,TD.TO,71.78125,6983100
2023-09-22,TD.TO,71.71109008789062,4436500
2023-09-25,TD.TO,72.28997802734375,6717900
2023-09-26,TD.TO,71.37779235839844,5728500
2023-09-27,TD.TO,71.24623107910156,5517000
2023-09-28,TD.TO,71.88650512695312,11497500
2023-09-29,TD.TO,71.77247619628906,7320200
2023-10-02,TD.TO,70.52702331542969,16576500
2023-10-03,TD.TO,69.86041259765625,16747200
2023-10-04,TD.TO,69.67622375488281,11345700
2023-10-05,TD.TO,70.4841537475586,8466200
2023-10-06,TD.TO,70.84815216064453,8770800
2023-10-10,TD.TO,71.48738861083984,10620700
2023-10-11,TD.TO,72.28643035888672,12276600
2023-10-12,TD.TO,71.78924560546875,3794300
2023-10-13,TD.TO,71.3364486694336,5329400
2023-10-16,TD.TO,72.12662506103516,7242500
2023-10-17,TD.TO,72.55277252197266,9306300
2023-10-18,TD.TO,71.36309051513672,4780500
2023-10-19,TD.TO,70.9546890258789,3995400
2023-10-20,TD.TO,69.88043975830078,4872100
2023-10-23,TD.TO,69.73838806152344,7216000
2023-10-24,TD.TO,68.2113265991211,7367000
2023-10-25,TD.TO,68.29122924804688,10048700
2023-10-26,TD.TO,68.72627258300781,5201200
2023-10-27,TD.TO,67.61649322509766,5247000
2023-10-30,TD.TO,68.53093719482422,4820000
2023-10-31,TD.TO,68.77066040039062,6649800
2023-11-01,TD.TO,68.79729461669922,6243000
2023-11-02,TD.TO,70.8570327758789,5572900
2023-11-03,TD.TO,71.89579010009766,6679900
2023-11-06,TD.TO,72.22428894042969,3648200
2023-11-07,TD.TO,71.86029052734375,2594200
2023-11-08,TD.TO,71.9135513305664,2024000
2023-11-09,TD.TO,72.3041763305664,2207200
2023-11-10,TD.TO,72.7658462524414,1782500
2023-11-13,TD.TO,73.3251724243164,2787100
2023-11-14,TD.TO,74.22187805175781,3790300
2023-11-15,TD.TO,74.44381713867188,3285900
2023-11-16,TD.TO,74.39944458007812,2208200
2023-11-17,TD.TO,75.26951599121094,2614200
2023-11-20,TD.TO,75.55360412597656,2187300
2023-11-21,TD.TO,74.77233123779297,2165200
2023-11-22,TD.TO,74.00880432128906,4269400
2023-11-23,TD.TO,73.82235717773438,927000
2023-11-24,TD.TO,73.99991607666016,2063100
2023-11-27,TD.TO,73.75133514404297,2487500
2023-11-28,TD.TO,73.34293365478516,3395000
2023-11-29,TD.TO,73.95552825927734,2728300
2023-11-30,TD.TO,73.45835876464844,9069500
2023-12-01,TD.TO,72.72147369384766,4963500
2023-12-04,TD.TO,73.0233383178711,2625600
2023-12-05,TD.TO,72.81912231445312,3961300
2023-12-06,TD.TO,73.03219604492188,4213300
2023-12-07,TD.TO,71.62944793701172,7643800
2023-12-08,TD.TO,71.92243194580078,6673700
2023-12-11,TD.TO,72.60604095458984,5451300
2023-12-12,TD.TO,71.96681213378906,9017300
2023-12-13,TD.TO,73.3251724243164,10430800
2023-12-14,TD.TO,74.88774108886719,10339600
2023-12-15,TD.TO,74.1508560180664,18200000
2023-12-18,TD.TO,73.68917846679688,5194200
2023-12-19,TD.TO,75.12745666503906,3948100
2023-12-20,TD.TO,74.00880432128906,4532300
2023-12-21,TD.TO,75.23399353027344,6916900
2023-12-22,TD.TO,75.57136535644531,3722100
2023-12-27,TD.TO,75.99752807617188,3559000
2023-12-28,TD.TO,75.68677520751953,6912200
2023-12-29,TD.TO,76.0152816772461,5288800
2024-01-02,TD.TO,76.07742309570312,21299200
2024-01-03,TD.TO,75.43819427490234,10845700
2024-01-04,TD.TO,76.03303527832031,16398700
2024-01-05,TD.TO,76.42366790771484,15150200
2024-01-08,TD.TO,77.14281463623047,13577600
2024-01-09,TD.TO,74.62738037109375,19850700
2024-01-10,TD.TO,73.57627868652344,8396500
2024-01-11,TD.TO,72.58810424804688,11463800
2024-01-12,TD.TO,72.30958557128906,15176600
2024-01-15,TD.TO,73.19898223876953,5763900
2024-01-16,TD.TO,72.2646713256836,9096900
2024-01-17,TD.TO,71.7615737915039,11035300
2024-01-18,TD.TO,72.04906463623047,5347600
2024-01-19,TD.TO,72.92048645019531,4430100
2024-01-22,TD.TO,73.43256378173828,5164600
2024-01-23,TD.TO,73.27983093261719,3038500
2024-01-24,TD.TO,73.92665100097656,4382800
2024-01-25,TD.TO,74.13327026367188,2298400
2024-01-26,TD.TO,73.87274932861328,3209600
2024-01-29,TD.TO,74.37583923339844,5130800
2024-01-30,TD.TO,74.37583923339844,2777800
2024-01-31,TD.TO,73.36966705322266,6702500
2024-02-01,TD.TO,72.8216552734375,3548400
2024-02-02,TD.TO,72.85759735107422,2911200
2024-02-05,TD.TO,71.97720336914062,7375000
2024-02-06,TD.TO,72.47129821777344,3307100
2024-02-07,TD.TO,71.6717529296875,4350200
2024-02-08,TD.TO,71.4112319946289,3231800
2024-02-09,TD.TO,71.7615737915039,2384800
2024-02-12,TD.TO,71.77058410644531,3571800
2024-02-13,TD.TO,70.61167907714844,6358400
2024-02-14,TD.TO,71.39325714111328,3375300
2024-02-15,TD.TO,72.30958557128906,2642100
2024-02-16,TD.TO,72.6509780883789,1880800
2024-02-20,TD.TO,72.46231079101562,2987900
2024-02-21,TD.TO,72.1568603515625,3013500
2024-02-22,TD.TO,72.70487213134766,4630500
2024-02-23,TD.TO,73.32473754882812,3688300
2024-02-26,TD.TO,72.52520751953125,4893500
2024-02-27,TD.TO,72.48926544189453,4391600
2024-02-28,TD.TO,72.41739654541016,2157700
2024-02-29,TD.TO,73.20795440673828,7267900
2024-03-01,TD.TO,73.04624938964844,3514900
2024-03-04,TD.TO,72.07603454589844,3793100
2024-03-05,TD.TO,72.32755279541016,3507300
2024-03-06,TD.TO,73.36966705322266,3476900
2024-03-07,TD.TO,73.46849060058594,2827900
2024-03-08,TD.TO,73.10914611816406,2387500
2024-03-11,TD.TO,73.27084350585938,5027800
2024-03-12,TD.TO,73.24388885498047,5594200
2024-03-13,TD.TO,73.5942611694336,5215800
2024-03-14,TD.TO,73.01033020019531,7291200
2024-03-15,TD.TO,73.10016632080078,20343700
2024-03-18,TD.TO,72.07603454589844,5842500
2024-03-19,TD.TO,72.50724029541016,5356900
2024-03-20,TD.TO,72.87556457519531,8376200
2024-03-21,TD.TO,73.15406036376953,11456600
2024-03-22,TD.TO,73.01033020019531,7881300
2024-03-25,TD.TO,72.73182678222656,5395200
2024-03-26,TD.TO,72.80370330810547,16184600
2024-03-27,TD.TO,73.90868377685547,5921500
2024-03-28,TD.TO,73.4415283203125,10152700
2024-04-01,TD.TO,73.45052337646484,12387400
2024-04-02,TD.TO,72.42637634277344,8832400
2024-04-03,TD.TO,72.47129821777344,7934100
2024-04-04,TD.TO,72.81267547607422,18225900
2024-04-05,TD.TO,72.43535614013672,16391200
2024-04-08,TD.TO,72.60823822021484,14306800
2024-04-09,TD.TO,72.95399475097656,12189500
2024-04-10,TD.TO,71.66197204589844,12132200
2024-04-11,TD.TO,71.93492889404297,11481500
2024-04-12,TD.TO,71.23432922363281,9750600
2024-04-15,TD.TO,70.9158706665039,8280600
2024-04-16,TD.TO,70.57920837402344,13207400
2024-04-17,TD.TO,71.2252197265625,8768200
2024-04-18,TD.TO,71.74386596679688,5202000
2024-04-19,TD.TO,72.68102264404297,8510800
2024-04-22,TD.TO,73.03588104248047,10771100
2024-04-23,TD.TO,73.2542495727539,5678500
2024-04-24,TD.TO,73.12686157226562,10588900
2024-04-25,TD.TO,73.48172760009766,8986700
2024-04-26,TD.TO,73.88207244873047,4347500
2024-04-29,TD.TO,73.74559020996094,7455500
2024-04-30,TD.TO,74.3097152709961,7871100
2024-05-01,TD.TO,73.48172760009766,5304400
2024-05-02,TD.TO,72.28067779541016,5560800
2024-05-03,TD.TO,68.05885314941406,14823000
2024-05-06,TD.TO,68.35911560058594,15540400
2024-05-07,TD.TO,69.1234130859375,9913900
2024-05-08,TD.TO,69.96959686279297,7305000
2024-05-09,TD.TO,69.84222412109375,3999300
2024-05-10,TD.TO,70.40633392333984,7679200
2024-05-13,TD.TO,70.60649871826172,3481500
2024-05-14,TD.TO,70.42453002929688,3863300
2024-05-15,TD.TO,70.37904357910156,4989500
2024-05-16,TD.TO,70.48822784423828,3733600
2024-05-17,TD.TO,70.92497253417969,5020900
2024-05-21,TD.TO,70.63380432128906,3529400
2024-05-22,TD.TO,69.88771057128906,3693000
2024-05-23,TD.TO,68.7685546875,6598800
2024-05-24,TD.TO,70.31535339355469,5132200
2024-05-27,TD.TO,70.03328704833984,1620700
2024-05-28,TD.TO,68.95052337646484,4315000
2024-05-29,TD.TO,68.2226333618164,3735400
2024-05-30,TD.TO,68.39551544189453,3219700
2024-05-31,TD.TO,69.33267974853516,7694000
2024-06-03,TD.TO,68.62297058105469,4598600
2024-06-04,TD.TO,69.24169921875,2991700
2024-06-05,TD.TO,69.71483612060547,3854000
2024-06-06,TD.TO,69.69662475585938,3829700
2024-06-07,TD.TO,69.56015014648438,2447400
2024-06-10,TD.TO,69.10521697998047,5813800
2024-06-11,TD.TO,68.61388397216797,7289200
2024-06-12,TD.TO,68.92322540283203,4395600
2024-06-13,TD.TO,67.84048461914062,8415800
2024-06-14,TD.TO,67.81318664550781,5775700
2024-06-17,TD.TO,67.22175598144531,8228300
2024-06-18,TD.TO,67.70399475097656,4108600
2024-06-19,TD.TO,67.30364990234375,2526600
2024-06-20,TD.TO,67.26726531982422,5753900
2024-06-21,TD.TO,67.29456329345703,16648700
2024-06-24,TD.TO,68.61388397216797,8794800
2024-06-25,TD.TO,67.95877075195312,3925500
2024-06-26,TD.TO,68.18624114990234,4995700
2024-06-27,TD.TO,68.35911560058594,3744700
2024-06-28,TD.TO,68.42280578613281,9865900
2024-07-02,TD.TO,68.7685546875,19586700
2024-07-03,TD.TO,69.18709564208984,12275600
2024-07-04,TD.TO,69.03243255615234,4610900
2024-07-05,TD.TO,68.45919799804688,15050200
2024-07-08,TD.TO,69.0415267944336,8230500
2024-07-09,TD.TO,69.31448364257812,14215600
2024-07-10,TD.TO,70.08914947509766,18021000
2024-07-11,TD.TO,70.77159118652344,8858700
2024-07-12,TD.TO,71.35260009765625,13136200
2024-07-15,TD.TO,72.19181823730469,9554000
2024-07-16,TD.TO,73.61204528808594,10834000
2024-07-17,TD.TO,73.76883697509766,7236000
2024-07-18,TD.TO,73.51061248779297,6064100
2024-07-19,TD.TO,73.2431640625,3262800
2024-07-22,TD.TO,73.79650115966797,10011800
2024-07-23,TD.TO,73.66738891601562,5270200
2024-07-24,TD.TO,73.18783569335938,8277800
2024-07-25,TD.TO,73.81494903564453,5913100
2024-07-26,TD.TO,74.19305419921875,4362700
2024-07-29,TD.TO,73.79650115966797,9384200
2024-07-30,TD.TO,75.40117645263672,8727200
2024-07-31,TD.TO,75.1890640258789,5150300
2024-08-01,TD.TO,74.3037338256836,4136900
2024-08-02,TD.TO,72.5330581665039,7482400
2024-08-06,TD.TO,71.29727172851562,11791700
2024-08-07,TD.TO,70.84538269042969,3887000
2024-08-08,TD.TO,71.73072052001953,3100500
2024-08-09,TD.TO,72.26560974121094,1782200
2024-08-12,TD.TO,72.40394592285156,4688900
2024-08-13,TD.TO,73.0587158203125,2766400
2024-08-14,TD.TO,73.27083587646484,2031700
2024-08-15,TD.TO,74.11005401611328,3416400
2024-08-16,TD.TO,74.43283081054688,2282200
2024-08-19,TD.TO,74.70028686523438,3043200
2024-08-20,TD.TO,74.61727142333984,2496600
2024-08-21,TD.TO,74.96772003173828,3434200
2024-08-22,TD.TO,73.39994049072266,7752100
2024-08-23,TD.TO,73.94406127929688,4468400
2024-08-26,TD.TO,73.60282135009766,1948800
2024-08-27,TD.TO,74.00861358642578,2537800
2024-08-28,TD.TO,73.87950134277344,5877100
2024-08-29,TD.TO,73.93482971191406,3689000
2024-08-30,TD.TO,74.4697265625,4286400
2024-09-03,TD.TO,73.92561340332031,2616000
2024-09-04,TD.TO,73.72272491455078,2970000
2024-09-05,TD.TO,75.41038513183594,5875900
2024-09-06,TD.TO,75.52107238769531,3522000
2024-09-09,TD.TO,76.89517211914062,3649800
2024-09-10,TD.TO,76.6185073852539,8030200
2024-09-11,TD.TO,77.24563598632812,6240500
2024-09-12,TD.TO,77.51307678222656,4161900
2024-09-13,TD.TO,77.96495819091797,5130500
2024-09-16,TD.TO,78.8410873413086,9078000
2024-09-17,TD.TO,78.8595199584961,8439900
2024-09-18,TD.TO,78.62895965576172,6118900
2024-09-19,TD.TO,80.52874755859375,16719000
2024-09-20,TD.TO,80.74085998535156,13303700
2024-09-23,TD.TO,79.5973129272461,9171000
2024-09-24,TD.TO,79.0716323852539,9513600
2024-09-25,TD.TO,78.22319030761719,8939800
2024-09-26,TD.TO,78.69351196289062,3162000
2024-09-27,TD.TO,79.01628875732422,9787400
2024-09-30,TD.TO,78.86872100830078,14699200
2024-10-01,TD.TO,79.2099609375,11345000
2024-10-02,TD.TO,78.60130310058594,16069600
2024-10-03,TD.TO,79.11774444580078,6156500
2024-10-04,TD.TO,79.78175354003906,10912000
2024-10-07,TD.TO,80.16907501220703,16108000
2024-10-08,TD.TO,79.84630584716797,11282100
2024-10-09,TD.TO,80.3350830078125,10297000
2024-10-10,TD.TO,76.29454040527344,28838600
2024-10-11,TD.TO,73.2337875366211,22285600
2024-10-15,TD.TO,72.48726654052734,28003900
2024-10-16,TD.TO,72.27263641357422,15333300
2024-10-17,TD.TO,72.65524291992188,15766700
2024-10-18,TD.TO,72.6365737915039,12290400
2024-10-21,TD.TO,73.19647216796875,10174000
2024-10-22,TD.TO,73.86833190917969,4760000
2024-10-23,TD.TO,73.29911804199219,5402300
2024-10-24,TD.TO,73.4857406616211,9586900
2024-10-25,TD.TO,73.06582641601562,7178700
2024-10-28,TD.TO,72.91651153564453,8249900
2024-10-29,TD.TO,72.15133666992188,7207400
2024-10-30,TD.TO,72.2166519165039,7071100
2024-10-31,TD.TO,71.82473754882812,8373200
2024-11-01,TD.TO,71.62877655029297,4837200
2024-11-04,TD.TO,71.4234848022461,9216500
2024-11-05,TD.TO,71.93670654296875,3827900
2024-11-06,TD.TO,73.50440979003906,6597700
2024-11-07,TD.TO,73.47640991210938,3229000
2024-11-08,TD.TO,73.63504791259766,4024200
2024-11-11,TD.TO,73.98031616210938,4285500
2024-11-12,TD.TO,73.09381103515625,4250300
2024-11-13,TD.TO,73.30844116210938,2251800
2024-11-14,TD.TO,74.31624603271484,3902500
2024-11-15,TD.TO,73.53240966796875,8652800
2024-11-18,TD.TO,73.59772491455078,3372600
2024-11-19,TD.TO,72.76721954345703,5565700
2024-11-20,TD.TO,73.0005111694336,2827100
2024-11-21,TD.TO,72.88851928710938,7395000
2024-11-22,TD.TO,73.26178741455078,3020600
2024-11-25,TD.TO,72.60858154296875,9973700
2024-11-26,TD.TO,73.3737564086914,5364200
2024-11-27,TD.TO,73.79369354248047,6933300
2024-11-28,TD.TO,74.08296203613281,1912000
2024-11-29,TD.TO,73.93365478515625,2252000
2024-12-02,TD.TO,73.69103240966797,9911600
2024-12-03,TD.TO,73.89632415771484,4970900
2024-12-04,TD.TO,74.33491516113281,4427000
2024-12-05,TD.TO,69.07192993164062,16339300
2024-12-06,TD.TO,68.59603118896484,9313500
2024-12-09,TD.TO,69.6318359375,8749100
2024-12-10,TD.TO,70.2477035522461,6959500
2024-12-11,TD.TO,70.69561767578125,10746000
2024-12-12,TD.TO,71.00355529785156,9809900
2024-12-13,TD.TO,70.79827880859375,4989800
2024-12-16,TD.TO,70.62098693847656,5595100
2024-12-17,TD.TO,70.18238830566406,5491900
2024-12-18,TD.TO,69.79979705810547,8125800
2024-12-19,TD.TO,69.2398910522461,6248500
2024-12-20,TD.TO,70.01441192626953,12889400
2024-12-23,TD.TO,70.5556411743164,5763300
2024-12-24,TD.TO,71.1248779296875,1345700
2024-12-27,TD.TO,71.3115005493164,5200200
2024-12-30,TD.TO,71.13420867919922,14855800
2024-12-31,TD.TO,71.41413879394531,5966100
2025-01-02,TD.TO,71.38615417480469,18507000
2025-01-03,TD.TO,72.58058166503906,17948300
2025-01-06,TD.TO,72.58058166503906,22054800
2025-01-07,TD.TO,73.2337875366211,22302900
2025-01-08,TD.TO,72.71121978759766,23749600
2025-01-09,TD.TO,72.76721954345703,5652300
2025-01-10,TD.TO,73.96849060058594,20880100
2025-01-13,TD.TO,73.94957733154297,14112700
2025-01-14,TD.TO,74.31847381591797,8787200
2025-01-15,TD.TO,75.0184326171875,13619700
2025-01-16,TD.TO,75.29273223876953,9507200
2025-01-17,TD.TO,78.63172149658203,12473500
2025-01-20,TD.TO,77.90340423583984,2363200
2025-01-21,TD.TO,77.66692352294922,10200100
2025-01-22,TD.TO,77.43045043945312,8752000
2025-01-23,TD.TO,77.78043365478516,4144900
2025-01-24,TD.TO,77.70475769042969,5896600
2025-01-27,TD.TO,78.15878295898438,4889900
2025-01-28,TD.TO,78.07365417480469,4927900
2025-01-29,TD.TO,78.36688232421875,2306000
2025-01-30,TD.TO,78.55606842041016,7603000
2025-01-31,TD.TO,78.42363739013672,4653600
2025-02-03,TD.TO,78.03582763671875,12186800
2025-02-04,TD.TO,77.56287384033203,6585600
2025-02-05,TD.TO,77.7993392944336,6001200
2025-02-06,TD.TO,78.37633514404297,3377000
2025-02-07,TD.TO,78.32904052734375,4714100
2025-02-10,TD.TO,81.34642791748047,14779500
2025-02-11,TD.TO,81.99909973144531,5400500
2025-02-12,TD.TO,80.93970489501953,6150900
2025-02-13,TD.TO,80.48566436767578,3394200
2025-02-14,TD.TO,80.06001281738281,4894200
2025-02-18,TD.TO,80.52350616455078,3920800
2025-02-19,TD.TO,80.93022918701172,3520200
2025-02-20,TD.TO,80.95860290527344,4469900
2025-02-21,TD.TO,80.51404571533203,2790500
2025-02-24,TD.TO,80.06001281738281,1871400
2025-02-25,TD.TO,80.65592193603516,3845200
2025-02-26,TD.TO,81.03428649902344,2227300
2025-02-27,TD.TO,81.61127471923828,6615400
2025-02-28,TD.TO,81.95179748535156,6614800
2025-03-03,TD.TO,81.73423767089844,5089900
2025-03-04,TD.TO,80.32486724853516,5549900
2025-03-05,TD.TO,80.39108276367188,6031100
2025-03-06,TD.TO,80.1451416015625,3944500
2025-03-07,TD.TO,80.94915771484375,4991900
2025-03-10,TD.TO,80.26811218261719,9628600
2025-03-11,TD.TO,78.67902374267578,6743400
2025-03-12,TD.TO,79.3695297241211,5127300
2025-03-13,TD.TO,78.76414489746094,5402100
2025-03-14,TD.TO,80.05055236816406,5371500
2025-03-17,TD.TO,80.71267700195312,8763000
2025-03-18,TD.TO,80.69375610351562,4826200
2025-03-19,TD.TO,81.17615509033203,4969100
2025-03-20,TD.TO,81.16670227050781,4021500
2025-03-21,TD.TO,80.6843032836914,11937000
2025-03-24,TD.TO,81.99909973144531,11579400
2025-03-25,TD.TO,82.3396224975586,8855500
2025-03-26,TD.TO,82.60446166992188,8470600
2025-03-27,TD.TO,82.56661987304688,9543400
2025-03-28,TD.TO,81.69640350341797,9035200
2025-03-31,TD.TO,81.56398010253906,9482300
2025-04-01,TD.TO,80.2964859008789,16865000
2025-04-02,TD.TO,81.17615509033203,13073600
2025-04-03,TD.TO,78.16824340820312,14518900
2025-04-04,TD.TO,76.80614471435547,12709700
2025-04-07,TD.TO,75.05626678466797,25072200
2025-04-08,TD.TO,75.35894012451172,18636500
2025-04-09,TD.TO,76.79669952392578,6589500
2025-04-10,TD.TO,75.89591979980469,9240800
2025-04-11,TD.TO,77.66873168945312,6727900
2025-04-14,TD.TO,79.71946716308594,15059700
2025-04-15,TD.TO,80.07402801513672,12431900
2025-04-16,TD.TO,80.30400848388672,8859400
2025-04-17,TD.TO,80.47650909423828,12163800
2025-04-21,TD.TO,80.66815185546875,3926100
2025-04-22,TD.TO,82.0289077758789,8736400
2025-04-23,TD.TO,82.12474060058594,7036500
2025-04-24,TD.TO,82.60388946533203,10614000
2025-04-25,TD.TO,82.57514190673828,6646500
2025-04-28,TD.TO,83.0638656616211,12622300
2025-04-29,TD.TO,83.90715026855469,12522800
2025-04-30,TD.TO,84.4150390625,7453900
2025-05-01,TD.TO,83.7634048461914,4320600
2025-05-02,TD.TO,84.65460968017578,2902800
2025-05-05,TD.TO,84.50128173828125,6379400
2025-05-06,TD.TO,83.80174255371094,8168900
2025-05-07,TD.TO,83.69631958007812,3165000
2025-05-08,TD.TO,84.09880065917969,2761900
2025-05-09,TD.TO,84.3958740234375,2496800
2025-05-12,TD.TO,84.82709503173828,5834900
2025-05-13,TD.TO,85.41165161132812,2915100
2025-05-14,TD.TO,86.0537109375,6507000
2025-05-15,TD.TO,86.93531036376953,6572500
2025-05-16,TD.TO,86.08245086669922,4523900
2025-05-20,TD.TO,86.40827178955078,3966900
2025-05-21,TD.TO,86.1495361328125,3988600
2025-05-22,TD.TO,88.93812561035156,10972200
2025-05-23,TD.TO,89.03395080566406,7651800
2025-05-26,TD.TO,89.52267456054688,2096700
2025-05-27,TD.TO,90.3851318359375,6322300
2025-05-28,TD.TO,90.30846405029297,4423800
2025-05-29,TD.TO,90.96009826660156,5498200
2025-05-30,TD.TO,90.81636047363281,4933800
2025-06-02,TD.TO,90.99842834472656,3317200
2025-06-03,TD.TO,92.01420593261719,3981500
2025-06-04,TD.TO,91.24758911132812,1986700
2025-06-05,TD.TO,91.61174011230469,2020100
2025-06-06,TD.TO,92.33045196533203,2674300
2025-06-09,TD.TO,91.91838836669922,2826800
2025-06-10,TD.TO,92.72334289550781,3699500
2025-06-11,TD.TO,91.97589111328125,3602700
2025-06-12,TD.TO,92.29210662841797,2793800
2025-06-13,TD.TO,92.21546173095703,3587800
2025-06-16,TD.TO,92.43585205078125,5120600
2025-06-17,TD.TO,92.76168060302734,4423900
2025-06-18,TD.TO,93.61454772949219,4522000
2025-06-19,TD.TO,93.36539459228516,1976300
2025-06-20,TD.TO,93.32705688476562,11901500
2025-06-23,TD.TO,93.69120788574219,8092000
2025-06-24,TD.TO,94.46741485595703,7197700
2025-06-25,TD.TO,94.71656799316406,3939800
2025-06-26,TD.TO,95.31069946289062,4830900
2025-06-27,TD.TO,95.30111694335938,8128600
2025-06-30,TD.TO,95.98149871826172,7843400
2025-07-02,TD.TO,96.88228607177734,11011400
2025-07-03,TD.TO,97.35183715820312,10312800
2025-07-04,TD.TO,97.44766998291016,3968900
2025-07-07,TD.TO,97.04519653320312,28697700
2025-07-08,TD.TO,97.16976928710938,24655800
2025-07-09,TD.TO,97.20809936523438,12053200
2025-07-10,TD.TO,97.77940368652344,17480900
2025-07-11,TD.TO,97.49858856201172,7525800
2025-07-14,TD.TO,98.26355743408203,16573700
2025-07-15,TD.TO,97.67288970947266,13715900
2025-07-16,TD.TO,98.0795669555664,7128800
2025-07-17,TD.TO,98.44751739501953,3936700
2025-07-18,TD.TO,97.80845642089844,4997400
2025-07-21,TD.TO,98.5927734375,4050100
2025-07-22,TD.TO,98.93167877197266,7767900
2025-07-23,TD.TO,99.19312286376953,6141400
2025-07-24,TD.TO,98.8929443359375,3918100
2025-07-25,TD.TO,99.39646911621094,4770400
2025-07-28,TD.TO,98.56372833251953,5904100
2025-07-29,TD.TO,98.09893798828125,7028200
2025-07-30,TD.TO,98.57341003417969,7177500
2025-07-31,TD.TO,97.72129821777344,5732000
2025-08-01,TD.TO,96.91761016845703,5709900
2025-08-05,TD.TO,97.34366607666016,6217100
2025-08-06,TD.TO,97.83749389648438,7382100
2025-08-07,TD.TO,97.0628433227539,3666900
2025-08-08,TD.TO,97.56636810302734,2230900
2025-08-11,TD.TO,97.58573913574219,6613400
2025-08-12,TD.TO,97.74066925048828,4785400
2025-08-13,TD.TO,99.31900787353516,3753400
2025-08-14,TD.TO,99.72569274902344,3143600
2025-08-15,TD.TO,99.10597229003906,2877600
2025-08-18,TD.TO,98.84453582763672,3441500
2025-08-19,TD.TO,98.4668960571289,3240200
2025-08-20,TD.TO,98.99946594238281,2991100
2025-08-21,TD.TO,99.20279693603516,2591600
2025-08-22,TD.TO,99.61917877197266,3646200
2025-08-25,TD.TO,99.03820037841797,4651000
2025-08-26,TD.TO,100.79082489013672,7483100
2025-08-27,TD.TO,101.68167877197266,7537800
2025-08-28,TD.TO,97.09190368652344,13096600
2025-08-29,TD.TO,99.85157775878906,9560500
2025-09-02,TD.TO,99.49330139160156,3117200
2025-09-03,TD.TO,100.05491638183594,2927800
2025-09-04,TD.TO,100.05491638183594,2402600
2025-09-05,TD.TO,99.89030456542969,3240900
2025-09-08,TD.TO,99.95808410644531,2723500
2025-09-09,TD.TO,101.12973022460938,5642800
2025-09-10,TD.TO,101.90437316894531,3511000
2025-09-11,TD.TO,102.8726806640625,4339600
2025-09-12,TD.TO,102.95014953613281,5502900
2025-09-15,TD.TO,103.56986236572266,3902200
2025-09-16,TD.TO,103.6860580444336,4513800
2025-09-17,TD.TO,104.55753326416016,2524200
2025-09-18,TD.TO,104.76087951660156,2176000
2025-09-19,TD.TO,104.95453643798828,12175500
2025-09-22,TD.TO,106.08745574951172,5213900
2025-09-23,TD.TO,105.49678802490234,3468500
2025-09-24,TD.TO,105.14820098876953,4095000
2025-09-25,TD.TO,106.47477722167969,4543100
2025-09-26,TD.TO,106.85240936279297,2800300
2025-09-29,TD.TO,107.58832550048828,9934500
2025-09-30,TD.TO,107.75293731689453,6213400
2025-10-01,TD.TO,108.57599639892578,8010100
2025-10-02,TD.TO,107.61737823486328,8444700
2025-10-03,TD.TO,109.6701889038086,25084000
2025-10-06,TD.TO,109.70891571044922,9501500
2025-10-07,TD.TO,109.36032104492188,10285500
2025-10-08,TD.TO,108.77933502197266,10929300
2025-10-09,TD.TO,108.46947479248047,10970000
2025-10-10,TD.TO,107.3062973022461,19097300
2025-10-14,TD.TO,108.99732208251953,13912700
2025-10-15,TD.TO,110.41463470458984,10260000
2025-10-16,TD.TO,108.23489379882812,8010700
2025-10-17,TD.TO,108.55745697021484,6739900
2025-10-20,TD.TO,109.54469299316406,5439700
2025-10-21,TD.TO,110.10185241699219,3457400
2025-10-22,TD.TO,110.5612564086914,6428800
2025-10-23,TD.TO,110.59058380126953,4769100
2025-10-24,TD.TO,110.79584503173828,5642900
2025-10-27,TD.TO,111.68534088134766,5294600
2025-10-28,TD.TO,112.692138671875,8090000
2025-10-29,TD.TO,111.46052551269531,5902800
2025-10-30,TD.TO,112.05677795410156,5399900
2025-10-31,TD.TO,112.56507110595703,4977900
2025-11-03,TD.TO,112.5846176147461,8751400
2025-11-04,TD.TO,111.00111389160156,4917700
2025-11-05,TD.TO,111.28458404541016,7091300
2025-11-06,TD.TO,110.9815673828125,5344500
2025-11-07,TD.TO,111.02067565917969,6399000
2025-11-10,TD.TO,111.15751647949219,7881600
2025-11-11,TD.TO,111.7733154296875,4899600
2025-11-12,TD.TO,113.27861022949219,3098200
2025-11-13,TD.TO,111.64624786376953,3737200
2025-11-14,TD.TO,111.48008728027344,4770500
2025-11-17,TD.TO,111.88084411621094,4751500
2025-11-18,TD.TO,112.34024810791016,4332900
2025-11-19,TD.TO,112.08610534667969,3304400
2025-11-20,TD.TO,112.07633972167969,3154800
2025-11-21,TD.TO,112.9853744506836,3276100
2025-11-24,TD.TO,114.08013916015625,7345500
2025-11-25,TD.TO,113.42523956298828,4125500
2025-11-26,TD.TO,114.5102310180664,3689000
2025-11-27,TD.TO,114.42224884033203,693200
2025-11-28,TD.TO,114.99896240234375,2331400
2025-12-01,TD.TO,114.32450103759766,4762200
2025-12-02,TD.TO,115.53656768798828,5311400
2025-12-03,TD.TO,115.0478286743164,3334900
2025-12-04,TD.TO,117.38397216796875,6961000
2025-12-05,TD.TO,119.4464340209961,3842900
2025-12-08,TD.TO,119.3975601196289,4066900
2025-12-09,TD.TO,120.68781280517578,3491500
2025-12-10,TD.TO,123.04351043701172,7435400
2025-12-11,TD.TO,123.58111572265625,7986100
2025-12-12,TD.TO,122.96531677246094,3041100
2025-12-15,TD.TO,123.89390563964844,3083300
2025-12-16,TD.TO,123.26832580566406,5675800
2025-12-17,TD.TO,122.94576263427734,7862200
2025-12-18,TD.TO,124.61722564697266,3541400
2025-12-19,TD.TO,125.10595703125,11977400
2025-12-22,TD.TO,125.09619903564453,5514200
2025-12-23,TD.TO,126.01500701904297,4915900
2025-12-24,TD.TO,126.24960327148438,1117200
2025-12-29,TD.TO,126.66991424560547,7057400
2025-12-30,TD.TO,126.88494873046875,5139300
2025-12-31,TD.TO,126.4450912475586,2311300
2026-01-02,TD.TO,126.89473724365234,8585100
2026-01-05,TD.TO,129.28952026367188,17178600
2026-01-06,TD.TO,127.78422546386719,25878500
2026-01-07,TD.TO,127.22708129882812,18375300
2026-01-08,TD.TO,128.1947479248047,9310400
2026-01-09,TD.TO,129.27890014648438,17260100
2026-01-12,TD.TO,128.76638793945312,7127100
2026-01-13,TD.TO,128.5298614501953,9931100
2026-01-14,TD.TO,128.30316162109375,8595100
2026-01-15,TD.TO,128.82554626464844,5515400
2026-01-16,TD.TO,128.66783142089844,6305100
2026-01-19,TD.TO,128.1159210205078,1630700
2026-01-20,TD.TO,126.81494140625,5185200
2026-01-21,TD.TO,127.68225860595703,5236600
2026-01-22,TD.TO,128.6776885986328,4464100
2026-01-23,TD.TO,128.4904327392578,5496500
2026-01-26,TD.TO,128.2144775390625,4196100
2026-01-27,TD.TO,128.5397186279297,3850200
2026-01-28,TD.TO,125.07046508789062,5565700
2026-01-29,TD.TO,126.14474487304688,8556500
2026-01-30,TD.TO,125.4252700805664,3125000
2026-02-02,TD.TO,127.29788208007812,5445500
2026-02-03,TD.TO,128.32289123535156,5593700
2026-02-04,TD.TO,128.4904327392578,5181700
2026-02-05,TD.TO,128.29330444335938,7181900
2026-02-06,TD.TO,130.0870819091797,8236100
2026-02-09,TD.TO,131.25006103515625,8223400
2026-02-10,TD.TO,131.71328735351562,4950900
2026-02-11,TD.TO,130.1659393310547,3071500
2026-02-12,TD.TO,128.30316162109375,4223600
2026-02-13,TD.TO,128.0567626953125,3475400
2026-02-17,TD.TO,128.52000427246094,3789300
2026-02-18,TD.TO,129.7618408203125,2304600
2026-02-19,TD.TO,129.37745666503906,2730000
2026-02-20,TD.TO,130.8755340576172,4305000
2026-02-23,TD.TO,129.4070281982422,6215700
2026-02-24,TD.TO,128.45101928710938,3558100
2026-02-25,TD.TO,131.04310607910156,4611000
2026-02-26,TD.TO,133.19166564941406,4273300
2026-02-27,TD.TO,130.96424865722656,7269800
2026-03-02,TD.TO,132.442626953125,3080000
2026-03-03,TD.TO,131.6738739013672,3325000
2026-03-04,TD.TO,132.75799560546875,2395700
2026-03-05,TD.TO,130.8656768798828,2983900
2026-03-06,TD.TO,128.18490600585938,3859400
2026-03-09,TD.TO,127.60340881347656,3736000
2026-03-10,TD.TO,128.37216186523438,3434500
2026-03-11,TD.TO,128.43128967285156,3558400
2026-03-12,TD.TO,126.39114379882812,3678400
2026-03-13,TD.TO,126.2038803100586,2488600
2026-03-16,TD.TO,128.41159057617188,4008000
2026-03-17,TD.TO,129.52529907226562,4236700
2026-03-18,TD.TO,127.64282989501953,4517400
2026-03-19,TD.TO,126.7853775024414,5680800
2026-03-20,TD.TO,124.29185485839844,12475500
2026-03-23,TD.TO,126.5192642211914,5305400
2026-03-24,TD.TO,126.84451293945312,4577700
2026-03-25,TD.TO,128.441162109375,6805300
2026-03-26,TD.TO,126.80509185791016,5337100
2026-03-27,TD.TO,125.0408935546875,5403800
2026-03-30,TD.TO,125.6815185546875,7843600
2026-03-31,TD.TO,128.0469207763672,6743100
2026-04-01,TD.TO,129.41688537597656,6065900
2026-04-02,TD.TO,130.59957885742188,11788100
2026-04-06,TD.TO,131.51617431640625,13158800
2026-04-07,TD.TO,132.91571044921875,13793400
2026-04-08,TD.TO,135.271240234375,21030000
2026-04-09,TD.TO,137.02955627441406,13815700
2026-04-10,TD.TO,138.3607177734375,2669000
2026-04-13,TD.TO,139.74154663085938,4025600
2026-04-14,TD.TO,141.01309204101562,7723200
2026-04-15,TD.TO,141.8276824951172,9401300
2026-04-16,TD.TO,141.5395965576172,3767100
2026-04-17,TD.TO,143.21844482421875,3904400
2026-04-20,TD.TO,144.45025634765625,3772200
2026-04-21,TD.TO,143.15884399414062,2805100
2026-04-22,TD.TO,141.9866180419922,2258400
2026-04-23,TD.TO,142.87075805664062,3408900
2026-04-24,TD.TO,142.62240600585938,4386800
2026-04-27,TD.TO,143.1886444091797,4904700
2026-04-28,TD.TO,143.1886444091797,5315800
2026-04-29,TD.TO,141.9866180419922,5457000
2026-04-30,TD.TO,145.3641815185547,6340200
2026-05-01,TD.TO,144.87741088867188,4695600
2026-05-04,TD.TO,143.58599853515625,7613700
2026-05-05,TD.TO,143.30784606933594,4882900
2026-05-06,TD.TO,147.1622314453125,6233700
2026-05-07,TD.TO,146.15890502929688,4494700
2026-05-08,TD.TO,145.98008728027344,7492600
2026-05-11,TD.TO,145.46351623535156,4257700
2026-05-12,TD.TO,146.61585998535156,3227400
2026-05-13,TD.TO,145.1953125,2493200
2026-05-14,TD.TO,147.61920166015625,2846200
2026-05-15,TD.TO,147.32118225097656,5330900
2026-05-19,TD.TO,147.40066528320312,3510900
2026-05-20,TD.TO,149.4768524169922,3953500
2026-05-21,TD.TO,152.13916015625,2779500
2026-05-22,TD.TO,153.66900634765625,4457200
2026-05-25,TD.TO,155.5266571044922,1207700
2026-05-26,TD.TO,154.4140625,2801100
2026-05-27,TD.TO,154.10610961914062,2258900
2026-05-28,TD.TO,155.149169921875,5761100
2026-05-29,TD.TO,156.70880126953125,7134700
2026-06-01,TD.TO,152.31797790527344,3427600
2026-06-02,TD.TO,155.61605834960938,2890300
2026-06-03,TD.TO,155.2087860107422,2663400
2026-06-04,TD.TO,156.98695373535156,3011200
2026-06-05,TD.TO,156.69888305664062,3250600
2026-06-08,TD.TO,158.41746520996094,2885500
2026-06-09,TD.TO,158.87442016601562,3256000
2026-06-10,TD.TO,158.5962677001953,4271300
2026-06-11,TD.TO,161.14930725097656,3442600
2026-06-12,TD.TO,162.927490234375,3365200
2026-06-15,TD.TO,163.18577575683594,2145400
2026-06-16,TD.TO,164.367919921875,2750900
2026-06-17,TD.TO,166.34478759765625,3566100
2026-06-18,TD.TO,167.51699829101562,3266700
2026-06-19,TD.TO,168.21238708496094,7050500
2026-06-22,TD.TO,168.13290405273438,5781100
2026-06-23,TD.TO,168.71900939941406,3336600
2026-06-24,TD.TO,168.17263793945312,3325600
2026-06-25,TD.TO,169.77200317382812,2423200
2026-06-26,TD.TO,168.9077606201172,4779900
2026-06-29,TD.TO,169.88128662109375,3602600
2026-06-30,TD.TO,171.30184936523438,3613900
2026-07-02,TD.TO,168.14283752441406,8357900
2026-07-03,TD.TO,168.88787841796875,1882900
2026-07-06,TD.TO,170.1892547607422,10922700
2026-07-07,TD.TO,171.22238159179688,14129600
2026-07-08,TD.TO,166.7520751953125,12336800
2026-07-09,TD.TO,168.57000732421875,12140700
2026-07-10,TD.TO,170.86000061035156,12745800
2026-07-13,TD.TO,170.69000244140625,9521100
2026-07-14,TD.TO,172.80999755859375,10354600
2026-07-15,TD.TO,175.27000427246094,6139400
2026-07-16,TD.TO,174.05999755859375,7018400
2026-07-17,TD.TO,173.30999755859375,3394500
2026-07-20,TD.TO,169.32000732421875,4441800
2026-07-21,TD.TO,170.0500030517578,3127100
2026-07-22,TD.TO,170.72000122070312,3981200
2026-07-23,TD.TO,167.8699951171875,4215100
2026-07-24,TD.TO,169.0,4629100
2026-07-27,TD.TO,168.8699951171875,5381600
2026-07-28,TD.TO,169.97000122070312,4835500
2026-07-29,TD.TO,164.52000427246094,4859200
2026-07-30,TD.TO,167.77000427246094,3442700
2026-07-31,TD.TO,168.0399932861328,2854000
2026-08-04,TD.TO,167.89999389648438,8050600
2026-08-05,TD.TO,169.64999389648438,7226400
2026-08-06,TD.TO,169.97000122070312,3679800
2026-08-07,TD.TO,169.3000030517578,3790000
2026-08-10,TD.TO,168.8300018310547,4183400
2026-08-11,TD.TO,169.10000610351562,2386800
2026-08-12,TD.TO,171.97999572753906,2287700
2026-08-13,TD.TO,171.5800018310547,2676600
2026-08-14,TD.TO,172.61000061035156,2575000
2026-08-17,TD.TO,172.52000427246094,1926800
2026-08-18,TD.TO,169.6199951171875,2849500
2026-08-19,TD.TO,163.63999938964844,4930200
2026-08-20,TD.TO,161.4199981689453,4879700
2026-08-21,TD.TO,161.24000549316406,2782000
2026-08-24,TD.TO,161.4199981689453,3439500
2026-08-25,TD.TO,164.75,4390100
2026-08-26,TD.TO,165.8699951171875,2381400
2026-08-27,TD.TO,167.83999633789062,3476800
2026-08-28,TD.TO,168.61000061035156,2236200
2026-08-31,TD.TO,167.6699981689453,3137100
2018-01-02,SHOP.TO,13.206000328063965,2510000
2018-01-03,SHOP.TO,13.515000343322754,4002000
2018-01-04,SHOP.TO,13.746000289916992,4098000
2018-01-05,SHOP.TO,13.72599983215332,3086000
2018-01-08,SHOP.TO,13.951000213623047,1825000
2018-01-09,SHOP.TO,13.793999671936035,1979000
2018-01-10,SHOP.TO,13.928999900817871,2097000
2018-01-11,SHOP.TO,13.913999557495117,1413000
2018-01-12,SHOP.TO,14.076000213623047,2560000
2018-01-15,SHOP.TO,14.279999732971191,1505000
2018-01-16,SHOP.TO,13.913000106811523,4163000
2018-01-17,SHOP.TO,14.272000312805176,3415000
2018-01-18,SHOP.TO,14.255000114440918,2922000
2018-01-19,SHOP.TO,14.446999549865723,2204000
2018-01-22,SHOP.TO,14.88700008392334,2206000
2018-01-23,SHOP.TO,14.730999946594238,2278000
2018-01-24,SHOP.TO,14.751999855041504,2481000
2018-01-25,SHOP.TO,15.430000305175781,4093000
2018-01-26,SHOP.TO,15.906999588012695,3469000
2018-01-29,SHOP.TO,15.687000274658203,2832000
2018-01-30,SHOP.TO,15.300999641418457,4882000
2018-01-31,SHOP.TO,15.704000473022461,3423000
2018-02-01,SHOP.TO,15.489999771118164,3111000
2018-02-02,SHOP.TO,15.545000076293945,5751000
2018-02-05,SHOP.TO,14.911999702453613,6543000
2018-02-06,SHOP.TO,15.265999794006348,8686000
2018-02-07,SHOP.TO,15.494000434875488,4621000
2018-02-08,SHOP.TO,14.949999809265137,5709000
2018-02-09,SHOP.TO,15.038000106811523,9012000
2018-02-12,SHOP.TO,16.104999542236328,6872000
2018-02-13,SHOP.TO,15.871999740600586,5151000
2018-02-14,SHOP.TO,17.14900016784668,8146000
2018-02-15,SHOP.TO,17.19099998474121,8950000
2018-02-16,SHOP.TO,17.260000228881836,5753000
2018-02-20,SHOP.TO,18.06800079345703,6014000
2018-02-21,SHOP.TO,16.86400032043457,8660000
2018-02-22,SHOP.TO,17.052000045776367,5243000
2018-02-23,SHOP.TO,17.327999114990234,3382000
2018-02-26,SHOP.TO,17.2549991607666,3514000
2018-02-27,SHOP.TO,17.611000061035156,4104000
2018-02-28,SHOP.TO,17.75,6411000
2018-03-01,SHOP.TO,17.562000274658203,4983000
2018-03-02,SHOP.TO,17.642000198364258,4907000
2018-03-05,SHOP.TO,18.079999923706055,3792000
2018-03-06,SHOP.TO,18.25200080871582,3121000
2018-03-07,SHOP.TO,18.5,4221000
2018-03-08,SHOP.TO,18.986000061035156,4373000
2018-03-09,SHOP.TO,19.14299964904785,3468000
2018-03-12,SHOP.TO,19.010000228881836,2455000
2018-03-13,SHOP.TO,18.860000610351562,2974000
2018-03-14,SHOP.TO,18.929000854492188,2434000
2018-03-15,SHOP.TO,19.285999298095703,2967000
2018-03-16,SHOP.TO,19.253000259399414,3335000
2018-03-19,SHOP.TO,19.035999298095703,3434000
2018-03-20,SHOP.TO,20.027999877929688,6281000
2018-03-21,SHOP.TO,19.299999237060547,4578000
2018-03-22,SHOP.TO,18.799999237060547,3908000
2018-03-23,SHOP.TO,18.264999389648438,3572000
2018-03-26,SHOP.TO,17.60099983215332,5394000
2018-03-27,SHOP.TO,16.565000534057617,4499000
2018-03-28,SHOP.TO,15.699999809265137,5245000
2018-03-29,SHOP.TO,16.031999588012695,5334000
2018-04-02,SHOP.TO,15.765999794006348,2952000
2018-04-03,SHOP.TO,15.272000312805176,2865000
2018-04-04,SHOP.TO,15.404999732971191,3019000
2018-04-05,SHOP.TO,15.345999717712402,3419000
2018-04-06,SHOP.TO,14.980999946594238,1691000
2018-04-09,SHOP.TO,15.118000030517578,3224000
2018-04-10,SHOP.TO,15.46500015258789,3191000
2018-04-11,SHOP.TO,15.005000114440918,2194000
2018-04-12,SHOP.TO,15.197999954223633,1628000
2018-04-13,SHOP.TO,14.800000190734863,2427000
2018-04-16,SHOP.TO,14.678000450134277,1934000
2018-04-17,SHOP.TO,15.803999900817871,3739000
2018-04-18,SHOP.TO,16.11199951171875,2675000
2018-04-19,SHOP.TO,16.027000427246094,1658000
2018-04-20,SHOP.TO,16.18600082397461,2130000
2018-04-23,SHOP.TO,15.795000076293945,2658000
2018-04-24,SHOP.TO,15.793000221252441,2813000
2018-04-25,SHOP.TO,15.404000282287598,2356000
2018-04-26,SHOP.TO,16.01099967956543,2221000
2018-04-27,SHOP.TO,16.08300018310547,1965000
2018-04-30,SHOP.TO,17.201000213623047,3795000
2018-05-01,SHOP.TO,16.350000381469727,6978000
2018-05-02,SHOP.TO,16.099000930786133,4454000
2018-05-03,SHOP.TO,17.349000930786133,4060000
2018-05-04,SHOP.TO,17.4950008392334,2227000
2018-05-07,SHOP.TO,17.854999542236328,2715000
2018-05-08,SHOP.TO,18.551000595092773,3697000
2018-05-09,SHOP.TO,18.760000228881836,2905000
2018-05-10,SHOP.TO,18.639999389648438,1945000
2018-05-11,SHOP.TO,18.452999114990234,2059000
2018-05-14,SHOP.TO,18.229999542236328,2425000
2018-05-15,SHOP.TO,18.350000381469727,1620000
2018-05-16,SHOP.TO,18.187000274658203,1631000
2018-05-17,SHOP.TO,18.68199920654297,2234000
2018-05-18,SHOP.TO,18.924999237060547,1703000
2018-05-22,SHOP.TO,17.766000747680664,5282000
2018-05-23,SHOP.TO,18.05500030517578,2228000
2018-05-24,SHOP.TO,18.41900062561035,1964000
2018-05-25,SHOP.TO,18.600000381469727,1591000
2018-05-28,SHOP.TO,18.790000915527344,664000
2018-05-29,SHOP.TO,18.650999069213867,1699000
2018-05-30,SHOP.TO,18.801000595092773,1785000
2018-05-31,SHOP.TO,19.232999801635742,3553000
2018-06-01,SHOP.TO,19.541000366210938,2383000
2018-06-04,SHOP.TO,20.261999130249023,2695000
2018-06-05,SHOP.TO,20.9060001373291,2338000
2018-06-06,SHOP.TO,21.444000244140625,2474000
2018-06-07,SHOP.TO,20.920000076293945,2814000
2018-06-08,SHOP.TO,21.06800079345703,1827000
2018-06-11,SHOP.TO,20.815000534057617,1525000
2018-06-12,SHOP.TO,21.503999710083008,2427000
2018-06-13,SHOP.TO,21.45800018310547,2561000
2018-06-14,SHOP.TO,22.020999908447266,2025000
2018-06-15,SHOP.TO,22.198999404907227,2281000
2018-06-18,SHOP.TO,22.81399917602539,1850000
2018-06-19,SHOP.TO,22.642000198364258,2493000
2018-06-20,SHOP.TO,22.93400001525879,1915000
2018-06-21,SHOP.TO,21.860000610351562,3674000
2018-06-22,SHOP.TO,21.617000579833984,2881000
2018-06-25,SHOP.TO,20.360000610351562,3907000
2018-06-26,SHOP.TO,20.58799934387207,3627000
2018-06-27,SHOP.TO,19.361000061035156,4716000
2018-06-28,SHOP.TO,19.452999114990234,3074000
2018-06-29,SHOP.TO,19.17099952697754,2354000
2018-07-03,SHOP.TO,19.78499984741211,2116000
2018-07-04,SHOP.TO,20.23200035095215,1454000
2018-07-05,SHOP.TO,20.03700065612793,1706000
2018-07-06,SHOP.TO,20.56100082397461,1685000
2018-07-09,SHOP.TO,20.792999267578125,1965000
2018-07-10,SHOP.TO,20.875,1437000
2018-07-11,SHOP.TO,21.24799919128418,1716000
2018-07-12,SHOP.TO,22.04599952697754,1966000
2018-07-13,SHOP.TO,21.888999938964844,1801000
2018-07-16,SHOP.TO,21.743000030517578,1217000
2018-07-17,SHOP.TO,22.281999588012695,2056000
2018-07-18,SHOP.TO,22.413999557495117,1788000
2018-07-19,SHOP.TO,22.746000289916992,1880000
2018-07-20,SHOP.TO,22.503000259399414,1639000
2018-07-23,SHOP.TO,22.804000854492188,1768000
2018-07-24,SHOP.TO,22.11400032043457,2192000
2018-07-25,SHOP.TO,22.655000686645508,1528000
2018-07-26,SHOP.TO,22.28499984741211,1979000
2018-07-27,SHOP.TO,20.94700050354004,2441000
2018-07-30,SHOP.TO,19.18600082397461,3514000
2018-07-31,SHOP.TO,18.121999740600586,6125000
2018-08-01,SHOP.TO,17.70199966430664,3665000
2018-08-02,SHOP.TO,18.7450008392334,3890000
2018-08-03,SHOP.TO,18.40999984741211,2083000
2018-08-07,SHOP.TO,18.493000030517578,2687000
2018-08-08,SHOP.TO,18.575000762939453,2006000
2018-08-09,SHOP.TO,19.100000381469727,2489000
2018-08-10,SHOP.TO,19.58099937438965,2185000
2018-08-13,SHOP.TO,18.757999420166016,2495000
2018-08-14,SHOP.TO,18.86400032043457,1547000
2018-08-15,SHOP.TO,18.235000610351562,2410000
2018-08-16,SHOP.TO,18.32699966430664,1963000
2018-08-17,SHOP.TO,17.909000396728516,2374000
2018-08-20,SHOP.TO,17.7189998626709,2375000
2018-08-21,SHOP.TO,17.39299964904785,2414000
2018-08-22,SHOP.TO,17.85700035095215,2529000
2018-08-23,SHOP.TO,17.979999542236328,2237000
2018-08-24,SHOP.TO,18.29800033569336,1371000
2018-08-27,SHOP.TO,18.639999389648438,1863000
2018-08-28,SHOP.TO,18.743000030517578,1319000
2018-08-29,SHOP.TO,18.726999282836914,1614000
2018-08-30,SHOP.TO,18.802000045776367,1582000
2018-08-31,SHOP.TO,18.986000061035156,2457000
2018-09-04,SHOP.TO,19.256999969482422,1585000
2018-09-05,SHOP.TO,18.43899917602539,3653000
2018-09-06,SHOP.TO,17.607999801635742,3216000
2018-09-07,SHOP.TO,18.53499984741211,2703000
2018-09-10,SHOP.TO,18.708999633789062,2348000
2018-09-11,SHOP.TO,19.350000381469727,2023000
2018-09-12,SHOP.TO,19.882999420166016,2569000
2018-09-13,SHOP.TO,20.222000122070312,2079000
2018-09-14,SHOP.TO,20.174999237060547,2071000
2018-09-17,SHOP.TO,20.018999099731445,1738000
2018-09-18,SHOP.TO,21.033000946044922,3237000
2018-09-19,SHOP.TO,21.33300018310547,2896000
2018-09-20,SHOP.TO,21.56800079345703,2212000
2018-09-21,SHOP.TO,20.884000778198242,2668000
2018-09-24,SHOP.TO,20.964000701904297,2242000
2018-09-25,SHOP.TO,20.844999313354492,3235000
2018-09-26,SHOP.TO,21.06999969482422,3266000
2018-09-27,SHOP.TO,21.4060001373291,1571000
2018-09-28,SHOP.TO,21.229999542236328,2317000
2018-10-01,SHOP.TO,20.90399932861328,1727000
2018-10-02,SHOP.TO,20.02899932861328,2301000
2018-10-03,SHOP.TO,20.597999572753906,1997000
2018-10-04,SHOP.TO,19.235000610351562,3908000
2018-10-05,SHOP.TO,18.90399932861328,4726000
2018-10-09,SHOP.TO,18.158000946044922,3519000
2018-10-10,SHOP.TO,16.999000549316406,6625000
2018-10-11,SHOP.TO,16.672000885009766,5613000
2018-10-12,SHOP.TO,17.6200008392334,3638000
2018-10-15,SHOP.TO,17.615999221801758,2624000
2018-10-16,SHOP.TO,18.891000747680664,4034000
2018-10-17,SHOP.TO,17.888999938964844,5204000
2018-10-18,SHOP.TO,17.60700035095215,3751000
2018-10-19,SHOP.TO,16.60700035095215,5052000
2018-10-22,SHOP.TO,17.61199951171875,3860000
2018-10-23,SHOP.TO,17.301000595092773,3671000
2018-10-24,SHOP.TO,15.946999549865723,3878000
2018-10-25,SHOP.TO,17.881999969482422,6362000
2018-10-26,SHOP.TO,17.450000762939453,5147000
2018-10-29,SHOP.TO,16.86199951171875,3399000
2018-10-30,SHOP.TO,16.96299934387207,3118000
2018-10-31,SHOP.TO,18.187000274658203,5004000
2018-11-01,SHOP.TO,18.900999069213867,4012000
2018-11-02,SHOP.TO,19.094999313354492,4320000
2018-11-05,SHOP.TO,18.500999450683594,3213000
2018-11-06,SHOP.TO,18.514999389648438,2456000
2018-11-07,SHOP.TO,19.386999130249023,4599000
2018-11-08,SHOP.TO,19.70199966430664,2826000
2018-11-09,SHOP.TO,18.62299919128418,3507000
2018-11-12,SHOP.TO,17.957000732421875,3999000
2018-11-13,SHOP.TO,18.39299964904785,3946000
2018-11-14,SHOP.TO,18.899999618530273,2967000
2018-11-15,SHOP.TO,19.78700065612793,4408000
2018-11-16,SHOP.TO,19.8799991607666,3298000
2018-11-19,SHOP.TO,17.632999420166016,5141000
2018-11-20,SHOP.TO,17.93400001525879,5917000
2018-11-21,SHOP.TO,17.569000244140625,4339000
2018-11-22,SHOP.TO,17.63800048828125,606000
2018-11-23,SHOP.TO,17.825000762939453,1436000
2018-11-26,SHOP.TO,19.145000457763672,3302000
2018-11-27,SHOP.TO,19.202999114990234,2821000
2018-11-28,SHOP.TO,19.899999618530273,3214000
2018-11-29,SHOP.TO,19.785999298095703,2915000
2018-11-30,SHOP.TO,20.224000930786133,3659000
2018-12-03,SHOP.TO,20.735000610351562,3884000
2018-12-04,SHOP.TO,19.91200065612793,3219000
2018-12-05,SHOP.TO,19.969999313354492,943000
2018-12-06,SHOP.TO,20.96500015258789,4379000
2018-12-07,SHOP.TO,19.51300048828125,4253000
2018-12-10,SHOP.TO,20.322999954223633,3546000
2018-12-11,SHOP.TO,20.729999542236328,3642000
2018-12-12,SHOP.TO,21.378000259399414,4458000
2018-12-13,SHOP.TO,21.511999130249023,3224000
2018-12-14,SHOP.TO,18.766000747680664,9389000
2018-12-17,SHOP.TO,17.3799991607666,6439000
2018-12-18,SHOP.TO,18.10099983215332,4690000
2018-12-19,SHOP.TO,17.944000244140625,4516000
2018-12-20,SHOP.TO,17.208999633789062,8456000
2018-12-21,SHOP.TO,16.638999938964844,5886000
2018-12-24,SHOP.TO,16.1560001373291,3813000
2018-12-27,SHOP.TO,18.025999069213867,4401000
2018-12-28,SHOP.TO,18.20199966430664,3511000
2018-12-31,SHOP.TO,18.878999710083008,3013000
2019-01-02,SHOP.TO,18.711000442504883,3016000
2019-01-03,SHOP.TO,17.490999221801758,3157000
2019-01-04,SHOP.TO,18.49799919128418,2684000
2019-01-07,SHOP.TO,19.19099998474121,2804000
2019-01-08,SHOP.TO,19.320999145507812,2764000
2019-01-09,SHOP.TO,19.63599967956543,2598000
2019-01-10,SHOP.TO,19.59600067138672,1679000
2019-01-11,SHOP.TO,19.812999725341797,1531000
2019-01-14,SHOP.TO,19.770000457763672,2296000
2019-01-15,SHOP.TO,20.472000122070312,2646000
2019-01-16,SHOP.TO,20.910999298095703,2757000
2019-01-17,SHOP.TO,20.968000411987305,2190000
2019-01-18,SHOP.TO,21.05500030517578,2279000
2019-01-21,SHOP.TO,21.018999099731445,750000
2019-01-22,SHOP.TO,20.886999130249023,2016000
2019-01-23,SHOP.TO,20.91900062561035,1814000
2019-01-24,SHOP.TO,21.149999618530273,1568000
2019-01-25,SHOP.TO,21.54599952697754,2392000
2019-01-28,SHOP.TO,21.131000518798828,1799000
2019-01-29,SHOP.TO,20.861000061035156,2246000
2019-01-30,SHOP.TO,21.36199951171875,1588000
2019-01-31,SHOP.TO,22.118000030517578,3481000
2019-02-01,SHOP.TO,22.325000762939453,1591000
2019-02-04,SHOP.TO,22.76099967956543,1626000
2019-02-05,SHOP.TO,22.795000076293945,1680000
2019-02-06,SHOP.TO,22.91200065612793,1826000
2019-02-07,SHOP.TO,22.871999740600586,2071000
2019-02-08,SHOP.TO,23.329999923706055,2480000
2019-02-11,SHOP.TO,22.982999801635742,3316000
2019-02-12,SHOP.TO,23.23699951171875,4455000
2019-02-13,SHOP.TO,22.753000259399414,2689000
2019-02-14,SHOP.TO,23.43899917602539,2567000
2019-02-15,SHOP.TO,23.604999542236328,2231000
2019-02-19,SHOP.TO,23.975000381469727,3262000
2019-02-20,SHOP.TO,23.635000228881836,2332000
2019-02-21,SHOP.TO,23.615999221801758,2143000
2019-02-22,SHOP.TO,24.14699935913086,1830000
2019-02-25,SHOP.TO,24.773000717163086,2336000
2019-02-26,SHOP.TO,24.413999557495117,2272000
2019-02-27,SHOP.TO,24.886999130249023,1881000
2019-02-28,SHOP.TO,24.92799949645996,2954000
2019-03-01,SHOP.TO,25.47100067138672,2376000
2019-03-04,SHOP.TO,24.820999145507812,3260000
2019-03-05,SHOP.TO,25.091999053955078,2108000
2019-03-06,SHOP.TO,25.19499969482422,2444000
2019-03-07,SHOP.TO,25.19300079345703,2036000
2019-03-08,SHOP.TO,25.43600082397461,3279000
2019-03-11,SHOP.TO,26.84600067138672,5905000
2019-03-12,SHOP.TO,27.052000045776367,4478000
2019-03-13,SHOP.TO,27.33799934387207,4523000
2019-03-14,SHOP.TO,27.729000091552734,4682000
2019-03-15,SHOP.TO,27.341999053955078,58294000
2019-03-18,SHOP.TO,27.492000579833984,4222000
2019-03-19,SHOP.TO,26.87700080871582,5397000
2019-03-20,SHOP.TO,26.74799919128418,3623000
2019-03-21,SHOP.TO,27.399999618530273,3165000
2019-03-22,SHOP.TO,26.70199966430664,4621000
2019-03-25,SHOP.TO,26.989999771118164,3296000
2019-03-26,SHOP.TO,27.35300064086914,3972000
2019-03-27,SHOP.TO,26.836999893188477,3481000
2019-03-28,SHOP.TO,27.354000091552734,2894000
2019-03-29,SHOP.TO,27.586000442504883,2166000
2019-04-01,SHOP.TO,27.437999725341797,2498000
2019-04-02,SHOP.TO,26.884000778198242,4048000
2019-04-03,SHOP.TO,27.3700008392334,3426000
2019-04-04,SHOP.TO,26.024999618530273,5800000
2019-04-05,SHOP.TO,26.356000900268555,2392000
2019-04-08,SHOP.TO,26.642000198364258,2646000
2019-04-09,SHOP.TO,27.18199920654297,3804000
2019-04-10,SHOP.TO,27.514999389648438,2396000
2019-04-11,SHOP.TO,28.216999053955078,2637000
2019-04-12,SHOP.TO,28.64699935913086,3946000
2019-04-15,SHOP.TO,29.16699981689453,2486000
2019-04-16,SHOP.TO,28.74799919128418,2726000
2019-04-17,SHOP.TO,28.952999114990234,1936000
2019-04-18,SHOP.TO,29.545000076293945,2440000
2019-04-22,SHOP.TO,29.948999404907227,2036000
2019-04-23,SHOP.TO,29.979000091552734,2809000
2019-04-24,SHOP.TO,29.632999420166016,2402000
2019-04-25,SHOP.TO,29.53700065612793,1773000
2019-04-26,SHOP.TO,29.90999984741211,2730000
2019-04-29,SHOP.TO,30.304000854492188,2249000
2019-04-30,SHOP.TO,32.57500076293945,5542000
2019-05-01,SHOP.TO,33.099998474121094,4649000
2019-05-02,SHOP.TO,34.3849983215332,6758000
2019-05-03,SHOP.TO,35.486000061035156,3086000
2019-05-06,SHOP.TO,35.7140007019043,3755000
2019-05-07,SHOP.TO,34.80699920654297,3417000
2019-05-08,SHOP.TO,35.266998291015625,2606000
2019-05-09,SHOP.TO,35.02000045776367,2543000
2019-05-10,SHOP.TO,34.72700119018555,4194000
2019-05-13,SHOP.TO,33.77799987792969,3871000
2019-05-14,SHOP.TO,34.08700180053711,3704000
2019-05-15,SHOP.TO,35.500999450683594,2487000
2019-05-16,SHOP.TO,37.44900131225586,4837000
2019-05-17,SHOP.TO,36.80500030517578,3018000
2019-05-21,SHOP.TO,36.59400177001953,2730000
2019-05-22,SHOP.TO,37.354000091552734,2855000
2019-05-23,SHOP.TO,36.58700180053711,2635000
2019-05-24,SHOP.TO,37.073001861572266,2209000
2019-05-27,SHOP.TO,37.62300109863281,996000
2019-05-28,SHOP.TO,38.141998291015625,7167000
2019-05-29,SHOP.TO,36.78499984741211,2909000
2019-05-30,SHOP.TO,37.40599822998047,1816000
2019-05-31,SHOP.TO,37.183998107910156,2015000
2019-06-03,SHOP.TO,35.58399963378906,4351000
2019-06-04,SHOP.TO,36.79499816894531,4538000
2019-06-05,SHOP.TO,39.2239990234375,4652000
2019-06-06,SHOP.TO,39.74599838256836,3353000
2019-06-07,SHOP.TO,40.569000244140625,3867000
2019-06-10,SHOP.TO,40.73500061035156,3230000
2019-06-11,SHOP.TO,40.749000549316406,2950000
2019-06-12,SHOP.TO,41.38999938964844,2507000
2019-06-13,SHOP.TO,40.96900177001953,2498000
2019-06-14,SHOP.TO,40.915000915527344,2289000
2019-06-17,SHOP.TO,41.053001403808594,2060000
2019-06-18,SHOP.TO,40.71900177001953,2201000
2019-06-19,SHOP.TO,43.494998931884766,4560000
2019-06-20,SHOP.TO,43.301998138427734,4018000
2019-06-21,SHOP.TO,43.150001525878906,7194000
2019-06-24,SHOP.TO,41.06999969482422,3194000
2019-06-25,SHOP.TO,37.37900161743164,4564000
2019-06-26,SHOP.TO,37.94499969482422,3222000
2019-06-27,SHOP.TO,39.465999603271484,2827000
2019-06-28,SHOP.TO,39.358001708984375,2613000
2019-07-02,SHOP.TO,40.91999816894531,2225000
2019-07-03,SHOP.TO,41.03499984741211,1910000
2019-07-04,SHOP.TO,41.40399932861328,525000
2019-07-05,SHOP.TO,41.058998107910156,2741000
2019-07-08,SHOP.TO,42.14699935913086,3247000
2019-07-09,SHOP.TO,42.27399826049805,2917000
2019-07-10,SHOP.TO,41.7239990234375,2208000
2019-07-11,SHOP.TO,41.12099838256836,1712000
2019-07-12,SHOP.TO,40.40599822998047,2368000
2019-07-15,SHOP.TO,42.279998779296875,2192000
2019-07-16,SHOP.TO,41.560001373291016,1936000
2019-07-17,SHOP.TO,42.46500015258789,3246000
2019-07-18,SHOP.TO,43.143001556396484,2440000
2019-07-19,SHOP.TO,43.10499954223633,2121000
2019-07-22,SHOP.TO,43.94599914550781,1858000
2019-07-23,SHOP.TO,43.400001525878906,2320000
2019-07-24,SHOP.TO,43.33399963378906,1948000
2019-07-25,SHOP.TO,43.87900161743164,2343000
2019-07-26,SHOP.TO,44.29899978637695,1959000
2019-07-29,SHOP.TO,42.047000885009766,4275000
2019-07-30,SHOP.TO,41.382999420166016,2237000
2019-07-31,SHOP.TO,41.941001892089844,3038000
2019-08-01,SHOP.TO,45.15800094604492,6130000
2019-08-02,SHOP.TO,43.89500045776367,4119000
2019-08-06,SHOP.TO,44.1879997253418,3679000
2019-08-07,SHOP.TO,45.3650016784668,3481000
2019-08-08,SHOP.TO,47.310001373291016,3372000
2019-08-09,SHOP.TO,48.83599853515625,4440000
2019-08-12,SHOP.TO,48.56800079345703,3230000
2019-08-13,SHOP.TO,48.8489990234375,3285000
2019-08-14,SHOP.TO,47.00699996948242,4053000
2019-08-15,SHOP.TO,46.75199890136719,3117000
2019-08-16,SHOP.TO,47.65399932861328,2467000
2019-08-19,SHOP.TO,48.1619987487793,1867000
2019-08-20,SHOP.TO,49.915000915527344,2904000
2019-08-21,SHOP.TO,51.90700149536133,3056000
2019-08-22,SHOP.TO,51.70500183105469,3081000
2019-08-23,SHOP.TO,50.840999603271484,4508000
2019-08-26,SHOP.TO,52.433998107910156,2966000
2019-08-27,SHOP.TO,54.14899826049805,4869000
2019-08-28,SHOP.TO,52.5629997253418,3657000
2019-08-29,SHOP.TO,52.20600128173828,3094000
2019-08-30,SHOP.TO,51.28200149536133,4938000
2019-09-03,SHOP.TO,51.257999420166016,3054000
2019-09-04,SHOP.TO,51.132999420166016,2758000
2019-09-05,SHOP.TO,51.95100021362305,2992000
2019-09-06,SHOP.TO,50.16999816894531,2407000
2019-09-09,SHOP.TO,47.20500183105469,4531000
2019-09-10,SHOP.TO,44.29800033569336,3150000
2019-09-11,SHOP.TO,45.827999114990234,3741000
2019-09-12,SHOP.TO,47.11000061035156,3015000
2019-09-13,SHOP.TO,44.92300033569336,3168000
2019-09-16,SHOP.TO,44.74800109863281,2347000
2019-09-17,SHOP.TO,43.56700134277344,2948000
2019-09-18,SHOP.TO,43.279998779296875,2381000
2019-09-19,SHOP.TO,43.064998626708984,1518000
2019-09-20,SHOP.TO,42.3129997253418,4838000
2019-09-23,SHOP.TO,41.54999923706055,1959000
2019-09-24,SHOP.TO,39.071998596191406,4592000
2019-09-25,SHOP.TO,41.75400161743164,3525000
2019-09-26,SHOP.TO,41.571998596191406,2128000
2019-09-27,SHOP.TO,40.4900016784668,1879000
2019-09-30,SHOP.TO,41.22999954223633,2557000
2019-10-01,SHOP.TO,41.41600036621094,2346000
2019-10-02,SHOP.TO,41.2869987487793,1548000
2019-10-03,SHOP.TO,43.41600036621094,2272000
2019-10-04,SHOP.TO,43.553001403808594,1855000
2019-10-07,SHOP.TO,43.39899826049805,1376000
2019-10-08,SHOP.TO,41.43899917602539,1900000
2019-10-09,SHOP.TO,41.8650016784668,1230000
2019-10-10,SHOP.TO,43.124000549316406,1810000
2019-10-11,SHOP.TO,43.49800109863281,2786000
2019-10-15,SHOP.TO,45.691001892089844,2789000
2019-10-16,SHOP.TO,42.694000244140625,1707000
2019-10-17,SHOP.TO,43.560001373291016,1424000
2019-10-18,SHOP.TO,41.215999603271484,2291000
2019-10-21,SHOP.TO,41.80400085449219,2296000
2019-10-22,SHOP.TO,39.20199966430664,2495000
2019-10-23,SHOP.TO,38.82099914550781,1602000
2019-10-24,SHOP.TO,42.23400115966797,2941000
2019-10-25,SHOP.TO,41.45800018310547,1414000
2019-10-28,SHOP.TO,42.275001525878906,1579000
2019-10-29,SHOP.TO,40.93600082397461,2338000
2019-10-30,SHOP.TO,41.99100112915039,1360000
2019-10-31,SHOP.TO,41.29999923706055,1515000
2019-11-01,SHOP.TO,41.61899948120117,1142000
2019-11-04,SHOP.TO,40.52299880981445,2382000
2019-11-05,SHOP.TO,38.915000915527344,2349000
2019-11-06,SHOP.TO,38.89899826049805,1969000
2019-11-07,SHOP.TO,37.65399932861328,2103000
2019-11-08,SHOP.TO,39.375,1945000
2019-11-11,SHOP.TO,40.14099884033203,1602000
2019-11-12,SHOP.TO,40.4900016784668,1440000
2019-11-13,SHOP.TO,41.62799835205078,2546000
2019-11-14,SHOP.TO,41.38100051879883,1328000
2019-11-15,SHOP.TO,41.319000244140625,1072000
2019-11-18,SHOP.TO,42.66600036621094,2346000
2019-11-19,SHOP.TO,41.96500015258789,1603000
2019-11-20,SHOP.TO,42.17599868774414,1672000
2019-11-21,SHOP.TO,41.986000061035156,1317000
2019-11-22,SHOP.TO,41.82600021362305,1306000
2019-11-25,SHOP.TO,42.185001373291016,1317000
2019-11-26,SHOP.TO,44.356998443603516,3647000
2019-11-27,SHOP.TO,45.319000244140625,2263000
2019-11-28,SHOP.TO,45.400001525878906,392000
2019-11-29,SHOP.TO,44.54499816894531,1282000
2019-12-02,SHOP.TO,44.020999908447266,2658000
2019-12-03,SHOP.TO,46.641998291015625,2486000
2019-12-04,SHOP.TO,49.07699966430664,3300000
2019-12-05,SHOP.TO,47.92499923706055,2121000
2019-12-06,SHOP.TO,48.334999084472656,1695000
2019-12-09,SHOP.TO,48.99399948120117,2599000
2019-12-10,SHOP.TO,48.70399856567383,1850000
2019-12-11,SHOP.TO,49.17100143432617,1678000
2019-12-12,SHOP.TO,48.96099853515625,2275000
2019-12-13,SHOP.TO,50.84299850463867,3128000
2019-12-16,SHOP.TO,51.742000579833984,2220000
2019-12-17,SHOP.TO,51.084999084472656,2524000
2019-12-18,SHOP.TO,52.055999755859375,3912000
2019-12-19,SHOP.TO,51.60599899291992,1789000
2019-12-20,SHOP.TO,51.321998596191406,7155000
2019-12-23,SHOP.TO,51.1619987487793,2439000
2019-12-24,SHOP.TO,52.53900146484375,1252000
2019-12-27,SHOP.TO,53.47600173950195,1564000
2019-12-30,SHOP.TO,51.77899932861328,1620000
2019-12-31,SHOP.TO,51.630001068115234,1532000
2020-01-02,SHOP.TO,53.00699996948242,1966000
2020-01-03,SHOP.TO,52.50699996948242,2057000
2020-01-06,SHOP.TO,53.50400161743164,3473000
2020-01-07,SHOP.TO,53.90299987792969,2965000
2020-01-08,SHOP.TO,54.50199890136719,6568000
2020-01-09,SHOP.TO,56.15700149536133,3444000
2020-01-10,SHOP.TO,56.09000015258789,2251000
2020-01-13,SHOP.TO,57.513999938964844,2748000
2020-01-14,SHOP.TO,57.63100051879883,3258000
2020-01-15,SHOP.TO,58.56399917602539,3539000
2020-01-16,SHOP.TO,58.83000183105469,3069000
2020-01-17,SHOP.TO,59.457000732421875,2192000
2020-01-20,SHOP.TO,59.696998596191406,565000
2020-01-21,SHOP.TO,60.875999450683594,2704000
2020-01-22,SHOP.TO,61.03099822998047,3095000
2020-01-23,SHOP.TO,61.5880012512207,3406000
2020-01-24,SHOP.TO,61.183998107910156,2424000
2020-01-27,SHOP.TO,59.48699951171875,2660000
2020-01-28,SHOP.TO,61.54199981689453,2318000
2020-01-29,SHOP.TO,62.28200149536133,2475000
2020-01-30,SHOP.TO,62.888999938964844,2346000
2020-01-31,SHOP.TO,61.632999420166016,2865000
2020-02-03,SHOP.TO,62.37699890136719,3047000
2020-02-04,SHOP.TO,64.4729995727539,3338000
2020-02-05,SHOP.TO,63.22200012207031,3077000
2020-02-06,SHOP.TO,62.89699935913086,3526000
2020-02-07,SHOP.TO,63.68899917602539,2752000
2020-02-10,SHOP.TO,65.4530029296875,2086000
2020-02-11,SHOP.TO,65.5459976196289,3907000
2020-02-12,SHOP.TO,70.58999633789062,4185000
2020-02-13,SHOP.TO,70.63800048828125,2928000
2020-02-14,SHOP.TO,70.41799926757812,2118000
2020-02-18,SHOP.TO,70.98400115966797,5691000
2020-02-19,SHOP.TO,71.86599731445312,2857000
2020-02-20,SHOP.TO,71.10399627685547,4355000
2020-02-21,SHOP.TO,68.65699768066406,2898000
2020-02-24,SHOP.TO,65.29900360107422,3929000
2020-02-25,SHOP.TO,62.0369987487793,4043000
2020-02-26,SHOP.TO,62.71799850463867,3055000
2020-02-27,SHOP.TO,61.763999938964844,3417000
2020-02-28,SHOP.TO,62.321998596191406,9993000
2020-03-02,SHOP.TO,65.17500305175781,5933000
2020-03-03,SHOP.TO,63.76499938964844,6484000
2020-03-04,SHOP.TO,68.677001953125,3898000
2020-03-05,SHOP.TO,66.9010009765625,3801000
2020-03-06,SHOP.TO,63.32899856567383,4631000
2020-03-09,SHOP.TO,57.12099838256836,7038000
2020-03-10,SHOP.TO,61.87900161743164,6395000
2020-03-11,SHOP.TO,58.08300018310547,6234000
2020-03-12,SHOP.TO,52.770999908447266,6587000
2020-03-13,SHOP.TO,54.64699935913086,6624000
2020-03-16,SHOP.TO,45.85200119018555,4525000
2020-03-17,SHOP.TO,50.04499816894531,4865000
2020-03-18,SHOP.TO,49.85599899291992,4862000
2020-03-19,SHOP.TO,48.209999084472656,4003000
2020-03-20,SHOP.TO,49.54499816894531,7799000
2020-03-23,SHOP.TO,54.231998443603516,3557000
2020-03-24,SHOP.TO,62.84000015258789,3958000
2020-03-25,SHOP.TO,63.448001861572266,3712000
2020-03-26,SHOP.TO,63.196998596191406,3913000
2020-03-27,SHOP.TO,59.0,4087000
2020-03-30,SHOP.TO,61.152000427246094,1927000
2020-03-31,SHOP.TO,58.96200180053711,4270000
2020-04-01,SHOP.TO,54.62099838256836,3122000
2020-04-02,SHOP.TO,49.323001861572266,4682000
2020-04-03,SHOP.TO,50.45199966430664,2024000
2020-04-06,SHOP.TO,55.39400100708008,2330000
2020-04-07,SHOP.TO,53.042999267578125,2801000
2020-04-08,SHOP.TO,58.19599914550781,2908000
2020-04-09,SHOP.TO,58.47200012207031,4746000
2020-04-13,SHOP.TO,62.05099868774414,2096000
2020-04-14,SHOP.TO,69.03299713134766,3456000
2020-04-15,SHOP.TO,70.05000305175781,2715000
2020-04-16,SHOP.TO,74.14199829101562,3166000
2020-04-17,SHOP.TO,83.1520004272461,5048000
2020-04-20,SHOP.TO,88.75599670410156,4991000
2020-04-21,SHOP.TO,83.10299682617188,5734000
2020-04-22,SHOP.TO,88.7969970703125,4137000
2020-04-23,SHOP.TO,87.13200378417969,3395000
2020-04-24,SHOP.TO,90.86100006103516,3313000
2020-04-27,SHOP.TO,88.38300323486328,2316000
2020-04-28,SHOP.TO,88.64299774169922,2938000
2020-04-29,SHOP.TO,88.84200286865234,1286000
2020-04-30,SHOP.TO,88.27799987792969,2851000
2020-05-01,SHOP.TO,86.31400299072266,1631000
2020-05-04,SHOP.TO,92.89600372314453,2844000
2020-05-05,SHOP.TO,96.7249984741211,3809000
2020-05-06,SHOP.TO,103.44200134277344,3514000
2020-05-07,SHOP.TO,101.63099670410156,2654000
2020-05-08,SHOP.TO,98.90599822998047,1954000
2020-05-11,SHOP.TO,105.00199890136719,2470000
2020-05-12,SHOP.TO,105.35900115966797,3910000
2020-05-13,SHOP.TO,106.96700286865234,5005000
2020-05-14,SHOP.TO,105.94999694824219,1673000
2020-05-15,SHOP.TO,108.29299926757812,1923000
2020-05-19,SHOP.TO,104.93299865722656,3254000
2020-05-20,SHOP.TO,107.69999694824219,2195000
2020-05-21,SHOP.TO,111.8219985961914,2883000
2020-05-22,SHOP.TO,115.43199920654297,1721000
2020-05-25,SHOP.TO,118.7979965209961,1203000
2020-05-26,SHOP.TO,105.73699951171875,3603000
2020-05-27,SHOP.TO,103.22799682617188,5873000
2020-05-28,SHOP.TO,102.7490005493164,4868000
2020-05-29,SHOP.TO,104.49700164794922,2596000
2020-06-01,SHOP.TO,103.02300262451172,1038000
2020-06-02,SHOP.TO,105.41999816894531,1426000
2020-06-03,SHOP.TO,102.93299865722656,1238000
2020-06-04,SHOP.TO,99.25499725341797,1885000
2020-06-05,SHOP.TO,97.83200073242188,1910000
2020-06-08,SHOP.TO,97.57499694824219,2960000
2020-06-09,SHOP.TO,99.29199981689453,2656000
2020-06-10,SHOP.TO,99.47000122070312,1959000
2020-06-11,SHOP.TO,98.802001953125,3262000
2020-06-12,SHOP.TO,100.9229965209961,2689000
2020-06-15,SHOP.TO,109.33699798583984,4625000
2020-06-16,SHOP.TO,109.3270034790039,2238000
2020-06-17,SHOP.TO,110.98400115966797,2232000
2020-06-18,SHOP.TO,117.49800109863281,2863000
2020-06-19,SHOP.TO,120.4739990234375,9397000
2020-06-22,SHOP.TO,122.5,2795000
2020-06-23,SHOP.TO,123.4000015258789,3641000
2020-06-24,SHOP.TO,122.09700012207031,1925000
2020-06-25,SHOP.TO,125.10099792480469,1659000
2020-06-26,SHOP.TO,124.25900268554688,1907000
2020-06-29,SHOP.TO,126.30400085449219,1976000
2020-06-30,SHOP.TO,128.9770050048828,1950000
2020-07-02,SHOP.TO,139.76100158691406,2065000
2020-07-03,SHOP.TO,138.8000030517578,458000
2020-07-06,SHOP.TO,133.48199462890625,2225000
2020-07-07,SHOP.TO,137.6490020751953,2263000
2020-07-08,SHOP.TO,137.28799438476562,944000
2020-07-09,SHOP.TO,141.2790069580078,2174000
2020-07-10,SHOP.TO,140.24099731445312,1497000
2020-07-13,SHOP.TO,131.51400756835938,3356000
2020-07-14,SHOP.TO,132.51600646972656,3921000
2020-07-15,SHOP.TO,129.52999877929688,3210000
2020-07-16,SHOP.TO,125.55000305175781,1763000
2020-07-17,SHOP.TO,126.13500213623047,1849000
2020-07-20,SHOP.TO,136.8000030517578,1681000
2020-07-21,SHOP.TO,128.0800018310547,2316000
2020-07-22,SHOP.TO,128.24000549316406,1311000
2020-07-23,SHOP.TO,124.44599914550781,2244000
2020-07-24,SHOP.TO,124.70099639892578,1499000
2020-07-27,SHOP.TO,130.52499389648438,1273000
2020-07-28,SHOP.TO,130.89500427246094,2236000
2020-07-29,SHOP.TO,140.1230010986328,3361000
2020-07-30,SHOP.TO,141.29800415039062,1709000
2020-07-31,SHOP.TO,136.97799682617188,1972000
2020-08-04,SHOP.TO,143.55599975585938,2180000
2020-08-05,SHOP.TO,145.36199951171875,1859000
2020-08-06,SHOP.TO,144.66000366210938,1106000
2020-08-07,SHOP.TO,140.8040008544922,1525000
2020-08-10,SHOP.TO,134.30799865722656,3600000
2020-08-11,SHOP.TO,129.56300354003906,2022000
2020-08-12,SHOP.TO,131.16400146484375,1693000
2020-08-13,SHOP.TO,132.25100708007812,1272000
2020-08-14,SHOP.TO,130.83599853515625,1659000
2020-08-17,SHOP.TO,133.60299682617188,1261000
2020-08-18,SHOP.TO,134.86099243164062,1487000
2020-08-19,SHOP.TO,133.51199340820312,1278000
2020-08-20,SHOP.TO,137.01400756835938,1457000
2020-08-21,SHOP.TO,134.67599487304688,1253000
2020-08-24,SHOP.TO,132.09300231933594,1541000
2020-08-25,SHOP.TO,136.51100158691406,1837000
2020-08-26,SHOP.TO,143.4409942626953,2746000
2020-08-27,SHOP.TO,138.02000427246094,2137000
2020-08-28,SHOP.TO,136.2429962158203,1768000
2020-08-31,SHOP.TO,139.322998046875,3778000
2020-09-01,SHOP.TO,148.70199584960938,3178000
2020-09-02,SHOP.TO,140.1719970703125,3297000
2020-09-03,SHOP.TO,133.01499938964844,3262000
2020-09-04,SHOP.TO,127.0,4512000
2020-09-08,SHOP.TO,121.447998046875,3284000
2020-09-09,SHOP.TO,125.0260009765625,2068000
2020-09-10,SHOP.TO,123.38800048828125,1657000
2020-09-11,SHOP.TO,120.75299835205078,1991000
2020-09-14,SHOP.TO,123.12200164794922,1876000
2020-09-15,SHOP.TO,122.69000244140625,1595000
2020-09-16,SHOP.TO,116.65299987792969,2432000
2020-09-17,SHOP.TO,114.37000274658203,2779000
2020-09-18,SHOP.TO,119.0,7413000
2020-09-21,SHOP.TO,123.4729995727539,1636000
2020-09-22,SHOP.TO,126.83999633789062,2104000
2020-09-23,SHOP.TO,122.97899627685547,1509000
2020-09-24,SHOP.TO,121.2959976196289,1575000
2020-09-25,SHOP.TO,128.6820068359375,1770000
2020-09-28,SHOP.TO,129.07400512695312,2362000
2020-09-29,SHOP.TO,136.8000030517578,3658000
2020-09-30,SHOP.TO,136.16900634765625,3810000
2020-10-01,SHOP.TO,140.10899353027344,2169000
2020-10-02,SHOP.TO,137.156005859375,2102000
2020-10-05,SHOP.TO,141.3280029296875,2274000
2020-10-06,SHOP.TO,138.60499572753906,1999000
2020-10-07,SHOP.TO,142.75999450683594,1897000
2020-10-08,SHOP.TO,141.1269989013672,2048000
2020-10-09,SHOP.TO,143.8679962158203,1925000
2020-10-13,SHOP.TO,145.59500122070312,2084000
2020-10-14,SHOP.TO,142.46299743652344,2041000
2020-10-15,SHOP.TO,142.53599548339844,1740000
2020-10-16,SHOP.TO,140.7899932861328,1376000
2020-10-19,SHOP.TO,139.7760009765625,1360000
2020-10-20,SHOP.TO,138.88600158691406,1569000
2020-10-21,SHOP.TO,134.16200256347656,1442000
2020-10-22,SHOP.TO,132.2310028076172,1785000
2020-10-23,SHOP.TO,134.87600708007812,1146000
2020-10-26,SHOP.TO,136.98599243164062,1621000
2020-10-27,SHOP.TO,142.0679931640625,2005000
2020-10-28,SHOP.TO,136.4409942626953,2224000
2020-10-29,SHOP.TO,129.64100646972656,2902000
2020-10-30,SHOP.TO,122.822998046875,2602000
2020-11-02,SHOP.TO,121.0739974975586,1963000
2020-11-03,SHOP.TO,123.70099639892578,1779000
2020-11-04,SHOP.TO,130.3719940185547,2602000
2020-11-05,SHOP.TO,135.28399658203125,1912000
2020-11-06,SHOP.TO,136.14500427246094,1480000
2020-11-09,SHOP.TO,117.35299682617188,4421000
2020-11-10,SHOP.TO,115.49700164794922,3948000
2020-11-11,SHOP.TO,123.77899932861328,1628000
2020-11-12,SHOP.TO,121.38300323486328,1834000
2020-11-13,SHOP.TO,120.51300048828125,1445000
2020-11-16,SHOP.TO,120.38300323486328,1789000
2020-11-17,SHOP.TO,119.27200317382812,1420000
2020-11-18,SHOP.TO,121.81600189208984,1397000
2020-11-19,SHOP.TO,126.19999694824219,1910000
2020-11-20,SHOP.TO,129.4669952392578,1896000
2020-11-23,SHOP.TO,128.02999877929688,2677000
2020-11-24,SHOP.TO,126.33799743652344,2052000
2020-11-25,SHOP.TO,131.70899963378906,2710000
2020-11-26,SHOP.TO,133.71800231933594,700000
2020-11-27,SHOP.TO,134.3000030517578,1182000
2020-11-30,SHOP.TO,139.77699279785156,3676000
2020-12-01,SHOP.TO,138.38600158691406,2808000
2020-12-02,SHOP.TO,139.6490020751953,1916000
2020-12-03,SHOP.TO,136.98199462890625,2732000
2020-12-04,SHOP.TO,134.6739959716797,1386000
2020-12-07,SHOP.TO,138.57400512695312,1532000
2020-12-08,SHOP.TO,141.19000244140625,1685000
2020-12-09,SHOP.TO,132.69500732421875,2589000
2020-12-10,SHOP.TO,135.9929962158203,1403000
2020-12-11,SHOP.TO,134.96600341796875,1456000
2020-12-14,SHOP.TO,135.0260009765625,1887000
2020-12-15,SHOP.TO,136.15699768066406,1996000
2020-12-16,SHOP.TO,147.46800231933594,3563000
2020-12-17,SHOP.TO,150.677001953125,3257000
2020-12-18,SHOP.TO,150.0919952392578,6332000
2020-12-21,SHOP.TO,153.74400329589844,2043000
2020-12-22,SHOP.TO,164.92300415039062,2896000
2020-12-23,SHOP.TO,154.24600219726562,3078000
2020-12-24,SHOP.TO,156.81900024414062,911000
2020-12-29,SHOP.TO,150.0330047607422,2467000
2020-12-30,SHOP.TO,148.2480010986328,1069000
2020-12-31,SHOP.TO,143.73199462890625,1469000
2021-01-04,SHOP.TO,139.61900329589844,1609000
2021-01-05,SHOP.TO,141.25599670410156,1597000
2021-01-06,SHOP.TO,137.60499572753906,1763000
2021-01-07,SHOP.TO,147.08999633789062,1820000
2021-01-08,SHOP.TO,151.6719970703125,2078000
2021-01-11,SHOP.TO,150.24099731445312,1825000
2021-01-12,SHOP.TO,151.26600646972656,1249000
2021-01-13,SHOP.TO,152.3560028076172,1215000
2021-01-14,SHOP.TO,148.8679962158203,2314000
2021-01-15,SHOP.TO,149.09500122070312,990000
2021-01-18,SHOP.TO,151.71200561523438,672000
2021-01-19,SHOP.TO,149.43899536132812,1597000
2021-01-20,SHOP.TO,151.73899841308594,1375000
2021-01-21,SHOP.TO,151.0850067138672,1138000
2021-01-22,SHOP.TO,152.25399780273438,839000
2021-01-25,SHOP.TO,153.66400146484375,1909000
2021-01-26,SHOP.TO,147.21200561523438,1230000
2021-01-27,SHOP.TO,139.77000427246094,3417000
2021-01-28,SHOP.TO,143.4029998779297,3074000
2021-01-29,SHOP.TO,139.4290008544922,2027000
2021-02-01,SHOP.TO,147.2449951171875,1228000
2021-02-02,SHOP.TO,158.1320037841797,2598000
2021-02-03,SHOP.TO,156.21800231933594,2107000
2021-02-04,SHOP.TO,161.4459991455078,1856000
2021-02-05,SHOP.TO,164.38499450683594,1514000
2021-02-08,SHOP.TO,171.79400634765625,1836000
2021-02-09,SHOP.TO,182.2989959716797,2522000
2021-02-10,SHOP.TO,185.73399353027344,2081000
2021-02-11,SHOP.TO,185.80099487304688,1057000
2021-02-12,SHOP.TO,184.72000122070312,1130000
2021-02-16,SHOP.TO,185.60299682617188,1598000
2021-02-17,SHOP.TO,180.41799926757812,3277000
2021-02-18,SHOP.TO,175.55999755859375,1620000
2021-02-19,SHOP.TO,181.05799865722656,2015000
2021-02-22,SHOP.TO,174.2259979248047,2663000
2021-02-23,SHOP.TO,163.7259979248047,2858000
2021-02-24,SHOP.TO,163.24400329589844,3119000
2021-02-25,SHOP.TO,157.24899291992188,3489000
2021-02-26,SHOP.TO,164.8730010986328,6143000
2021-03-01,SHOP.TO,165.54100036621094,2628000
2021-03-02,SHOP.TO,165.37899780273438,2375000
2021-03-03,SHOP.TO,154.5030059814453,1939000
2021-03-04,SHOP.TO,145.5989990234375,3514000
2021-03-05,SHOP.TO,143.17999267578125,4714000
2021-03-08,SHOP.TO,136.6510009765625,2353000
2021-03-09,SHOP.TO,143.1060028076172,2120000
2021-03-10,SHOP.TO,137.82200622558594,2358000
2021-03-11,SHOP.TO,143.1529998779297,2346000
2021-03-12,SHOP.TO,142.29100036621094,1499000
2021-03-15,SHOP.TO,144.53799438476562,1151000
2021-03-16,SHOP.TO,141.78500366210938,3204000
2021-03-17,SHOP.TO,145.1540069580078,1830000
2021-03-18,SHOP.TO,139.82699584960938,1588000
2021-03-19,SHOP.TO,139.9980010986328,7400000
2021-03-22,SHOP.TO,145.0540008544922,1005000
2021-03-23,SHOP.TO,146.16799926757812,1148000
2021-03-24,SHOP.TO,139.04600524902344,2773000
2021-03-25,SHOP.TO,133.7519989013672,1884000
2021-03-26,SHOP.TO,133.39999389648438,2641000
2021-03-29,SHOP.TO,130.72000122070312,1477000
2021-03-30,SHOP.TO,132.45599365234375,1295000
2021-03-31,SHOP.TO,138.7429962158203,2240000
2021-04-01,SHOP.TO,144.8179931640625,1564000
2021-04-05,SHOP.TO,143.43800354003906,745000
2021-04-06,SHOP.TO,145.33999633789062,1274000
2021-04-07,SHOP.TO,146.21200561523438,963000
2021-04-08,SHOP.TO,153.6840057373047,1639000
2021-04-09,SHOP.TO,153.7030029296875,1435000
2021-04-12,SHOP.TO,150.8520050048828,1401000
2021-04-13,SHOP.TO,155.5570068359375,1294000
2021-04-14,SHOP.TO,147.6060028076172,1320000
2021-04-15,SHOP.TO,151.17799377441406,1110000
2021-04-16,SHOP.TO,151.03399658203125,1027000
2021-04-19,SHOP.TO,143.22799682617188,1303000
2021-04-20,SHOP.TO,141.60800170898438,1093000
2021-04-21,SHOP.TO,142.5989990234375,874000
2021-04-22,SHOP.TO,136.6719970703125,1368000
2021-04-23,SHOP.TO,137.3730010986328,971000
2021-04-26,SHOP.TO,144.15499877929688,1128000
2021-04-27,SHOP.TO,143.0449981689453,908000
2021-04-28,SHOP.TO,158.94700622558594,3255000
2021-04-29,SHOP.TO,151.43299865722656,1664000
2021-04-30,SHOP.TO,145.08999633789062,1795000
2021-05-03,SHOP.TO,137.5,1652000
2021-05-04,SHOP.TO,140.5659942626953,1630000
2021-05-05,SHOP.TO,137.60499572753906,1523000
2021-05-06,SHOP.TO,132.44900512695312,1906000
2021-05-07,SHOP.TO,134.53599548339844,1622000
2021-05-10,SHOP.TO,130.3280029296875,2346000
2021-05-11,SHOP.TO,134.28900146484375,2035000
2021-05-12,SHOP.TO,131.5489959716797,1777000
2021-05-13,SHOP.TO,127.4990005493164,1695000
2021-05-14,SHOP.TO,131.44700622558594,1182000
2021-05-17,SHOP.TO,132.25999450683594,887000
2021-05-18,SHOP.TO,136.56500244140625,1613000
2021-05-19,SHOP.TO,141.9219970703125,2164000
2021-05-20,SHOP.TO,146.4340057373047,1549000
2021-05-21,SHOP.TO,147.3780059814453,1686000
2021-05-25,SHOP.TO,149.66799926757812,1779000
2021-05-26,SHOP.TO,149.94000244140625,1195000
2021-05-27,SHOP.TO,149.28199768066406,3257000
2021-05-28,SHOP.TO,150.24200439453125,1191000
2021-05-31,SHOP.TO,148.03199768066406,687000
2021-06-01,SHOP.TO,151.07200622558594,1539000
2021-06-02,SHOP.TO,147.94700622558594,1186000
2021-06-03,SHOP.TO,144.89599609375,1162000
2021-06-04,SHOP.TO,145.71499633789062,681000
2021-06-07,SHOP.TO,148.29400634765625,1836000
2021-06-08,SHOP.TO,148.8280029296875,1058000
2021-06-09,SHOP.TO,147.20199584960938,573000
2021-06-10,SHOP.TO,149.3249969482422,756000
2021-06-11,SHOP.TO,151.80799865722656,817000
2021-06-14,SHOP.TO,158.58299255371094,1536000
2021-06-15,SHOP.TO,161.21099853515625,1643000
2021-06-16,SHOP.TO,167.0469970703125,2056000
2021-06-17,SHOP.TO,179.00100708007812,2464000
2021-06-18,SHOP.TO,182.03700256347656,5225000
2021-06-21,SHOP.TO,182.3699951171875,2907000
2021-06-22,SHOP.TO,185.03599548339844,1862000
2021-06-23,SHOP.TO,184.8090057373047,1210000
2021-06-24,SHOP.TO,182.28399658203125,1523000
2021-06-25,SHOP.TO,181.24200439453125,1344000
2021-06-28,SHOP.TO,184.4669952392578,1027000
2021-06-29,SHOP.TO,183.8769989013672,982000
2021-06-30,SHOP.TO,181.28700256347656,1367000
2021-07-02,SHOP.TO,180.8249969482422,912000
2021-07-05,SHOP.TO,181.41799926757812,297000
2021-07-06,SHOP.TO,191.63600158691406,2008000
2021-07-07,SHOP.TO,189.86599731445312,1913000
2021-07-08,SHOP.TO,183.80299377441406,1636000
2021-07-09,SHOP.TO,186.2969970703125,1026000
2021-07-12,SHOP.TO,186.2239990234375,862000
2021-07-13,SHOP.TO,189.98599243164062,977000
2021-07-14,SHOP.TO,183.00399780273438,1579000
2021-07-15,SHOP.TO,181.47900390625,1211000
2021-07-16,SHOP.TO,181.96299743652344,1193000
2021-07-19,SHOP.TO,187.51199340820312,1924000
2021-07-20,SHOP.TO,193.49400329589844,1850000
2021-07-21,SHOP.TO,197.2010040283203,1698000
2021-07-22,SHOP.TO,200.3509979248047,1615000
2021-07-23,SHOP.TO,206.84500122070312,1596000
2021-07-26,SHOP.TO,198.77200317382812,2206000
2021-07-27,SHOP.TO,195.8300018310547,2528000
2021-07-28,SHOP.TO,193.0659942626953,2226000
2021-07-29,SHOP.TO,189.93800354003906,1607000
2021-07-30,SHOP.TO,187.3000030517578,1725000
2021-08-03,SHOP.TO,191.00799560546875,1752000
2021-08-04,SHOP.TO,195.2310028076172,929000
2021-08-05,SHOP.TO,193.16700744628906,1325000
2021-08-06,SHOP.TO,191.54600524902344,1118000
2021-08-09,SHOP.TO,194.88699340820312,3444000
2021-08-10,SHOP.TO,191.24400329589844,2389000
2021-08-11,SHOP.TO,185.75,894000
2021-08-12,SHOP.TO,188.1510009765625,729000
2021-08-13,SHOP.TO,187.46499633789062,577000
2021-08-16,SHOP.TO,187.2050018310547,927000
2021-08-17,SHOP.TO,187.0850067138672,805000
2021-08-18,SHOP.TO,188.67599487304688,916000
2021-08-19,SHOP.TO,188.11000061035156,670000
2021-08-20,SHOP.TO,186.19500732421875,1074000
2021-08-23,SHOP.TO,187.63099670410156,592000
2021-08-24,SHOP.TO,193.9810028076172,1130000
2021-08-25,SHOP.TO,195.34300231933594,1203000
2021-08-26,SHOP.TO,192.04299926757812,613000
2021-08-27,SHOP.TO,193.41400146484375,696000
2021-08-30,SHOP.TO,195.1999969482422,574000
2021-08-31,SHOP.TO,192.65899658203125,1447000
2021-09-01,SHOP.TO,194.25599670410156,788000
2021-09-02,SHOP.TO,193.4949951171875,1160000
2021-09-03,SHOP.TO,194.6479949951172,827000
2021-09-07,SHOP.TO,194.47799682617188,1251000
2021-09-08,SHOP.TO,187.52699279785156,1452000
2021-09-09,SHOP.TO,190.1820068359375,960000
2021-09-10,SHOP.TO,188.17999267578125,822000
2021-09-13,SHOP.TO,186.66799926757812,2435000
2021-09-14,SHOP.TO,183.8939971923828,1901000
2021-09-15,SHOP.TO,186.14100646972656,1153000
2021-09-16,SHOP.TO,187.0290069580078,778000
2021-09-17,SHOP.TO,189.5229949951172,4768000
2021-09-20,SHOP.TO,183.55999755859375,1750000
2021-09-21,SHOP.TO,184.3300018310547,1310000
2021-09-22,SHOP.TO,187.19200134277344,1055000
2021-09-23,SHOP.TO,186.72500610351562,576000
2021-09-24,SHOP.TO,182.82899475097656,796000
2021-09-27,SHOP.TO,182.26800537109375,1460000
2021-09-28,SHOP.TO,173.49000549316406,1770000
2021-09-29,SHOP.TO,171.79100036621094,1211000
2021-09-30,SHOP.TO,171.9219970703125,1415000
2021-10-01,SHOP.TO,170.70700073242188,1036000
2021-10-04,SHOP.TO,165.47500610351562,1272000
2021-10-05,SHOP.TO,165.6009979248047,1027000
2021-10-06,SHOP.TO,169.8489990234375,1260000
2021-10-07,SHOP.TO,175.68099975585938,1304000
2021-10-08,SHOP.TO,171.73399353027344,1285000
2021-10-12,SHOP.TO,169.0919952392578,1238000
2021-10-13,SHOP.TO,174.06700134277344,770000
2021-10-14,SHOP.TO,174.16299438476562,609000
2021-10-15,SHOP.TO,176.33700561523438,705000
2021-10-18,SHOP.TO,181.427001953125,771000
2021-10-19,SHOP.TO,183.6820068359375,855000
2021-10-20,SHOP.TO,183.40499877929688,757000
2021-10-21,SHOP.TO,185.05799865722656,656000
2021-10-22,SHOP.TO,176.43299865722656,1873000
2021-10-25,SHOP.TO,176.5850067138672,1240000
2021-10-26,SHOP.TO,168.86300659179688,1802000
2021-10-27,SHOP.TO,168.16700744628906,1530000
2021-10-28,SHOP.TO,180.00399780273438,3846000
2021-10-29,SHOP.TO,180.70199584960938,1922000
2021-11-01,SHOP.TO,188.98300170898438,2358000
2021-11-02,SHOP.TO,183.12899780273438,1519000
2021-11-03,SHOP.TO,185.13999938964844,648000
2021-11-04,SHOP.TO,191.96400451660156,1524000
2021-11-05,SHOP.TO,190.2570037841797,1395000
2021-11-08,SHOP.TO,191.07400512695312,1034000
2021-11-09,SHOP.TO,193.52999877929688,949000
2021-11-10,SHOP.TO,184.2830047607422,1064000
2021-11-11,SHOP.TO,187.76499938964844,752000
2021-11-12,SHOP.TO,209.50100708007812,3245000
2021-11-15,SHOP.TO,207.28199768066406,1694000
2021-11-16,SHOP.TO,210.4669952392578,1238000
2021-11-17,SHOP.TO,206.5989990234375,1223000
2021-11-18,SHOP.TO,211.8470001220703,1189000
2021-11-19,SHOP.TO,213.98199462890625,1409000
2021-11-22,SHOP.TO,202.76699829101562,2058000
2021-11-23,SHOP.TO,199.3939971923828,1804000
2021-11-24,SHOP.TO,206.0,2385000
2021-11-25,SHOP.TO,207.50399780273438,586000
2021-11-26,SHOP.TO,200.39500427246094,1677000
2021-11-29,SHOP.TO,200.0,1971000
2021-11-30,SHOP.TO,194.10299682617188,3195000
2021-12-01,SHOP.TO,187.3249969482422,2243000
2021-12-02,SHOP.TO,185.38999938964844,1834000
2021-12-03,SHOP.TO,180.9669952392578,2232000
2021-12-06,SHOP.TO,182.35299682617188,2071000
2021-12-07,SHOP.TO,192.44700622558594,2308000
2021-12-08,SHOP.TO,192.22900390625,1358000
2021-12-09,SHOP.TO,189.91200256347656,1129000
2021-12-10,SHOP.TO,185.7220001220703,1655000
2021-12-13,SHOP.TO,179.21499633789062,2881000
2021-12-14,SHOP.TO,174.0469970703125,1908000
2021-12-15,SHOP.TO,175.35899353027344,3678000
2021-12-16,SHOP.TO,169.36900329589844,3074000
2021-12-17,SHOP.TO,170.53700256347656,4480000
2021-12-20,SHOP.TO,166.2209930419922,1446000
2021-12-21,SHOP.TO,177.01600646972656,1543000
2021-12-22,SHOP.TO,177.66700744628906,1448000
2021-12-23,SHOP.TO,184.0,1390000
2021-12-24,SHOP.TO,181.35499572753906,215000
2021-12-29,SHOP.TO,178.14700317382812,1629000
2021-12-30,SHOP.TO,178.1510009765625,1563000
2021-12-31,SHOP.TO,174.16900634765625,984000
2022-01-04,SHOP.TO,155.22300720214844,3909000
2022-01-05,SHOP.TO,151.34500122070312,2540000
2022-01-06,SHOP.TO,148.7469940185547,2126000
2022-01-07,SHOP.TO,144.6179962158203,2718000
2022-01-10,SHOP.TO,143.38900756835938,2594000
2022-01-11,SHOP.TO,145.677001953125,2519000
2022-01-12,SHOP.TO,146.18499755859375,2528000
2022-01-13,SHOP.TO,133.30599975585938,2819000
2022-01-14,SHOP.TO,138.20700073242188,2276000
2022-01-17,SHOP.TO,138.9550018310547,741000
2022-01-18,SHOP.TO,132.10400390625,2825000
2022-01-19,SHOP.TO,128.98199462890625,2836000
2022-01-20,SHOP.TO,128.218994140625,1590000
2022-01-21,SHOP.TO,111.04000091552734,4311000
2022-01-24,SHOP.TO,118.84600067138672,5417000
2022-01-25,SHOP.TO,112.97699737548828,3759000
2022-01-26,SHOP.TO,110.11699676513672,4327000
2022-01-27,SHOP.TO,104.00299835205078,2806000
2022-01-28,SHOP.TO,111.39800262451172,2853000
2022-01-31,SHOP.TO,122.69499969482422,4135000
2022-02-01,SHOP.TO,124.76200103759766,2828000
2022-02-02,SHOP.TO,112.24099731445312,4174000
2022-02-03,SHOP.TO,102.77400207519531,4155000
2022-02-04,SHOP.TO,111.8239974975586,2722000
2022-02-07,SHOP.TO,109.64399719238281,1974000
2022-02-08,SHOP.TO,111.55799865722656,2080000
2022-02-09,SHOP.TO,117.0199966430664,2133000
2022-02-10,SHOP.TO,113.51399993896484,2081000
2022-02-11,SHOP.TO,108.95500183105469,3209000
2022-02-14,SHOP.TO,107.8949966430664,2066000
2022-02-15,SHOP.TO,113.26200103759766,1873000
2022-02-16,SHOP.TO,93.89099884033203,7068000
2022-02-17,SHOP.TO,83.70899963378906,3925000
2022-02-18,SHOP.TO,83.69999694824219,4077000
2022-02-22,SHOP.TO,80.08300018310547,3524000
2022-02-23,SHOP.TO,79.9219970703125,3162000
2022-02-24,SHOP.TO,85.06199645996094,3568000
2022-02-25,SHOP.TO,85.99500274658203,3717000
2022-02-28,SHOP.TO,87.99199676513672,3739000
2022-03-01,SHOP.TO,85.83300018310547,2682000
2022-03-02,SHOP.TO,83.38600158691406,2914000
2022-03-03,SHOP.TO,81.28299713134766,1637000
2022-03-04,SHOP.TO,76.46499633789062,2540000
2022-03-07,SHOP.TO,71.86399841308594,2671000
2022-03-08,SHOP.TO,66.38700103759766,5498000
2022-03-09,SHOP.TO,75.41000366210938,3717000
2022-03-10,SHOP.TO,70.71099853515625,2815000
2022-03-11,SHOP.TO,69.40299987792969,3945000
2022-03-14,SHOP.TO,65.71399688720703,2675000
2022-03-15,SHOP.TO,70.70099639892578,2248000
2022-03-16,SHOP.TO,78.91899871826172,3964000
2022-03-17,SHOP.TO,82.84700012207031,2945000
2022-03-18,SHOP.TO,85.96800231933594,9440000
2022-03-21,SHOP.TO,86.05699920654297,2918000
2022-03-22,SHOP.TO,91.25,4731000
2022-03-23,SHOP.TO,88.43800354003906,4958000
2022-03-24,SHOP.TO,88.25900268554688,1997000
2022-03-25,SHOP.TO,84.66500091552734,1668000
2022-03-28,SHOP.TO,87.86699676513672,2253000
2022-03-29,SHOP.TO,92.95800018310547,2925000
2022-03-30,SHOP.TO,87.96099853515625,2719000
2022-03-31,SHOP.TO,84.5469970703125,2621000
2022-04-01,SHOP.TO,86.57099914550781,2248000
2022-04-04,SHOP.TO,90.78099822998047,2001000
2022-04-05,SHOP.TO,87.84700012207031,2385000
2022-04-06,SHOP.TO,82.24199676513672,3294000
2022-04-07,SHOP.TO,81.11199951171875,2182000
2022-04-08,SHOP.TO,75.7979965209961,2638000
2022-04-11,SHOP.TO,78.00199890136719,3646000
2022-04-12,SHOP.TO,74.7229995727539,2958000
2022-04-13,SHOP.TO,75.91699981689453,2225000
2022-04-14,SHOP.TO,73.19300079345703,1905000
2022-04-18,SHOP.TO,73.34300231933594,1867000
2022-04-19,SHOP.TO,76.46299743652344,1945000
2022-04-20,SHOP.TO,65.80500030517578,5180000
2022-04-21,SHOP.TO,60.45800018310547,5164000
2022-04-22,SHOP.TO,58.507999420166016,3988000
2022-04-25,SHOP.TO,58.42399978637695,4262000
2022-04-26,SHOP.TO,54.90700149536133,3277000
2022-04-27,SHOP.TO,53.36199951171875,4140000
2022-04-28,SHOP.TO,56.814998626708984,3856000
2022-04-29,SHOP.TO,54.952999114990234,3025000
2022-05-02,SHOP.TO,58.32600021362305,3500000
2022-05-03,SHOP.TO,59.7140007019043,2939000
2022-05-04,SHOP.TO,61.83000183105469,5219000
2022-05-05,SHOP.TO,52.9630012512207,5392000
2022-05-06,SHOP.TO,48.606998443603516,4938000
2022-05-09,SHOP.TO,44.23899841308594,4483000
2022-05-10,SHOP.TO,43.689998626708984,5298000
2022-05-11,SHOP.TO,41.441001892089844,6581000
2022-05-12,SHOP.TO,46.22800064086914,5558000
2022-05-13,SHOP.TO,51.972999572753906,4790000
2022-05-16,SHOP.TO,46.277000427246094,4415000
2022-05-17,SHOP.TO,47.75400161743164,3291000
2022-05-18,SHOP.TO,46.487998962402344,2798000
2022-05-19,SHOP.TO,50.16699981689453,4618000
2022-05-20,SHOP.TO,46.630001068115234,4488000
2022-05-24,SHOP.TO,41.619998931884766,4671000
2022-05-25,SHOP.TO,42.678001403808594,3069000
2022-05-26,SHOP.TO,44.875,3191000
2022-05-27,SHOP.TO,46.93199920654297,2775000
2022-05-30,SHOP.TO,48.65700149536133,1194000
2022-05-31,SHOP.TO,47.48500061035156,4699000
2022-06-01,SHOP.TO,45.733001708984375,3184000
2022-06-02,SHOP.TO,50.11399841308594,2756000
2022-06-03,SHOP.TO,44.51300048828125,4325000
2022-06-06,SHOP.TO,45.25400161743164,2717000
2022-06-07,SHOP.TO,47.652000427246094,4315000
2022-06-08,SHOP.TO,49.112998962402344,3929000
2022-06-09,SHOP.TO,47.152000427246094,3238000
2022-06-10,SHOP.TO,44.48500061035156,3033000
2022-06-13,SHOP.TO,40.316001892089844,3076000
2022-06-14,SHOP.TO,39.30500030517578,3737000
2022-06-15,SHOP.TO,42.02199935913086,5382000
2022-06-16,SHOP.TO,39.452999114990234,3002000
2022-06-17,SHOP.TO,41.284000396728516,7269000
2022-06-20,SHOP.TO,42.034000396728516,625000
2022-06-21,SHOP.TO,42.38399887084961,2678000
2022-06-22,SHOP.TO,43.86399841308594,3665000
2022-06-23,SHOP.TO,47.21699905395508,3166000
2022-06-24,SHOP.TO,49.70899963378906,2879000
2022-06-27,SHOP.TO,48.06999969482422,2457000
2022-06-28,SHOP.TO,45.104000091552734,2829000
2022-06-29,SHOP.TO,42.59000015258789,1783600
2022-06-30,SHOP.TO,40.220001220703125,3377600
2022-07-04,SHOP.TO,40.349998474121094,610400
2022-07-05,SHOP.TO,44.36000061035156,3416400
2022-07-06,SHOP.TO,43.060001373291016,2408700
2022-07-07,SHOP.TO,45.83000183105469,2630900
2022-07-08,SHOP.TO,46.08000183105469,1804100
2022-07-11,SHOP.TO,42.0,2935100
2022-07-12,SHOP.TO,42.150001525878906,2440600
2022-07-13,SHOP.TO,41.709999084472656,2485900
2022-07-14,SHOP.TO,40.16999816894531,3408700
2022-07-15,SHOP.TO,40.70000076293945,2662800
2022-07-18,SHOP.TO,42.2400016784668,3166000
2022-07-19,SHOP.TO,44.22999954223633,2596500
2022-07-20,SHOP.TO,49.65999984741211,3610400
2022-07-21,SHOP.TO,52.029998779296875,3936200
2022-07-22,SHOP.TO,48.2400016784668,2926600
2022-07-25,SHOP.TO,47.11000061035156,2465000
2022-07-26,SHOP.TO,40.689998626708984,4541800
2022-07-27,SHOP.TO,45.16999816894531,4949100
2022-07-28,SHOP.TO,46.04999923706055,6822300
2022-07-29,SHOP.TO,44.61000061035156,4221000
2022-08-02,SHOP.TO,48.599998474121094,4049700
2022-08-03,SHOP.TO,53.849998474121094,3906000
2022-08-04,SHOP.TO,52.75,3579100
2022-08-05,SHOP.TO,52.7400016784668,3691100
2022-08-08,SHOP.TO,51.11000061035156,3747000
2022-08-09,SHOP.TO,47.290000915527344,3306100
2022-08-10,SHOP.TO,51.900001525878906,3512200
2022-08-11,SHOP.TO,51.65999984741211,4760400
2022-08-12,SHOP.TO,52.0,2766400
2022-08-15,SHOP.TO,51.439998626708984,2977700
2022-08-16,SHOP.TO,50.84000015258789,3521600
2022-08-17,SHOP.TO,48.130001068115234,3698900
2022-08-18,SHOP.TO,47.72999954223633,2872100
2022-08-19,SHOP.TO,44.43000030517578,3611500
2022-08-22,SHOP.TO,43.25,2305200
2022-08-23,SHOP.TO,42.060001373291016,2686900
2022-08-24,SHOP.TO,43.18000030517578,3000200
2022-08-25,SHOP.TO,44.380001068115234,2614500
2022-08-26,SHOP.TO,42.22999954223633,3880400
2022-08-29,SHOP.TO,41.54999923706055,2474000
2022-08-30,SHOP.TO,41.09000015258789,3503400
2022-08-31,SHOP.TO,41.58000183105469,4926300
2022-09-01,SHOP.TO,41.150001525878906,4345300
2022-09-02,SHOP.TO,39.540000915527344,4073600
2022-09-06,SHOP.TO,39.25,3125200
2022-09-07,SHOP.TO,40.61000061035156,3228800
2022-09-08,SHOP.TO,41.83000183105469,7353100
2022-09-09,SHOP.TO,45.310001373291016,4277100
2022-09-12,SHOP.TO,45.65999984741211,2800900
2022-09-13,SHOP.TO,43.119998931884766,11157300
2022-09-14,SHOP.TO,44.36000061035156,3025500
2022-09-15,SHOP.TO,44.79999923706055,3185900
2022-09-16,SHOP.TO,42.15999984741211,8300800
2022-09-19,SHOP.TO,43.619998931884766,2724900
2022-09-20,SHOP.TO,41.349998474121094,3347800
2022-09-21,SHOP.TO,41.09000015258789,4011000
2022-09-22,SHOP.TO,38.52000045776367,4478800
2022-09-23,SHOP.TO,39.099998474121094,3960400
2022-09-26,SHOP.TO,38.810001373291016,3203500
2022-09-27,SHOP.TO,38.31999969482422,3349100
2022-09-28,SHOP.TO,39.86000061035156,3836900
2022-09-29,SHOP.TO,36.68000030517578,5036700
2022-09-30,SHOP.TO,37.189998626708984,4452000
2022-10-03,SHOP.TO,37.79999923706055,3536400
2022-10-04,SHOP.TO,42.61000061035156,5327300
2022-10-05,SHOP.TO,41.959999084472656,2922700
2022-10-06,SHOP.TO,41.31999969482422,2956000
2022-10-07,SHOP.TO,37.349998474121094,4540700
2022-10-11,SHOP.TO,35.369998931884766,4470900
2022-10-12,SHOP.TO,35.93000030517578,2836700
2022-10-13,SHOP.TO,36.11000061035156,4183500
2022-10-14,SHOP.TO,36.220001220703125,3223800
2022-10-17,SHOP.TO,38.119998931884766,3385000
2022-10-18,SHOP.TO,39.52000045776367,3037600
2022-10-19,SHOP.TO,39.040000915527344,2598900
2022-10-20,SHOP.TO,40.939998626708984,4076600
2022-10-21,SHOP.TO,40.540000915527344,5749800
2022-10-24,SHOP.TO,39.4900016784668,3331100
2022-10-25,SHOP.TO,40.630001068115234,3159600
2022-10-26,SHOP.TO,39.459999084472656,4235800
2022-10-27,SHOP.TO,46.220001220703125,7203200
2022-10-28,SHOP.TO,46.54999923706055,4625200
2022-10-31,SHOP.TO,46.709999084472656,5024200
2022-11-01,SHOP.TO,47.43000030517578,2342400
2022-11-02,SHOP.TO,45.970001220703125,6449000
2022-11-03,SHOP.TO,46.380001068115234,3305900
2022-11-04,SHOP.TO,43.33000183105469,5155500
2022-11-07,SHOP.TO,43.5099983215332,2556900
2022-11-08,SHOP.TO,44.09000015258789,3798700
2022-11-09,SHOP.TO,41.77000045776367,3205900
2022-11-10,SHOP.TO,48.650001525878906,5330600
2022-11-11,SHOP.TO,52.34000015258789,5415200
2022-11-14,SHOP.TO,51.119998931884766,3961900
2022-11-15,SHOP.TO,53.2400016784668,5497600
2022-11-16,SHOP.TO,51.34000015258789,4527600
2022-11-17,SHOP.TO,50.2599983215332,3153700
2022-11-18,SHOP.TO,49.02000045776367,5080400
2022-11-21,SHOP.TO,47.36000061035156,3740200
2022-11-22,SHOP.TO,47.20000076293945,2611500
2022-11-23,SHOP.TO,49.130001068115234,3368200
2022-11-24,SHOP.TO,49.9900016784668,732600
2022-11-25,SHOP.TO,49.18000030517578,2149500
2022-11-28,SHOP.TO,51.34000015258789,4356300
2022-11-29,SHOP.TO,50.45000076293945,5573500
2022-11-30,SHOP.TO,55.2599983215332,9887500
2022-12-01,SHOP.TO,58.290000915527344,5235400
2022-12-02,SHOP.TO,57.959999084472656,6945500
2022-12-05,SHOP.TO,55.459999084472656,3376800
2022-12-06,SHOP.TO,53.209999084472656,6389800
2022-12-07,SHOP.TO,52.5099983215332,4114700
2022-12-08,SHOP.TO,52.4900016784668,3524300
2022-12-09,SHOP.TO,52.400001525878906,3031400
2022-12-12,SHOP.TO,52.279998779296875,4021000
2022-12-13,SHOP.TO,52.54999923706055,5378100
2022-12-14,SHOP.TO,51.81999969482422,4451400
2022-12-15,SHOP.TO,49.709999084472656,4456400
2022-12-16,SHOP.TO,49.400001525878906,9614100
2022-12-19,SHOP.TO,48.470001220703125,2479100
2022-12-20,SHOP.TO,49.0099983215332,4489800
2022-12-21,SHOP.TO,49.2599983215332,5571600
2022-12-22,SHOP.TO,47.2599983215332,5053700
2022-12-23,SHOP.TO,45.83000183105469,3704100
2022-12-28,SHOP.TO,44.400001525878906,3769800
2022-12-29,SHOP.TO,47.560001373291016,3258500
2022-12-30,SHOP.TO,47.0099983215332,3633100
2023-01-03,SHOP.TO,48.790000915527344,4362800
2023-01-04,SHOP.TO,50.61000061035156,4293100
2023-01-05,SHOP.TO,48.83000183105469,4130200
2023-01-06,SHOP.TO,49.560001373291016,3783000
2023-01-09,SHOP.TO,49.810001373291016,3927600
2023-01-10,SHOP.TO,49.0099983215332,3535200
2023-01-11,SHOP.TO,48.91999816894531,5545800
2023-01-12,SHOP.TO,49.11000061035156,5442200
2023-01-13,SHOP.TO,52.09000015258789,4535200
2023-01-16,SHOP.TO,52.15999984741211,657100
2023-01-17,SHOP.TO,53.529998779296875,3907500
2023-01-18,SHOP.TO,52.88999938964844,4862500
2023-01-19,SHOP.TO,51.290000915527344,4192800
2023-01-20,SHOP.TO,54.15999984741211,3801500
2023-01-23,SHOP.TO,58.90999984741211,5404700
2023-01-24,SHOP.TO,57.09000015258789,4397500
2023-01-25,SHOP.TO,63.34000015258789,8521000
2023-01-26,SHOP.TO,64.41999816894531,6310200
2023-01-27,SHOP.TO,66.66000366210938,4237600
2023-01-30,SHOP.TO,63.209999084472656,4996600
2023-01-31,SHOP.TO,65.56999969482422,4687300
2023-02-01,SHOP.TO,66.79000091552734,6305500
2023-02-02,SHOP.TO,71.38999938964844,5984900
2023-02-03,SHOP.TO,70.93000030517578,6173200
2023-02-06,SHOP.TO,69.33999633789062,2971600
2023-02-07,SHOP.TO,68.81999969482422,4309300
2023-02-08,SHOP.TO,66.9800033569336,3810500
2023-02-09,SHOP.TO,66.86000061035156,4456600
2023-02-10,SHOP.TO,64.44000244140625,3159900
2023-02-13,SHOP.TO,65.02999877929688,2588100
2023-02-14,SHOP.TO,66.81999969482422,3140900
2023-02-15,SHOP.TO,71.44000244140625,4426900
2023-02-16,SHOP.TO,60.38999938964844,7161500
2023-02-17,SHOP.TO,58.70000076293945,4715700
2023-02-21,SHOP.TO,56.060001373291016,3727300
2023-02-22,SHOP.TO,57.0099983215332,4248300
2023-02-23,SHOP.TO,57.380001068115234,3644600
2023-02-24,SHOP.TO,55.43000030517578,3887900
2023-02-27,SHOP.TO,54.939998626708984,2695000
2023-02-28,SHOP.TO,56.18000030517578,3645500
2023-03-01,SHOP.TO,54.540000915527344,3255800
2023-03-02,SHOP.TO,55.970001220703125,3230300
2023-03-03,SHOP.TO,58.9900016784668,3318100
2023-03-06,SHOP.TO,59.20000076293945,2849500
2023-03-07,SHOP.TO,58.400001525878906,3664000
2023-03-08,SHOP.TO,60.25,2880200
2023-03-09,SHOP.TO,59.470001220703125,4594500
2023-03-10,SHOP.TO,57.33000183105469,4965500
2023-03-13,SHOP.TO,57.380001068115234,5369100
2023-03-14,SHOP.TO,59.880001068115234,3698600
2023-03-15,SHOP.TO,59.91999816894531,3798200
2023-03-16,SHOP.TO,61.31999969482422,4318700
2023-03-17,SHOP.TO,61.36000061035156,6835600
2023-03-20,SHOP.TO,59.93000030517578,2950900
2023-03-21,SHOP.TO,62.72999954223633,3471900
2023-03-22,SHOP.TO,61.689998626708984,3623600
2023-03-23,SHOP.TO,62.790000915527344,3808000
2023-03-24,SHOP.TO,61.72999954223633,2780000
2023-03-27,SHOP.TO,61.58000183105469,2620500
2023-03-28,SHOP.TO,60.25,3239800
2023-03-29,SHOP.TO,63.310001373291016,4156400
2023-03-30,SHOP.TO,62.90999984741211,3103000
2023-03-31,SHOP.TO,64.80000305175781,4030100
2023-04-03,SHOP.TO,63.970001220703125,3808000
2023-04-04,SHOP.TO,64.0199966430664,3064100
2023-04-05,SHOP.TO,60.849998474121094,3779700
2023-04-06,SHOP.TO,61.18000030517578,3175900
2023-04-10,SHOP.TO,61.2400016784668,2592600
2023-04-11,SHOP.TO,60.33000183105469,3323600
2023-04-12,SHOP.TO,60.88999938964844,6300100
2023-04-13,SHOP.TO,60.9900016784668,3206800
2023-04-14,SHOP.TO,61.9900016784668,2783600
2023-04-17,SHOP.TO,64.9800033569336,4268200
2023-04-18,SHOP.TO,65.91999816894531,3256400
2023-04-19,SHOP.TO,66.01000213623047,2967700
2023-04-20,SHOP.TO,64.55000305175781,5998200
2023-04-21,SHOP.TO,66.2699966430664,4879300
2023-04-24,SHOP.TO,65.0199966430664,3000100
2023-04-25,SHOP.TO,63.34000015258789,2843600
2023-04-26,SHOP.TO,63.279998779296875,3228700
2023-04-27,SHOP.TO,64.66999816894531,2684000
2023-04-28,SHOP.TO,65.63999938964844,3568300
2023-05-01,SHOP.TO,64.04000091552734,2859800
2023-05-02,SHOP.TO,63.720001220703125,2812500
2023-05-03,SHOP.TO,63.04999923706055,3154300
2023-05-04,SHOP.TO,77.6500015258789,9667300
2023-05-05,SHOP.TO,83.04000091552734,5247000
2023-05-08,SHOP.TO,86.12999725341797,5471500
2023-05-09,SHOP.TO,85.5,4191600
2023-05-10,SHOP.TO,84.58000183105469,4382400
2023-05-11,SHOP.TO,84.93000030517578,3127300
2023-05-12,SHOP.TO,83.12000274658203,3081300
2023-05-15,SHOP.TO,83.02999877929688,2628200
2023-05-16,SHOP.TO,81.13999938964844,2746200
2023-05-17,SHOP.TO,81.7300033569336,2630300
2023-05-18,SHOP.TO,82.20999908447266,4078300
2023-05-19,SHOP.TO,81.30999755859375,2919800
2023-05-23,SHOP.TO,78.7699966430664,5457500
2023-05-24,SHOP.TO,80.18000030517578,8353600
2023-05-25,SHOP.TO,78.66999816894531,2441800
2023-05-26,SHOP.TO,80.69000244140625,3077900
2023-05-29,SHOP.TO,81.4800033569336,900800
2023-05-30,SHOP.TO,79.13999938964844,3304000
2023-05-31,SHOP.TO,77.66999816894531,4214900
2023-06-01,SHOP.TO,77.87999725341797,3129800
2023-06-02,SHOP.TO,78.25,2750200
2023-06-05,SHOP.TO,80.55999755859375,3399600
2023-06-06,SHOP.TO,85.3499984741211,4414500
2023-06-07,SHOP.TO,79.66999816894531,5581400
2023-06-08,SHOP.TO,79.16999816894531,4415100
2023-06-09,SHOP.TO,81.87999725341797,3397200
2023-06-12,SHOP.TO,86.95999908447266,3733600
2023-06-13,SHOP.TO,84.98999786376953,3190300
2023-06-14,SHOP.TO,87.8499984741211,3372100
2023-06-15,SHOP.TO,87.44000244140625,3399100
2023-06-16,SHOP.TO,85.52999877929688,8106200
2023-06-19,SHOP.TO,85.52999877929688,269500
2023-06-20,SHOP.TO,85.02999877929688,3087400
2023-06-21,SHOP.TO,83.16000366210938,2728100
2023-06-22,SHOP.TO,83.47000122070312,2847700
2023-06-23,SHOP.TO,84.11000061035156,2445200
2023-06-26,SHOP.TO,83.1500015258789,2139200
2023-06-27,SHOP.TO,84.0999984741211,2345100
2023-06-28,SHOP.TO,85.6500015258789,2708600
2023-06-29,SHOP.TO,84.45999908447266,2269400
2023-06-30,SHOP.TO,85.62000274658203,4895600
2023-07-04,SHOP.TO,86.30999755859375,627100
2023-07-05,SHOP.TO,85.56999969482422,2930000
2023-07-06,SHOP.TO,82.6500015258789,4817800
2023-07-07,SHOP.TO,81.9000015258789,3731100
2023-07-10,SHOP.TO,82.19000244140625,2087300
2023-07-11,SHOP.TO,83.5999984741211,2673400
2023-07-12,SHOP.TO,86.91000366210938,4203900
2023-07-13,SHOP.TO,92.23999786376953,4782700
2023-07-14,SHOP.TO,90.55000305175781,3624000
2023-07-17,SHOP.TO,90.62999725341797,2540300
2023-07-18,SHOP.TO,88.56999969482422,5710100
2023-07-19,SHOP.TO,89.91000366210938,3234900
2023-07-20,SHOP.TO,86.20999908447266,5105600
2023-07-21,SHOP.TO,86.70999908447266,2245100
2023-07-24,SHOP.TO,87.1500015258789,2443400
2023-07-25,SHOP.TO,85.62000274658203,2292600
2023-07-26,SHOP.TO,85.4000015258789,2866000
2023-07-27,SHOP.TO,84.66000366210938,4036900
2023-07-28,SHOP.TO,87.4000015258789,2782800
2023-07-31,SHOP.TO,89.08000183105469,2938100
2023-08-01,SHOP.TO,89.62000274658203,3241600
2023-08-02,SHOP.TO,83.38999938964844,7118500
2023-08-03,SHOP.TO,78.88999938964844,4887400
2023-08-04,SHOP.TO,77.5199966430664,4554100
2023-08-08,SHOP.TO,75.33000183105469,3362400
2023-08-09,SHOP.TO,74.11000061035156,2854600
2023-08-10,SHOP.TO,75.91999816894531,2978000
2023-08-11,SHOP.TO,74.29000091552734,1905900
2023-08-14,SHOP.TO,75.37000274658203,2329400
2023-08-15,SHOP.TO,74.69999694824219,3759300
2023-08-16,SHOP.TO,74.91000366210938,3605800
2023-08-17,SHOP.TO,72.05999755859375,3340000
2023-08-18,SHOP.TO,71.9800033569336,2695100
2023-08-21,SHOP.TO,73.05999755859375,2447800
2023-08-22,SHOP.TO,73.19999694824219,2613400
2023-08-23,SHOP.TO,76.83000183105469,3068000
2023-08-24,SHOP.TO,75.31999969482422,2606200
2023-08-25,SHOP.TO,75.56999969482422,2434100
2023-08-28,SHOP.TO,76.63999938964844,1860600
2023-08-29,SHOP.TO,79.7699966430664,4093700
2023-08-30,SHOP.TO,81.20999908447266,3852000
2023-08-31,SHOP.TO,89.88999938964844,6433000
2023-09-01,SHOP.TO,90.7300033569336,3123800
2023-09-05,SHOP.TO,89.75,2235100
2023-09-06,SHOP.TO,89.80999755859375,2832900
2023-09-07,SHOP.TO,88.6500015258789,5536900
2023-09-08,SHOP.TO,85.98999786376953,2149300
2023-09-11,SHOP.TO,87.69000244140625,3252600
2023-09-12,SHOP.TO,85.41999816894531,2490300
2023-09-13,SHOP.TO,84.9000015258789,2328900
2023-09-14,SHOP.TO,85.73999786376953,3160100
2023-09-15,SHOP.TO,84.93000030517578,8411200
2023-09-18,SHOP.TO,80.30999755859375,3399400
2023-09-19,SHOP.TO,78.41000366210938,3051300
2023-09-20,SHOP.TO,76.73999786376953,2034600
2023-09-21,SHOP.TO,72.41000366210938,3740200
2023-09-22,SHOP.TO,71.56999969482422,3474000
2023-09-25,SHOP.TO,72.11000061035156,3377200
2023-09-26,SHOP.TO,69.63999938964844,3458100
2023-09-27,SHOP.TO,70.04000091552734,3032100
2023-09-28,SHOP.TO,71.77999877929688,2623700
2023-09-29,SHOP.TO,74.13999938964844,4348800
2023-10-02,SHOP.TO,73.83999633789062,3028100
2023-10-03,SHOP.TO,70.44000244140625,3514300
2023-10-04,SHOP.TO,72.2300033569336,3762200
2023-10-05,SHOP.TO,71.51000213623047,4081900
2023-10-06,SHOP.TO,73.2699966430664,3095400
2023-10-10,SHOP.TO,74.80000305175781,2337100
2023-10-11,SHOP.TO,73.72000122070312,4183600
2023-10-12,SHOP.TO,73.04000091552734,2533000
2023-10-13,SHOP.TO,70.43000030517578,3432000
2023-10-16,SHOP.TO,72.52999877929688,2637000
2023-10-17,SHOP.TO,73.9000015258789,3080700
2023-10-18,SHOP.TO,72.41000366210938,5530100
2023-10-19,SHOP.TO,71.0999984741211,4329500
2023-10-20,SHOP.TO,70.0999984741211,3877600
2023-10-23,SHOP.TO,69.86000061035156,3275100
2023-10-24,SHOP.TO,71.87000274658203,2289600
2023-10-25,SHOP.TO,66.9000015258789,3745700
2023-10-26,SHOP.TO,64.52999877929688,4559800
2023-10-27,SHOP.TO,64.3499984741211,3583400
2023-10-30,SHOP.TO,64.86000061035156,3481600
2023-10-31,SHOP.TO,65.48999786376953,3668700
2023-11-01,SHOP.TO,67.66000366210938,3115400
2023-11-02,SHOP.TO,82.08000183105469,6460300
2023-11-03,SHOP.TO,84.05999755859375,5931900
2023-11-06,SHOP.TO,82.79000091552734,3099600
2023-11-07,SHOP.TO,84.94999694824219,3232800
2023-11-08,SHOP.TO,86.58999633789062,3077200
2023-11-09,SHOP.TO,83.43000030517578,3397700
2023-11-10,SHOP.TO,84.66999816894531,3288700
2023-11-13,SHOP.TO,86.05999755859375,2184900
2023-11-14,SHOP.TO,89.7699966430664,4669900
2023-11-15,SHOP.TO,92.8499984741211,4011300
2023-11-16,SHOP.TO,92.69000244140625,3458700
2023-11-17,SHOP.TO,93.87000274658203,2761500
2023-11-20,SHOP.TO,95.44999694824219,2496800
2023-11-21,SHOP.TO,95.54000091552734,2972900
2023-11-22,SHOP.TO,97.12999725341797,3801000
2023-11-23,SHOP.TO,96.69999694824219,397100
2023-11-24,SHOP.TO,96.26000213623047,2160900
2023-11-27,SHOP.TO,100.51000213623047,3976200
2023-11-28,SHOP.TO,99.83000183105469,2922000
2023-11-29,SHOP.TO,99.72000122070312,3018500
2023-11-30,SHOP.TO,98.8499984741211,3741000
2023-12-01,SHOP.TO,99.72000122070312,2751600
2023-12-04,SHOP.TO,98.19999694824219,3287800
2023-12-05,SHOP.TO,101.58000183105469,4168000
2023-12-06,SHOP.TO,96.70999908447266,4511000
2023-12-07,SHOP.TO,97.79000091552734,2969300
2023-12-08,SHOP.TO,98.58999633789062,1892600
2023-12-11,SHOP.TO,98.87999725341797,2027600
2023-12-12,SHOP.TO,98.54000091552734,2836400
2023-12-13,SHOP.TO,99.7300033569336,3848800
2023-12-14,SHOP.TO,103.91999816894531,3595800
2023-12-15,SHOP.TO,103.02999877929688,14037100
2023-12-18,SHOP.TO,103.30000305175781,4404200
2023-12-19,SHOP.TO,104.5,4287600
2023-12-20,SHOP.TO,100.79000091552734,4864900
2023-12-21,SHOP.TO,101.12999725341797,3242300
2023-12-22,SHOP.TO,101.87000274658203,3753600
2023-12-27,SHOP.TO,103.4800033569336,2086300
2023-12-28,SHOP.TO,104.62999725341797,1360500
2023-12-29,SHOP.TO,103.16000366210938,1869900
2024-01-02,SHOP.TO,98.38999938964844,3820000
2024-01-03,SHOP.TO,95.91999816894531,2299100
2024-01-04,SHOP.TO,98.11000061035156,2419200
2024-01-05,SHOP.TO,99.58000183105469,3417000
2024-01-08,SHOP.TO,103.76000213623047,2261700
2024-01-09,SHOP.TO,107.29000091552734,2829600
2024-01-10,SHOP.TO,108.45999908447266,1829100
2024-01-11,SHOP.TO,108.9000015258789,1982000
2024-01-12,SHOP.TO,109.12999725341797,2168900
2024-01-15,SHOP.TO,109.18000030517578,440900
2024-01-16,SHOP.TO,109.79000091552734,2903200
2024-01-17,SHOP.TO,108.5,3201500
2024-01-18,SHOP.TO,104.61000061035156,2799600
2024-01-19,SHOP.TO,107.5,2305100
2024-01-22,SHOP.TO,108.26000213623047,2314700
2024-01-23,SHOP.TO,109.30999755859375,1639500
2024-01-24,SHOP.TO,109.25,2246000
2024-01-25,SHOP.TO,108.48999786376953,1812600
2024-01-26,SHOP.TO,109.68000030517578,2026800
2024-01-29,SHOP.TO,112.02999877929688,2701100
2024-01-30,SHOP.TO,110.33000183105469,2123100
2024-01-31,SHOP.TO,107.62999725341797,3113300
2024-02-01,SHOP.TO,102.69999694824219,3973200
2024-02-02,SHOP.TO,111.61000061035156,3617100
2024-02-05,SHOP.TO,110.19000244140625,2665800
2024-02-06,SHOP.TO,109.97000122070312,2654900
2024-02-07,SHOP.TO,114.69000244140625,2713400
2024-02-08,SHOP.TO,118.2300033569336,2680100
2024-02-09,SHOP.TO,122.11000061035156,2327200
2024-02-12,SHOP.TO,119.88999938964844,3959800
2024-02-13,SHOP.TO,104.8499984741211,5436700
2024-02-14,SHOP.TO,109.2699966430664,3819700
2024-02-15,SHOP.TO,113.02999877929688,4067800
2024-02-16,SHOP.TO,109.62000274658203,2883000
2024-02-20,SHOP.TO,106.30000305175781,4104500
2024-02-21,SHOP.TO,102.08000183105469,3096300
2024-02-22,SHOP.TO,101.18000030517578,2099700
2024-02-23,SHOP.TO,102.93000030517578,3760600
2024-02-26,SHOP.TO,104.77999877929688,2082400
2024-02-27,SHOP.TO,103.66999816894531,2126300
2024-02-28,SHOP.TO,102.58999633789062,2139800
2024-02-29,SHOP.TO,103.69000244140625,4140600
2024-03-01,SHOP.TO,103.87000274658203,3850900
2024-03-04,SHOP.TO,102.86000061035156,1638000
2024-03-05,SHOP.TO,99.87000274658203,2209900
2024-03-06,SHOP.TO,100.06999969482422,1645500
2024-03-07,SHOP.TO,101.4000015258789,1914900
2024-03-08,SHOP.TO,102.80000305175781,2179900
2024-03-11,SHOP.TO,101.08000183105469,1261300
2024-03-12,SHOP.TO,103.0199966430664,1986800
2024-03-13,SHOP.TO,105.97000122070312,2124200
2024-03-14,SHOP.TO,106.06999969482422,2465300
2024-03-15,SHOP.TO,104.4800033569336,10624500
2024-03-18,SHOP.TO,104.93000030517578,1966800
2024-03-19,SHOP.TO,105.19000244140625,2431200
2024-03-20,SHOP.TO,109.69000244140625,2675700
2024-03-21,SHOP.TO,107.68000030517578,2273300
2024-03-22,SHOP.TO,107.12999725341797,1398200
2024-03-25,SHOP.TO,106.4800033569336,1683300
2024-03-26,SHOP.TO,106.54000091552734,2433100
2024-03-27,SHOP.TO,106.69999694824219,2185300
2024-03-28,SHOP.TO,104.5,1546600
2024-04-01,SHOP.TO,106.1500015258789,1508400
2024-04-02,SHOP.TO,106.01000213623047,1829200
2024-04-03,SHOP.TO,102.37000274658203,2587000
2024-04-04,SHOP.TO,101.37000274658203,1722300
2024-04-05,SHOP.TO,102.29000091552734,1374400
2024-04-08,SHOP.TO,101.0,1387900
2024-04-09,SHOP.TO,101.6500015258789,2144300
2024-04-10,SHOP.TO,98.45999908447266,2829700
2024-04-11,SHOP.TO,97.88999938964844,2111200
2024-04-12,SHOP.TO,96.43000030517578,1680600
2024-04-15,SHOP.TO,94.51000213623047,3505300
2024-04-16,SHOP.TO,94.91999816894531,2922500
2024-04-17,SHOP.TO,95.62000274658203,3445300
2024-04-18,SHOP.TO,95.79000091552734,3008300
2024-04-19,SHOP.TO,95.81999969482422,2272100
2024-04-22,SHOP.TO,96.6500015258789,2116600
2024-04-23,SHOP.TO,101.0999984741211,2495500
2024-04-24,SHOP.TO,99.01000213623047,1793400
2024-04-25,SHOP.TO,96.33000183105469,2440900
2024-04-26,SHOP.TO,97.47000122070312,1349600
2024-04-29,SHOP.TO,99.02999877929688,2148800
2024-04-30,SHOP.TO,96.6500015258789,3455800
2024-05-01,SHOP.TO,96.8499984741211,2636900
2024-05-02,SHOP.TO,98.48999786376953,2196400
2024-05-03,SHOP.TO,101.86000061035156,2927100
2024-05-06,SHOP.TO,105.68000030517578,4153400
2024-05-07,SHOP.TO,105.75,3191600
2024-05-08,SHOP.TO,86.16000366210938,6133900
2024-05-09,SHOP.TO,85.38999938964844,3075400
2024-05-10,SHOP.TO,80.58000183105469,6142900
2024-05-13,SHOP.TO,80.30000305175781,3915100
2024-05-14,SHOP.TO,79.19000244140625,2663100
2024-05-15,SHOP.TO,79.9800033569336,2380200
2024-05-16,SHOP.TO,78.7300033569336,1858700
2024-05-17,SHOP.TO,79.62999725341797,2334200
2024-05-21,SHOP.TO,77.8499984741211,1951100
2024-05-22,SHOP.TO,80.41000366210938,2107200
2024-05-23,SHOP.TO,79.19000244140625,3002700
2024-05-24,SHOP.TO,77.87000274658203,2015400
2024-05-27,SHOP.TO,78.16000366210938,504000
2024-05-28,SHOP.TO,79.41000366210938,2530800
2024-05-29,SHOP.TO,80.04000091552734,3757200
2024-05-30,SHOP.TO,80.08999633789062,2807200
2024-05-31,SHOP.TO,80.66000366210938,4026300
2024-06-03,SHOP.TO,81.38999938964844,1630100
2024-06-04,SHOP.TO,82.97000122070312,2591300
2024-06-05,SHOP.TO,83.83999633789062,2286000
2024-06-06,SHOP.TO,84.01000213623047,1588900
2024-06-07,SHOP.TO,84.73999786376953,1927900
2024-06-10,SHOP.TO,86.81999969482422,2247800
2024-06-11,SHOP.TO,87.81999969482422,2234400
2024-06-12,SHOP.TO,89.88999938964844,3030700
2024-06-13,SHOP.TO,88.88999938964844,1616500
2024-06-14,SHOP.TO,92.94000244140625,2550300
2024-06-17,SHOP.TO,91.33000183105469,1870700
2024-06-18,SHOP.TO,88.13999938964844,3313400
2024-06-19,SHOP.TO,88.30999755859375,1547000
2024-06-20,SHOP.TO,87.41999816894531,1521900
2024-06-21,SHOP.TO,89.05999755859375,12406900
2024-06-24,SHOP.TO,87.81999969482422,3911200
2024-06-25,SHOP.TO,88.47000122070312,3178400
2024-06-26,SHOP.TO,89.66999816894531,1845800
2024-06-27,SHOP.TO,90.94000244140625,2230900
2024-06-28,SHOP.TO,90.41000366210938,2657600
2024-07-02,SHOP.TO,90.33000183105469,1701300
2024-07-03,SHOP.TO,91.83999633789062,1466400
2024-07-04,SHOP.TO,91.37000274658203,363200
2024-07-05,SHOP.TO,92.19000244140625,2103900
2024-07-08,SHOP.TO,91.91000366210938,1051500
2024-07-09,SHOP.TO,90.12999725341797,1371200
2024-07-10,SHOP.TO,89.3499984741211,2103600
2024-07-11,SHOP.TO,89.08000183105469,3751300
2024-07-12,SHOP.TO,88.5,4522200
2024-07-15,SHOP.TO,87.81999969482422,2197200
2024-07-16,SHOP.TO,95.31999969482422,3247500
2024-07-17,SHOP.TO,88.70999908447266,3645100
2024-07-18,SHOP.TO,86.55999755859375,3954000
2024-07-19,SHOP.TO,86.76000213623047,2956200
2024-07-22,SHOP.TO,86.26000213623047,2385700
2024-07-23,SHOP.TO,86.37000274658203,1393700
2024-07-24,SHOP.TO,81.87000274658203,2109400
2024-07-25,SHOP.TO,82.19999694824219,1680600
2024-07-26,SHOP.TO,82.93000030517578,1375000
2024-07-29,SHOP.TO,82.94000244140625,1793700
2024-07-30,SHOP.TO,82.0,1734300
2024-07-31,SHOP.TO,84.55999755859375,2732700
2024-08-01,SHOP.TO,80.63999938964844,4452400
2024-08-02,SHOP.TO,75.41000366210938,6073900
2024-08-06,SHOP.TO,74.55999755859375,5739200
2024-08-07,SHOP.TO,87.87000274658203,8458000
2024-08-08,SHOP.TO,94.1500015258789,4876200
2024-08-09,SHOP.TO,95.12999725341797,1860200
2024-08-12,SHOP.TO,93.9000015258789,3594500
2024-08-13,SHOP.TO,95.83999633789062,2008500
2024-08-14,SHOP.TO,98.22000122070312,2188700
2024-08-15,SHOP.TO,102.77999877929688,3392800
2024-08-16,SHOP.TO,102.04000091552734,1253100
2024-08-19,SHOP.TO,102.47000122070312,1659400
2024-08-20,SHOP.TO,101.98999786376953,1413800
2024-08-21,SHOP.TO,103.54000091552734,2547400
2024-08-22,SHOP.TO,101.16999816894531,1421300
2024-08-23,SHOP.TO,102.9000015258789,3507400
2024-08-26,SHOP.TO,101.0999984741211,2412300
2024-08-27,SHOP.TO,100.20999908447266,1502100
2024-08-28,SHOP.TO,97.76000213623047,2974500
2024-08-29,SHOP.TO,98.88999938964844,2238300
2024-08-30,SHOP.TO,99.80999755859375,2291000
2024-09-03,SHOP.TO,96.58000183105469,2291900
2024-09-04,SHOP.TO,94.9000015258789,1417600
2024-09-05,SHOP.TO,94.73999786376953,1378500
2024-09-06,SHOP.TO,90.88999938964844,2312000
2024-09-09,SHOP.TO,92.4000015258789,1360800
2024-09-10,SHOP.TO,92.7699966430664,2756600
2024-09-11,SHOP.TO,97.06999969482422,2269800
2024-09-12,SHOP.TO,96.83999633789062,2810000
2024-09-13,SHOP.TO,98.44000244140625,1547600
2024-09-16,SHOP.TO,99.9800033569336,2332500
2024-09-17,SHOP.TO,101.2699966430664,2450100
2024-09-18,SHOP.TO,102.5,2357600
2024-09-19,SHOP.TO,106.73999786376953,4844200
2024-09-20,SHOP.TO,106.76000213623047,8426000
2024-09-23,SHOP.TO,108.2300033569336,1711500
2024-09-24,SHOP.TO,107.95999908447266,3377900
2024-09-25,SHOP.TO,106.88999938964844,1407300
2024-09-26,SHOP.TO,108.83999633789062,3437800
2024-09-27,SHOP.TO,107.11000061035156,1687600
2024-09-30,SHOP.TO,108.3499984741211,2246500
2024-10-01,SHOP.TO,105.9800033569336,2157400
2024-10-02,SHOP.TO,106.83000183105469,1365900
2024-10-03,SHOP.TO,105.9800033569336,2480500
2024-10-04,SHOP.TO,111.91000366210938,3274600
2024-10-07,SHOP.TO,110.19000244140625,3953500
2024-10-08,SHOP.TO,112.76000213623047,4256800
2024-10-09,SHOP.TO,114.4000015258789,2649700
2024-10-10,SHOP.TO,113.80999755859375,1524600
2024-10-11,SHOP.TO,114.58999633789062,2009600
2024-10-15,SHOP.TO,112.9800033569336,2059800
2024-10-16,SHOP.TO,112.5199966430664,1867600
2024-10-17,SHOP.TO,112.6500015258789,1265900
2024-10-18,SHOP.TO,114.19999694824219,1870400
2024-10-21,SHOP.TO,114.3499984741211,1213000
2024-10-22,SHOP.TO,112.79000091552734,1321100
2024-10-23,SHOP.TO,110.18000030517578,1293800
2024-10-24,SHOP.TO,110.56999969482422,1821800
2024-10-25,SHOP.TO,109.83999633789062,1628400
2024-10-28,SHOP.TO,110.97000122070312,3697400
2024-10-29,SHOP.TO,112.05000305175781,1754100
2024-10-30,SHOP.TO,111.25,1791500
2024-10-31,SHOP.TO,108.91999816894531,3506300
2024-11-01,SHOP.TO,110.26000213623047,1859700
2024-11-04,SHOP.TO,109.05999755859375,2879400
2024-11-05,SHOP.TO,110.13999938964844,1073400
2024-11-06,SHOP.TO,114.22000122070312,1960800
2024-11-07,SHOP.TO,118.68000030517578,1715900
2024-11-08,SHOP.TO,121.25,2519700
2024-11-11,SHOP.TO,125.37000274658203,3503200
2024-11-12,SHOP.TO,152.25999450683594,6324600
2024-11-13,SHOP.TO,161.1999969482422,3756200
2024-11-14,SHOP.TO,153.42999267578125,2629600
2024-11-15,SHOP.TO,152.8699951171875,1907800
2024-11-18,SHOP.TO,148.49000549316406,1902000
2024-11-19,SHOP.TO,145.99000549316406,2288800
2024-11-20,SHOP.TO,145.33999633789062,1412200
2024-11-21,SHOP.TO,148.80999755859375,2130600
2024-11-22,SHOP.TO,149.47999572753906,1493500
2024-11-25,SHOP.TO,155.25999450683594,3671200
2024-11-26,SHOP.TO,157.6699981689453,4179700
2024-11-27,SHOP.TO,157.8000030517578,1741400
2024-11-28,SHOP.TO,158.27000427246094,386400
2024-11-29,SHOP.TO,161.83999633789062,2661900
2024-12-02,SHOP.TO,158.6699981689453,3984100
2024-12-03,SHOP.TO,157.47000122070312,2639800
2024-12-04,SHOP.TO,159.6300048828125,2678700
2024-12-05,SHOP.TO,160.0800018310547,2195500
2024-12-06,SHOP.TO,167.5500030517578,1866100
2024-12-09,SHOP.TO,163.4199981689453,1856700
2024-12-10,SHOP.TO,160.80999755859375,2764800
2024-12-11,SHOP.TO,166.30999755859375,1783500
2024-12-12,SHOP.TO,164.1699981689453,1846200
2024-12-13,SHOP.TO,163.22000122070312,1426400
2024-12-16,SHOP.TO,165.32000732421875,1410000
2024-12-17,SHOP.TO,170.8800048828125,1801500
2024-12-18,SHOP.TO,158.36000061035156,2803100
2024-12-19,SHOP.TO,154.08999633789062,2559400
2024-12-20,SHOP.TO,156.72000122070312,6192700
2024-12-23,SHOP.TO,157.0500030517578,1907900
2024-12-24,SHOP.TO,159.5,455400
2024-12-27,SHOP.TO,156.02999877929688,1569600
2024-12-30,SHOP.TO,153.1999969482422,1366000
2024-12-31,SHOP.TO,152.99000549316406,1031200
2025-01-02,SHOP.TO,154.91000366210938,1396400
2025-01-03,SHOP.TO,157.8699951171875,1381400
2025-01-06,SHOP.TO,163.6699981689453,1543200
2025-01-07,SHOP.TO,153.36000061035156,2009200
2025-01-08,SHOP.TO,154.8800048828125,2044700
2025-01-09,SHOP.TO,155.4499969482422,308000
2025-01-10,SHOP.TO,149.72000122070312,2491200
2025-01-13,SHOP.TO,146.47000122070312,2244400
2025-01-14,SHOP.TO,145.82000732421875,1847000
2025-01-15,SHOP.TO,149.4199981689453,1418700
2025-01-16,SHOP.TO,149.00999450683594,1315100
2025-01-17,SHOP.TO,149.5500030517578,2739500
2025-01-20,SHOP.TO,149.52000427246094,427500
2025-01-21,SHOP.TO,152.42999267578125,1701700
2025-01-22,SHOP.TO,153.02999877929688,1525100
2025-01-23,SHOP.TO,152.66000366210938,1230500
2025-01-24,SHOP.TO,154.47000122070312,1613000
2025-01-27,SHOP.TO,154.35000610351562,1179500
2025-01-28,SHOP.TO,169.1999969482422,2338300
2025-01-29,SHOP.TO,168.4600067138672,1564400
2025-01-30,SHOP.TO,172.55999755859375,2012400
2025-01-31,SHOP.TO,169.61000061035156,2475400
2025-02-03,SHOP.TO,166.57000732421875,2982000
2025-02-04,SHOP.TO,170.72999572753906,1595400
2025-02-05,SHOP.TO,174.3800048828125,2003000
2025-02-06,SHOP.TO,169.97000122070312,1678600
2025-02-07,SHOP.TO,167.6699981689453,1342000
2025-02-10,SHOP.TO,171.5500030517578,2274400
2025-02-11,SHOP.TO,176.57000732421875,3695100
2025-02-12,SHOP.TO,172.0800018310547,2425400
2025-02-13,SHOP.TO,181.02000427246094,2498900
2025-02-14,SHOP.TO,181.9199981689453,1739400
2025-02-18,SHOP.TO,183.4499969482422,1889600
2025-02-19,SHOP.TO,181.6699981689453,2404700
2025-02-20,SHOP.TO,174.97000122070312,2426500
2025-02-21,SHOP.TO,164.47999572753906,2085900
2025-02-24,SHOP.TO,164.6300048828125,1909000
2025-02-25,SHOP.TO,158.77999877929688,2127900
2025-02-26,SHOP.TO,162.5399932861328,1659000
2025-02-27,SHOP.TO,160.07000732421875,1507700
2025-02-28,SHOP.TO,162.0399932861328,2759700
2025-03-03,SHOP.TO,154.5500030517578,2688600
2025-03-04,SHOP.TO,147.24000549316406,3093500
2025-03-05,SHOP.TO,152.1699981689453,2842500
2025-03-06,SHOP.TO,146.63999938964844,2985300
2025-03-07,SHOP.TO,143.85000610351562,3572200
2025-03-10,SHOP.TO,133.92999267578125,3357000
2025-03-11,SHOP.TO,133.9600067138672,2523400
2025-03-12,SHOP.TO,138.83999633789062,3282900
2025-03-13,SHOP.TO,130.72000122070312,2946400
2025-03-14,SHOP.TO,136.3300018310547,1808600
2025-03-17,SHOP.TO,138.02000427246094,2035100
2025-03-18,SHOP.TO,134.3800048828125,1640400
2025-03-19,SHOP.TO,145.50999450683594,2788200
2025-03-20,SHOP.TO,145.6999969482422,2018900
2025-03-21,SHOP.TO,149.5500030517578,6607700
2025-03-24,SHOP.TO,156.5500030517578,1973700
2025-03-25,SHOP.TO,156.8300018310547,1677200
2025-03-26,SHOP.TO,148.75999450683594,1608200
2025-03-27,SHOP.TO,146.6199951171875,1432200
2025-03-28,SHOP.TO,138.25,2201400
2025-03-31,SHOP.TO,136.89999389648438,3253600
2025-04-01,SHOP.TO,139.72000122070312,2212300
2025-04-02,SHOP.TO,144.17999267578125,2185600
2025-04-03,SHOP.TO,115.87999725341797,4808500
2025-04-04,SHOP.TO,109.41999816894531,4698700
2025-04-07,SHOP.TO,112.30999755859375,3641400
2025-04-08,SHOP.TO,109.83999633789062,5175100
2025-04-09,SHOP.TO,129.08999633789062,5162500
2025-04-10,SHOP.TO,118.26000213623047,4004300
2025-04-11,SHOP.TO,116.38999938964844,3445900
2025-04-14,SHOP.TO,114.8499984741211,2581200
2025-04-15,SHOP.TO,117.37000274658203,2599600
2025-04-16,SHOP.TO,116.58000183105469,2677800
2025-04-17,SHOP.TO,116.02999877929688,2444400
2025-04-21,SHOP.TO,112.91999816894531,1401800
2025-04-22,SHOP.TO,118.4800033569336,2245600
2025-04-23,SHOP.TO,126.29000091552734,2552900
2025-04-24,SHOP.TO,131.77000427246094,1686000
2025-04-25,SHOP.TO,134.6699981689453,1743000
2025-04-28,SHOP.TO,136.17999267578125,1160600
2025-04-29,SHOP.TO,136.86000061035156,1398200
2025-04-30,SHOP.TO,131.1199951171875,3194200
2025-05-01,SHOP.TO,134.3300018310547,1381900
2025-05-02,SHOP.TO,137.00999450683594,2008800
2025-05-05,SHOP.TO,135.85000610351562,1253200
2025-05-06,SHOP.TO,129.24000549316406,1992100
2025-05-07,SHOP.TO,131.2899932861328,2657000
2025-05-08,SHOP.TO,130.8800048828125,3856300
2025-05-09,SHOP.TO,127.9800033569336,2014400
2025-05-12,SHOP.TO,146.0,3705600
2025-05-13,SHOP.TO,150.11000061035156,2308400
2025-05-14,SHOP.TO,155.8300018310547,2587900
2025-05-15,SHOP.TO,153.92999267578125,1932000
2025-05-16,SHOP.TO,154.91000366210938,2736300
2025-05-20,SHOP.TO,148.02999877929688,1915300
2025-05-21,SHOP.TO,141.82000732421875,2396500
2025-05-22,SHOP.TO,143.19000244140625,1791000
2025-05-23,SHOP.TO,139.50999450683594,1773100
2025-05-26,SHOP.TO,143.33999633789062,885800
2025-05-27,SHOP.TO,147.50999450683594,1649500
2025-05-28,SHOP.TO,148.27999877929688,1919900
2025-05-29,SHOP.TO,148.61000061035156,1732100
2025-05-30,SHOP.TO,146.63999938964844,3635800
2025-06-02,SHOP.TO,145.92999267578125,1152000
2025-06-03,SHOP.TO,144.13999938964844,1208400
2025-06-04,SHOP.TO,141.7100067138672,1573400
2025-06-05,SHOP.TO,143.52999877929688,1550200
2025-06-06,SHOP.TO,152.5800018310547,2015000
2025-06-09,SHOP.TO,147.5500030517578,2374700
2025-06-10,SHOP.TO,150.7899932861328,1629000
2025-06-11,SHOP.TO,156.0,2021000
2025-06-12,SHOP.TO,148.55999755859375,1702200
2025-06-13,SHOP.TO,143.17999267578125,1566700
2025-06-16,SHOP.TO,147.07000732421875,1549900
2025-06-17,SHOP.TO,145.3800048828125,1234200
2025-06-18,SHOP.TO,145.27000427246094,1727300
2025-06-19,SHOP.TO,143.6999969482422,459200
2025-06-20,SHOP.TO,146.22999572753906,3598100
2025-06-23,SHOP.TO,150.99000549316406,1700100
2025-06-24,SHOP.TO,157.02999877929688,1750000
2025-06-25,SHOP.TO,156.1699981689453,1511900
2025-06-26,SHOP.TO,154.2100067138672,3128600
2025-06-27,SHOP.TO,155.72999572753906,2457900
2025-06-30,SHOP.TO,157.05999755859375,1689800
2025-07-02,SHOP.TO,155.9600067138672,2082000
2025-07-03,SHOP.TO,159.2899932861328,1196000
2025-07-04,SHOP.TO,158.25999450683594,346700
2025-07-07,SHOP.TO,159.3300018310547,1420500
2025-07-08,SHOP.TO,153.99000549316406,2008300
2025-07-09,SHOP.TO,156.49000549316406,1671900
2025-07-10,SHOP.TO,157.42999267578125,1920800
2025-07-11,SHOP.TO,153.4199981689453,1666200
2025-07-14,SHOP.TO,159.9499969482422,2028300
2025-07-15,SHOP.TO,157.86000061035156,1460200
2025-07-16,SHOP.TO,164.1199951171875,2042600
2025-07-17,SHOP.TO,174.2100067138672,2428800
2025-07-18,SHOP.TO,174.36000061035156,1513100
2025-07-21,SHOP.TO,175.7899932861328,1115100
2025-07-22,SHOP.TO,168.4499969482422,1865900
2025-07-23,SHOP.TO,166.05999755859375,1572200
2025-07-24,SHOP.TO,166.52000427246094,980100
2025-07-25,SHOP.TO,170.6199951171875,1097900
2025-07-28,SHOP.TO,174.16000366210938,1151800
2025-07-29,SHOP.TO,171.97000122070312,1224400
2025-07-30,SHOP.TO,170.33999633789062,1585200
2025-07-31,SHOP.TO,169.3699951171875,2023400
2025-08-01,SHOP.TO,163.6300048828125,2161800
2025-08-05,SHOP.TO,175.16000366210938,1872400
2025-08-06,SHOP.TO,212.82000732421875,4168100
2025-08-07,SHOP.TO,207.55999755859375,2445600
2025-08-08,SHOP.TO,205.82000732421875,1364900
2025-08-11,SHOP.TO,203.3800048828125,1359300
2025-08-12,SHOP.TO,205.8000030517578,1238900
2025-08-13,SHOP.TO,206.77999877929688,1292700
2025-08-14,SHOP.TO,199.4600067138672,1833200
2025-08-15,SHOP.TO,195.60000610351562,1573700
2025-08-18,SHOP.TO,197.6999969482422,1024300
2025-08-19,SHOP.TO,193.05999755859375,1107100
2025-08-20,SHOP.TO,190.42999267578125,1165700
2025-08-21,SHOP.TO,190.10000610351562,1063300
2025-08-22,SHOP.TO,196.52000427246094,2197400
2025-08-25,SHOP.TO,194.8699951171875,1002400
2025-08-26,SHOP.TO,194.86000061035156,1761400
2025-08-27,SHOP.TO,193.02999877929688,1094300
2025-08-28,SHOP.TO,194.77999877929688,1290100
2025-08-29,SHOP.TO,193.97999572753906,1223100
2025-09-02,SHOP.TO,191.7100067138672,1233800
2025-09-03,SHOP.TO,193.49000549316406,1071100
2025-09-04,SHOP.TO,200.77999877929688,1220100
2025-09-05,SHOP.TO,203.33999633789062,1545900
2025-09-08,SHOP.TO,201.89999389648438,1222800
2025-09-09,SHOP.TO,198.8300018310547,1241500
2025-09-10,SHOP.TO,197.22000122070312,1405000
2025-09-11,SHOP.TO,200.64999389648438,1564300
2025-09-12,SHOP.TO,198.49000549316406,1319500
2025-09-15,SHOP.TO,203.6699981689453,1298200
2025-09-16,SHOP.TO,202.33999633789062,2977400
2025-09-17,SHOP.TO,203.57000732421875,1924400
2025-09-18,SHOP.TO,209.74000549316406,1538300
2025-09-19,SHOP.TO,211.60000610351562,5652400
2025-09-22,SHOP.TO,217.27000427246094,1300100
2025-09-23,SHOP.TO,207.47000122070312,1699600
2025-09-24,SHOP.TO,206.83999633789062,1302300
2025-09-25,SHOP.TO,199.9600067138672,1449800
2025-09-26,SHOP.TO,195.39999389648438,2020100
2025-09-29,SHOP.TO,207.4600067138672,2133700
2025-09-30,SHOP.TO,206.75999450683594,1732800
2025-10-01,SHOP.TO,208.6199951171875,1139000
2025-10-02,SHOP.TO,211.24000549316406,2139600
2025-10-03,SHOP.TO,224.88999938964844,2079300
2025-10-06,SHOP.TO,229.52000427246094,1310100
2025-10-07,SHOP.TO,225.10000610351562,1117300
2025-10-08,SHOP.TO,232.4199981689453,1256100
2025-10-09,SHOP.TO,229.8800048828125,1037000
2025-10-10,SHOP.TO,211.38999938964844,1955700
2025-10-14,SHOP.TO,214.83999633789062,1539000
2025-10-15,SHOP.TO,219.4199981689453,1227000
2025-10-16,SHOP.TO,220.10000610351562,2468400
2025-10-17,SHOP.TO,220.92999267578125,963300
2025-10-20,SHOP.TO,231.35000610351562,1248800
2025-10-21,SHOP.TO,227.9600067138672,983400
2025-10-22,SHOP.TO,226.55999755859375,1649200
2025-10-23,SHOP.TO,233.50999450683594,1624900
2025-10-24,SHOP.TO,242.1199951171875,1835900
2025-10-27,SHOP.TO,245.1699981689453,2012600
2025-10-28,SHOP.TO,249.38999938964844,1577100
2025-10-29,SHOP.TO,249.7100067138672,1445000
2025-10-30,SHOP.TO,242.9499969482422,1531600
2025-10-31,SHOP.TO,243.86000061035156,1501300
2025-11-03,SHOP.TO,242.9600067138672,1819700
2025-11-04,SHOP.TO,227.22999572753906,1869300
2025-11-05,SHOP.TO,230.6300048828125,1711200
2025-11-06,SHOP.TO,220.3300018310547,1781100
2025-11-07,SHOP.TO,214.22000122070312,1789900
2025-11-10,SHOP.TO,222.69000244140625,1101200
2025-11-11,SHOP.TO,222.7100067138672,792800
2025-11-12,SHOP.TO,219.49000549316406,1299400
2025-11-13,SHOP.TO,205.8800048828125,2152200
2025-11-14,SHOP.TO,204.9199981689453,1833600
2025-11-17,SHOP.TO,196.88999938964844,2172000
2025-11-18,SHOP.TO,196.32000732421875,2390300
2025-11-19,SHOP.TO,205.36000061035156,2044700
2025-11-20,SHOP.TO,203.9199981689453,1951000
2025-11-21,SHOP.TO,208.27999877929688,1744600
2025-11-24,SHOP.TO,219.13999938964844,2949100
2025-11-25,SHOP.TO,221.99000549316406,1913600
2025-11-26,SHOP.TO,223.8699951171875,1217700
2025-11-27,SHOP.TO,224.0,226600
2025-11-28,SHOP.TO,223.22000122070312,751800
2025-12-01,SHOP.TO,209.11000061035156,1457700
2025-12-02,SHOP.TO,219.36000061035156,1308600
2025-12-03,SHOP.TO,223.1300048828125,1270500
2025-12-04,SHOP.TO,226.6699981689453,1001000
2025-12-05,SHOP.TO,222.77999877929688,1013400
2025-12-08,SHOP.TO,219.67999267578125,1767500
2025-12-09,SHOP.TO,221.75999450683594,1309700
2025-12-10,SHOP.TO,232.49000549316406,2840200
2025-12-11,SHOP.TO,226.91000366210938,1167900
2025-12-12,SHOP.TO,226.14999389648438,1310100
2025-12-15,SHOP.TO,220.22000122070312,1500500
2025-12-16,SHOP.TO,224.35000610351562,1540100
2025-12-17,SHOP.TO,223.02000427246094,1732400
2025-12-18,SHOP.TO,229.89999389648438,1366000
2025-12-19,SHOP.TO,233.8000030517578,4959500
2025-12-22,SHOP.TO,233.3800048828125,1210900
2025-12-23,SHOP.TO,232.1199951171875,1439900
2025-12-24,SHOP.TO,231.75999450683594,424800
2025-12-29,SHOP.TO,229.85000610351562,1791100
2025-12-30,SHOP.TO,224.2100067138672,1540200
2025-12-31,SHOP.TO,221.0,1021100
2026-01-02,SHOP.TO,216.1300048828125,1061800
2026-01-05,SHOP.TO,229.05999755859375,1699400
2026-01-06,SHOP.TO,233.0,1514400
2026-01-07,SHOP.TO,231.1199951171875,1283200
2026-01-08,SHOP.TO,233.44000244140625,1535000
2026-01-09,SHOP.TO,229.02999877929688,1493700
2026-01-12,SHOP.TO,233.0399932861328,1907800
2026-01-13,SHOP.TO,232.4199981689453,1509500
2026-01-14,SHOP.TO,218.61000061035156,2724700
2026-01-15,SHOP.TO,219.67999267578125,1183800
2026-01-16,SHOP.TO,217.02999877929688,1056500
2026-01-19,SHOP.TO,214.14999389648438,369000
2026-01-20,SHOP.TO,200.05999755859375,2393500
2026-01-21,SHOP.TO,191.5800018310547,2507700
2026-01-22,SHOP.TO,189.69000244140625,2439300
2026-01-23,SHOP.TO,189.0399932861328,1614800
2026-01-26,SHOP.TO,187.02999877929688,1853200
2026-01-27,SHOP.TO,186.82000732421875,1118700
2026-01-28,SHOP.TO,188.58999633789062,1561000
2026-01-29,SHOP.TO,193.52999877929688,2867700
2026-01-30,SHOP.TO,178.6699981689453,2764200
2026-02-02,SHOP.TO,180.6199951171875,2012200
2026-02-03,SHOP.TO,163.17999267578125,3029500
2026-02-04,SHOP.TO,156.72000122070312,3191600
2026-02-05,SHOP.TO,152.41000366210938,2395200
2026-02-06,SHOP.TO,153.05999755859375,2145000
2026-02-09,SHOP.TO,160.63999938964844,2367300
2026-02-10,SHOP.TO,172.5399932861328,2613400
2026-02-11,SHOP.TO,160.41000366210938,5164200
2026-02-12,SHOP.TO,150.5500030517578,4384000
2026-02-13,SHOP.TO,153.8800048828125,2231300
2026-02-17,SHOP.TO,154.8000030517578,1425700
2026-02-18,SHOP.TO,166.57000732421875,2113600
2026-02-19,SHOP.TO,169.61000061035156,1384300
2026-02-20,SHOP.TO,172.88999938964844,1825100
2026-02-23,SHOP.TO,160.6699981689453,1801900
2026-02-24,SHOP.TO,160.4600067138672,1847700
2026-02-25,SHOP.TO,164.63999938964844,1562200
2026-02-26,SHOP.TO,172.14999389648438,1630400
2026-02-27,SHOP.TO,164.6699981689453,3046500
2026-03-02,SHOP.TO,163.32000732421875,1415400
2026-03-03,SHOP.TO,166.6699981689453,2539800
2026-03-04,SHOP.TO,176.75,1923500
2026-03-05,SHOP.TO,184.25999450683594,2425900
2026-03-06,SHOP.TO,176.77999877929688,2426400
2026-03-09,SHOP.TO,181.4199981689453,1736100
2026-03-10,SHOP.TO,175.77999877929688,1615900
2026-03-11,SHOP.TO,175.97000122070312,1261500
2026-03-12,SHOP.TO,171.94000244140625,2248200
2026-03-13,SHOP.TO,168.8300018310547,1353400
2026-03-16,SHOP.TO,173.2100067138672,1149300
2026-03-17,SHOP.TO,175.13999938964844,1334900
2026-03-18,SHOP.TO,170.05999755859375,1116700
2026-03-19,SHOP.TO,168.25999450683594,1035200
2026-03-20,SHOP.TO,160.63999938964844,5836500
2026-03-23,SHOP.TO,166.17999267578125,1799800
2026-03-24,SHOP.TO,159.83999633789062,2279900
2026-03-25,SHOP.TO,163.72000122070312,1849500
2026-03-26,SHOP.TO,159.9499969482422,1102000
2026-03-27,SHOP.TO,155.4199981689453,1592000
2026-03-30,SHOP.TO,155.77999877929688,1608800
2026-03-31,SHOP.TO,165.05999755859375,2273000
2026-04-01,SHOP.TO,164.6999969482422,1386000
2026-04-02,SHOP.TO,164.5800018310547,1515600
2026-04-06,SHOP.TO,165.3699951171875,1305000
2026-04-07,SHOP.TO,162.97999572753906,3003300
2026-04-08,SHOP.TO,166.27000427246094,1725200
2026-04-09,SHOP.TO,155.42999267578125,2725700
2026-04-10,SHOP.TO,153.5500030517578,2713900
2026-04-13,SHOP.TO,158.63999938964844,2103200
2026-04-14,SHOP.TO,162.02999877929688,2538700
2026-04-15,SHOP.TO,175.19000244140625,2519400
2026-04-16,SHOP.TO,174.1199951171875,1231900
2026-04-17,SHOP.TO,179.49000549316406,1583200
2026-04-20,SHOP.TO,184.52999877929688,1289900
2026-04-21,SHOP.TO,179.19000244140625,1448200
2026-04-22,SHOP.TO,180.6199951171875,958400
2026-04-23,SHOP.TO,170.27000427246094,1573600
2026-04-24,SHOP.TO,171.8800048828125,1177100
2026-04-27,SHOP.TO,169.49000549316406,1578800
2026-04-28,SHOP.TO,167.1699981689453,1163700
2026-04-29,SHOP.TO,166.05999755859375,1286300
2026-04-30,SHOP.TO,164.8800048828125,1610300
2026-05-01,SHOP.TO,173.47999572753906,1349000
2026-05-04,SHOP.TO,173.3699951171875,1299300
2026-05-05,SHOP.TO,146.27999877929688,5221000
2026-05-06,SHOP.TO,144.27000427246094,3866400
2026-05-07,SHOP.TO,152.57000732421875,2887900
2026-05-08,SHOP.TO,150.67999267578125,2422100
2026-05-11,SHOP.TO,140.27999877929688,3215800
2026-05-12,SHOP.TO,136.8699951171875,2326800
2026-05-13,SHOP.TO,130.7100067138672,3344400
2026-05-14,SHOP.TO,133.69000244140625,2064500
2026-05-15,SHOP.TO,137.94000244140625,1871700
2026-05-19,SHOP.TO,139.00999450683594,2368300
2026-05-20,SHOP.TO,144.32000732421875,2033100
2026-05-21,SHOP.TO,144.50999450683594,2074900
2026-05-22,SHOP.TO,142.5,1515800
2026-05-25,SHOP.TO,144.8800048828125,457100
2026-05-26,SHOP.TO,144.88999938964844,1170500
2026-05-27,SHOP.TO,147.47000122070312,1592900
2026-05-28,SHOP.TO,158.41000366210938,3301000
2026-05-29,SHOP.TO,164.41000366210938,5533300
2026-06-01,SHOP.TO,171.6699981689453,1948600
2026-06-02,SHOP.TO,161.9499969482422,2274700
2026-06-03,SHOP.TO,157.0800018310547,1906200
2026-06-04,SHOP.TO,161.5399932861328,1201900
2026-06-05,SHOP.TO,152.7899932861328,1480700
2026-06-08,SHOP.TO,154.64999389648438,1821700
2026-06-09,SHOP.TO,154.1300048828125,1495900
2026-06-10,SHOP.TO,150.92999267578125,1587500
2026-06-11,SHOP.TO,154.22000122070312,1953100
2026-06-12,SHOP.TO,151.47000122070312,1926700
2026-06-15,SHOP.TO,157.27000427246094,1742600
2026-06-16,SHOP.TO,158.49000549316406,1735800
2026-06-17,SHOP.TO,152.7100067138672,2556700
2026-06-18,SHOP.TO,153.74000549316406,1563500
2026-06-19,SHOP.TO,151.5800018310547,4017200
2026-06-22,SHOP.TO,152.97000122070312,1594000
2026-06-23,SHOP.TO,153.2100067138672,1625000
2026-06-24,SHOP.TO,162.58999633789062,2457600
2026-06-25,SHOP.TO,158.38999938964844,1567000
2026-06-26,SHOP.TO,165.6999969482422,2318400
2026-06-29,SHOP.TO,162.32000732421875,3215400
2026-06-30,SHOP.TO,162.25999450683594,1853100
2026-07-02,SHOP.TO,169.64999389648438,1951200
2026-07-03,SHOP.TO,171.4199981689453,1036300
2026-07-06,SHOP.TO,170.6999969482422,1906100
2026-07-07,SHOP.TO,173.1999969482422,2213100
2026-07-08,SHOP.TO,168.69000244140625,2262500
2026-07-09,SHOP.TO,174.4499969482422,1649400
2026-07-10,SHOP.TO,173.50999450683594,1497500
2026-07-13,SHOP.TO,176.57000732421875,2059500
2026-07-14,SHOP.TO,176.83999633789062,1690100
2026-07-15,SHOP.TO,173.61000061035156,2567700
2026-07-16,SHOP.TO,175.75999450683594,1674200
2026-07-17,SHOP.TO,173.22999572753906,1587100
2026-07-20,SHOP.TO,175.1699981689453,2556900
2026-07-21,SHOP.TO,173.74000549316406,1548300
2026-07-22,SHOP.TO,166.8800048828125,1642400
2026-07-23,SHOP.TO,157.86000061035156,2765500
2026-07-24,SHOP.TO,160.4600067138672,1299100
2026-07-27,SHOP.TO,179.13999938964844,5309200
2026-07-28,SHOP.TO,183.9199981689453,2951100
2026-07-29,SHOP.TO,181.72999572753906,1656400
2026-07-30,SHOP.TO,171.52000427246094,1553000
2026-07-31,SHOP.TO,164.17999267578125,2488200
2026-08-04,SHOP.TO,173.41000366210938,2872000
2026-08-05,SHOP.TO,201.97000122070312,4980400
2026-08-06,SHOP.TO,206.4199981689453,2758800
2026-08-07,SHOP.TO,211.3699951171875,3058700
2026-08-10,SHOP.TO,216.10000610351562,3065200
2026-08-11,SHOP.TO,212.3000030517578,3415900
2026-08-12,SHOP.TO,209.77999877929688,1904700
2026-08-13,SHOP.TO,220.97000122070312,2097500
2026-08-14,SHOP.TO,214.35000610351562,1447600
2026-08-17,SHOP.TO,206.39999389648438,2001900
2026-08-18,SHOP.TO,203.92999267578125,1378400
2026-08-19,SHOP.TO,202.61000061035156,1749400
2026-08-20,SHOP.TO,203.3699951171875,1756500
2026-08-21,SHOP.TO,205.6300048828125,1306000
2026-08-24,SHOP.TO,207.6300048828125,885100
2026-08-25,SHOP.TO,212.83999633789062,1677000
2026-08-26,SHOP.TO,208.5,1024100
2026-08-27,SHOP.TO,213.6699981689453,3813100
2026-08-28,SHOP.TO,212.4199981689453,1625400
2026-08-31,SHOP.TO,204.27000427246094,2161800
2018-01-02,CSU.TO,724.8739013671875,32700
2018-01-03,CSU.TO,720.15234375,22500
2018-01-04,CSU.TO,708.56298828125,27000
2018-01-05,CSU.TO,698.2230834960938,39300
2018-01-08,CSU.TO,697.5554809570312,34600
2018-01-09,CSU.TO,697.8416748046875,57000
2018-01-10,CSU.TO,693.6160888671875,35300
2018-01-11,CSU.TO,693.3965454101562,24400
2018-01-12,CSU.TO,699.3389892578125,39200
2018-01-15,CSU.TO,702.9923706054688,8100
2018-01-16,CSU.TO,751.5150146484375,102000
2018-01-17,CSU.TO,749.5025634765625,51200
2018-01-18,CSU.TO,761.2730712890625,34500
2018-01-19,CSU.TO,751.9444580078125,40300
2018-01-22,CSU.TO,751.6103515625,49700
2018-01-23,CSU.TO,756.494140625,31300
2018-01-24,CSU.TO,748.7777099609375,37400
2018-01-25,CSU.TO,752.4688110351562,30200
2018-01-26,CSU.TO,760.2619018554688,19900
2018-01-29,CSU.TO,772.9005126953125,50600
2018-01-30,CSU.TO,754.5196533203125,25600
2018-01-31,CSU.TO,758.4210205078125,36100
2018-02-01,CSU.TO,768.9229125976562,34100
2018-02-02,CSU.TO,759.537109375,42800
2018-02-05,CSU.TO,753.5563354492188,79400
2018-02-06,CSU.TO,748.7777099609375,64300
2018-02-07,CSU.TO,741.509033203125,53500
2018-02-08,CSU.TO,737.0831909179688,41100
2018-02-09,CSU.TO,732.3902587890625,45500
2018-02-12,CSU.TO,756.961669921875,49700
2018-02-13,CSU.TO,762.322265625,70900
2018-02-14,CSU.TO,777.7366943359375,70900
2018-02-15,CSU.TO,802.0504760742188,75600
2018-02-16,CSU.TO,799.026611328125,48200
2018-02-20,CSU.TO,801.239501953125,34800
2018-02-21,CSU.TO,788.4962768554688,62400
2018-02-22,CSU.TO,794.41015625,42500
2018-02-23,CSU.TO,801.7262573242188,35800
2018-02-26,CSU.TO,795.5162963867188,27900
2018-02-27,CSU.TO,793.5037841796875,40900
2018-02-28,CSU.TO,792.2638549804688,82500
2018-03-01,CSU.TO,801.239501953125,50200
2018-03-02,CSU.TO,818.819091796875,70700
2018-03-05,CSU.TO,828.0809936523438,45000
2018-03-06,CSU.TO,822.0240478515625,70700
2018-03-07,CSU.TO,832.4210815429688,38100
2018-03-08,CSU.TO,849.72412109375,69400
2018-03-09,CSU.TO,838.9550170898438,34000
2018-03-12,CSU.TO,842.6751098632812,35900
2018-03-13,CSU.TO,844.1536254882812,37700
2018-03-14,CSU.TO,856.4679565429688,35900
2018-03-15,CSU.TO,852.8724365234375,42900
2018-03-16,CSU.TO,849.5482177734375,99600
2018-03-19,CSU.TO,844.9058837890625,21200
2018-03-20,CSU.TO,856.0819702148438,46900
2018-03-21,CSU.TO,856.2825927734375,49900
2018-03-22,CSU.TO,833.0993041992188,41600
2018-03-23,CSU.TO,824.5497436523438,35000
2018-03-26,CSU.TO,856.043701171875,56900
2018-03-27,CSU.TO,834.4555053710938,50900
2018-03-28,CSU.TO,836.5187377929688,32900
2018-03-29,CSU.TO,835.0192260742188,46800
2018-04-02,CSU.TO,829.4119873046875,22800
2018-04-03,CSU.TO,846.3385009765625,32100
2018-04-04,CSU.TO,836.7481689453125,42100
2018-04-05,CSU.TO,831.5133666992188,21500
2018-04-06,CSU.TO,822.4577026367188,33800
2018-04-09,CSU.TO,823.4225463867188,29100
2018-04-10,CSU.TO,806.6103515625,32000
2018-04-11,CSU.TO,803.219482421875,42500
2018-04-12,CSU.TO,822.6200561523438,22500
2018-04-13,CSU.TO,819.4009399414062,21800
2018-04-16,CSU.TO,839.2603759765625,41700
2018-04-17,CSU.TO,851.3917846679688,34000
2018-04-18,CSU.TO,855.9003295898438,27900
2018-04-19,CSU.TO,839.7568359375,30000
2018-04-20,CSU.TO,842.9188842773438,19600
2018-04-23,CSU.TO,855.5851440429688,24700
2018-04-24,CSU.TO,851.7453002929688,33800
2018-04-25,CSU.TO,859.2342529296875,55500
2018-04-26,CSU.TO,857.0659790039062,62100
2018-04-27,CSU.TO,877.9188232421875,26500
2018-04-30,CSU.TO,876.5526123046875,48100
2018-05-01,CSU.TO,900.7774658203125,34100
2018-05-02,CSU.TO,888.7701416015625,78400
2018-05-03,CSU.TO,898.876708984375,46300
2018-05-04,CSU.TO,898.112548828125,31900
2018-05-07,CSU.TO,917.1693115234375,35800
2018-05-08,CSU.TO,921.3532104492188,50600
2018-05-09,CSU.TO,929.6827392578125,60500
2018-05-10,CSU.TO,929.5587768554688,40700
2018-05-11,CSU.TO,927.371337890625,36800
2018-05-14,CSU.TO,929.339111328125,22300
2018-05-15,CSU.TO,924.1807250976562,35700
2018-05-16,CSU.TO,933.0835571289062,42500
2018-05-17,CSU.TO,939.2064819335938,41400
2018-05-18,CSU.TO,953.0193481445312,33800
2018-05-22,CSU.TO,938.7193603515625,47000
2018-05-23,CSU.TO,944.7852172851562,31100
2018-05-24,CSU.TO,969.1339721679688,61400
2018-05-25,CSU.TO,965.8004150390625,29000
2018-05-28,CSU.TO,959.0755004882812,14200
2018-05-29,CSU.TO,951.7583618164062,28800
2018-05-30,CSU.TO,971.1685791015625,31800
2018-05-31,CSU.TO,975.5054931640625,54500
2018-06-01,CSU.TO,979.9187622070312,29900
2018-06-04,CSU.TO,988.3628540039062,45900
2018-06-05,CSU.TO,993.1777954101562,39300
2018-06-06,CSU.TO,1001.163330078125,29700
2018-06-07,CSU.TO,984.4560546875,36800
2018-06-08,CSU.TO,988.0288696289062,14200
2018-06-11,CSU.TO,990.2928466796875,22300
2018-06-12,CSU.TO,998.2210083007812,40700
2018-06-13,CSU.TO,993.941650390625,30200
2018-06-14,CSU.TO,1004.2418823242188,29000
2018-06-15,CSU.TO,1008.1531982421875,118600
2018-06-18,CSU.TO,1012.734619140625,52900
2018-06-19,CSU.TO,987.5040283203125,37100
2018-06-20,CSU.TO,1010.0755004882812,46600
2018-06-21,CSU.TO,1005.1882934570312,63400
2018-06-22,CSU.TO,1004.2030029296875,36600
2018-06-25,CSU.TO,982.4348754882812,72000
2018-06-26,CSU.TO,982.3198852539062,62000
2018-06-27,CSU.TO,977.2700805664062,44200
2018-06-28,CSU.TO,970.0012817382812,42500
2018-06-29,CSU.TO,975.1277465820312,51400
2018-07-03,CSU.TO,976.9639282226562,40800
2018-07-04,CSU.TO,966.8545532226562,5700
2018-07-05,CSU.TO,977.4708251953125,21000
2018-07-06,CSU.TO,991.3200073242188,28600
2018-07-09,CSU.TO,1009.510986328125,27200
2018-07-10,CSU.TO,1030.54296875,53500
2018-07-11,CSU.TO,1014.3218994140625,55900
2018-07-12,CSU.TO,1061.27294921875,41100
2018-07-13,CSU.TO,1047.290283203125,46200
2018-07-16,CSU.TO,1039.1988525390625,52800
2018-07-17,CSU.TO,1056.864501953125,29200
2018-07-18,CSU.TO,1059.49462890625,37600
2018-07-19,CSU.TO,1067.7481689453125,27800
2018-07-20,CSU.TO,1054.6549072265625,25800
2018-07-23,CSU.TO,1034.4931640625,30600
2018-07-24,CSU.TO,1009.9896850585938,38800
2018-07-25,CSU.TO,1020.19482421875,30800
2018-07-26,CSU.TO,1008.650146484375,16100
2018-07-27,CSU.TO,918.1052856445312,106700
2018-07-30,CSU.TO,879.58984375,97600
2018-07-31,CSU.TO,901.9417114257812,74700
2018-08-01,CSU.TO,889.4795532226562,49600
2018-08-02,CSU.TO,906.7811279296875,45900
2018-08-03,CSU.TO,894.7874755859375,44700
2018-08-07,CSU.TO,877.7918701171875,117400
2018-08-08,CSU.TO,873.3253173828125,110700
2018-08-09,CSU.TO,899.5888061523438,58000
2018-08-10,CSU.TO,902.58251953125,34800
2018-08-13,CSU.TO,914.2701416015625,51800
2018-08-14,CSU.TO,926.2254028320312,59500
2018-08-15,CSU.TO,904.2085571289062,54300
2018-08-16,CSU.TO,897.3795166015625,46800
2018-08-17,CSU.TO,900.7365112304688,32400
2018-08-20,CSU.TO,884.6970825195312,43000
2018-08-21,CSU.TO,879.9150390625,36900
2018-08-22,CSU.TO,886.0553588867188,38000
2018-08-23,CSU.TO,890.8663330078125,28500
2018-08-24,CSU.TO,910.750244140625,42500
2018-08-27,CSU.TO,905.2606811523438,33400
2018-08-28,CSU.TO,904.4475708007812,16100
2018-08-29,CSU.TO,920.6683959960938,29000
2018-08-30,CSU.TO,948.7781372070312,64500
2018-08-31,CSU.TO,951.7335815429688,61700
2018-09-04,CSU.TO,936.3446655273438,45400
2018-09-05,CSU.TO,916.9767456054688,44600
2018-09-06,CSU.TO,903.1658935546875,23000
2018-09-07,CSU.TO,902.5537109375,40100
2018-09-10,CSU.TO,916.670654296875,43500
2018-09-11,CSU.TO,912.586669921875,35100
2018-09-12,CSU.TO,905.5858154296875,29900
2018-09-13,CSU.TO,897.95263671875,34900
2018-09-14,CSU.TO,896.209228515625,19000
2018-09-17,CSU.TO,890.7023315429688,40300
2018-09-18,CSU.TO,903.6224365234375,23300
2018-09-19,CSU.TO,915.3451538085938,46700
2018-09-20,CSU.TO,909.92431640625,27900
2018-09-21,CSU.TO,914.6553344726562,60900
2018-09-24,CSU.TO,909.3880004882812,57700
2018-09-25,CSU.TO,904.6950073242188,26500
2018-09-26,CSU.TO,891.3825073242188,48900
2018-09-27,CSU.TO,918.113037109375,35700
2018-09-28,CSU.TO,909.7325439453125,57100
2018-10-01,CSU.TO,900.2700805664062,30700
2018-10-02,CSU.TO,885.9231567382812,55100
2018-10-03,CSU.TO,890.9417114257812,21500
2018-10-04,CSU.TO,885.91357421875,48200
2018-10-05,CSU.TO,890.721435546875,39300
2018-10-09,CSU.TO,878.26123046875,38100
2018-10-10,CSU.TO,842.71923828125,74600
2018-10-11,CSU.TO,850.8314208984375,117500
2018-10-12,CSU.TO,853.5130615234375,65800
2018-10-15,CSU.TO,838.0166625976562,27500
2018-10-16,CSU.TO,887.96337890625,56000
2018-10-17,CSU.TO,868.8275756835938,30700
2018-10-18,CSU.TO,852.3638305664062,35800
2018-10-19,CSU.TO,848.79150390625,57100
2018-10-22,CSU.TO,867.6397705078125,49400
2018-10-23,CSU.TO,844.424072265625,40200
2018-10-24,CSU.TO,823.6603393554688,61300
2018-10-25,CSU.TO,823.6603393554688,93500
2018-10-26,CSU.TO,834.635986328125,86600
2018-10-29,CSU.TO,828.8416137695312,80900
2018-10-30,CSU.TO,850.6685180664062,71100
2018-10-31,CSU.TO,867.7261352539062,89200
2018-11-01,CSU.TO,865.0731811523438,70300
2018-11-02,CSU.TO,862.7459106445312,67600
2018-11-05,CSU.TO,858.1390380859375,90200
2018-11-06,CSU.TO,859.0775146484375,55700
2018-11-07,CSU.TO,874.9761962890625,61900
2018-11-08,CSU.TO,870.9152221679688,45600
2018-11-09,CSU.TO,855.8976440429688,44600
2018-11-12,CSU.TO,851.8849487304688,44400
2018-11-13,CSU.TO,854.4612426757812,54700
2018-11-14,CSU.TO,862.3339233398438,50200
2018-11-15,CSU.TO,861.9701538085938,54900
2018-11-16,CSU.TO,874.8994140625,26100
2018-11-19,CSU.TO,856.4246215820312,65000
2018-11-20,CSU.TO,845.4969482421875,52500
2018-11-21,CSU.TO,871.6912841796875,66800
2018-11-22,CSU.TO,882.1019287109375,20600
2018-11-23,CSU.TO,866.7588500976562,19800
2018-11-26,CSU.TO,874.0374755859375,36300
2018-11-27,CSU.TO,864.3355712890625,45700
2018-11-28,CSU.TO,897.0618286132812,53200
2018-11-29,CSU.TO,898.3644409179688,34400
2018-11-30,CSU.TO,872.7636108398438,84000
2018-12-03,CSU.TO,894.9163208007812,86400
2018-12-04,CSU.TO,888.9496459960938,68200
2018-12-05,CSU.TO,900.2700805664062,30200
2018-12-06,CSU.TO,873.8366088867188,87400
2018-12-07,CSU.TO,862.515869140625,70600
2018-12-10,CSU.TO,872.227294921875,23300
2018-12-11,CSU.TO,853.130126953125,50100
2018-12-12,CSU.TO,881.1536865234375,43000
2018-12-13,CSU.TO,872.5148315429688,27700
2018-12-14,CSU.TO,841.08154296875,34400
2018-12-17,CSU.TO,829.0139770507812,44700
2018-12-18,CSU.TO,843.9260864257812,62700
2018-12-19,CSU.TO,849.7012939453125,67600
2018-12-20,CSU.TO,818.8716430664062,44200
2018-12-21,CSU.TO,789.5167846679688,150000
2018-12-24,CSU.TO,801.095947265625,29400
2018-12-27,CSU.TO,846.5885620117188,51700
2018-12-28,CSU.TO,827.4911499023438,33400
2018-12-31,CSU.TO,836.9345703125,16400
2019-01-02,CSU.TO,814.7627563476562,43900
2019-01-03,CSU.TO,790.598876953125,48500
2019-01-04,CSU.TO,807.0624389648438,36200
2019-01-07,CSU.TO,843.4952392578125,58000
2019-01-08,CSU.TO,851.77001953125,42300
2019-01-09,CSU.TO,877.6867065429688,30700
2019-01-10,CSU.TO,872.5340576171875,33700
2019-01-11,CSU.TO,871.5858764648438,27400
2019-01-14,CSU.TO,877.0927734375,21700
2019-01-15,CSU.TO,885.0037841796875,24900
2019-01-16,CSU.TO,879.5637817382812,32200
2019-01-17,CSU.TO,882.9063110351562,12100
2019-01-18,CSU.TO,901.2183837890625,27900
2019-01-21,CSU.TO,879.2094116210938,9800
2019-01-22,CSU.TO,888.7772216796875,30500
2019-01-23,CSU.TO,915.7665405273438,41400
2019-01-24,CSU.TO,920.7372436523438,47000
2019-01-25,CSU.TO,923.8689575195312,32100
2019-01-28,CSU.TO,941.0221557617188,48500
2019-01-29,CSU.TO,939.240966796875,55100
2019-01-30,CSU.TO,935.0075073242188,51900
2019-01-31,CSU.TO,939.183349609375,46800
2019-02-01,CSU.TO,935.1994018554688,29400
2019-02-04,CSU.TO,950.2645263671875,33100
2019-02-05,CSU.TO,949.3450927734375,30600
2019-02-06,CSU.TO,942.1619873046875,29100
2019-02-07,CSU.TO,951.5765380859375,28200
2019-02-08,CSU.TO,951.0402221679688,27800
2019-02-11,CSU.TO,949.3929443359375,44400
2019-02-12,CSU.TO,968.9691772460938,60400
2019-02-13,CSU.TO,949.565185546875,46000
2019-02-14,CSU.TO,1084.80859375,105200
2019-02-15,CSU.TO,1049.0274658203125,71800
2019-02-19,CSU.TO,1084.3966064453125,94000
2019-02-20,CSU.TO,1109.4893798828125,69300
2019-02-21,CSU.TO,1110.954833984375,61300
2019-02-22,CSU.TO,1109.3463134765625,45400
2019-02-25,CSU.TO,1075.88232421875,81000
2019-02-26,CSU.TO,1065.1553955078125,70700
2019-02-27,CSU.TO,1067.6937255859375,37500
2019-02-28,CSU.TO,1076.2462158203125,58100
2019-03-01,CSU.TO,1093.351318359375,55000
2019-03-04,CSU.TO,1095.793701171875,28700
2019-03-05,CSU.TO,1101.4061279296875,42300
2019-03-06,CSU.TO,1111.3475341796875,105600
2019-03-07,CSU.TO,1094.778564453125,38400
2019-03-08,CSU.TO,1086.29248046875,32400
2019-03-11,CSU.TO,1081.743408203125,50000
2019-03-12,CSU.TO,1074.92431640625,31700
2019-03-13,CSU.TO,1067.425537109375,33800
2019-03-14,CSU.TO,1078.333251953125,49700
2019-03-15,CSU.TO,1087.0469970703125,145800
2019-03-18,CSU.TO,1089.8466796875,32100
2019-03-19,CSU.TO,1087.8529052734375,46000
2019-03-20,CSU.TO,1090.7408447265625,34100
2019-03-21,CSU.TO,1102.9417724609375,36600
2019-03-22,CSU.TO,1084.0313720703125,39100
2019-03-25,CSU.TO,1073.3626708984375,25900
2019-03-26,CSU.TO,1100.987060546875,53200
2019-03-27,CSU.TO,1095.9866943359375,31100
2019-03-28,CSU.TO,1114.9658203125,34800
2019-03-29,CSU.TO,1112.52978515625,41100
2019-04-01,CSU.TO,1130.850830078125,36500
2019-04-02,CSU.TO,1161.5889892578125,53700
2019-04-03,CSU.TO,1138.8179931640625,72300
2019-04-04,CSU.TO,1132.284912109375,63900
2019-04-05,CSU.TO,1150.528076171875,31200
2019-04-08,CSU.TO,1147.9046630859375,89600
2019-04-09,CSU.TO,1145.4195556640625,30000
2019-04-10,CSU.TO,1154.8304443359375,56900
2019-04-11,CSU.TO,1168.446044921875,41600
2019-04-12,CSU.TO,1175.35205078125,33500
2019-04-15,CSU.TO,1153.7789306640625,38500
2019-04-16,CSU.TO,1126.7742919921875,55900
2019-04-17,CSU.TO,1146.96142578125,42700
2019-04-18,CSU.TO,1160.65576171875,25600
2019-04-22,CSU.TO,1145.8614501953125,20600
2019-04-23,CSU.TO,1164.4671630859375,41200
2019-04-24,CSU.TO,1149.476806640625,46600
2019-04-25,CSU.TO,1155.8717041015625,30100
2019-04-26,CSU.TO,1162.2081298828125,82100
2019-04-29,CSU.TO,1176.216552734375,43500
2019-04-30,CSU.TO,1161.225341796875,55600
2019-05-01,CSU.TO,1185.745361328125,48100
2019-05-02,CSU.TO,1166.717041015625,59900
2019-05-03,CSU.TO,1146.951904296875,34500
2019-05-06,CSU.TO,1159.19189453125,30300
2019-05-07,CSU.TO,1118.97412109375,73000
2019-05-08,CSU.TO,1130.3790283203125,40400
2019-05-09,CSU.TO,1126.7249755859375,40500
2019-05-10,CSU.TO,1131.75439453125,49500
2019-05-13,CSU.TO,1127.6090087890625,48900
2019-05-14,CSU.TO,1145.3111572265625,36400
2019-05-15,CSU.TO,1154.064453125,47400
2019-05-16,CSU.TO,1171.4029541015625,38400
2019-05-17,CSU.TO,1178.859130859375,38100
2019-05-21,CSU.TO,1161.3731689453125,57700
2019-05-22,CSU.TO,1187.9066162109375,34600
2019-05-23,CSU.TO,1188.6630859375,43300
2019-05-24,CSU.TO,1181.6392822265625,29500
2019-05-27,CSU.TO,1182.7589111328125,7400
2019-05-28,CSU.TO,1173.9473876953125,49200
2019-05-29,CSU.TO,1144.584228515625,39100
2019-05-30,CSU.TO,1163.357421875,64900
2019-05-31,CSU.TO,1149.7220458984375,45200
2019-06-03,CSU.TO,1128.659912109375,59100
2019-06-04,CSU.TO,1126.0963134765625,50200
2019-06-05,CSU.TO,1141.5780029296875,39300
2019-06-06,CSU.TO,1146.617919921875,27300
2019-06-07,CSU.TO,1161.932861328125,31100
2019-06-10,CSU.TO,1186.7177734375,43900
2019-06-11,CSU.TO,1187.2093505859375,40200
2019-06-12,CSU.TO,1176.0491943359375,46400
2019-06-13,CSU.TO,1169.4251708984375,28500
2019-06-14,CSU.TO,1182.613037109375,39500
2019-06-17,CSU.TO,1198.781005859375,31400
2019-06-18,CSU.TO,1219.3656005859375,67500
2019-06-19,CSU.TO,1203.2362060546875,39900
2019-06-20,CSU.TO,1206.3934326171875,53300
2019-06-21,CSU.TO,1199.4107666015625,130800
2019-06-24,CSU.TO,1203.68896484375,35800
2019-06-25,CSU.TO,1187.3040771484375,43500
2019-06-26,CSU.TO,1181.786865234375,47500
2019-06-27,CSU.TO,1200.0697021484375,31300
2019-06-28,CSU.TO,1213.8382568359375,50000
2019-07-02,CSU.TO,1205.714599609375,45500
2019-07-03,CSU.TO,1229.6326904296875,32200
2019-07-04,CSU.TO,1224.8035888671875,22300
2019-07-05,CSU.TO,1223.6136474609375,31900
2019-07-08,CSU.TO,1230.2225341796875,55100
2019-07-09,CSU.TO,1223.220458984375,37200
2019-07-10,CSU.TO,1223.9971923828125,36500
2019-07-11,CSU.TO,1224.262939453125,37500
2019-07-12,CSU.TO,1224.734619140625,29600
2019-07-15,CSU.TO,1240.656982421875,17700
2019-07-16,CSU.TO,1223.544677734375,35700
2019-07-17,CSU.TO,1215.84423828125,36600
2019-07-18,CSU.TO,1226.94775390625,40000
2019-07-19,CSU.TO,1217.3392333984375,34700
2019-07-22,CSU.TO,1226.298583984375,32300
2019-07-23,CSU.TO,1232.445556640625,45500
2019-07-24,CSU.TO,1260.876953125,37200
2019-07-25,CSU.TO,1244.7384033203125,55500
2019-07-26,CSU.TO,1267.0926513671875,43700
2019-07-29,CSU.TO,1233.5367431640625,64800
2019-07-30,CSU.TO,1235.434814453125,24500
2019-07-31,CSU.TO,1234.9234619140625,62100
2019-08-01,CSU.TO,1245.5843505859375,37300
2019-08-02,CSU.TO,1241.5621337890625,53200
2019-08-06,CSU.TO,1237.2149658203125,73100
2019-08-07,CSU.TO,1248.947509765625,53500
2019-08-08,CSU.TO,1264.505859375,35000
2019-08-09,CSU.TO,1244.069580078125,32400
2019-08-12,CSU.TO,1239.162353515625,20900
2019-08-13,CSU.TO,1240.77490234375,26600
2019-08-14,CSU.TO,1212.785888671875,41300
2019-08-15,CSU.TO,1222.6007080078125,32000
2019-08-16,CSU.TO,1234.2347412109375,32300
2019-08-19,CSU.TO,1240.1654052734375,35600
2019-08-20,CSU.TO,1248.4754638671875,37000
2019-08-21,CSU.TO,1258.1826171875,34200
2019-08-22,CSU.TO,1273.140869140625,27600
2019-08-23,CSU.TO,1225.6787109375,40900
2019-08-26,CSU.TO,1233.635498046875,28900
2019-08-27,CSU.TO,1261.388671875,44300
2019-08-28,CSU.TO,1263.4537353515625,34200
2019-08-29,CSU.TO,1267.8203125,27400
2019-08-30,CSU.TO,1275.2650146484375,32800
2019-09-03,CSU.TO,1263.3948974609375,30000
2019-09-04,CSU.TO,1277.477783203125,36000
2019-09-05,CSU.TO,1298.19921875,39800
2019-09-06,CSU.TO,1282.247802734375,25900
2019-09-09,CSU.TO,1269.45263671875,30500
2019-09-10,CSU.TO,1239.772216796875,41700
2019-09-11,CSU.TO,1255.12353515625,45600
2019-09-12,CSU.TO,1270.7117919921875,34500
2019-09-13,CSU.TO,1268.9013671875,29800
2019-09-16,CSU.TO,1271.9334716796875,36500
2019-09-17,CSU.TO,1268.6749267578125,30500
2019-09-18,CSU.TO,1274.2274169921875,42700
2019-09-19,CSU.TO,1286.6217041015625,26400
2019-09-20,CSU.TO,1266.036865234375,106700
2019-09-23,CSU.TO,1279.1888427734375,20000
2019-09-24,CSU.TO,1280.31103515625,45800
2019-09-25,CSU.TO,1284.7315673828125,35000
2019-09-26,CSU.TO,1299.5181884765625,28100
2019-09-27,CSU.TO,1290.0478515625,33200
2019-09-30,CSU.TO,1302.599609375,49300
2019-10-01,CSU.TO,1289.141845703125,49400
2019-10-02,CSU.TO,1290.5987548828125,35600
2019-10-03,CSU.TO,1303.0035400390625,45300
2019-10-04,CSU.TO,1312.7496337890625,40300
2019-10-07,CSU.TO,1316.0474853515625,41500
2019-10-08,CSU.TO,1301.359375,45700
2019-10-09,CSU.TO,1317.16943359375,43600
2019-10-10,CSU.TO,1316.4906005859375,26200
2019-10-11,CSU.TO,1311.3023681640625,28200
2019-10-15,CSU.TO,1324.3956298828125,43100
2019-10-16,CSU.TO,1309.7371826171875,44100
2019-10-17,CSU.TO,1287.1827392578125,47400
2019-10-18,CSU.TO,1268.48779296875,47600
2019-10-21,CSU.TO,1284.7115478515625,37400
2019-10-22,CSU.TO,1276.117431640625,40300
2019-10-23,CSU.TO,1270.8900146484375,30700
2019-10-24,CSU.TO,1283.687744140625,38400
2019-10-25,CSU.TO,1284.7412109375,24900
2019-10-28,CSU.TO,1271.923583984375,45000
2019-10-29,CSU.TO,1262.069091796875,54100
2019-10-30,CSU.TO,1288.6004638671875,27200
2019-10-31,CSU.TO,1280.62646484375,36700
2019-11-01,CSU.TO,1286.9268798828125,30300
2019-11-04,CSU.TO,1285.587890625,59800
2019-11-05,CSU.TO,1243.718505859375,64900
2019-11-06,CSU.TO,1233.6375732421875,101400
2019-11-07,CSU.TO,1222.7098388671875,32800
2019-11-08,CSU.TO,1257.2257080078125,29700
2019-11-11,CSU.TO,1273.6068115234375,14000
2019-11-12,CSU.TO,1270.4664306640625,54300
2019-11-13,CSU.TO,1301.1717529296875,68900
2019-11-14,CSU.TO,1307.197021484375,22700
2019-11-15,CSU.TO,1321.28466796875,34100
2019-11-18,CSU.TO,1334.6929931640625,27700
2019-11-19,CSU.TO,1341.7811279296875,39500
2019-11-20,CSU.TO,1354.6385498046875,37200
2019-11-21,CSU.TO,1372.959716796875,58400
2019-11-22,CSU.TO,1378.2855224609375,35800
2019-11-25,CSU.TO,1392.0386962890625,31800
2019-11-26,CSU.TO,1413.4705810546875,54900
2019-11-27,CSU.TO,1402.9168701171875,38700
2019-11-28,CSU.TO,1403.3602294921875,3300
2019-11-29,CSU.TO,1397.955322265625,13700
2019-12-02,CSU.TO,1371.0789794921875,54400
2019-12-03,CSU.TO,1345.3155517578125,43500
2019-12-04,CSU.TO,1351.182861328125,42600
2019-12-05,CSU.TO,1343.277587890625,26300
2019-12-06,CSU.TO,1330.6866455078125,30300
2019-12-09,CSU.TO,1284.20947265625,96000
2019-12-10,CSU.TO,1258.9483642578125,114700
2019-12-11,CSU.TO,1258.9383544921875,71200
2019-12-12,CSU.TO,1257.04833984375,57500
2019-12-13,CSU.TO,1248.4835205078125,34900
2019-12-16,CSU.TO,1237.5242919921875,38000
2019-12-17,CSU.TO,1231.2275390625,133300
2019-12-18,CSU.TO,1217.5389404296875,206300
2019-12-19,CSU.TO,1270.5384521484375,81500
2019-12-20,CSU.TO,1311.7713623046875,164900
2019-12-23,CSU.TO,1271.8197021484375,34400
2019-12-24,CSU.TO,1257.5006103515625,24000
2019-12-27,CSU.TO,1254.583740234375,21800
2019-12-30,CSU.TO,1250.70068359375,24200
2019-12-31,CSU.TO,1242.8565673828125,30300
2020-01-02,CSU.TO,1254.642822265625,53000
2020-01-03,CSU.TO,1244.6597900390625,32000
2020-01-06,CSU.TO,1268.25244140625,42700
2020-01-07,CSU.TO,1306.991455078125,53400
2020-01-08,CSU.TO,1326.691650390625,45900
2020-01-09,CSU.TO,1343.7208251953125,44400
2020-01-10,CSU.TO,1332.7523193359375,41700
2020-01-13,CSU.TO,1349.68310546875,72400
2020-01-14,CSU.TO,1335.3341064453125,45800
2020-01-15,CSU.TO,1327.657470703125,53300
2020-01-16,CSU.TO,1330.4068603515625,31600
2020-01-17,CSU.TO,1330.3968505859375,41500
2020-01-20,CSU.TO,1332.3975830078125,7300
2020-01-21,CSU.TO,1376.5672607421875,64400
2020-01-22,CSU.TO,1383.2386474609375,28200
2020-01-23,CSU.TO,1376.23193359375,29400
2020-01-24,CSU.TO,1374.6552734375,29400
2020-01-27,CSU.TO,1358.7100830078125,30000
2020-01-28,CSU.TO,1372.7236328125,27700
2020-01-29,CSU.TO,1356.3843994140625,27800
2020-01-30,CSU.TO,1363.1842041015625,24800
2020-01-31,CSU.TO,1370.8614501953125,35700
2020-02-03,CSU.TO,1398.2972412109375,31800
2020-02-04,CSU.TO,1437.5986328125,37600
2020-02-05,CSU.TO,1429.0640869140625,31300
2020-02-06,CSU.TO,1450.3404541015625,30100
2020-02-07,CSU.TO,1447.7880859375,27400
2020-02-10,CSU.TO,1462.54052734375,44700
2020-02-11,CSU.TO,1459.328125,44000
2020-02-12,CSU.TO,1471.9720458984375,67000
2020-02-13,CSU.TO,1489.5531005859375,52900
2020-02-14,CSU.TO,1451.7501220703125,42700
2020-02-18,CSU.TO,1438.8399658203125,20500
2020-02-19,CSU.TO,1433.222900390625,37800
2020-02-20,CSU.TO,1435.9327392578125,29100
2020-02-21,CSU.TO,1412.4189453125,37000
2020-02-24,CSU.TO,1385.7716064453125,72400
2020-02-25,CSU.TO,1352.3831787109375,54800
2020-02-26,CSU.TO,1368.7916259765625,51300
2020-02-27,CSU.TO,1381.7410888671875,32400
2020-02-28,CSU.TO,1347.583984375,96400
2020-03-02,CSU.TO,1354.019287109375,67300
2020-03-03,CSU.TO,1342.3018798828125,76000
2020-03-04,CSU.TO,1366.8699951171875,44600
2020-03-05,CSU.TO,1376.931640625,63700
2020-03-06,CSU.TO,1317.388671875,53000
2020-03-09,CSU.TO,1251.7845458984375,89100
2020-03-10,CSU.TO,1298.8812255859375,127600
2020-03-11,CSU.TO,1281.1324462890625,80400
2020-03-12,CSU.TO,1213.7054443359375,136800
2020-03-13,CSU.TO,1263.1175537109375,153500
2020-03-16,CSU.TO,1156.9395751953125,78700
2020-03-17,CSU.TO,1166.2823486328125,78600
2020-03-18,CSU.TO,1128.7421875,106700
2020-03-19,CSU.TO,1223.2589111328125,75900
2020-03-20,CSU.TO,1166.4697265625,196500
2020-03-23,CSU.TO,1141.4598388671875,116600
2020-03-24,CSU.TO,1223.3873291015625,132000
2020-03-25,CSU.TO,1191.510009765625,89500
2020-03-26,CSU.TO,1238.3734130859375,75500
2020-03-27,CSU.TO,1191.10546875,75700
2020-03-30,CSU.TO,1258.8060302734375,42300
2020-03-31,CSU.TO,1261.8846435546875,58500
2020-04-01,CSU.TO,1272.43115234375,69700
2020-04-02,CSU.TO,1257.079833984375,51300
2020-04-03,CSU.TO,1231.2799072265625,32700
2020-04-06,CSU.TO,1246.2564697265625,61400
2020-04-07,CSU.TO,1274.838623046875,49300
2020-04-08,CSU.TO,1314.8255615234375,34600
2020-04-09,CSU.TO,1273.48681640625,51900
2020-04-13,CSU.TO,1272.2633056640625,48500
2020-04-14,CSU.TO,1302.8087158203125,42300
2020-04-15,CSU.TO,1286.855224609375,51000
2020-04-16,CSU.TO,1316.9171142578125,35500
2020-04-17,CSU.TO,1351.595947265625,36000
2020-04-20,CSU.TO,1399.841064453125,80600
2020-04-21,CSU.TO,1306.9617919921875,65900
2020-04-22,CSU.TO,1328.5882568359375,45900
2020-04-23,CSU.TO,1335.257568359375,50900
2020-04-24,CSU.TO,1331.913330078125,39000
2020-04-27,CSU.TO,1336.4124755859375,41800
2020-04-28,CSU.TO,1337.5267333984375,47300
2020-04-29,CSU.TO,1337.9512939453125,30600
2020-04-30,CSU.TO,1320.5970458984375,68100
2020-05-01,CSU.TO,1332.653564453125,32500
2020-05-04,CSU.TO,1341.6217041015625,43800
2020-05-05,CSU.TO,1351.92138671875,46500
2020-05-06,CSU.TO,1370.8348388671875,27200
2020-05-07,CSU.TO,1383.5916748046875,46800
2020-05-08,CSU.TO,1445.4615478515625,54400
2020-05-11,CSU.TO,1463.3189697265625,32900
2020-05-12,CSU.TO,1441.24853515625,48500
2020-05-13,CSU.TO,1442.985107421875,45900
2020-05-14,CSU.TO,1429.6168212890625,39300
2020-05-15,CSU.TO,1440.794677734375,27200
2020-05-19,CSU.TO,1469.43603515625,55500
2020-05-20,CSU.TO,1513.2213134765625,58200
2020-05-21,CSU.TO,1511.899169921875,45100
2020-05-22,CSU.TO,1554.559814453125,39900
2020-05-25,CSU.TO,1570.9276123046875,16400
2020-05-26,CSU.TO,1579.412353515625,61300
2020-05-27,CSU.TO,1507.8245849609375,115800
2020-05-28,CSU.TO,1518.5391845703125,48800
2020-05-29,CSU.TO,1544.1612548828125,51800
2020-06-01,CSU.TO,1501.954345703125,42700
2020-06-02,CSU.TO,1503.0394287109375,37700
2020-06-03,CSU.TO,1511.820556640625,27100
2020-06-04,CSU.TO,1495.0877685546875,48500
2020-06-05,CSU.TO,1479.3514404296875,71200
2020-06-08,CSU.TO,1484.90576171875,33600
2020-06-09,CSU.TO,1481.580810546875,115500
2020-06-10,CSU.TO,1493.8544921875,58500
2020-06-11,CSU.TO,1461.5333251953125,53600
2020-06-12,CSU.TO,1451.3218994140625,46400
2020-06-15,CSU.TO,1461.94775390625,44400
2020-06-16,CSU.TO,1479.5289306640625,47600
2020-06-17,CSU.TO,1478.3448486328125,50200
2020-06-18,CSU.TO,1481.24560546875,33300
2020-06-19,CSU.TO,1453.3978271484375,238100
2020-06-22,CSU.TO,1479.2999267578125,58700
2020-06-23,CSU.TO,1491.791748046875,70100
2020-06-24,CSU.TO,1481.24560546875,44300
2020-06-25,CSU.TO,1510.178955078125,39200
2020-06-26,CSU.TO,1507.4931640625,31800
2020-06-29,CSU.TO,1520.7451171875,33300
2020-06-30,CSU.TO,1513.723876953125,52600
2020-07-02,CSU.TO,1531.6275634765625,42300
2020-07-03,CSU.TO,1525.6927490234375,10300
2020-07-06,CSU.TO,1547.150634765625,45100
2020-07-07,CSU.TO,1549.1951904296875,41200
2020-07-08,CSU.TO,1604.67236328125,51000
2020-07-09,CSU.TO,1608.968017578125,130300
2020-07-10,CSU.TO,1591.8349609375,35100
2020-07-13,CSU.TO,1584.9327392578125,37700
2020-07-14,CSU.TO,1574.9290771484375,42100
2020-07-15,CSU.TO,1583.450927734375,35200
2020-07-16,CSU.TO,1558.4078369140625,29600
2020-07-17,CSU.TO,1581.722900390625,22200
2020-07-20,CSU.TO,1579.4912109375,52600
2020-07-21,CSU.TO,1550.69580078125,44600
2020-07-22,CSU.TO,1552.7005615234375,27400
2020-07-23,CSU.TO,1542.085205078125,43800
2020-07-24,CSU.TO,1526.9862060546875,39000
2020-07-27,CSU.TO,1542.410888671875,19700
2020-07-28,CSU.TO,1546.82470703125,27200
2020-07-29,CSU.TO,1518.2763671875,50300
2020-07-30,CSU.TO,1570.1300048828125,29700
2020-07-31,CSU.TO,1564.56005859375,31200
2020-08-04,CSU.TO,1579.1060791015625,37100
2020-08-05,CSU.TO,1570.1202392578125,17200
2020-08-06,CSU.TO,1611.427001953125,23100
2020-08-07,CSU.TO,1533.2864990234375,60900
2020-08-10,CSU.TO,1497.045166015625,35600
2020-08-11,CSU.TO,1540.326904296875,68400
2020-08-12,CSU.TO,1524.4090576171875,60200
2020-08-13,CSU.TO,1499.30615234375,28800
2020-08-14,CSU.TO,1499.5927734375,21100
2020-08-17,CSU.TO,1491.6632080078125,19300
2020-08-18,CSU.TO,1485.4422607421875,42200
2020-08-19,CSU.TO,1487.1602783203125,50200
2020-08-20,CSU.TO,1539.7247314453125,51900
2020-08-21,CSU.TO,1520.35986328125,51900
2020-08-24,CSU.TO,1511.136474609375,49800
2020-08-25,CSU.TO,1483.8819580078125,72800
2020-08-26,CSU.TO,1532.6246337890625,44300
2020-08-27,CSU.TO,1507.048583984375,35300
2020-08-28,CSU.TO,1490.19189453125,39200
2020-08-31,CSU.TO,1491.1103515625,41800
2020-09-01,CSU.TO,1521.1893310546875,42800
2020-09-02,CSU.TO,1526.68994140625,38600
2020-09-03,CSU.TO,1499.484130859375,63400
2020-09-04,CSU.TO,1454.3953857421875,54900
2020-09-08,CSU.TO,1461.9295654296875,39300
2020-09-09,CSU.TO,1497.8251953125,32700
2020-09-10,CSU.TO,1486.94287109375,35900
2020-09-11,CSU.TO,1485.215087890625,40100
2020-09-14,CSU.TO,1489.3326416015625,37400
2020-09-15,CSU.TO,1488.6810302734375,22600
2020-09-16,CSU.TO,1470.6097412109375,30400
2020-09-17,CSU.TO,1453.8944091796875,36800
2020-09-18,CSU.TO,1443.427490234375,118900
2020-09-21,CSU.TO,1457.3243408203125,37800
2020-09-22,CSU.TO,1490.948486328125,25800
2020-09-23,CSU.TO,1477.9908447265625,18400
2020-09-24,CSU.TO,1497.9954833984375,25100
2020-09-25,CSU.TO,1532.7171630859375,42600
2020-09-28,CSU.TO,1502.3642578125,84200
2020-09-29,CSU.TO,1489.1102294921875,28800
2020-09-30,CSU.TO,1462.4244384765625,95900
2020-10-01,CSU.TO,1513.2559814453125,42100
2020-10-02,CSU.TO,1510.320556640625,28500
2020-10-05,CSU.TO,1525.17578125,31500
2020-10-06,CSU.TO,1503.4715576171875,26300
2020-10-07,CSU.TO,1509.0257568359375,27000
2020-10-08,CSU.TO,1504.8751220703125,29100
2020-10-09,CSU.TO,1496.2462158203125,18600
2020-10-13,CSU.TO,1519.8681640625,52900
2020-10-14,CSU.TO,1492.5694580078125,34100
2020-10-15,CSU.TO,1489.228759765625,38400
2020-10-16,CSU.TO,1503.7972412109375,18400
2020-10-19,CSU.TO,1512.8902587890625,47400
2020-10-20,CSU.TO,1481.0155029296875,34700
2020-10-21,CSU.TO,1480.58056640625,32200
2020-10-22,CSU.TO,1455.1002197265625,60800
2020-10-23,CSU.TO,1443.7735595703125,50200
2020-10-26,CSU.TO,1430.1239013671875,152800
2020-10-27,CSU.TO,1403.536865234375,43700
2020-10-28,CSU.TO,1371.8101806640625,57700
2020-10-29,CSU.TO,1390.6585693359375,64500
2020-10-30,CSU.TO,1382.3265380859375,48600
2020-11-02,CSU.TO,1363.9527587890625,87500
2020-11-03,CSU.TO,1431.033447265625,75600
2020-11-04,CSU.TO,1499.3297119140625,76100
2020-11-05,CSU.TO,1513.9080810546875,39100
2020-11-06,CSU.TO,1554.3031005859375,62700
2020-11-09,CSU.TO,1505.0130615234375,78800
2020-11-10,CSU.TO,1460.5758056640625,62300
2020-11-11,CSU.TO,1481.6380615234375,44000
2020-11-12,CSU.TO,1455.3472900390625,54900
2020-11-13,CSU.TO,1484.692138671875,45900
2020-11-16,CSU.TO,1476.3504638671875,31400
2020-11-17,CSU.TO,1515.5589599609375,55000
2020-11-18,CSU.TO,1527.7652587890625,49800
2020-11-19,CSU.TO,1533.7257080078125,38500
2020-11-20,CSU.TO,1582.7584228515625,37300
2020-11-23,CSU.TO,1615.2362060546875,50700
2020-11-24,CSU.TO,1601.2509765625,45200
2020-11-25,CSU.TO,1585.2884521484375,51000
2020-11-26,CSU.TO,1591.29833984375,11700
2020-11-27,CSU.TO,1601.47802734375,21600
2020-11-30,CSU.TO,1589.5782470703125,84300
2020-12-01,CSU.TO,1589.4892578125,75700
2020-12-02,CSU.TO,1589.0938720703125,24500
2020-12-03,CSU.TO,1595.42919921875,26500
2020-12-04,CSU.TO,1570.5916748046875,63100
2020-12-07,CSU.TO,1610.294677734375,42500
2020-12-08,CSU.TO,1609.9288330078125,30700
2020-12-09,CSU.TO,1623.6470947265625,49900
2020-12-10,CSU.TO,1633.67919921875,48700
2020-12-11,CSU.TO,1603.10888671875,49500
2020-12-14,CSU.TO,1648.7816162109375,38800
2020-12-15,CSU.TO,1621.531982421875,31400
2020-12-16,CSU.TO,1616.8177490234375,27500
2020-12-17,CSU.TO,1623.4981689453125,53300
2020-12-18,CSU.TO,1627.88037109375,127300
2020-12-21,CSU.TO,1676.90234375,45500
2020-12-22,CSU.TO,1754.50048828125,54300
2020-12-23,CSU.TO,1668.9000244140625,29500
2020-12-24,CSU.TO,1653.3701171875,25300
2020-12-29,CSU.TO,1642.92529296875,19800
2020-12-30,CSU.TO,1630.8280029296875,39700
2020-12-31,CSU.TO,1634.97265625,24400
2021-01-04,CSU.TO,1624.5762939453125,29100
2021-01-05,CSU.TO,1638.17724609375,32000
2021-01-06,CSU.TO,1619.858154296875,41700
2021-01-07,CSU.TO,1611.430908203125,38600
2021-01-08,CSU.TO,1629.4432373046875,30800
2021-01-11,CSU.TO,1605.7630615234375,30000
2021-01-12,CSU.TO,1597.454345703125,29300
2021-01-13,CSU.TO,1593.923095703125,41200
2021-01-14,CSU.TO,1584.6944580078125,40800
2021-01-15,CSU.TO,1586.2276611328125,18800
2021-01-18,CSU.TO,1598.947509765625,8800
2021-01-19,CSU.TO,1621.3516845703125,36500
2021-01-20,CSU.TO,1641.1148681640625,45500
2021-01-21,CSU.TO,1612.31103515625,18500
2021-01-22,CSU.TO,1606.416015625,24500
2021-01-25,CSU.TO,1610.3228759765625,44600
2021-01-26,CSU.TO,1575.12939453125,45500
2021-01-27,CSU.TO,1536.59228515625,53800
2021-01-28,CSU.TO,1598.5421142578125,41000
2021-01-29,CSU.TO,1540.865478515625,49200
2021-02-01,CSU.TO,1612.31103515625,43200
2021-02-02,CSU.TO,1647.2872314453125,42800
2021-02-03,CSU.TO,1595.040771484375,32100
2021-02-04,CSU.TO,1594.4373779296875,28500
2021-02-05,CSU.TO,1575.13916015625,37600
2021-02-08,CSU.TO,1588.9676513671875,25000
2021-02-09,CSU.TO,1579.006591796875,38400
2021-02-10,CSU.TO,1595.9805908203125,41000
2021-02-11,CSU.TO,1602.41015625,29900
2021-02-12,CSU.TO,1596.465087890625,21400
2021-02-16,CSU.TO,1651.86669921875,56600
2021-02-17,CSU.TO,1668.6328125,48100
2021-02-18,CSU.TO,1708.070068359375,51500
2021-02-19,CSU.TO,1705.5479736328125,25600
2021-02-22,CSU.TO,1681.095947265625,42100
2021-02-23,CSU.TO,1686.0316162109375,59300
2021-02-24,CSU.TO,1680.017822265625,50300
2021-02-25,CSU.TO,1657.702880859375,33800
2021-02-26,CSU.TO,1629.8291015625,69600
2021-03-01,CSU.TO,1682.8074951171875,55700
2021-03-02,CSU.TO,1677.1397705078125,32600
2021-03-03,CSU.TO,1637.9000244140625,32500
2021-03-04,CSU.TO,1605.5255126953125,34100
2021-03-05,CSU.TO,1652.9451904296875,42100
2021-03-08,CSU.TO,1655.7838134765625,21900
2021-03-09,CSU.TO,1719.35595703125,49100
2021-03-10,CSU.TO,1687.5948486328125,32000
2021-03-11,CSU.TO,1701.1361083984375,34800
2021-03-12,CSU.TO,1684.6964111328125,25500
2021-03-15,CSU.TO,1692.7017822265625,18300
2021-03-16,CSU.TO,1718.537353515625,33400
2021-03-17,CSU.TO,1704.6292724609375,37900
2021-03-18,CSU.TO,1688.7618408203125,24100
2021-03-19,CSU.TO,1686.277587890625,128900
2021-03-22,CSU.TO,1741.789306640625,19300
2021-03-23,CSU.TO,1743.0562744140625,29200
2021-03-24,CSU.TO,1717.111572265625,28000
2021-03-25,CSU.TO,1710.420166015625,31600
2021-03-26,CSU.TO,1703.194091796875,17800
2021-03-29,CSU.TO,1710.8856201171875,26200
2021-03-30,CSU.TO,1729.188232421875,18300
2021-03-31,CSU.TO,1737.255615234375,41800
2021-04-01,CSU.TO,1775.82080078125,26400
2021-04-05,CSU.TO,1768.1888427734375,15600
2021-04-06,CSU.TO,1764.6151123046875,28400
2021-04-07,CSU.TO,1776.7017822265625,14900
2021-04-08,CSU.TO,1816.1578369140625,27900
2021-04-09,CSU.TO,1860.0679931640625,26300
2021-04-12,CSU.TO,1894.723876953125,38200
2021-04-13,CSU.TO,1881.004150390625,26100
2021-04-14,CSU.TO,1872.302978515625,20300
2021-04-15,CSU.TO,1888.2200927734375,16300
2021-04-16,CSU.TO,1878.845947265625,18500
2021-04-19,CSU.TO,1811.455810546875,31000
2021-04-20,CSU.TO,1790.4903564453125,42200
2021-04-21,CSU.TO,1846.2696533203125,30400
2021-04-22,CSU.TO,1838.61767578125,27800
2021-04-23,CSU.TO,1819.889404296875,30700
2021-04-26,CSU.TO,1828.956787109375,25300
2021-04-27,CSU.TO,1821.3646240234375,15000
2021-04-28,CSU.TO,1816.345703125,13300
2021-04-29,CSU.TO,1810.3372802734375,20500
2021-04-30,CSU.TO,1785.6502685546875,33200
2021-05-03,CSU.TO,1809.8621826171875,30300
2021-05-04,CSU.TO,1802.3096923828125,19200
2021-05-05,CSU.TO,1790.6689453125,17200
2021-05-06,CSU.TO,1788.54052734375,25000
2021-05-07,CSU.TO,1784.5908203125,24800
2021-05-10,CSU.TO,1741.3140869140625,34900
2021-05-11,CSU.TO,1703.986083984375,55800
2021-05-12,CSU.TO,1745.7286376953125,41900
2021-05-13,CSU.TO,1734.840087890625,35400
2021-05-14,CSU.TO,1715.5179443359375,35700
2021-05-17,CSU.TO,1696.8392333984375,24000
2021-05-18,CSU.TO,1702.0362548828125,22000
2021-05-19,CSU.TO,1711.4398193359375,36300
2021-05-20,CSU.TO,1768.178955078125,40700
2021-05-21,CSU.TO,1741.8978271484375,31100
2021-05-25,CSU.TO,1737.483154296875,35600
2021-05-26,CSU.TO,1741.1358642578125,31200
2021-05-27,CSU.TO,1720.120849609375,46400
2021-05-28,CSU.TO,1716.3096923828125,20700
2021-05-31,CSU.TO,1699.34375,19600
2021-06-01,CSU.TO,1735.8797607421875,43100
2021-06-02,CSU.TO,1724.55517578125,36200
2021-06-03,CSU.TO,1741.690185546875,35900
2021-06-04,CSU.TO,1746.5802001953125,9400
2021-06-07,CSU.TO,1740.93798828125,22900
2021-06-08,CSU.TO,1749.322265625,24600
2021-06-09,CSU.TO,1754.7960205078125,18000
2021-06-10,CSU.TO,1751.8758544921875,25700
2021-06-11,CSU.TO,1761.952880859375,17100
2021-06-14,CSU.TO,1791.064697265625,29000
2021-06-15,CSU.TO,1799.2310791015625,35200
2021-06-16,CSU.TO,1787.1944580078125,23200
2021-06-17,CSU.TO,1817.6416015625,42000
2021-06-18,CSU.TO,1830.40966796875,126700
2021-06-21,CSU.TO,1828.8740234375,23200
2021-06-22,CSU.TO,1863.34521484375,55400
2021-06-23,CSU.TO,1868.01025390625,38800
2021-06-24,CSU.TO,1860.72998046875,23400
2021-06-25,CSU.TO,1869.971923828125,14300
2021-06-28,CSU.TO,1876.9549560546875,16800
2021-06-29,CSU.TO,1876.7271728515625,22000
2021-06-30,CSU.TO,1859.650390625,28400
2021-07-02,CSU.TO,1863.2064208984375,37200
2021-07-05,CSU.TO,1886.979248046875,11600
2021-07-06,CSU.TO,1877.0638427734375,25900
2021-07-07,CSU.TO,1891.0306396484375,43500
2021-07-08,CSU.TO,1879.857666015625,39700
2021-07-09,CSU.TO,1901.580078125,18000
2021-07-12,CSU.TO,1893.279052734375,14800
2021-07-13,CSU.TO,1894.4381103515625,23800
2021-07-14,CSU.TO,1895.4681396484375,19700
2021-07-15,CSU.TO,1911.73291015625,18500
2021-07-16,CSU.TO,1889.3961181640625,12100
2021-07-19,CSU.TO,1887.4249267578125,24700
2021-07-20,CSU.TO,1899.3809814453125,17700
2021-07-21,CSU.TO,1891.178955078125,16800
2021-07-22,CSU.TO,1899.945556640625,16800
2021-07-23,CSU.TO,1910.2969970703125,14100
2021-07-26,CSU.TO,1901.8670654296875,18800
2021-07-27,CSU.TO,1912.802978515625,17100
2021-07-28,CSU.TO,1924.3623046875,15700
2021-07-29,CSU.TO,1936.1199951171875,16700
2021-07-30,CSU.TO,1979.525634765625,31700
2021-08-03,CSU.TO,1981.080810546875,37900
2021-08-04,CSU.TO,2005.8739013671875,26800
2021-08-05,CSU.TO,2019.52392578125,33600
2021-08-06,CSU.TO,2018.97900390625,23500
2021-08-09,CSU.TO,2012.589599609375,20700
2021-08-10,CSU.TO,2006.4288330078125,22300
2021-08-11,CSU.TO,2013.937255859375,18300
2021-08-12,CSU.TO,2028.18115234375,20800
2021-08-13,CSU.TO,2037.6107177734375,16900
2021-08-16,CSU.TO,2047.4560546875,28100
2021-08-17,CSU.TO,2057.124755859375,20400
2021-08-18,CSU.TO,2053.96484375,27700
2021-08-19,CSU.TO,2077.252685546875,14700
2021-08-20,CSU.TO,2129.423828125,22500
2021-08-23,CSU.TO,2141.697265625,23800
2021-08-24,CSU.TO,2122.33154296875,16000
2021-08-25,CSU.TO,2125.947509765625,21200
2021-08-26,CSU.TO,2099.935302734375,19000
2021-08-27,CSU.TO,2110.613525390625,21800
2021-08-30,CSU.TO,2125.28369140625,12400
2021-08-31,CSU.TO,2117.963623046875,34000
2021-09-01,CSU.TO,2146.24365234375,32800
2021-09-02,CSU.TO,2165.73681640625,18700
2021-09-03,CSU.TO,2171.779052734375,31100
2021-09-07,CSU.TO,2189.0947265625,30100
2021-09-08,CSU.TO,2172.205078125,28100
2021-09-09,CSU.TO,2183.497802734375,26100
2021-09-10,CSU.TO,2199.306640625,34900
2021-09-13,CSU.TO,2168.44189453125,36700
2021-09-14,CSU.TO,2163.75634765625,35600
2021-09-15,CSU.TO,2175.701904296875,34700
2021-09-16,CSU.TO,2177.448486328125,16000
2021-09-17,CSU.TO,2161.927978515625,132200
2021-09-20,CSU.TO,2176.665771484375,33600
2021-09-21,CSU.TO,2166.03076171875,25000
2021-09-22,CSU.TO,2155.564453125,39100
2021-09-23,CSU.TO,2177.220458984375,30700
2021-09-24,CSU.TO,2158.181640625,22000
2021-09-27,CSU.TO,2135.266357421875,44900
2021-09-28,CSU.TO,2077.177734375,42500
2021-09-29,CSU.TO,2058.19775390625,22200
2021-09-30,CSU.TO,2056.57275390625,28300
2021-10-01,CSU.TO,2072.361328125,26400
2021-10-04,CSU.TO,2043.499755859375,24000
2021-10-05,CSU.TO,2019.2674560546875,36900
2021-10-06,CSU.TO,2053.1435546875,26000
2021-10-07,CSU.TO,2098.605712890625,24000
2021-10-08,CSU.TO,2065.998046875,43400
2021-10-12,CSU.TO,2070.67626953125,23900
2021-10-13,CSU.TO,2112.778076171875,20000
2021-10-14,CSU.TO,2152.908447265625,27700
2021-10-15,CSU.TO,2145.920654296875,18100
2021-10-18,CSU.TO,2203.7626953125,31300
2021-10-19,CSU.TO,2182.145751953125,25200
2021-10-20,CSU.TO,2192.94921875,25800
2021-10-21,CSU.TO,2222.802001953125,22900
2021-10-22,CSU.TO,2224.4072265625,21500
2021-10-25,CSU.TO,2226.11181640625,29100
2021-10-26,CSU.TO,2199.3916015625,29700
2021-10-27,CSU.TO,2154.504150390625,26700
2021-10-28,CSU.TO,2211.681640625,32000
2021-10-29,CSU.TO,2155.654052734375,53000
2021-11-01,CSU.TO,2166.2685546875,38300
2021-11-02,CSU.TO,2171.005859375,30000
2021-11-03,CSU.TO,2154.572998046875,21800
2021-11-04,CSU.TO,2143.304931640625,29000
2021-11-05,CSU.TO,2138.68603515625,30100
2021-11-08,CSU.TO,2178.54833984375,45700
2021-11-09,CSU.TO,2169.589111328125,22100
2021-11-10,CSU.TO,2150.113525390625,26900
2021-11-11,CSU.TO,2136.86279296875,18700
2021-11-12,CSU.TO,2173.29541015625,34600
2021-11-15,CSU.TO,2145.791748046875,32900
2021-11-16,CSU.TO,2184.2177734375,42700
2021-11-17,CSU.TO,2209.847412109375,26900
2021-11-18,CSU.TO,2207.964599609375,30400
2021-11-19,CSU.TO,2229.947265625,38300
2021-11-22,CSU.TO,2184.40576171875,49300
2021-11-23,CSU.TO,2173.493408203125,34100
2021-11-24,CSU.TO,2205.298583984375,50100
2021-11-25,CSU.TO,2212.305419921875,11500
2021-11-26,CSU.TO,2175.347412109375,38100
2021-11-29,CSU.TO,2185.71484375,39000
2021-11-30,CSU.TO,2154.36572265625,107000
2021-12-01,CSU.TO,2121.866943359375,56900
2021-12-02,CSU.TO,2152.58154296875,42100
2021-12-03,CSU.TO,2127.44775390625,33100
2021-12-06,CSU.TO,2169.36083984375,48000
2021-12-07,CSU.TO,2207.944580078125,33600
2021-12-08,CSU.TO,2175.475830078125,47500
2021-12-09,CSU.TO,2158.97412109375,25500
2021-12-10,CSU.TO,2162.720703125,33400
2021-12-13,CSU.TO,2155.74365234375,58500
2021-12-14,CSU.TO,2180.441650390625,60600
2021-12-15,CSU.TO,2232.54443359375,70400
2021-12-16,CSU.TO,2167.536865234375,46200
2021-12-17,CSU.TO,2212.150146484375,80400
2021-12-20,CSU.TO,2169.8642578125,56200
2021-12-21,CSU.TO,2236.31787109375,34500
2021-12-22,CSU.TO,2270.977783203125,22800
2021-12-23,CSU.TO,2304.079833984375,28600
2021-12-24,CSU.TO,2305.67626953125,8100
2021-12-29,CSU.TO,2353.039306640625,32600
2021-12-30,CSU.TO,2349.00341796875,16400
2021-12-31,CSU.TO,2327.43408203125,24400
2022-01-04,CSU.TO,2309.64306640625,38400
2022-01-05,CSU.TO,2180.4658203125,46200
2022-01-06,CSU.TO,2144.923828125,42100
2022-01-07,CSU.TO,2126.6767578125,28500
2022-01-10,CSU.TO,2146.4306640625,36000
2022-01-11,CSU.TO,2158.966552734375,52700
2022-01-12,CSU.TO,2169.349365234375,34200
2022-01-13,CSU.TO,2127.17236328125,23500
2022-01-14,CSU.TO,2108.409912109375,33200
2022-01-17,CSU.TO,2155.5048828125,12700
2022-01-18,CSU.TO,2089.48828125,41300
2022-01-19,CSU.TO,2049.50341796875,44600
2022-01-20,CSU.TO,2025.6136474609375,49000
2022-01-21,CSU.TO,2045.427734375,32500
2022-01-24,CSU.TO,2063.675048828125,48400
2022-01-25,CSU.TO,2003.2012939453125,55400
2022-01-26,CSU.TO,2051.1201171875,54300
2022-01-27,CSU.TO,2010.798095703125,30700
2022-01-28,CSU.TO,2071.072509765625,49900
2022-01-31,CSU.TO,2171.15380859375,56600
2022-02-01,CSU.TO,2171.510986328125,39000
2022-02-02,CSU.TO,2199.992919921875,43600
2022-02-03,CSU.TO,2089.59716796875,53000
2022-02-04,CSU.TO,2151.5087890625,31000
2022-02-07,CSU.TO,2132.418212890625,42800
2022-02-08,CSU.TO,2155.544677734375,42600
2022-02-09,CSU.TO,2190.332763671875,25900
2022-02-10,CSU.TO,2158.90673828125,21900
2022-02-11,CSU.TO,2111.860107421875,34000
2022-02-14,CSU.TO,2108.677490234375,46600
2022-02-15,CSU.TO,2098.225341796875,35000
2022-02-16,CSU.TO,2074.74169921875,37800
2022-02-17,CSU.TO,2029.828369140625,28400
2022-02-18,CSU.TO,2041.718994140625,35900
2022-02-22,CSU.TO,2068.256591796875,66900
2022-02-23,CSU.TO,2011.551513671875,50600
2022-02-24,CSU.TO,2077.587890625,45600
2022-02-25,CSU.TO,2095.99365234375,39800
2022-02-28,CSU.TO,2118.405517578125,47200
2022-03-01,CSU.TO,2119.0009765625,47500
2022-03-02,CSU.TO,2131.862548828125,42100
2022-03-03,CSU.TO,2150.26904296875,48300
2022-03-04,CSU.TO,2076.556884765625,48100
2022-03-07,CSU.TO,2078.81787109375,38600
2022-03-08,CSU.TO,2035.9373779296875,56800
2022-03-09,CSU.TO,2104.36376953125,35600
2022-03-10,CSU.TO,2083.388916015625,34700
2022-03-11,CSU.TO,2031.008544921875,30100
2022-03-14,CSU.TO,2020.63525390625,38300
2022-03-15,CSU.TO,2027.5040283203125,23400
2022-03-16,CSU.TO,2110.2431640625,31900
2022-03-17,CSU.TO,2144.209716796875,22300
2022-03-18,CSU.TO,2140.86572265625,146100
2022-03-21,CSU.TO,2139.04052734375,22100
2022-03-22,CSU.TO,2175.388427734375,27400
2022-03-23,CSU.TO,2146.968994140625,33500
2022-03-24,CSU.TO,2107.44482421875,35400
2022-03-25,CSU.TO,2074.133056640625,19800
2022-03-28,CSU.TO,2101.5107421875,24800
2022-03-29,CSU.TO,2134.763671875,27800
2022-03-30,CSU.TO,2120.573486328125,25800
2022-03-31,CSU.TO,2120.573486328125,49900
2022-04-01,CSU.TO,2158.90625,26900
2022-04-04,CSU.TO,2231.950439453125,27100
2022-04-05,CSU.TO,2223.753662109375,25500
2022-04-06,CSU.TO,2183.088623046875,27100
2022-04-07,CSU.TO,2183.932373046875,24500
2022-04-08,CSU.TO,2133.38427734375,25200
2022-04-11,CSU.TO,2118.15185546875,18500
2022-04-12,CSU.TO,2160.265869140625,45800
2022-04-13,CSU.TO,2212.6201171875,43200
2022-04-14,CSU.TO,2162.83642578125,19000
2022-04-18,CSU.TO,2212.03466796875,26100
2022-04-19,CSU.TO,2255.150390625,24400
2022-04-20,CSU.TO,2169.395263671875,43400
2022-04-21,CSU.TO,2113.478515625,33100
2022-04-22,CSU.TO,2037.556396484375,31500
2022-04-25,CSU.TO,2128.154052734375,41500
2022-04-26,CSU.TO,2078.89599609375,40800
2022-04-27,CSU.TO,2083.857421875,34100
2022-04-28,CSU.TO,2054.42578125,31600
2022-04-29,CSU.TO,2006.328125,33900
2022-05-02,CSU.TO,2019.535888671875,32900
2022-05-03,CSU.TO,2043.4404296875,40300
2022-05-04,CSU.TO,2006.23876953125,39900
2022-05-05,CSU.TO,1970.15869140625,39700
2022-05-06,CSU.TO,1964.0357666015625,43800
2022-05-09,CSU.TO,1907.97021484375,36400
2022-05-10,CSU.TO,1874.608642578125,37900
2022-05-11,CSU.TO,1919.8681640625,74800
2022-05-12,CSU.TO,1879.3516845703125,37900
2022-05-13,CSU.TO,1910.837890625,19500
2022-05-16,CSU.TO,1931.4383544921875,30300
2022-05-17,CSU.TO,1942.0462646484375,25100
2022-05-18,CSU.TO,1923.6387939453125,22300
2022-05-19,CSU.TO,1939.60498046875,34700
2022-05-20,CSU.TO,1966.7646484375,42100
2022-05-24,CSU.TO,1927.2310791015625,27600
2022-05-25,CSU.TO,1945.8267822265625,31500
2022-05-26,CSU.TO,1940.88525390625,17300
2022-05-27,CSU.TO,1953.93408203125,33700
2022-05-30,CSU.TO,1992.1480712890625,16600
2022-05-31,CSU.TO,1975.4376220703125,68600
2022-06-01,CSU.TO,1927.0125732421875,22700
2022-06-02,CSU.TO,1939.9124755859375,18400
2022-06-03,CSU.TO,1895.5960693359375,32500
2022-06-06,CSU.TO,1920.2054443359375,27500
2022-06-07,CSU.TO,1898.9697265625,19900
2022-06-08,CSU.TO,1873.8046875,35400
2022-06-09,CSU.TO,1914.697998046875,26800
2022-06-10,CSU.TO,1857.7591552734375,36000
2022-06-13,CSU.TO,1873.2791748046875,55100
2022-06-14,CSU.TO,1845.1763916015625,35700
2022-06-15,CSU.TO,1839.93701171875,42300
2022-06-16,CSU.TO,1802.3580322265625,23000
2022-06-17,CSU.TO,1818.966552734375,126000
2022-06-20,CSU.TO,1844.75537109375,11300
2022-06-21,CSU.TO,1844.63623046875,24600
2022-06-22,CSU.TO,1822.203857421875,28300
2022-06-23,CSU.TO,1866.055419921875,23900
2022-06-24,CSU.TO,1935.0604248046875,30600
2022-06-27,CSU.TO,1932.5284423828125,27100
2022-06-28,CSU.TO,1928.78466796875,31900
2022-06-29,CSU.TO,1906.402099609375,21600
2022-06-30,CSU.TO,1897.5341796875,35400
2022-07-04,CSU.TO,1916.52099609375,21100
2022-07-05,CSU.TO,1921.7242431640625,36200
2022-07-06,CSU.TO,1908.8348388671875,37200
2022-07-07,CSU.TO,1958.8038330078125,33900
2022-07-08,CSU.TO,1979.269775390625,22500
2022-07-11,CSU.TO,1945.1298828125,18800
2022-07-12,CSU.TO,1901.6357421875,43400
2022-07-13,CSU.TO,1901.655517578125,26200
2022-07-14,CSU.TO,1910.771240234375,26300
2022-07-15,CSU.TO,1904.4556884765625,21400
2022-07-18,CSU.TO,1895.3990478515625,27800
2022-07-19,CSU.TO,1942.508544921875,24300
2022-07-20,CSU.TO,2009.209716796875,23400
2022-07-21,CSU.TO,2030.64892578125,33200
2022-07-22,CSU.TO,2044.39208984375,22300
2022-07-25,CSU.TO,2058.056396484375,18200
2022-07-26,CSU.TO,2042.03857421875,25500
2022-07-27,CSU.TO,2079.465576171875,52300
2022-07-28,CSU.TO,2095.294921875,30200
2022-07-29,CSU.TO,2163.157470703125,49400
2022-08-02,CSU.TO,2090.408447265625,45600
2022-08-03,CSU.TO,2130.6953125,19500
2022-08-04,CSU.TO,2153.674072265625,22900
2022-08-05,CSU.TO,2135.502197265625,44900
2022-08-08,CSU.TO,2128.9970703125,19900
2022-08-09,CSU.TO,2089.604736328125,20600
2022-08-10,CSU.TO,2109.504638671875,29500
2022-08-11,CSU.TO,2097.349853515625,24500
2022-08-12,CSU.TO,2134.99560546875,25600
2022-08-15,CSU.TO,2174.199462890625,22800
2022-08-16,CSU.TO,2190.83349609375,34300
2022-08-17,CSU.TO,2159.821044921875,48300
2022-08-18,CSU.TO,2157.159912109375,28200
2022-08-19,CSU.TO,2124.519287109375,32500
2022-08-22,CSU.TO,2097.84716796875,31100
2022-08-23,CSU.TO,2073.98486328125,21200
2022-08-24,CSU.TO,2047.996826171875,34500
2022-08-25,CSU.TO,2064.937744140625,19500
2022-08-26,CSU.TO,2010.8677978515625,34900
2022-08-29,CSU.TO,2020.7984619140625,18700
2022-08-30,CSU.TO,2025.6739501953125,24400
2022-08-31,CSU.TO,1963.2227783203125,57600
2022-09-01,CSU.TO,1953.5009765625,32300
2022-09-02,CSU.TO,1952.52783203125,25100
2022-09-06,CSU.TO,1922.0616455078125,27900
2022-09-07,CSU.TO,1965.7352294921875,32000
2022-09-08,CSU.TO,1973.9771728515625,40800
2022-09-09,CSU.TO,2019.0699462890625,46300
2022-09-12,CSU.TO,2033.2208251953125,20000
2022-09-13,CSU.TO,1981.325439453125,27700
2022-09-14,CSU.TO,1972.3585205078125,24300
2022-09-15,CSU.TO,1944.563720703125,50600
2022-09-16,CSU.TO,1925.88525390625,79300
2022-09-19,CSU.TO,1948.0406494140625,19400
2022-09-20,CSU.TO,1914.105712890625,25800
2022-09-21,CSU.TO,1902.3404541015625,22800
2022-09-22,CSU.TO,1902.9765625,42800
2022-09-23,CSU.TO,1886.023681640625,32800
2022-09-26,CSU.TO,1878.53125,19400
2022-09-27,CSU.TO,1874.8746337890625,29100
2022-09-28,CSU.TO,1910.876220703125,27000
2022-09-29,CSU.TO,1919.33251953125,42900
2022-09-30,CSU.TO,1909.98193359375,27900
2022-10-03,CSU.TO,1959.279541015625,23000
2022-10-04,CSU.TO,2011.786865234375,29600
2022-10-05,CSU.TO,1935.9769287109375,25700
2022-10-06,CSU.TO,1903.343994140625,29200
2022-10-07,CSU.TO,1869.9058837890625,41100
2022-10-11,CSU.TO,1836.954833984375,22800
2022-10-12,CSU.TO,1828.4090576171875,34200
2022-10-13,CSU.TO,1828.707275390625,37900
2022-10-14,CSU.TO,1818.2435302734375,24200
2022-10-17,CSU.TO,1838.3759765625,41900
2022-10-18,CSU.TO,1857.4947509765625,18000
2022-10-19,CSU.TO,1828.46875,23200
2022-10-20,CSU.TO,1844.904541015625,20900
2022-10-21,CSU.TO,1869.9256591796875,26600
2022-10-24,CSU.TO,1908.3822021484375,24900
2022-10-25,CSU.TO,1937.1298828125,27700
2022-10-26,CSU.TO,1952.8404541015625,27800
2022-10-27,CSU.TO,1963.2540283203125,34400
2022-10-28,CSU.TO,2006.7982177734375,23900
2022-10-31,CSU.TO,1957.4810791015625,33100
2022-11-01,CSU.TO,1960.15380859375,32100
2022-11-02,CSU.TO,1935.281494140625,29400
2022-11-03,CSU.TO,1926.059814453125,20200
2022-11-04,CSU.TO,1823.7882080078125,47500
2022-11-07,CSU.TO,1870.5919189453125,44400
2022-11-08,CSU.TO,1887.9019775390625,25400
2022-11-09,CSU.TO,1893.78466796875,33400
2022-11-10,CSU.TO,1982.1744384765625,48500
2022-11-11,CSU.TO,1983.1085205078125,29900
2022-11-14,CSU.TO,1967.5074462890625,48000
2022-11-15,CSU.TO,1988.3651123046875,22000
2022-11-16,CSU.TO,2032.7935791015625,39000
2022-11-17,CSU.TO,2010.4254150390625,24500
2022-11-18,CSU.TO,2009.55078125,21900
2022-11-21,CSU.TO,2034.870361328125,27100
2022-11-22,CSU.TO,2048.941162109375,21900
2022-11-23,CSU.TO,2074.707763671875,24600
2022-11-24,CSU.TO,2067.871337890625,10600
2022-11-25,CSU.TO,2084.51611328125,12200
2022-11-28,CSU.TO,2087.58642578125,27300
2022-11-29,CSU.TO,2095.744384765625,18600
2022-11-30,CSU.TO,2154.859619140625,74700
2022-12-01,CSU.TO,2186.1015625,30100
2022-12-02,CSU.TO,2134.200439453125,31100
2022-12-05,CSU.TO,2095.734375,32000
2022-12-06,CSU.TO,2074.30029296875,26500
2022-12-07,CSU.TO,2076.52587890625,36000
2022-12-08,CSU.TO,2052.935791015625,19700
2022-12-09,CSU.TO,2075.830810546875,13500
2022-12-12,CSU.TO,2130.40478515625,38600
2022-12-13,CSU.TO,2121.997802734375,39100
2022-12-14,CSU.TO,2134.200439453125,27300
2022-12-15,CSU.TO,2125.148193359375,19600
2022-12-16,CSU.TO,2104.916015625,79500
2022-12-19,CSU.TO,2109.708740234375,39100
2022-12-20,CSU.TO,2105.97021484375,21100
2022-12-21,CSU.TO,2132.369873046875,27100
2022-12-22,CSU.TO,2125.041259765625,29400
2022-12-23,CSU.TO,2115.337646484375,17000
2022-12-28,CSU.TO,2102.520263671875,18100
2022-12-29,CSU.TO,2122.715087890625,16900
2022-12-30,CSU.TO,2102.002197265625,29100
2023-01-03,CSU.TO,2117.276123046875,22000
2023-01-04,CSU.TO,2153.151611328125,24500
2023-01-05,CSU.TO,2147.26513671875,25700
2023-01-06,CSU.TO,2181.72900390625,19100
2023-01-09,CSU.TO,2208.139404296875,29300
2023-01-10,CSU.TO,2229.875244140625,28900
2023-01-11,CSU.TO,2210.734130859375,33300
2023-01-12,CSU.TO,2242.43408203125,25700
2023-01-13,CSU.TO,2249.692626953125,20200
2023-01-16,CSU.TO,2257.65771484375,9800
2023-01-17,CSU.TO,2262.2314453125,22400
2023-01-18,CSU.TO,2281.7998046875,26400
2023-01-19,CSU.TO,2262.241455078125,36200
2023-01-20,CSU.TO,2311.99853515625,24700
2023-01-23,CSU.TO,2324.855712890625,18500
2023-01-24,CSU.TO,2323.77099609375,21600
2023-01-25,CSU.TO,2307.46435546875,29900
2023-01-26,CSU.TO,2309.76123046875,19500
2023-01-27,CSU.TO,2341.6796875,26400
2023-01-30,CSU.TO,2309.8310546875,25900
2023-01-31,CSU.TO,2337.473876953125,50800
2023-02-01,CSU.TO,2359.637451171875,43200
2023-02-02,CSU.TO,2361.54638671875,51500
2023-02-03,CSU.TO,2372.762939453125,31500
2023-02-06,CSU.TO,2343.0615234375,30600
2023-02-07,CSU.TO,2356.604736328125,29000
2023-02-08,CSU.TO,2362.858642578125,25000
2023-02-09,CSU.TO,2359.060302734375,40000
2023-02-10,CSU.TO,2357.092041015625,46600
2023-02-13,CSU.TO,2369.44140625,46700
2023-02-14,CSU.TO,2392.301025390625,53400
2023-02-15,CSU.TO,2350.667724609375,36500
2023-02-16,CSU.TO,2351.32470703125,33100
2023-02-17,CSU.TO,2357.201171875,23600
2023-02-21,CSU.TO,2341.699462890625,36400
2023-02-22,CSU.TO,2347.9638671875,40400
2023-02-23,CSU.TO,2346.89013671875,28200
2023-02-24,CSU.TO,2304.47119140625,25300
2023-02-27,CSU.TO,2318.958251953125,13100
2023-02-28,CSU.TO,2332.889404296875,40200
2023-03-01,CSU.TO,2272.55322265625,26800
2023-03-02,CSU.TO,2261.197265625,20300
2023-03-03,CSU.TO,2282.893798828125,23300
2023-03-06,CSU.TO,2256.4443359375,20600
2023-03-07,CSU.TO,2231.6552734375,31300
2023-03-08,CSU.TO,2302.362548828125,21800
2023-03-09,CSU.TO,2326.764404296875,48500
2023-03-10,CSU.TO,2276.8876953125,33500
2023-03-13,CSU.TO,2296.93359375,37500
2023-03-14,CSU.TO,2336.707763671875,27200
2023-03-15,CSU.TO,2299.2705078125,37500
2023-03-16,CSU.TO,2317.775146484375,32200
2023-03-17,CSU.TO,2303.088623046875,75900
2023-03-20,CSU.TO,2366.53857421875,44000
2023-03-21,CSU.TO,2344.45361328125,36700
2023-03-22,CSU.TO,2339.263427734375,24100
2023-03-23,CSU.TO,2371.201171875,32900
2023-03-24,CSU.TO,2377.823974609375,31100
2023-03-27,CSU.TO,2426.099365234375,49400
2023-03-28,CSU.TO,2411.313232421875,27100
2023-03-29,CSU.TO,2418.790771484375,27100
2023-03-30,CSU.TO,2475.915771484375,55400
2023-03-31,CSU.TO,2526.537841796875,49200
2023-04-03,CSU.TO,2504.861572265625,30900
2023-04-04,CSU.TO,2563.885009765625,37400
2023-04-05,CSU.TO,2549.16650390625,40800
2023-04-06,CSU.TO,2570.685302734375,44200
2023-04-10,CSU.TO,2596.26318359375,16900
2023-04-11,CSU.TO,2614.8671875,31200
2023-04-12,CSU.TO,2600.013916015625,24800
2023-04-13,CSU.TO,2614.389404296875,25300
2023-04-14,CSU.TO,2640.683837890625,25300
2023-04-17,CSU.TO,2614.46875,24000
2023-04-18,CSU.TO,2590.41357421875,38200
2023-04-19,CSU.TO,2587.96630859375,22500
2023-04-20,CSU.TO,2593.955078125,25800
2023-04-21,CSU.TO,2631.04345703125,37400
2023-04-24,CSU.TO,2638.474853515625,26300
2023-04-25,CSU.TO,2621.44287109375,25900
2023-04-26,CSU.TO,2644.802734375,34700
2023-04-27,CSU.TO,2641.0322265625,23600
2023-04-28,CSU.TO,2638.197021484375,24700
2023-05-01,CSU.TO,2681.15478515625,21500
2023-05-02,CSU.TO,2717.91455078125,33000
2023-05-03,CSU.TO,2707.150390625,27900
2023-05-04,CSU.TO,2606.82861328125,39200
2023-05-05,CSU.TO,2590.343994140625,56600
2023-05-08,CSU.TO,2623.174072265625,31700
2023-05-09,CSU.TO,2626.138671875,15000
2023-05-10,CSU.TO,2621.622314453125,15400
2023-05-11,CSU.TO,2583.8466796875,37400
2023-05-12,CSU.TO,2520.225830078125,48900
2023-05-15,CSU.TO,2616.608154296875,30400
2023-05-16,CSU.TO,2600.322265625,52400
2023-05-17,CSU.TO,2601.47607421875,25200
2023-05-18,CSU.TO,2631.41162109375,30000
2023-05-19,CSU.TO,2715.338623046875,43400
2023-05-23,CSU.TO,2589.8759765625,52300
2023-05-24,CSU.TO,2586.434326171875,19700
2023-05-25,CSU.TO,2624.427978515625,25800
2023-05-26,CSU.TO,2675.11572265625,14800
2023-05-29,CSU.TO,2655.30810546875,6400
2023-05-30,CSU.TO,2660.341796875,18700
2023-05-31,CSU.TO,2753.789794921875,103900
2023-06-01,CSU.TO,2725.943359375,28400
2023-06-02,CSU.TO,2761.57958984375,27100
2023-06-05,CSU.TO,2742.52734375,34900
2023-06-06,CSU.TO,2774.223876953125,26300
2023-06-07,CSU.TO,2704.185791015625,29800
2023-06-08,CSU.TO,2681.8212890625,24500
2023-06-09,CSU.TO,2688.755126953125,17300
2023-06-12,CSU.TO,2740.716796875,24200
2023-06-13,CSU.TO,2736.190673828125,16300
2023-06-14,CSU.TO,2744.229248046875,17600
2023-06-15,CSU.TO,2733.63330078125,24900
2023-06-16,CSU.TO,2705.946533203125,97700
2023-06-19,CSU.TO,2695.385986328125,3300
2023-06-20,CSU.TO,2682.81494140625,17800
2023-06-21,CSU.TO,2670.472412109375,19500
2023-06-22,CSU.TO,2637.884765625,26100
2023-06-23,CSU.TO,2648.574951171875,36600
2023-06-26,CSU.TO,2638.034423828125,12200
2023-06-27,CSU.TO,2674.49365234375,18300
2023-06-28,CSU.TO,2711.251708984375,17700
2023-06-29,CSU.TO,2691.444580078125,16500
2023-06-30,CSU.TO,2731.98486328125,36200
2023-07-04,CSU.TO,2739.171142578125,8200
2023-07-05,CSU.TO,2685.960205078125,27300
2023-07-06,CSU.TO,2643.986572265625,28700
2023-07-07,CSU.TO,2647.261474609375,19500
2023-07-10,CSU.TO,2602.93896484375,18700
2023-07-11,CSU.TO,2614.34521484375,16900
2023-07-12,CSU.TO,2600.78857421875,27500
2023-07-13,CSU.TO,2671.577392578125,23800
2023-07-14,CSU.TO,2685.482177734375,17700
2023-07-17,CSU.TO,2738.65380859375,18700
2023-07-18,CSU.TO,2785.146484375,20800
2023-07-19,CSU.TO,2800.05615234375,19300
2023-07-20,CSU.TO,2786.96826171875,13900
2023-07-21,CSU.TO,2798.344482421875,13500
2023-07-24,CSU.TO,2793.069091796875,20500
2023-07-25,CSU.TO,2802.545166015625,20400
2023-07-26,CSU.TO,2755.95263671875,21500
2023-07-27,CSU.TO,2735.468505859375,19100
2023-07-28,CSU.TO,2772.42578125,14600
2023-07-31,CSU.TO,2772.9931640625,19300
2023-08-01,CSU.TO,2748.8564453125,17300
2023-08-02,CSU.TO,2654.417724609375,36000
2023-08-03,CSU.TO,2652.098388671875,21500
2023-08-04,CSU.TO,2676.722900390625,39200
2023-08-08,CSU.TO,2692.111083984375,22500
2023-08-09,CSU.TO,2712.724609375,15300
2023-08-10,CSU.TO,2759.287353515625,28600
2023-08-11,CSU.TO,2749.28369140625,17300
2023-08-14,CSU.TO,2687.333740234375,25700
2023-08-15,CSU.TO,2657.513427734375,30000
2023-08-16,CSU.TO,2691.20556640625,38500
2023-08-17,CSU.TO,2635.944091796875,18600
2023-08-18,CSU.TO,2631.415283203125,18300
2023-08-21,CSU.TO,2669.67626953125,27600
2023-08-22,CSU.TO,2679.40087890625,20900
2023-08-23,CSU.TO,2745.5712890625,21500
2023-08-24,CSU.TO,2698.740966796875,23500
2023-08-25,CSU.TO,2710.674560546875,12600
2023-08-28,CSU.TO,2710.35595703125,12700
2023-08-29,CSU.TO,2739.71875,20600
2023-08-30,CSU.TO,2777.56201171875,27800
2023-08-31,CSU.TO,2762.54248046875,47400
2023-09-01,CSU.TO,2834.09716796875,27100
2023-09-05,CSU.TO,2817.037109375,15000
2023-09-06,CSU.TO,2779.303466796875,27100
2023-09-07,CSU.TO,2790.123046875,44000
2023-09-08,CSU.TO,2749.114501953125,38900
2023-09-11,CSU.TO,2787.53515625,12000
2023-09-12,CSU.TO,2776.67578125,13200
2023-09-13,CSU.TO,2773.760009765625,25600
2023-09-14,CSU.TO,2857.885986328125,32200
2023-09-15,CSU.TO,2866.555419921875,90900
2023-09-18,CSU.TO,2830.813232421875,15200
2023-09-19,CSU.TO,2773.08447265625,26900
2023-09-20,CSU.TO,2776.320556640625,15100
2023-09-21,CSU.TO,2704.423095703125,31600
2023-09-22,CSU.TO,2693.68798828125,22700
2023-09-25,CSU.TO,2705.339111328125,20900
2023-09-26,CSU.TO,2711.9609375,29200
2023-09-27,CSU.TO,2736.806640625,41400
2023-09-28,CSU.TO,2782.474853515625,26200
2023-09-29,CSU.TO,2792.343505859375,36900
2023-10-02,CSU.TO,2775.603515625,24900
2023-10-03,CSU.TO,2789.525390625,45500
2023-10-04,CSU.TO,2813.18603515625,21600
2023-10-05,CSU.TO,2838.0712890625,24800
2023-10-06,CSU.TO,2865.117919921875,36600
2023-10-10,CSU.TO,2836.178955078125,24400
2023-10-11,CSU.TO,2858.455810546875,21700
2023-10-12,CSU.TO,2834.16796875,18300
2023-10-13,CSU.TO,2815.9443359375,17300
2023-10-16,CSU.TO,2834.476318359375,29700
2023-10-17,CSU.TO,2831.628173828125,20600
2023-10-18,CSU.TO,2818.1650390625,19700
2023-10-19,CSU.TO,2845.659423828125,28400
2023-10-20,CSU.TO,2823.791015625,33000
2023-10-23,CSU.TO,2804.26318359375,20100
2023-10-24,CSU.TO,2800.59912109375,21100
2023-10-25,CSU.TO,2769.6787109375,17800
2023-10-26,CSU.TO,2702.789306640625,31300
2023-10-27,CSU.TO,2660.76611328125,27900
2023-10-30,CSU.TO,2741.9052734375,22400
2023-10-31,CSU.TO,2768.384765625,26400
2023-11-01,CSU.TO,2818.81201171875,16900
2023-11-02,CSU.TO,2840.879638671875,17400
2023-11-03,CSU.TO,2852.530517578125,31300
2023-11-06,CSU.TO,2846.266845703125,20700
2023-11-07,CSU.TO,2871.91943359375,28600
2023-11-08,CSU.TO,2913.215576171875,30500
2023-11-09,CSU.TO,2912.758056640625,19700
2023-11-10,CSU.TO,3021.311767578125,28300
2023-11-13,CSU.TO,3078.810302734375,35600
2023-11-14,CSU.TO,3041.099365234375,60900
2023-11-15,CSU.TO,3112.26025390625,35500
2023-11-16,CSU.TO,3148.4677734375,35800
2023-11-17,CSU.TO,3140.9794921875,21200
2023-11-20,CSU.TO,3171.11279296875,17900
2023-11-21,CSU.TO,3165.844482421875,19600
2023-11-22,CSU.TO,3167.059814453125,13800
2023-11-23,CSU.TO,3181.1005859375,7300
2023-11-24,CSU.TO,3169.091064453125,10400
2023-11-27,CSU.TO,3194.17626953125,19200
2023-11-28,CSU.TO,3197.97021484375,34400
2023-11-29,CSU.TO,3202.271728515625,21600
2023-11-30,CSU.TO,3173.97119140625,121400
2023-12-01,CSU.TO,3212.509033203125,27700
2023-12-04,CSU.TO,3222.467041015625,22800
2023-12-05,CSU.TO,3258.874267578125,32900
2023-12-06,CSU.TO,3237.962158203125,38900
2023-12-07,CSU.TO,3259.103271484375,35100
2023-12-08,CSU.TO,3278.183349609375,15200
2023-12-11,CSU.TO,3307.360595703125,26700
2023-12-12,CSU.TO,3273.293701171875,52600
2023-12-13,CSU.TO,3284.27734375,34200
2023-12-14,CSU.TO,3310.09912109375,34200
2023-12-15,CSU.TO,3303.248046875,143700
2023-12-18,CSU.TO,3244.23583984375,41900
2023-12-19,CSU.TO,3141.494384765625,40900
2023-12-20,CSU.TO,3179.12255859375,29900
2023-12-21,CSU.TO,3218.97119140625,33400
2023-12-22,CSU.TO,3235.249755859375,11300
2023-12-27,CSU.TO,3281.743896484375,24600
2023-12-28,CSU.TO,3273.205810546875,17900
2023-12-29,CSU.TO,3272.87744140625,15800
2024-01-02,CSU.TO,3238.8955078125,24300
2024-01-03,CSU.TO,3290.26171875,23600
2024-01-04,CSU.TO,3312.656982421875,26900
2024-01-05,CSU.TO,3335.978271484375,24600
2024-01-08,CSU.TO,3424.174560546875,42400
2024-01-09,CSU.TO,3439.327392578125,35300
2024-01-10,CSU.TO,3464.48193359375,13800
2024-01-11,CSU.TO,3473.7666015625,15600
2024-01-12,CSU.TO,3556.533203125,54500
2024-01-15,CSU.TO,3602.1904296875,15400
2024-01-16,CSU.TO,3595.396240234375,37800
2024-01-17,CSU.TO,3541.97802734375,25300
2024-01-18,CSU.TO,3610.329345703125,22400
2024-01-19,CSU.TO,3646.761474609375,20200
2024-01-22,CSU.TO,3607.739501953125,25400
2024-01-23,CSU.TO,3644.878662109375,24900
2024-01-24,CSU.TO,3643.3544921875,18900
2024-01-25,CSU.TO,3648.046875,21200
2024-01-26,CSU.TO,3681.0419921875,13800
2024-01-29,CSU.TO,3745.826904296875,17000
2024-01-30,CSU.TO,3785.65576171875,20500
2024-01-31,CSU.TO,3701.843505859375,46500
2024-02-01,CSU.TO,3732.72607421875,29800
2024-02-02,CSU.TO,3775.71337890625,21100
2024-02-05,CSU.TO,3633.232421875,42600
2024-02-06,CSU.TO,3617.9306640625,27700
2024-02-07,CSU.TO,3646.183837890625,21000
2024-02-08,CSU.TO,3661.466064453125,16700
2024-02-09,CSU.TO,3718.001953125,19400
2024-02-12,CSU.TO,3647.080322265625,21000
2024-02-13,CSU.TO,3589.159423828125,42000
2024-02-14,CSU.TO,3705.36962890625,20000
2024-02-15,CSU.TO,3693.793701171875,34500
2024-02-16,CSU.TO,3696.831787109375,24500
2024-02-20,CSU.TO,3708.88623046875,49300
2024-02-21,CSU.TO,3649.66064453125,26000
2024-02-22,CSU.TO,3693.5146484375,20400
2024-02-23,CSU.TO,3735.8544921875,30100
2024-02-26,CSU.TO,3739.958740234375,12900
2024-02-27,CSU.TO,3742.878173828125,18500
2024-02-28,CSU.TO,3758.837158203125,13600
2024-02-29,CSU.TO,3764.136962890625,55300
2024-03-01,CSU.TO,3838.475341796875,23900
2024-03-04,CSU.TO,3778.124267578125,19500
2024-03-05,CSU.TO,3689.021484375,23100
2024-03-06,CSU.TO,3669.983642578125,39900
2024-03-07,CSU.TO,3833.972900390625,22800
2024-03-08,CSU.TO,3779.52880859375,14300
2024-03-11,CSU.TO,3780.67431640625,23600
2024-03-12,CSU.TO,3762.85205078125,31400
2024-03-13,CSU.TO,3757.9609375,21500
2024-03-14,CSU.TO,3736.581298828125,30300
2024-03-15,CSU.TO,3736.661376953125,123300
2024-03-18,CSU.TO,3670.48193359375,41800
2024-03-19,CSU.TO,3719.57568359375,20100
2024-03-20,CSU.TO,3754.792724609375,15900
2024-03-21,CSU.TO,3783.633056640625,32900
2024-03-22,CSU.TO,3738.69384765625,18700
2024-03-25,CSU.TO,3727.7646484375,22800
2024-03-26,CSU.TO,3728.93994140625,34800
2024-03-27,CSU.TO,3717.5673828125,21000
2024-03-28,CSU.TO,3687.380615234375,44100
2024-04-01,CSU.TO,3652.47021484375,15200
2024-04-02,CSU.TO,3579.390380859375,58100
2024-04-03,CSU.TO,3577.00830078125,17100
2024-04-04,CSU.TO,3536.2578125,17000
2024-04-05,CSU.TO,3629.03076171875,20300
2024-04-08,CSU.TO,3625.572265625,15800
2024-04-09,CSU.TO,3651.9521484375,15900
2024-04-10,CSU.TO,3617.609375,21400
2024-04-11,CSU.TO,3679.737060546875,33900
2024-04-12,CSU.TO,3569.484375,21600
2024-04-15,CSU.TO,3577.756103515625,22500
2024-04-16,CSU.TO,3637.26220703125,35400
2024-04-17,CSU.TO,3698.80126953125,39300
2024-04-18,CSU.TO,3687.56005859375,42000
2024-04-19,CSU.TO,3649.18115234375,28800
2024-04-22,CSU.TO,3668.9736328125,16300
2024-04-23,CSU.TO,3718.1552734375,28900
2024-04-24,CSU.TO,3684.35107421875,17200
2024-04-25,CSU.TO,3642.5439453125,18600
2024-04-26,CSU.TO,3622.602783203125,31500
2024-04-29,CSU.TO,3599.800537109375,27000
2024-04-30,CSU.TO,3532.191650390625,27200
2024-05-01,CSU.TO,3604.364990234375,16700
2024-05-02,CSU.TO,3532.450927734375,33100
2024-05-03,CSU.TO,3625.60205078125,16100
2024-05-06,CSU.TO,3737.220458984375,33000
2024-05-07,CSU.TO,3742.542236328125,26000
2024-05-08,CSU.TO,3807.43994140625,31600
2024-05-09,CSU.TO,3813.83740234375,48400
2024-05-10,CSU.TO,3723.556884765625,41100
2024-05-13,CSU.TO,3695.223876953125,42600
2024-05-14,CSU.TO,3631.601318359375,34300
2024-05-15,CSU.TO,3642.205078125,25700
2024-05-16,CSU.TO,3670.697509765625,27100
2024-05-17,CSU.TO,3682.387939453125,19000
2024-05-21,CSU.TO,3695.28369140625,36500
2024-05-22,CSU.TO,3696.39990234375,17500
2024-05-23,CSU.TO,3709.385009765625,22800
2024-05-24,CSU.TO,3804.97802734375,33800
2024-05-27,CSU.TO,3710.331787109375,10400
2024-05-28,CSU.TO,3767.11767578125,17600
2024-05-29,CSU.TO,3748.013427734375,26800
2024-05-30,CSU.TO,3706.13671875,26200
2024-05-31,CSU.TO,3778.14013671875,114800
2024-06-03,CSU.TO,3778.150146484375,34500
2024-06-04,CSU.TO,3780.481689453125,29900
2024-06-05,CSU.TO,3811.2666015625,24700
2024-06-06,CSU.TO,3794.962158203125,23800
2024-06-07,CSU.TO,3828.737060546875,26800
2024-06-10,CSU.TO,3856.781005859375,33100
2024-06-11,CSU.TO,3803.761962890625,19700
2024-06-12,CSU.TO,3843.835205078125,30600
2024-06-13,CSU.TO,3772.2109375,15300
2024-06-14,CSU.TO,3787.03955078125,36500
2024-06-17,CSU.TO,3758.287841796875,18400
2024-06-18,CSU.TO,3770.834716796875,46600
2024-06-19,CSU.TO,3751.23193359375,15300
2024-06-20,CSU.TO,3734.42333984375,50000
2024-06-21,CSU.TO,3798.4775390625,177800
2024-06-24,CSU.TO,3836.611328125,27300
2024-06-25,CSU.TO,3865.1337890625,19100
2024-06-26,CSU.TO,3856.4404296875,31900
2024-06-27,CSU.TO,3915.529541015625,27000
2024-06-28,CSU.TO,3929.865478515625,39700
2024-07-02,CSU.TO,3960.542236328125,43500
2024-07-03,CSU.TO,4030.698486328125,26500
2024-07-04,CSU.TO,4024.4169921875,8800
2024-07-05,CSU.TO,3967.09228515625,28800
2024-07-08,CSU.TO,4036.29052734375,20000
2024-07-09,CSU.TO,4037.656494140625,19300
2024-07-10,CSU.TO,4102.6376953125,40000
2024-07-11,CSU.TO,4081.970703125,25200
2024-07-12,CSU.TO,4134.5107421875,31600
2024-07-15,CSU.TO,4177.22998046875,31900
2024-07-16,CSU.TO,4187.81787109375,40600
2024-07-17,CSU.TO,4174.31982421875,42600
2024-07-18,CSU.TO,4185.06591796875,65300
2024-07-19,CSU.TO,4201.884765625,26300
2024-07-22,CSU.TO,4275.91845703125,38400
2024-07-23,CSU.TO,4296.60498046875,26100
2024-07-24,CSU.TO,4291.09228515625,42100
2024-07-25,CSU.TO,4339.29345703125,28300
2024-07-26,CSU.TO,4458.04150390625,41100
2024-07-29,CSU.TO,4335.99365234375,42400
2024-07-30,CSU.TO,4234.0263671875,54000
2024-07-31,CSU.TO,4343.01318359375,40600
2024-08-01,CSU.TO,4166.7919921875,51800
2024-08-02,CSU.TO,4037.387451171875,45600
2024-08-06,CSU.TO,4026.50048828125,56500
2024-08-07,CSU.TO,3984.229736328125,26800
2024-08-08,CSU.TO,4051.992431640625,26100
2024-08-09,CSU.TO,4062.580078125,24900
2024-08-12,CSU.TO,3947.47216796875,30600
2024-08-13,CSU.TO,4085.260986328125,37900
2024-08-14,CSU.TO,4165.74462890625,27100
2024-08-15,CSU.TO,4228.1943359375,44800
2024-08-16,CSU.TO,4215.8515625,27600
2024-08-19,CSU.TO,4204.18701171875,42200
2024-08-20,CSU.TO,4212.3720703125,20200
2024-08-21,CSU.TO,4286.92431640625,31900
2024-08-22,CSU.TO,4248.50244140625,28800
2024-08-23,CSU.TO,4294.37158203125,22100
2024-08-26,CSU.TO,4308.35888671875,10300
2024-08-27,CSU.TO,4278.64990234375,20000
2024-08-28,CSU.TO,4252.0712890625,14700
2024-08-29,CSU.TO,4281.521484375,14800
2024-08-30,CSU.TO,4387.27783203125,43100
2024-09-03,CSU.TO,4244.76416015625,27700
2024-09-04,CSU.TO,4237.19580078125,21700
2024-09-05,CSU.TO,4168.705078125,43400
2024-09-06,CSU.TO,4173.72998046875,30300
2024-09-09,CSU.TO,4206.84912109375,38700
2024-09-10,CSU.TO,4245.51171875,30700
2024-09-11,CSU.TO,4252.00146484375,24000
2024-09-12,CSU.TO,4259.41845703125,28900
2024-09-13,CSU.TO,4273.41552734375,37100
2024-09-16,CSU.TO,4342.1357421875,38000
2024-09-17,CSU.TO,4300.7119140625,26500
2024-09-18,CSU.TO,4243.87646484375,38000
2024-09-19,CSU.TO,4382.91064453125,25500
2024-09-20,CSU.TO,4363.130859375,73500
2024-09-23,CSU.TO,4387.96337890625,18000
2024-09-24,CSU.TO,4397.93505859375,17400
2024-09-25,CSU.TO,4360.01953125,21300
2024-09-26,CSU.TO,4422.36865234375,29400
2024-09-27,CSU.TO,4326.9609375,22100
2024-09-30,CSU.TO,4387.943359375,28800
2024-10-01,CSU.TO,4338.080078125,41300
2024-10-02,CSU.TO,4366.50146484375,18700
2024-10-03,CSU.TO,4303.2763671875,27600
2024-10-04,CSU.TO,4341.8798828125,18500
2024-10-07,CSU.TO,4323.4599609375,15600
2024-10-08,CSU.TO,4303.0361328125,43300
2024-10-09,CSU.TO,4356.060546875,26300
2024-10-10,CSU.TO,4328.107421875,30500
2024-10-11,CSU.TO,4404.138671875,28400
2024-10-15,CSU.TO,4397.6962890625,32500
2024-10-16,CSU.TO,4397.71630859375,21900
2024-10-17,CSU.TO,4418.927734375,25800
2024-10-18,CSU.TO,4418.91796875,12500
2024-10-21,CSU.TO,4358.04541015625,21300
2024-10-22,CSU.TO,4383.95458984375,12000
2024-10-23,CSU.TO,4316.81884765625,15300
2024-10-24,CSU.TO,4326.611328125,43400
2024-10-25,CSU.TO,4270.01708984375,20700
2024-10-28,CSU.TO,4292.9541015625,25400
2024-10-29,CSU.TO,4350.8349609375,28200
2024-10-30,CSU.TO,4319.6806640625,29800
2024-10-31,CSU.TO,4187.53466796875,37000
2024-11-01,CSU.TO,4246.23291015625,21600
2024-11-04,CSU.TO,4251.52783203125,18000
2024-11-05,CSU.TO,4239.37158203125,23800
2024-11-06,CSU.TO,4333.09423828125,16800
2024-11-07,CSU.TO,4386.33837890625,29600
2024-11-08,CSU.TO,4345.0615234375,16400
2024-11-11,CSU.TO,4442.1845703125,27500
2024-11-12,CSU.TO,4477.59619140625,29800
2024-11-13,CSU.TO,4560.44970703125,29100
2024-11-14,CSU.TO,4475.86083984375,26100
2024-11-15,CSU.TO,4408.77587890625,36700
2024-11-18,CSU.TO,4437.078125,21200
2024-11-19,CSU.TO,4423.9443359375,22300
2024-11-20,CSU.TO,4490.73095703125,19700
2024-11-21,CSU.TO,4631.8232421875,29400
2024-11-22,CSU.TO,4575.32861328125,22500
2024-11-25,CSU.TO,4595.65234375,74200
2024-11-26,CSU.TO,4666.1884765625,28600
2024-11-27,CSU.TO,4708.63232421875,18100
2024-11-28,CSU.TO,4687.12060546875,7100
2024-11-29,CSU.TO,4721.1875,28300
2024-12-02,CSU.TO,4777.1728515625,22500
2024-12-03,CSU.TO,4637.2880859375,44400
2024-12-04,CSU.TO,4722.5146484375,29800
2024-12-05,CSU.TO,4695.23876953125,22400
2024-12-06,CSU.TO,4685.78466796875,23000
2024-12-09,CSU.TO,4689.54541015625,41100
2024-12-10,CSU.TO,4612.865234375,27600
2024-12-11,CSU.TO,4674.2568359375,21200
2024-12-12,CSU.TO,4637.30810546875,32700
2024-12-13,CSU.TO,4646.662109375,18700
2024-12-16,CSU.TO,4609.224609375,19000
2024-12-17,CSU.TO,4644.1689453125,41500
2024-12-18,CSU.TO,4454.87890625,35200
2024-12-19,CSU.TO,4411.6181640625,28600
2024-12-20,CSU.TO,4441.80615234375,97300
2024-12-23,CSU.TO,4499.3759765625,33000
2024-12-24,CSU.TO,4536.4658203125,4200
2024-12-27,CSU.TO,4523.7763671875,15800
2024-12-30,CSU.TO,4464.8583984375,15900
2024-12-31,CSU.TO,4434.17431640625,13500
2025-01-02,CSU.TO,4429.4453125,24500
2025-01-03,CSU.TO,4447.6708984375,22200
2025-01-06,CSU.TO,4308.11865234375,47800
2025-01-07,CSU.TO,4152.63525390625,63600
2025-01-08,CSU.TO,4314.55322265625,59300
2025-01-09,CSU.TO,4310.04443359375,11100
2025-01-10,CSU.TO,4265.1435546875,51600
2025-01-13,CSU.TO,4287.98779296875,35100
2025-01-14,CSU.TO,4254.359375,19500
2025-01-15,CSU.TO,4330.33447265625,30600
2025-01-16,CSU.TO,4390.529296875,24200
2025-01-17,CSU.TO,4381.7607421875,23900
2025-01-20,CSU.TO,4351.07470703125,6300
2025-01-21,CSU.TO,4430.20263671875,20900
2025-01-22,CSU.TO,4489.14990234375,25100
2025-01-23,CSU.TO,4552.24755859375,27000
2025-01-24,CSU.TO,4621.9189453125,41400
2025-01-27,CSU.TO,4583.28173828125,25800
2025-01-28,CSU.TO,4705.4267578125,40900
2025-01-29,CSU.TO,4713.58740234375,25500
2025-01-30,CSU.TO,4786.5400390625,27900
2025-01-31,CSU.TO,4741.5390625,53100
2025-02-03,CSU.TO,4808.35693359375,40000
2025-02-04,CSU.TO,4788.40576171875,31800
2025-02-05,CSU.TO,4890.79736328125,31500
2025-02-06,CSU.TO,4919.95703125,38800
2025-02-07,CSU.TO,4896.8037109375,25300
2025-02-10,CSU.TO,4922.251953125,22000
2025-02-11,CSU.TO,4870.45703125,14300
2025-02-12,CSU.TO,4865.2197265625,16800
2025-02-13,CSU.TO,4949.56494140625,24400
2025-02-14,CSU.TO,4922.919921875,16900
2025-02-18,CSU.TO,4937.93408203125,20100
2025-02-19,CSU.TO,4875.00634765625,31200
2025-02-20,CSU.TO,4858.5654296875,31500
2025-02-21,CSU.TO,4828.30859375,24300
2025-02-24,CSU.TO,4864.55126953125,28000
2025-02-25,CSU.TO,4888.173828125,30100
2025-02-26,CSU.TO,4923.41845703125,27100
2025-02-27,CSU.TO,4880.7626953125,20400
2025-02-28,CSU.TO,4974.9248046875,63300
2025-03-03,CSU.TO,4850.1064453125,32300
2025-03-04,CSU.TO,4855.90234375,50900
2025-03-05,CSU.TO,4976.86962890625,39200
2025-03-06,CSU.TO,4896.7734375,59700
2025-03-07,CSU.TO,4936.2373046875,34800
2025-03-10,CSU.TO,4788.40576171875,76900
2025-03-11,CSU.TO,4711.0927734375,38600
2025-03-12,CSU.TO,4743.4541015625,37200
2025-03-13,CSU.TO,4617.4091796875,51600
2025-03-14,CSU.TO,4687.4501953125,40000
2025-03-17,CSU.TO,4682.38232421875,23700
2025-03-18,CSU.TO,4588.88916015625,37700
2025-03-19,CSU.TO,4644.4638671875,45300
2025-03-20,CSU.TO,4643.736328125,47600
2025-03-21,CSU.TO,4615.48486328125,99100
2025-03-24,CSU.TO,4718.1162109375,61000
2025-03-25,CSU.TO,4689.13623046875,47100
2025-03-26,CSU.TO,4634.5185546875,33300
2025-03-27,CSU.TO,4650.82861328125,39500
2025-03-28,CSU.TO,4555.171875,39900
2025-03-31,CSU.TO,4547.7578125,70600
2025-04-01,CSU.TO,4593.45166015625,33200
2025-04-02,CSU.TO,4730.00244140625,40500
2025-04-03,CSU.TO,4510.0478515625,56000
2025-04-04,CSU.TO,4355.80322265625,57300
2025-04-07,CSU.TO,4335.8359375,56200
2025-04-08,CSU.TO,4275.09423828125,49900
2025-04-09,CSU.TO,4654.9111328125,62700
2025-04-10,CSU.TO,4355.7939453125,49600
2025-04-11,CSU.TO,4540.07421875,56100
2025-04-14,CSU.TO,4555.37158203125,40900
2025-04-15,CSU.TO,4654.41259765625,27800
2025-04-16,CSU.TO,4708.5078125,66900
2025-04-17,CSU.TO,4672.6640625,31600
2025-04-21,CSU.TO,4595.5966796875,18900
2025-04-22,CSU.TO,4634.33447265625,24600
2025-04-23,CSU.TO,4759.91015625,28600
2025-04-24,CSU.TO,4878.5986328125,34600
2025-04-25,CSU.TO,4873.1103515625,18700
2025-04-28,CSU.TO,4917.31689453125,17500
2025-04-29,CSU.TO,4971.4921875,22000
2025-04-30,CSU.TO,4957.87060546875,40100
2025-05-01,CSU.TO,4975.63330078125,26900
2025-05-02,CSU.TO,5031.98388671875,27100
2025-05-05,CSU.TO,4983.8759765625,39100
2025-05-06,CSU.TO,4956.94287109375,24600
2025-05-07,CSU.TO,5039.3583984375,40600
2025-05-08,CSU.TO,5171.0302734375,49000
2025-05-09,CSU.TO,5102.6455078125,34600
2025-05-12,CSU.TO,5119.189453125,37600
2025-05-13,CSU.TO,4926.04833984375,38300
2025-05-14,CSU.TO,4974.15673828125,36500
2025-05-15,CSU.TO,5052.80029296875,27900
2025-05-16,CSU.TO,5056.203125,32500
2025-05-20,CSU.TO,5039.82763671875,34700
2025-05-21,CSU.TO,4870.416015625,39600
2025-05-22,CSU.TO,4889.6650390625,29400
2025-05-23,CSU.TO,4830.859375,30400
2025-05-26,CSU.TO,4848.55126953125,16000
2025-05-27,CSU.TO,4859.85888671875,42300
2025-05-28,CSU.TO,4859.1494140625,26900
2025-05-29,CSU.TO,4886.25244140625,22900
2025-05-30,CSU.TO,4965.2646484375,99900
2025-06-02,CSU.TO,4949.53857421875,33600
2025-06-03,CSU.TO,4934.92919921875,28700
2025-06-04,CSU.TO,4954.208984375,20400
2025-06-05,CSU.TO,4887.93896484375,19900
2025-06-06,CSU.TO,4900.7314453125,15900
2025-06-09,CSU.TO,4870.9052734375,26600
2025-06-10,CSU.TO,4878.00927734375,39400
2025-06-11,CSU.TO,4893.916015625,21800
2025-06-12,CSU.TO,4913.5048828125,21600
2025-06-13,CSU.TO,4819.80322265625,18500
2025-06-16,CSU.TO,4832.02734375,44000
2025-06-17,CSU.TO,4822.74658203125,18900
2025-06-18,CSU.TO,4909.61279296875,27200
2025-06-19,CSU.TO,4854.7392578125,6300
2025-06-20,CSU.TO,4819.3037109375,64500
2025-06-23,CSU.TO,4878.904296875,24400
2025-06-24,CSU.TO,4958.92822265625,22800
2025-06-25,CSU.TO,4900.15576171875,43100
2025-06-26,CSU.TO,4917.783203125,24000
2025-06-27,CSU.TO,4974.57958984375,51500
2025-06-30,CSU.TO,4984.07275390625,38000
2025-07-02,CSU.TO,4964.1494140625,38500
2025-07-03,CSU.TO,5020.89501953125,18900
2025-07-04,CSU.TO,4995.8505859375,6400
2025-07-07,CSU.TO,4989.83203125,25300
2025-07-08,CSU.TO,4962.93115234375,21800
2025-07-09,CSU.TO,4947.21923828125,17300
2025-07-10,CSU.TO,4946.53076171875,23300
2025-07-11,CSU.TO,4879.12451171875,24300
2025-07-14,CSU.TO,4950.30419921875,26400
2025-07-15,CSU.TO,4904.61767578125,19800
2025-07-16,CSU.TO,4967.8818359375,25600
2025-07-17,CSU.TO,5030.85595703125,26200
2025-07-18,CSU.TO,4975.71728515625,21300
2025-07-21,CSU.TO,4907.4521484375,19300
2025-07-22,CSU.TO,4841.3740234375,27400
2025-07-23,CSU.TO,4835.31494140625,28100
2025-07-24,CSU.TO,4836.912109375,18300
2025-07-25,CSU.TO,4881.35009765625,15500
2025-07-28,CSU.TO,4833.68798828125,26800
2025-07-29,CSU.TO,4851.43505859375,38600
2025-07-30,CSU.TO,4853.271484375,23200
2025-07-31,CSU.TO,4771.5419921875,40400
2025-08-01,CSU.TO,4709.6845703125,36700
2025-08-05,CSU.TO,4781.80322265625,34500
2025-08-06,CSU.TO,4714.89501953125,27900
2025-08-07,CSU.TO,4641.509765625,44100
2025-08-08,CSU.TO,4591.521484375,33300
2025-08-11,CSU.TO,4793.03173828125,40800
2025-08-12,CSU.TO,4672.64306640625,37200
2025-08-13,CSU.TO,4499.33984375,58800
2025-08-14,CSU.TO,4248.89892578125,83400
2025-08-15,CSU.TO,4345.42236328125,81700
2025-08-18,CSU.TO,4386.2470703125,46500
2025-08-19,CSU.TO,4326.09716796875,42600
2025-08-20,CSU.TO,4352.37939453125,42000
2025-08-21,CSU.TO,4429.89697265625,42100
2025-08-22,CSU.TO,4541.5927734375,43900
2025-08-25,CSU.TO,4462.81689453125,24300
2025-08-26,CSU.TO,4384.9697265625,101400
2025-08-27,CSU.TO,4390.96875,32500
2025-08-28,CSU.TO,4413.84716796875,30600
2025-08-29,CSU.TO,4542.021484375,50000
2025-09-02,CSU.TO,4560.427734375,54800
2025-09-03,CSU.TO,4594.9052734375,37800
2025-09-04,CSU.TO,4596.98095703125,24500
2025-09-05,CSU.TO,4591.28173828125,25200
2025-09-08,CSU.TO,4570.85888671875,43300
2025-09-09,CSU.TO,4573.73388671875,37000
2025-09-10,CSU.TO,4413.84716796875,47000
2025-09-11,CSU.TO,4422.17138671875,40900
2025-09-12,CSU.TO,4384.759765625,27200
2025-09-15,CSU.TO,4293.9658203125,56600
2025-09-16,CSU.TO,4347.20849609375,72400
2025-09-17,CSU.TO,4273.76318359375,29400
2025-09-18,CSU.TO,4303.0693359375,38600
2025-09-19,CSU.TO,4410.65771484375,137000
2025-09-22,CSU.TO,4193.94482421875,69900
2025-09-23,CSU.TO,3993.977294921875,89000
2025-09-24,CSU.TO,4131.3798828125,72400
2025-09-25,CSU.TO,3885.53125,142100
2025-09-26,CSU.TO,3654.480224609375,145300
2025-09-29,CSU.TO,3761.059326171875,101600
2025-09-30,CSU.TO,3772.2822265625,109200
2025-10-01,CSU.TO,3826.450439453125,75600
2025-10-02,CSU.TO,3895.95556640625,59400
2025-10-03,CSU.TO,4023.452880859375,80100
2025-10-06,CSU.TO,3891.72216796875,43800
2025-10-07,CSU.TO,3831.642578125,60600
2025-10-08,CSU.TO,3863.49462890625,43700
2025-10-09,CSU.TO,3944.0126953125,44500
2025-10-10,CSU.TO,3930.253662109375,49800
2025-10-14,CSU.TO,3949.04541015625,68100
2025-10-15,CSU.TO,3964.3623046875,52000
2025-10-16,CSU.TO,3849.824951171875,59700
2025-10-17,CSU.TO,3808.377685546875,59000
2025-10-20,CSU.TO,3704.39453125,48000
2025-10-21,CSU.TO,3672.7626953125,65300
2025-10-22,CSU.TO,3684.434814453125,49700
2025-10-23,CSU.TO,3722.287841796875,70600
2025-10-24,CSU.TO,3776.685546875,33900
2025-10-27,CSU.TO,3838.42236328125,39900
2025-10-28,CSU.TO,3747.369873046875,39800
2025-10-29,CSU.TO,3448.6708984375,125700
2025-10-30,CSU.TO,3581.480224609375,77000
2025-10-31,CSU.TO,3685.51318359375,64600
2025-11-03,CSU.TO,3579.44384765625,69600
2025-11-04,CSU.TO,3501.740966796875,52200
2025-11-05,CSU.TO,3565.594482421875,43500
2025-11-06,CSU.TO,3387.762939453125,108600
2025-11-07,CSU.TO,3380.65380859375,69000
2025-11-10,CSU.TO,3299.895751953125,150500
2025-11-11,CSU.TO,3252.357421875,87800
2025-11-12,CSU.TO,3350.6689453125,62100
2025-11-13,CSU.TO,3272.616943359375,95000
2025-11-14,CSU.TO,3337.96826171875,91000
2025-11-17,CSU.TO,3240.63525390625,76800
2025-11-18,CSU.TO,3233.466064453125,44500
2025-11-19,CSU.TO,3196.831298828125,71400
2025-11-20,CSU.TO,3216.132080078125,53800
2025-11-21,CSU.TO,3286.44580078125,56600
2025-11-24,CSU.TO,3377.858154296875,166700
2025-11-25,CSU.TO,3391.148193359375,74000
2025-11-26,CSU.TO,3414.84228515625,41800
2025-11-27,CSU.TO,3416.84912109375,9100
2025-11-28,CSU.TO,3377.14892578125,28700
2025-12-01,CSU.TO,3314.3837890625,94700
2025-12-02,CSU.TO,3316.031494140625,51700
2025-12-03,CSU.TO,3288.452880859375,44000
2025-12-04,CSU.TO,3304.988037109375,40300
2025-12-05,CSU.TO,3320.80419921875,31600
2025-12-08,CSU.TO,3331.43798828125,47300
2025-12-09,CSU.TO,3336.54052734375,52200
2025-12-10,CSU.TO,3310.00048828125,72200
2025-12-11,CSU.TO,3253.166259765625,71900
2025-12-12,CSU.TO,3280.43505859375,58800
2025-12-15,CSU.TO,3330.96875,79700
2025-12-16,CSU.TO,3255.08349609375,118900
2025-12-17,CSU.TO,3310.00048828125,82700
2025-12-18,CSU.TO,3320.564697265625,51900
2025-12-19,CSU.TO,3371.386962890625,116900
2025-12-22,CSU.TO,3304.20068359375,82900
2025-12-23,CSU.TO,3327.6748046875,43800
2025-12-24,CSU.TO,3312.541259765625,12900
2025-12-29,CSU.TO,3340.93017578125,45700
2025-12-30,CSU.TO,3309.44482421875,62900
2025-12-31,CSU.TO,3297.787353515625,31500
2026-01-02,CSU.TO,3235.525634765625,48000
2026-01-05,CSU.TO,3204.280029296875,70000
2026-01-06,CSU.TO,3253.166259765625,74800
2026-01-07,CSU.TO,3251.7880859375,62700
2026-01-08,CSU.TO,3308.3359375,53100
2026-01-09,CSU.TO,3321.112060546875,46400
2026-01-12,CSU.TO,3324.188720703125,47700
2026-01-13,CSU.TO,3207.0068359375,95600
2026-01-14,CSU.TO,3019.64208984375,142900
2026-01-15,CSU.TO,2918.812744140625,182100
2026-01-16,CSU.TO,2841.876953125,141700
2026-01-19,CSU.TO,2787.9560546875,28300
2026-01-20,CSU.TO,2665.849853515625,173900
2026-01-21,CSU.TO,2703.927978515625,155600
2026-01-22,CSU.TO,2710.05126953125,81500
2026-01-23,CSU.TO,2778.06689453125,138900
2026-01-26,CSU.TO,2806.89501953125,146100
2026-01-27,CSU.TO,2648.39892578125,94300
2026-01-28,CSU.TO,2637.171142578125,123900
2026-01-29,CSU.TO,2549.717041015625,149200
2026-01-30,CSU.TO,2510.210205078125,105500
2026-02-02,CSU.TO,2451.564453125,191400
2026-02-03,CSU.TO,2286.4052734375,220000
2026-02-04,CSU.TO,2480.30322265625,200500
2026-02-05,CSU.TO,2474.509521484375,184400
2026-02-06,CSU.TO,2431.356689453125,112000
2026-02-09,CSU.TO,2467.327392578125,78400
2026-02-10,CSU.TO,2437.330078125,60400
2026-02-11,CSU.TO,2321.776611328125,93200
2026-02-12,CSU.TO,2297.972900390625,99200
2026-02-13,CSU.TO,2354.091064453125,118800
2026-02-17,CSU.TO,2255.708984375,123500
2026-02-18,CSU.TO,2374.379150390625,98100
2026-02-19,CSU.TO,2412.687255859375,95600
2026-02-20,CSU.TO,2483.799072265625,127200
2026-02-23,CSU.TO,2404.33642578125,74800
2026-02-24,CSU.TO,2365.8583984375,54600
2026-02-25,CSU.TO,2456.90869140625,80300
2026-02-26,CSU.TO,2604.866455078125,169500
2026-02-27,CSU.TO,2517.901611328125,99300
2026-03-02,CSU.TO,2563.841552734375,121900
2026-03-03,CSU.TO,2690.182861328125,125500
2026-03-04,CSU.TO,2647.759521484375,104600
2026-03-05,CSU.TO,2793.929443359375,133900
2026-03-06,CSU.TO,2960.09765625,205900
2026-03-09,CSU.TO,2971.74462890625,132400
2026-03-10,CSU.TO,2935.564208984375,100200
2026-03-11,CSU.TO,2697.125732421875,101600
2026-03-12,CSU.TO,2616.22412109375,119400
2026-03-13,CSU.TO,2521.318115234375,113000
2026-03-16,CSU.TO,2559.696044921875,60700
2026-03-17,CSU.TO,2592.2705078125,66800
2026-03-18,CSU.TO,2565.1201171875,46500
2026-03-19,CSU.TO,2516.453369140625,54300
2026-03-20,CSU.TO,2496.485107421875,106000
2026-03-23,CSU.TO,2535.122802734375,72300
2026-03-24,CSU.TO,2438.43896484375,74300
2026-03-25,CSU.TO,2404.116455078125,79400
2026-03-26,CSU.TO,2384.1484375,94900
2026-03-27,CSU.TO,2357.677978515625,89200
2026-03-30,CSU.TO,2385.543701171875,79700
2026-03-31,CSU.TO,2440.7353515625,74100
2026-04-01,CSU.TO,2443.31396484375,66600
2026-04-02,CSU.TO,2440.015625,51200
2026-04-06,CSU.TO,2441.255126953125,29300
2026-04-07,CSU.TO,2377.1181640625,44300
2026-04-08,CSU.TO,2413.4892578125,79500
2026-04-09,CSU.TO,2358.49755859375,95000
2026-04-10,CSU.TO,2294.000732421875,74600
2026-04-13,CSU.TO,2440.16552734375,112100
2026-04-14,CSU.TO,2514.45751953125,129800
2026-04-15,CSU.TO,2630.2080078125,113400
2026-04-16,CSU.TO,2630.137939453125,75300
2026-04-17,CSU.TO,2625.1005859375,78400
2026-04-20,CSU.TO,2662.0615234375,39400
2026-04-21,CSU.TO,2599.763671875,45200
2026-04-22,CSU.TO,2650.1376953125,40200
2026-04-23,CSU.TO,2499.7451171875,53100
2026-04-24,CSU.TO,2409.561279296875,58300
2026-04-27,CSU.TO,2439.94580078125,42400
2026-04-28,CSU.TO,2433.739013671875,39500
2026-04-29,CSU.TO,2443.104248046875,40500
2026-04-30,CSU.TO,2472.618896484375,44200
2026-05-01,CSU.TO,2440.6953125,39400
2026-05-04,CSU.TO,2469.680419921875,49400
2026-05-05,CSU.TO,2463.273681640625,39100
2026-05-06,CSU.TO,2399.16650390625,76100
2026-05-07,CSU.TO,2564.41162109375,53900
2026-05-08,CSU.TO,2570.288818359375,52700
2026-05-11,CSU.TO,2413.069580078125,58700
2026-05-12,CSU.TO,2403.764404296875,57000
2026-05-13,CSU.TO,2466.26220703125,63000
2026-05-14,CSU.TO,2531.848388671875,56900
2026-05-15,CSU.TO,2610.997802734375,56100
2026-05-19,CSU.TO,2728.307373046875,141400
2026-05-20,CSU.TO,2713.60498046875,69700
2026-05-21,CSU.TO,2708.437744140625,39900
2026-05-22,CSU.TO,2720.081787109375,52900
2026-05-25,CSU.TO,2771.55517578125,14100
2026-05-26,CSU.TO,2682.90087890625,56200
2026-05-27,CSU.TO,2645.639892578125,48900
2026-05-28,CSU.TO,2750.975830078125,45300
2026-05-29,CSU.TO,2821.379638671875,101900
2026-06-01,CSU.TO,2930.45361328125,104200
2026-06-02,CSU.TO,2883.5576171875,80100
2026-06-03,CSU.TO,2748.8369140625,102100
2026-06-04,CSU.TO,2900.0693359375,72900
2026-06-05,CSU.TO,2967.79443359375,82500
2026-06-08,CSU.TO,2960.867919921875,49900
2026-06-09,CSU.TO,2973.8212890625,60900
2026-06-10,CSU.TO,3142.084716796875,178800
2026-06-11,CSU.TO,3056.518798828125,138800
2026-06-12,CSU.TO,2922.49755859375,73000
2026-06-15,CSU.TO,2903.75732421875,47000
2026-06-16,CSU.TO,2880.539306640625,38900
2026-06-17,CSU.TO,2879.539794921875,68000
2026-06-18,CSU.TO,2748.5771484375,80400
2026-06-19,CSU.TO,2772.610107421875,96900
2026-06-22,CSU.TO,2702.0,49500
2026-06-23,CSU.TO,2790.8798828125,52000
2026-06-24,CSU.TO,2868.909912109375,60500
2026-06-25,CSU.TO,2764.22998046875,70000
2026-06-26,CSU.TO,2818.02001953125,45400
2026-06-29,CSU.TO,2765.840087890625,45800
2026-06-30,CSU.TO,2670.0,78100
2026-07-02,CSU.TO,2778.820068359375,99100
2026-07-03,CSU.TO,2806.050048828125,20500
2026-07-06,CSU.TO,2757.06005859375,47300
2026-07-07,CSU.TO,2847.949951171875,44100
2026-07-08,CSU.TO,2788.320068359375,41400
2026-07-09,CSU.TO,2735.469970703125,48600
2026-07-10,CSU.TO,2802.139892578125,41900
2026-07-13,CSU.TO,2855.530029296875,67100
2026-07-14,CSU.TO,2725.8701171875,50300
2026-07-15,CSU.TO,2671.77001953125,57700
2026-07-16,CSU.TO,2825.419921875,51200
2026-07-17,CSU.TO,2800.760009765625,57700
2026-07-20,CSU.TO,2780.489990234375,48400
2026-07-21,CSU.TO,2658.52001953125,55300
2026-07-22,CSU.TO,2603.1298828125,73800
2026-07-23,CSU.TO,2565.610107421875,59900
2026-07-24,CSU.TO,2667.239990234375,36400
2026-07-27,CSU.TO,2837.320068359375,47400
2026-07-28,CSU.TO,3020.300048828125,105400
2026-07-29,CSU.TO,3116.719970703125,105100
2026-07-30,CSU.TO,3020.02001953125,58500
2026-07-31,CSU.TO,3002.989990234375,53300
2026-08-04,CSU.TO,3224.989990234375,114200
2026-08-05,CSU.TO,3145.18994140625,50100
2026-08-06,CSU.TO,3212.659912109375,56800
2026-08-07,CSU.TO,3221.60009765625,70500
2026-08-10,CSU.TO,3304.360107421875,68900
2026-08-11,CSU.TO,3220.610107421875,67300
2026-08-12,CSU.TO,3075.409912109375,80000
2026-08-13,CSU.TO,3162.969970703125,42900
2026-08-14,CSU.TO,3089.4599609375,58400
2026-08-17,CSU.TO,2990.989990234375,36700
2026-08-18,CSU.TO,2998.409912109375,37200
2026-08-19,CSU.TO,3102.89990234375,41400
2026-08-20,CSU.TO,3075.889892578125,48000
2026-08-21,CSU.TO,3041.2099609375,55600
2026-08-24,CSU.TO,3098.669921875,46300
2026-08-25,CSU.TO,3078.659912109375,46200
2026-08-26,CSU.TO,3070.030029296875,49200
2026-08-27,CSU.TO,3125.27001953125,64400
2026-08-28,CSU.TO,3163.56005859375,61000
2026-08-31,CSU.TO,3138.719970703125,89500
2018-01-02,ENB.TO,28.62424087524414,1921100
2018-01-03,ENB.TO,28.863479614257812,2077800
2018-01-04,ENB.TO,29.040071487426758,1862200
2018-01-05,ENB.TO,28.81222152709961,2030100
2018-01-08,ENB.TO,28.81222152709961,1335000
2018-01-09,ENB.TO,28.57866668701172,1918500
2018-01-10,ENB.TO,27.974851608276367,3873600
2018-01-11,ENB.TO,28.185617446899414,1864300
2018-01-12,ENB.TO,28.236892700195312,1830500
2018-01-15,ENB.TO,28.310943603515625,2407200
2018-01-16,ENB.TO,28.174222946166992,2423000
2018-01-17,ENB.TO,28.179920196533203,1729800
2018-01-18,ENB.TO,28.12864875793457,2469100
2018-01-19,ENB.TO,28.054609298706055,2697200
2018-01-22,ENB.TO,28.0773868560791,3222300
2018-01-23,ENB.TO,27.9577579498291,3080100
2018-01-24,ENB.TO,27.75269889831543,2898300
2018-01-25,ENB.TO,27.091915130615234,3289600
2018-01-26,ENB.TO,26.801401138305664,3475900
2018-01-29,ENB.TO,26.402647018432617,2897900
2018-01-30,ENB.TO,25.84441375732422,2781200
2018-01-31,ENB.TO,25.650732040405273,3896800
2018-02-01,ENB.TO,25.05832290649414,3904200
2018-02-02,ENB.TO,24.55703353881836,4441300
2018-02-05,ENB.TO,24.528549194335938,5077700
2018-02-06,ENB.TO,24.972867965698242,5451000
2018-02-07,ENB.TO,25.172243118286133,7459900
2018-02-08,ENB.TO,24.699438095092773,4176100
2018-02-09,ENB.TO,24.37474250793457,4149500
2018-02-12,ENB.TO,24.92729949951172,3850600
2018-02-13,ENB.TO,25.138063430786133,2789500
2018-02-14,ENB.TO,24.79157829284668,4460000
2018-02-15,ENB.TO,25.00560760498047,3817900
2018-02-16,ENB.TO,24.84364128112793,3607300
2018-02-20,ENB.TO,24.90726661682129,2533900
2018-02-21,ENB.TO,25.04608917236328,2654300
2018-02-22,ENB.TO,24.623838424682617,3322300
2018-02-23,ENB.TO,24.722171783447266,2977800
2018-02-26,ENB.TO,24.855209350585938,2246400
2018-02-27,ENB.TO,24.346187591552734,2893800
2018-02-28,ENB.TO,23.605789184570312,5039000
2018-03-01,ENB.TO,23.588449478149414,3514200
2018-03-02,ENB.TO,23.46697235107422,3401900
2018-03-05,ENB.TO,23.727270126342773,4213200
2018-03-06,ENB.TO,23.67521095275879,2174500
2018-03-07,ENB.TO,23.42648696899414,2325100
2018-03-08,ENB.TO,23.779327392578125,2388000
2018-03-09,ENB.TO,23.709918975830078,1942800
2018-03-12,ENB.TO,24.259418487548828,2273600
2018-03-13,ENB.TO,24.67011260986328,2634800
2018-03-14,ENB.TO,24.797365188598633,3454700
2018-03-15,ENB.TO,23.750411987304688,9824700
2018-03-16,ENB.TO,23.87765884399414,13705200
2018-03-19,ENB.TO,23.18932342529297,4109500
2018-03-20,ENB.TO,22.63981819152832,4231500
2018-03-21,ENB.TO,23.24716567993164,5869400
2018-03-22,ENB.TO,22.905893325805664,4351400
2018-03-23,ENB.TO,22.2580509185791,3779800
2018-03-26,ENB.TO,22.281187057495117,3563400
2018-03-27,ENB.TO,22.691877365112305,4843400
2018-03-28,ENB.TO,22.715011596679688,2732000
2018-03-29,ENB.TO,23.43804931640625,5366300
2018-04-02,ENB.TO,22.842269897460938,2933800
2018-04-03,ENB.TO,22.44893455505371,4337500
2018-04-04,ENB.TO,22.824914932250977,3909500
2018-04-05,ENB.TO,23.241382598876953,3420000
2018-04-06,ENB.TO,23.05628776550293,4153100
2018-04-09,ENB.TO,23.24716567993164,3739800
2018-04-10,ENB.TO,23.380207061767578,2269000
2018-04-11,ENB.TO,23.18354034423828,2311900
2018-04-12,ENB.TO,23.264528274536133,1701900
2018-04-13,ENB.TO,23.36285972595215,2394700
2018-04-16,ENB.TO,23.715702056884766,1958800
2018-04-17,ENB.TO,23.93549919128418,3326400
2018-04-18,ENB.TO,24.178442001342773,3206300
2018-04-19,ENB.TO,23.420698165893555,3175300
2018-04-20,ENB.TO,23.00422477722168,5129600
2018-04-23,ENB.TO,23.033145904541016,5049000
2018-04-24,ENB.TO,21.795310974121094,7183800
2018-04-25,ENB.TO,21.74324607849121,4192900
2018-04-26,ENB.TO,21.934127807617188,3878400
2018-04-27,ENB.TO,22.0035457611084,2413100
2018-04-30,ENB.TO,22.495206832885742,3661900
2018-05-01,ENB.TO,22.778642654418945,1983700
2018-05-02,ENB.TO,22.853836059570312,2168100
2018-05-03,ENB.TO,22.992656707763672,2789500
2018-05-04,ENB.TO,23.35129165649414,2525400
2018-05-07,ENB.TO,23.542163848876953,2907400
2018-05-08,ENB.TO,23.374420166015625,3327700
2018-05-09,ENB.TO,23.993350982666016,3401300
2018-05-10,ENB.TO,24.438739776611328,6720200
2018-05-11,ENB.TO,24.95354461669922,6461100
2018-05-14,ENB.TO,25.012889862060547,3963900
2018-05-15,ENB.TO,24.98351287841797,3267600
2018-05-16,ENB.TO,24.560455322265625,3653000
2018-05-17,ENB.TO,24.789613723754883,4741900
2018-05-18,ENB.TO,24.35480499267578,4076500
2018-05-22,ENB.TO,23.790742874145508,3927300
2018-05-23,ENB.TO,23.955257415771484,2765700
2018-05-24,ENB.TO,23.914125442504883,2805000
2018-05-25,ENB.TO,23.81424331665039,2687800
2018-05-28,ENB.TO,23.714353561401367,1331900
2018-05-29,ENB.TO,23.39706802368164,3412700
2018-05-30,ENB.TO,23.573339462280273,3275800
2018-05-31,ENB.TO,23.673221588134766,6240700
2018-06-01,ENB.TO,23.420568466186523,2520400
2018-06-04,ENB.TO,23.679100036621094,2561900
2018-06-05,ENB.TO,24.03752326965332,2742800
2018-06-06,ENB.TO,23.5850830078125,2589000
2018-06-07,ENB.TO,23.872995376586914,2092000
2018-06-08,ENB.TO,23.825998306274414,2133300
2018-06-11,ENB.TO,24.619218826293945,3848000
2018-06-12,ENB.TO,24.83074378967285,2380800
2018-06-13,ENB.TO,24.754352569580078,3238300
2018-06-14,ENB.TO,25.083402633666992,2530300
2018-06-15,ENB.TO,24.818984985351562,9172800
2018-06-18,ENB.TO,25.048147201538086,2305600
2018-06-19,ENB.TO,24.68972396850586,2454400
2018-06-20,ENB.TO,24.842487335205078,2660300
2018-06-21,ENB.TO,24.437061309814453,2463500
2018-06-22,ENB.TO,24.766111373901367,2403600
2018-06-25,ENB.TO,24.4194393157959,3035500
2018-06-26,ENB.TO,25.083402633666992,6395700
2018-06-27,ENB.TO,24.87775230407715,2339100
2018-06-28,ENB.TO,25.794349670410156,5574200
2018-06-29,ENB.TO,27.615825653076172,11535200
2018-07-03,ENB.TO,27.25741195678711,3404200
2018-07-04,ENB.TO,27.521812438964844,2542600
2018-07-05,ENB.TO,27.08700942993164,5160000
2018-07-06,ENB.TO,27.43367576599121,2738800
2018-07-09,ENB.TO,27.33966636657715,2050200
2018-07-10,ENB.TO,27.586441040039062,2387100
2018-07-11,ENB.TO,27.439559936523438,3039400
2018-07-12,ENB.TO,27.686328887939453,3275300
2018-07-13,ENB.TO,27.533567428588867,2070900
2018-07-16,ENB.TO,27.31029510498047,1722000
2018-07-17,ENB.TO,26.728591918945312,2912000
2018-07-18,ENB.TO,26.45243263244629,2649500
2018-07-19,ENB.TO,27.463056564331055,4901200
2018-07-20,ENB.TO,26.68159294128418,3805800
2018-07-23,ENB.TO,26.763851165771484,2208400
2018-07-24,ENB.TO,26.89311408996582,2007800
2018-07-25,ENB.TO,26.76972198486328,1894900
2018-07-26,ENB.TO,26.98712730407715,2448800
2018-07-27,ENB.TO,26.804973602294922,2543300
2018-07-30,ENB.TO,27.028255462646484,1631700
2018-07-31,ENB.TO,27.145771026611328,2707800
2018-08-01,ENB.TO,26.951868057250977,1852600
2018-08-02,ENB.TO,27.1398983001709,2145700
2018-08-03,ENB.TO,27.33966636657715,4159700
2018-08-07,ENB.TO,27.504192352294922,3580600
2018-08-08,ENB.TO,27.351415634155273,2062600
2018-08-09,ENB.TO,27.76859474182129,3127000
2018-08-10,ENB.TO,27.64521026611328,4117700
2018-08-13,ENB.TO,27.562938690185547,2446300
2018-08-14,ENB.TO,27.676799774169922,2237800
2018-08-15,ENB.TO,27.450284957885742,2799700
2018-08-16,ENB.TO,27.372783660888672,3269000
2018-08-17,ENB.TO,28.040420532226562,3556000
2018-08-20,ENB.TO,28.171560287475586,2469200
2018-08-21,ENB.TO,27.903322219848633,2535100
2018-08-22,ENB.TO,28.016572952270508,2093100
2018-08-23,ENB.TO,28.088102340698242,1865600
2018-08-24,ENB.TO,27.617191314697266,3554300
2018-08-27,ENB.TO,27.486045837402344,2234100
2018-08-28,ENB.TO,27.009178161621094,2596400
2018-08-29,ENB.TO,26.82438087463379,1973400
2018-08-30,ENB.TO,26.889951705932617,2178100
2018-08-31,ENB.TO,26.532285690307617,3946600
2018-09-04,ENB.TO,26.78861427307129,2513400
2018-09-05,ENB.TO,27.21185302734375,2690200
2018-09-06,ENB.TO,26.81841468811035,1989000
2018-09-07,ENB.TO,26.740924835205078,2527500
2018-09-10,ENB.TO,26.484603881835938,1639000
2018-09-11,ENB.TO,26.82438087463379,2138700
2018-09-12,ENB.TO,26.4786376953125,2255200
2018-09-13,ENB.TO,26.484603881835938,1580500
2018-09-14,ENB.TO,26.31769371032715,1698800
2018-09-17,ENB.TO,26.645557403564453,1580600
2018-09-18,ENB.TO,26.73497200012207,2941700
2018-09-19,ENB.TO,26.669397354125977,2316600
2018-09-20,ENB.TO,26.47268295288086,2761400
2018-09-21,ENB.TO,26.502487182617188,6281800
2018-09-24,ENB.TO,26.091182708740234,2338800
2018-09-25,ENB.TO,25.578535079956055,2550200
2018-09-26,ENB.TO,25.13742446899414,6531700
2018-09-27,ENB.TO,25.214920043945312,2779900
2018-09-28,ENB.TO,24.845338821411133,5328600
2018-10-01,ENB.TO,25.334142684936523,2865600
2018-10-02,ENB.TO,25.501039505004883,3183700
2018-10-03,ENB.TO,25.894468307495117,2979000
2018-10-04,ENB.TO,26.126949310302734,3491400
2018-10-05,ENB.TO,26.019649505615234,3339800
2018-10-09,ENB.TO,26.007720947265625,4094000
2018-10-10,ENB.TO,25.399709701538086,3716100
2018-10-11,ENB.TO,24.73207664489746,6056100
2018-10-12,ENB.TO,24.845338821411133,3906900
2018-10-15,ENB.TO,25.024160385131836,2560200
2018-10-16,ENB.TO,25.78120994567871,3129900
2018-10-17,ENB.TO,25.155309677124023,3330700
2018-10-18,ENB.TO,25.244722366333008,3157000
2018-10-19,ENB.TO,25.56065559387207,3967800
2018-10-22,ENB.TO,25.14934730529785,2903600
2018-10-23,ENB.TO,25.250688552856445,3870000
2018-10-24,ENB.TO,24.54132652282715,2712900
2018-10-25,ENB.TO,24.314807891845703,3238500
2018-10-26,ENB.TO,24.4161434173584,4836700
2018-10-29,ENB.TO,23.87369728088379,3294000
2018-10-30,ENB.TO,23.861774444580078,4941700
2018-10-31,ENB.TO,24.451915740966797,4297700
2018-11-01,ENB.TO,24.755924224853516,3586100
2018-11-02,ENB.TO,24.553253173828125,5612600
2018-11-05,ENB.TO,25.262609481811523,4085800
2018-11-06,ENB.TO,25.888513565063477,5695700
2018-11-07,ENB.TO,25.954078674316406,6789000
2018-11-08,ENB.TO,25.822935104370117,2873600
2018-11-09,ENB.TO,25.924270629882812,13574100
2018-11-12,ENB.TO,25.94215202331543,6099200
2018-11-13,ENB.TO,25.78120994567871,5190600
2018-11-14,ENB.TO,25.79998207092285,3679600
2018-11-15,ENB.TO,25.76365089416504,3884600
2018-11-16,ENB.TO,25.842363357543945,3275800
2018-11-19,ENB.TO,26.51445770263672,3804900
2018-11-20,ENB.TO,26.60527992248535,4714000
2018-11-21,ENB.TO,26.835365295410156,5230500
2018-11-22,ENB.TO,26.653722763061523,1097300
2018-11-23,ENB.TO,26.278308868408203,2852600
2018-11-26,ENB.TO,25.92107582092285,2915100
2018-11-27,ENB.TO,25.73943519592285,3197200
2018-11-28,ENB.TO,25.99374771118164,2862100
2018-11-29,ENB.TO,26.611337661743164,3926600
2018-11-30,ENB.TO,26.435749053955078,5895700
2018-12-03,ENB.TO,26.756654739379883,3979600
2018-12-04,ENB.TO,26.393360137939453,3526400
2018-12-05,ENB.TO,26.94436264038086,1993500
2018-12-06,ENB.TO,25.94529914855957,7692200
2018-12-07,ENB.TO,25.69098472595215,5663700
2018-12-10,ENB.TO,25.485122680664062,7136000
2018-12-11,ENB.TO,25.50328826904297,4604600
2018-12-12,ENB.TO,25.72732162475586,5397200
2018-12-13,ENB.TO,26.102725982666016,6623600
2018-12-14,ENB.TO,25.896860122680664,13421300
2018-12-17,ENB.TO,25.3821964263916,5132300
2018-12-18,ENB.TO,25.05522346496582,8507400
2018-12-19,ENB.TO,25.697044372558594,19683300
2018-12-20,ENB.TO,25.364028930664062,8640300
2018-12-21,ENB.TO,25.3821964263916,21420000
2018-12-24,ENB.TO,24.092498779296875,3910500
2018-12-27,ENB.TO,25.049171447753906,4997700
2018-12-28,ENB.TO,25.527509689331055,5195800
2018-12-31,ENB.TO,25.678884506225586,3472300
2019-01-02,ENB.TO,25.95134735107422,4442200
2019-01-03,ENB.TO,25.975568771362305,5001400
2019-01-04,ENB.TO,26.472078323364258,5805400
2019-01-07,ENB.TO,26.9927978515625,9646200
2019-01-08,ENB.TO,27.47113800048828,7594800
2019-01-09,ENB.TO,27.670949935913086,7425700
2019-01-10,ENB.TO,27.792051315307617,6332700
2019-01-11,ENB.TO,27.792051315307617,5404300
2019-01-14,ENB.TO,28.04634666442871,5301500
2019-01-15,ENB.TO,28.60945701599121,4384000
2019-01-16,ENB.TO,28.59129524230957,4224300
2019-01-17,ENB.TO,28.688169479370117,3106100
2019-01-18,ENB.TO,29.00908088684082,5897500
2019-01-21,ENB.TO,29.33604621887207,1288200
2019-01-22,ENB.TO,28.827430725097656,4463000
2019-01-23,ENB.TO,28.803211212158203,4033900
2019-01-24,ENB.TO,28.791107177734375,2629500
2019-01-25,ENB.TO,28.90615463256836,2624100
2019-01-28,ENB.TO,28.954587936401367,3003000
2019-01-29,ENB.TO,29.26943588256836,4299200
2019-01-30,ENB.TO,29.118072509765625,4394500
2019-01-31,ENB.TO,29.069625854492188,4130900
2019-02-01,ENB.TO,29.29971694946289,3652700
2019-02-04,ENB.TO,29.717506408691406,5487200
2019-02-05,ENB.TO,29.94154167175293,8997100
2019-02-06,ENB.TO,29.917327880859375,2434800
2019-02-07,ENB.TO,29.85677146911621,6054000
2019-02-08,ENB.TO,29.015140533447266,5653600
2019-02-11,ENB.TO,29.24521827697754,3083400
2019-02-12,ENB.TO,28.6033935546875,8730100
2019-02-13,ENB.TO,28.803211212158203,6238500
2019-02-14,ENB.TO,29.12180519104004,7789000
2019-02-15,ENB.TO,29.15254783630371,4871200
2019-02-19,ENB.TO,29.453920364379883,5411700
2019-02-20,ENB.TO,29.70607566833496,4116700
2019-02-21,ENB.TO,30.019746780395508,4203000
2019-02-22,ENB.TO,29.933639526367188,4871100
2019-02-25,ENB.TO,29.921348571777344,4385200
2019-02-26,ENB.TO,30.14275360107422,4813600
2019-02-27,ENB.TO,30.16121482849121,3609700
2019-02-28,ENB.TO,29.939794540405273,5693800
2019-03-01,ENB.TO,30.450275421142578,4232100
2019-03-04,ENB.TO,28.6912841796875,12014700
2019-03-05,ENB.TO,29.250957489013672,8083500
2019-03-06,ENB.TO,29.804489135742188,4830600
2019-03-07,ENB.TO,30.08125877380371,6952900
2019-03-08,ENB.TO,29.62612533569336,7843400
2019-03-11,ENB.TO,30.0566463470459,4134900
2019-03-12,ENB.TO,30.216571807861328,6165000
2019-03-13,ENB.TO,30.204261779785156,2972200
2019-03-14,ENB.TO,30.401071548461914,3322600
2019-03-15,ENB.TO,29.964393615722656,14251100
2019-03-18,ENB.TO,30.259614944458008,4795600
2019-03-19,ENB.TO,30.259614944458008,3254200
2019-03-20,ENB.TO,30.259614944458008,3300700
2019-03-21,ENB.TO,30.2473087310791,2535800
2019-03-22,ENB.TO,30.24117088317871,2734600
2019-03-25,ENB.TO,30.087404251098633,2545200
2019-03-26,ENB.TO,30.13045310974121,3220800
2019-03-27,ENB.TO,30.22886085510254,7532800
2019-03-28,ENB.TO,30.29036521911621,3097700
2019-03-29,ENB.TO,29.767595291137695,5000600
2019-04-01,ENB.TO,29.816791534423828,3910400
2019-04-02,ENB.TO,30.050498962402344,2546100
2019-04-03,ENB.TO,30.2473087310791,4571400
2019-04-04,ENB.TO,30.278059005737305,4326200
2019-04-05,ENB.TO,30.444122314453125,2425100
2019-04-08,ENB.TO,30.394912719726562,2147700
2019-04-09,ENB.TO,30.22270965576172,2352800
2019-04-10,ENB.TO,30.15505599975586,3148600
2019-04-11,ENB.TO,30.536388397216797,3842800
2019-04-12,ENB.TO,30.70859146118164,2426200
2019-04-15,ENB.TO,30.66554832458496,4849100
2019-04-16,ENB.TO,30.517921447753906,4995200
2019-04-17,ENB.TO,30.456422805786133,5359500
2019-04-18,ENB.TO,30.622478485107422,5073400
2019-04-22,ENB.TO,30.653230667114258,4522800
2019-04-23,ENB.TO,31.126808166503906,6030900
2019-04-24,ENB.TO,31.397424697875977,6237000
2019-04-25,ENB.TO,31.397424697875977,6251000
2019-04-26,ENB.TO,30.923852920532227,4977900
2019-04-29,ENB.TO,30.8254451751709,5780500
2019-04-30,ENB.TO,30.437976837158203,4366500
2019-05-01,ENB.TO,30.468727111816406,4302200
2019-05-02,ENB.TO,30.062803268432617,5362700
2019-05-03,ENB.TO,30.26576042175293,3191700
2019-05-06,ENB.TO,30.38261604309082,4592500
2019-05-07,ENB.TO,30.314966201782227,14364700
2019-05-08,ENB.TO,30.456422805786133,5620100
2019-05-09,ENB.TO,30.24117088317871,5214900
2019-05-10,ENB.TO,30.388769149780273,6894000
2019-05-13,ENB.TO,30.9361515045166,7434100
2019-05-14,ENB.TO,30.641538619995117,7282500
2019-05-15,ENB.TO,30.772615432739258,5664700
2019-05-16,ENB.TO,31.15337371826172,5911300
2019-05-17,ENB.TO,31.521642684936523,5565300
2019-05-21,ENB.TO,31.446731567382812,7085600
2019-05-22,ENB.TO,31.203298568725586,2642500
2019-05-23,ENB.TO,31.09095001220703,5355500
2019-05-24,ENB.TO,31.42801284790039,8974800
2019-05-27,ENB.TO,31.652721405029297,1057100
2019-05-28,ENB.TO,31.958585739135742,6702300
2019-05-29,ENB.TO,31.303173065185547,6044800
2019-05-30,ENB.TO,30.978595733642578,4298000
2019-05-31,ENB.TO,31.059743881225586,5458100
2019-06-03,ENB.TO,29.599130630493164,10032800
2019-06-04,ENB.TO,29.886266708374023,5563200
2019-06-05,ENB.TO,29.798879623413086,4210000
2019-06-06,ENB.TO,29.542957305908203,4133600
2019-06-07,ENB.TO,29.424358367919922,3378500
2019-06-10,ENB.TO,29.305755615234375,4380500
2019-06-11,ENB.TO,28.83762550354004,3591600
2019-06-12,ENB.TO,28.456863403320312,6601500
2019-06-13,ENB.TO,28.562978744506836,3565700
2019-06-14,ENB.TO,28.868824005126953,3415300
2019-06-17,ENB.TO,28.675331115722656,6965500
2019-06-18,ENB.TO,28.90003776550293,5956300
2019-06-19,ENB.TO,28.974937438964844,3934800
2019-06-20,ENB.TO,29.143470764160156,7062100
2019-06-21,ENB.TO,29.11227035522461,13811400
2019-06-24,ENB.TO,28.893795013427734,4782200
2019-06-25,ENB.TO,28.619150161743164,4490300
2019-06-26,ENB.TO,28.71902847290039,3245600
2019-06-27,ENB.TO,29.074817657470703,3940400
2019-06-28,ENB.TO,29.524229049682617,6588600
2019-07-02,ENB.TO,29.405635833740234,3602900
2019-07-03,ENB.TO,29.68027687072754,2334300
2019-07-04,ENB.TO,29.748939514160156,798400
2019-07-05,ENB.TO,29.705251693725586,2958900
2019-07-08,ENB.TO,29.405635833740234,4293000
2019-07-09,ENB.TO,29.954925537109375,3264800
2019-07-10,ENB.TO,29.998605728149414,3775900
2019-07-11,ENB.TO,30.02982521057129,4016100
2019-07-12,ENB.TO,29.717727661132812,3096400
2019-07-15,ENB.TO,29.567920684814453,1557500
2019-07-16,ENB.TO,29.33697509765625,2059200
2019-07-17,ENB.TO,29.411874771118164,4317800
2019-07-18,ENB.TO,29.517986297607422,3528300
2019-07-19,ENB.TO,29.21213722229004,2100000
2019-07-22,ENB.TO,29.237106323242188,2570100
2019-07-23,ENB.TO,29.049846649169922,2250100
2019-07-24,ENB.TO,28.71902847290039,2674100
2019-07-25,ENB.TO,27.57050895690918,7209000
2019-07-26,ENB.TO,27.61421012878418,4473700
2019-07-29,ENB.TO,27.420703887939453,6098000
2019-07-30,ENB.TO,27.345809936523438,4050000
2019-07-31,ENB.TO,27.514331817626953,6616000
2019-08-01,ENB.TO,27.714073181152344,5811500
2019-08-02,ENB.TO,27.620447158813477,6428000
2019-08-06,ENB.TO,27.177274703979492,11260600
2019-08-07,ENB.TO,27.851396560668945,11201500
2019-08-08,ENB.TO,28.044897079467773,8657800
2019-08-09,ENB.TO,27.882606506347656,4615900
2019-08-12,ENB.TO,27.851396560668945,4306100
2019-08-13,ENB.TO,28.388202667236328,4479800
2019-08-14,ENB.TO,27.676311492919922,6386100
2019-08-15,ENB.TO,27.96183204650879,3387200
2019-08-16,ENB.TO,28.30445098876953,2430000
2019-08-19,ENB.TO,28.539209365844727,2849900
2019-08-20,ENB.TO,28.17755889892578,3997400
2019-08-21,ENB.TO,28.5899658203125,6049200
2019-08-22,ENB.TO,28.19658660888672,2880800
2019-08-23,ENB.TO,27.504993438720703,4369900
2019-08-26,ENB.TO,27.650930404663086,3764800
2019-08-27,ENB.TO,27.7587890625,3919700
2019-08-28,ENB.TO,27.853961944580078,3743500
2019-08-29,ENB.TO,28.088727951049805,3342700
2019-08-30,ENB.TO,28.25368881225586,3723600
2019-09-03,ENB.TO,28.2981014251709,5651700
2019-09-04,ENB.TO,28.24100112915039,4282700
2019-09-05,ENB.TO,28.60265350341797,3349700
2019-09-06,ENB.TO,28.71051788330078,2743500
2019-09-09,ENB.TO,28.742244720458984,4779800
2019-09-10,ENB.TO,28.97066307067871,3664800
2019-09-11,ENB.TO,29.09755516052246,3071800
2019-09-12,ENB.TO,29.110248565673828,4707500
2019-09-13,ENB.TO,29.389415740966797,4294600
2019-09-16,ENB.TO,29.586116790771484,5092700
2019-09-17,ENB.TO,29.630521774291992,2350900
2019-09-18,ENB.TO,29.649560928344727,3596700
2019-09-19,ENB.TO,29.624183654785156,3857800
2019-09-20,ENB.TO,29.763774871826172,7536500
2019-09-23,ENB.TO,29.573427200317383,3535300
2019-09-24,ENB.TO,29.7320499420166,3070500
2019-09-25,ENB.TO,29.74472999572754,2276600
2019-09-26,ENB.TO,30.049287796020508,2559000
2019-09-27,ENB.TO,30.315767288208008,2545200
2019-09-30,ENB.TO,29.50362777709961,5634800
2019-10-01,ENB.TO,29.50362777709961,3507300
2019-10-02,ENB.TO,28.86280059814453,2838900
2019-10-03,ENB.TO,29.084871292114258,5057200
2019-10-04,ENB.TO,29.395769119262695,2223500
2019-10-07,ENB.TO,29.408456802368164,4666300
2019-10-08,ENB.TO,29.408456802368164,4768500
2019-10-09,ENB.TO,29.74472999572754,4317300
2019-10-10,ENB.TO,30.07466697692871,4834600
2019-10-11,ENB.TO,30.08734703063965,2701800
2019-10-15,ENB.TO,29.884319305419922,4564000
2019-10-16,ENB.TO,29.916053771972656,3507400
2019-10-17,ENB.TO,29.80184555053711,2785100
2019-10-18,ENB.TO,30.049287796020508,4825800
2019-10-21,ENB.TO,30.08734703063965,2649800
2019-10-22,ENB.TO,30.138111114501953,4942600
2019-10-23,ENB.TO,30.347501754760742,3825400
2019-10-24,ENB.TO,30.347501754760742,2810400
2019-10-25,ENB.TO,30.23328971862793,2912400
2019-10-28,ENB.TO,30.347501754760742,2934200
2019-10-29,ENB.TO,30.290388107299805,7926100
2019-10-30,ENB.TO,30.442670822143555,2867300
2019-10-31,ENB.TO,30.436325073242188,3663300
2019-11-01,ENB.TO,30.74088478088379,4244400
2019-11-04,ENB.TO,30.759912490844727,7044300
2019-11-05,ENB.TO,30.836042404174805,2581600
2019-11-06,ENB.TO,30.874122619628906,5635200
2019-11-07,ENB.TO,30.772600173950195,8024900
2019-11-08,ENB.TO,31.438812255859375,12083400
2019-11-11,ENB.TO,31.686264038085938,5678400
2019-11-12,ENB.TO,32.149436950683594,12453100
2019-11-13,ENB.TO,32.59358215332031,8778900
2019-11-14,ENB.TO,32.186737060546875,4025300
2019-11-15,ENB.TO,32.515045166015625,8175400
2019-11-18,ENB.TO,32.35410690307617,3321400
2019-11-19,ENB.TO,32.14811325073242,7157800
2019-11-20,ENB.TO,32.3283576965332,6001800
2019-11-21,ENB.TO,32.2575569152832,3479400
2019-11-22,ENB.TO,32.00006103515625,3257100
2019-11-25,ENB.TO,32.36054992675781,11591200
2019-11-26,ENB.TO,32.225364685058594,3168400
2019-11-27,ENB.TO,32.48285675048828,3558300
2019-11-28,ENB.TO,32.54079818725586,873000
2019-11-29,ENB.TO,32.37986373901367,2160300
2019-12-02,ENB.TO,32.41204833984375,4908600
2019-12-03,ENB.TO,32.47642135620117,4663100
2019-12-04,ENB.TO,32.47642135620117,3294900
2019-12-05,ENB.TO,32.65666961669922,3441600
2019-12-06,ENB.TO,32.89485549926758,2717000
2019-12-09,ENB.TO,33.0557746887207,5158500
2019-12-10,ENB.TO,32.9592170715332,5211200
2019-12-11,ENB.TO,32.78540802001953,3051600
2019-12-12,ENB.TO,32.444236755371094,6023800
2019-12-13,ENB.TO,32.55366516113281,5149200
2019-12-16,ENB.TO,32.708168029785156,2659100
2019-12-17,ENB.TO,32.65023422241211,3320000
2019-12-18,ENB.TO,32.96565246582031,6347700
2019-12-19,ENB.TO,33.0557746887207,3129300
2019-12-20,ENB.TO,33.40338897705078,9922900
2019-12-23,ENB.TO,33.50638961791992,1942800
2019-12-24,ENB.TO,33.525718688964844,892400
2019-12-27,ENB.TO,33.34546661376953,1428700
2019-12-30,ENB.TO,33.21672439575195,2125100
2019-12-31,ENB.TO,33.236026763916016,1677100
2020-01-02,ENB.TO,33.19097137451172,1638600
2020-01-03,ENB.TO,33.152347564697266,2606300
2020-01-06,ENB.TO,33.38407516479492,4231900
2020-01-07,ENB.TO,33.2489013671875,4716700
2020-01-08,ENB.TO,33.4935188293457,8112600
2020-01-09,ENB.TO,33.545021057128906,3993200
2020-01-10,ENB.TO,33.583641052246094,4444800
2020-01-13,ENB.TO,33.81538772583008,9442300
2020-01-14,ENB.TO,33.83470153808594,3893400
2020-01-15,ENB.TO,33.783206939697266,2744700
2020-01-16,ENB.TO,33.982757568359375,4129400
2020-01-17,ENB.TO,34.0986328125,2142900
2020-01-20,ENB.TO,34.162994384765625,1968600
2020-01-21,ENB.TO,34.31106185913086,4611300
2020-01-22,ENB.TO,34.56212615966797,5599100
2020-01-23,ENB.TO,34.665122985839844,4744100
2020-01-24,ENB.TO,34.735931396484375,5446300
2020-01-27,ENB.TO,34.63936233520508,4937100
2020-01-28,ENB.TO,34.8260612487793,3422300
2020-01-29,ENB.TO,34.97412109375,4155600
2020-01-30,ENB.TO,34.999855041503906,2710800
2020-01-31,ENB.TO,34.63936233520508,4115000
2020-02-03,ENB.TO,35.14148712158203,4205600
2020-02-04,ENB.TO,35.263790130615234,5967300
2020-02-05,ENB.TO,35.778778076171875,8269700
2020-02-06,ENB.TO,36.0362663269043,10628800
2020-02-07,ENB.TO,36.132835388183594,6627300
2020-02-10,ENB.TO,36.525516510009766,8359600
2020-02-11,ENB.TO,36.6220703125,5030500
2020-02-12,ENB.TO,36.77656555175781,4906700
2020-02-13,ENB.TO,36.40437316894531,14582600
2020-02-14,ENB.TO,36.58719253540039,9300800
2020-02-18,ENB.TO,35.87544250488281,9859500
2020-02-19,ENB.TO,36.267234802246094,4092200
2020-02-20,ENB.TO,36.18234634399414,4811900
2020-02-21,ENB.TO,36.117042541503906,4333500
2020-02-24,ENB.TO,35.40528869628906,9241800
2020-02-25,ENB.TO,34.63475799560547,9469600
2020-02-26,ENB.TO,34.079708099365234,9977400
2020-02-27,ENB.TO,33.19816589355469,6074700
2020-02-28,ENB.TO,32.623531341552734,15987400
2020-03-02,ENB.TO,33.24387741088867,8056100
2020-03-03,ENB.TO,33.04145431518555,7405700
2020-03-04,ENB.TO,33.9621696472168,6349100
2020-03-05,ENB.TO,33.72056198120117,7769500
2020-03-06,ENB.TO,33.28958511352539,9472400
2020-03-09,ENB.TO,27.88280487060547,14892300
2020-03-10,ENB.TO,29.019012451171875,18862600
2020-03-11,ENB.TO,28.05257797241211,8666100
2020-03-12,ENB.TO,23.42286491394043,13890600
2020-03-13,ENB.TO,28.2680721282959,14444400
2020-03-16,ENB.TO,24.89862632751465,8528600
2020-03-17,ENB.TO,24.794147491455078,10201400
2020-03-18,ENB.TO,22.260536193847656,9737100
2020-03-19,ENB.TO,23.52081298828125,7458600
2020-03-20,ENB.TO,24.193389892578125,23305000
2020-03-23,ENB.TO,22.508676528930664,8623900
2020-03-24,ENB.TO,25.708335876464844,7977100
2020-03-25,ENB.TO,26.498456954956055,8940000
2020-03-26,ENB.TO,27.38652992248535,6182400
2020-03-27,ENB.TO,25.381839752197266,6880100
2020-03-30,ENB.TO,26.087068557739258,4664000
2020-03-31,ENB.TO,26.759653091430664,8137000
2020-04-01,ENB.TO,25.22512435913086,5102200
2020-04-02,ENB.TO,25.512439727783203,6832700
2020-04-03,ENB.TO,25.858524322509766,6945400
2020-04-06,ENB.TO,26.407039642333984,5133300
2020-04-07,ENB.TO,25.72139549255371,6380100
2020-04-08,ENB.TO,26.002185821533203,7323400
2020-04-09,ENB.TO,26.204607009887695,8423000
2020-04-13,ENB.TO,25.98912239074707,3651200
2020-04-14,ENB.TO,26.746599197387695,4468700
2020-04-15,ENB.TO,26.126251220703125,3634100
2020-04-16,ENB.TO,26.263385772705078,3988600
2020-04-17,ENB.TO,26.95555877685547,5845400
2020-04-20,ENB.TO,27.03391456604004,9457600
2020-04-21,ENB.TO,26.054418563842773,6312200
2020-04-22,ENB.TO,26.557226181030273,7589100
2020-04-23,ENB.TO,26.557226181030273,4807600
2020-04-24,ENB.TO,26.883724212646484,6766700
2020-04-27,ENB.TO,27.197168350219727,6271400
2020-04-28,ENB.TO,27.81097412109375,7098800
2020-04-29,ENB.TO,28.973299026489258,5408300
2020-04-30,ENB.TO,27.850154876708984,8237000
2020-05-01,ENB.TO,27.432239532470703,7269300
2020-05-04,ENB.TO,27.7913875579834,7652600
2020-05-05,ENB.TO,28.117881774902344,5220000
2020-05-06,ENB.TO,28.2550106048584,24976200
2020-05-07,ENB.TO,29.136552810668945,28233600
2020-05-08,ENB.TO,29.156139373779297,11957200
2020-05-11,ENB.TO,30.174816131591797,11223400
2020-05-12,ENB.TO,29.619770050048828,11005800
2020-05-13,ENB.TO,28.757808685302734,7929000
2020-05-14,ENB.TO,28.60481071472168,10670200
2020-05-15,ENB.TO,29.216815948486328,7617100
2020-05-19,ENB.TO,29.735702514648438,10733800
2020-05-20,ENB.TO,29.609310150146484,8502300
2020-05-21,ENB.TO,29.196863174438477,6269000
2020-05-22,ENB.TO,29.25008201599121,8337500
2020-05-25,ENB.TO,29.376476287841797,4913700
2020-05-26,ENB.TO,29.14364242553711,6126200
2020-05-27,ENB.TO,29.40973663330078,4948300
2020-05-28,ENB.TO,29.635910034179688,7061000
2020-05-29,ENB.TO,29.78891944885254,7779600
2020-06-01,ENB.TO,29.762306213378906,5831800
2020-06-02,ENB.TO,29.98848533630371,3083300
2020-06-03,ENB.TO,29.848783493041992,4223900
2020-06-04,ENB.TO,29.36317253112793,7457000
2020-06-05,ENB.TO,29.82883644104004,6117900
2020-06-08,ENB.TO,30.148151397705078,12368700
2020-06-09,ENB.TO,29.4429988861084,7832700
2020-06-10,ENB.TO,28.67133140563965,4575800
2020-06-11,ENB.TO,27.56705665588379,5295900
2020-06-12,ENB.TO,28.02606773376465,7149900
2020-06-15,ENB.TO,28.105886459350586,3636800
2020-06-16,ENB.TO,28.87090492248535,3314300
2020-06-17,ENB.TO,28.458452224731445,1891500
2020-06-18,ENB.TO,28.811033248901367,3883200
2020-06-19,ENB.TO,28.16576385498047,16223400
2020-06-22,ENB.TO,27.932941436767578,5115100
2020-06-23,ENB.TO,27.879716873168945,3054300
2020-06-24,ENB.TO,27.267702102661133,5994100
2020-06-25,ENB.TO,27.527145385742188,3972000
2020-06-26,ENB.TO,26.93509864807129,3163000
2020-06-29,ENB.TO,27.573707580566406,1984400
2020-06-30,ENB.TO,27.46062469482422,3032400
2020-07-02,ENB.TO,27.660198211669922,2559200
2020-07-03,ENB.TO,27.706764221191406,621700
2020-07-06,ENB.TO,27.42070770263672,3829400
2020-07-07,ENB.TO,27.128000259399414,2850300
2020-07-08,ENB.TO,27.074785232543945,2040300
2020-07-09,ENB.TO,26.74217414855957,2432500
2020-07-10,ENB.TO,26.708911895751953,8424700
2020-07-13,ENB.TO,26.868568420410156,7429200
2020-07-14,ENB.TO,27.759973526000977,5314100
2020-07-15,ENB.TO,27.846454620361328,5561400
2020-07-16,ENB.TO,27.893024444580078,3654100
2020-07-17,ENB.TO,27.680147171020508,3559000
2020-07-20,ENB.TO,27.46062469482422,11202900
2020-07-21,ENB.TO,27.773283004760742,4993600
2020-07-22,ENB.TO,28.046024322509766,5872600
2020-07-23,ENB.TO,27.879716873168945,3113600
2020-07-24,ENB.TO,27.912979125976562,4629900
2020-07-27,ENB.TO,27.839797973632812,4193000
2020-07-28,ENB.TO,28.0859375,3841800
2020-07-29,ENB.TO,28.950740814208984,5006700
2020-07-30,ENB.TO,28.857601165771484,3272900
2020-07-31,ENB.TO,28.518327713012695,4644600
2020-08-04,ENB.TO,29.236780166625977,6949200
2020-08-05,ENB.TO,29.037214279174805,8447500
2020-08-06,ENB.TO,29.283344268798828,13105400
2020-08-07,ENB.TO,29.383134841918945,9665400
2020-08-10,ENB.TO,29.808874130249023,12683400
2020-08-11,ENB.TO,29.709091186523438,6960400
2020-08-12,ENB.TO,29.995145797729492,8653200
2020-08-13,ENB.TO,29.41935157775879,8130000
2020-08-14,ENB.TO,29.487091064453125,10913000
2020-08-17,ENB.TO,29.412578582763672,15516900
2020-08-18,ENB.TO,29.405797958374023,6171300
2020-08-19,ENB.TO,29.344846725463867,10100600
2020-08-20,ENB.TO,29.2771053314209,5910700
2020-08-21,ENB.TO,29.290647506713867,3309100
2020-08-24,ENB.TO,29.371936798095703,5564300
2020-08-25,ENB.TO,29.155160903930664,4706000
2020-08-26,ENB.TO,28.647125244140625,3095500
2020-08-27,ENB.TO,28.836793899536133,3989700
2020-08-28,ENB.TO,28.890981674194336,4145600
2020-08-31,ENB.TO,28.267780303955078,6296200
2020-09-01,ENB.TO,28.525197982788086,4466900
2020-09-02,ENB.TO,28.802919387817383,3400000
2020-09-03,ENB.TO,28.511648178100586,4777800
2020-09-04,ENB.TO,27.93585777282715,8482000
2020-09-08,ENB.TO,27.929080963134766,9743300
2020-09-09,ENB.TO,28.288095474243164,6759500
2020-09-10,ENB.TO,27.75972557067871,6080200
2020-09-11,ENB.TO,27.86133575439453,3780300
2020-09-14,ENB.TO,27.583600997924805,2787100
2020-09-15,ENB.TO,27.644567489624023,5907000
2020-09-16,ENB.TO,27.644567489624023,3012000
2020-09-17,ENB.TO,27.468448638916016,5416300
2020-09-18,ENB.TO,27.23813247680664,10940200
2020-09-21,ENB.TO,27.075559616088867,3880800
2020-09-22,ENB.TO,27.495548248291016,3466600
2020-09-23,ENB.TO,26.750415802001953,3845300
2020-09-24,ENB.TO,26.824922561645508,3839600
2020-09-25,ENB.TO,27.231361389160156,3481200
2020-09-28,ENB.TO,27.265228271484375,3245200
2020-09-29,ENB.TO,26.824922561645508,2705200
2020-09-30,ENB.TO,26.350746154785156,7721700
2020-10-01,ENB.TO,26.140756607055664,4580200
2020-10-02,ENB.TO,26.147523880004883,4208800
2020-10-05,ENB.TO,26.574289321899414,5548400
2020-10-06,ENB.TO,26.09333610534668,3861700
2020-10-07,ENB.TO,26.28300666809082,3659300
2020-10-08,ENB.TO,27.116191864013672,5266000
2020-10-09,ENB.TO,26.560733795166016,3227200
2020-10-13,ENB.TO,26.391386032104492,3495900
2020-10-14,ENB.TO,26.215261459350586,7752900
2020-10-15,ENB.TO,26.1678466796875,6005200
2020-10-16,ENB.TO,26.323650360107422,6449200
2020-10-19,ENB.TO,25.95107650756836,10158600
2020-10-20,ENB.TO,25.856245040893555,6841900
2020-10-21,ENB.TO,25.761404037475586,7760300
2020-10-22,ENB.TO,26.13397789001465,5583900
2020-10-23,ENB.TO,25.734312057495117,5626400
2020-10-26,ENB.TO,25.483675003051758,18354300
2020-10-27,ENB.TO,25.26691246032715,5108500
2020-10-28,ENB.TO,24.846921920776367,6926900
2020-10-29,ENB.TO,24.86046600341797,4338900
2020-10-30,ENB.TO,24.86724281311035,10093400
2020-11-02,ENB.TO,24.66402816772461,7403500
2020-11-03,ENB.TO,24.69789695739746,8203200
2020-11-04,ENB.TO,24.75886344909668,28331200
2020-11-05,ENB.TO,25.14497947692871,19449200
2020-11-06,ENB.TO,24.26436424255371,18117400
2020-11-09,ENB.TO,25.625932693481445,25497400
2020-11-10,ENB.TO,26.858795166015625,17644600
2020-11-11,ENB.TO,26.980730056762695,10355600
2020-11-12,ENB.TO,26.26161003112793,25371300
2020-11-13,ENB.TO,25.846729278564453,19266800
2020-11-16,ENB.TO,26.275436401367188,22545300
2020-11-17,ENB.TO,26.897754669189453,18699000
2020-11-18,ENB.TO,26.337661743164062,7561400
2020-11-19,ENB.TO,26.323835372924805,6220900
2020-11-20,ENB.TO,26.489784240722656,8058300
2020-11-23,ENB.TO,27.091354370117188,9466200
2020-11-24,ENB.TO,28.170028686523438,7475500
2020-11-25,ENB.TO,28.56416893005371,8714500
2020-11-26,ENB.TO,28.501934051513672,4281900
2020-11-27,ENB.TO,28.826919555664062,3964000
2020-11-30,ENB.TO,28.045578002929688,9358900
2020-12-01,ENB.TO,28.017915725708008,5537700
2020-12-02,ENB.TO,28.737030029296875,7559900
2020-12-03,ENB.TO,29.117332458496094,6349000
2020-12-04,ENB.TO,29.483806610107422,8333100
2020-12-07,ENB.TO,29.456148147583008,10623500
2020-12-08,ENB.TO,29.594440460205078,10751700
2020-12-09,ENB.TO,29.746562957763672,8851400
2020-12-10,ENB.TO,30.113039016723633,9027900
2020-12-11,ENB.TO,30.113039016723633,6877600
2020-12-14,ENB.TO,29.407743453979492,4846500
2020-12-15,ENB.TO,29.580595016479492,7999500
2020-12-16,ENB.TO,29.324764251708984,5747400
2020-12-17,ENB.TO,29.165739059448242,10153100
2020-12-18,ENB.TO,28.992868423461914,14738400
2020-12-21,ENB.TO,28.73012351989746,5405400
2020-12-22,ENB.TO,28.508848190307617,3185400
2020-12-23,ENB.TO,28.54342269897461,3626900
2020-12-24,ENB.TO,28.522676467895508,2105100
2020-12-29,ENB.TO,28.21152687072754,5201200
2020-12-30,ENB.TO,28.225345611572266,3914300
2020-12-31,ENB.TO,28.149290084838867,3527800
2021-01-04,ENB.TO,28.24609375,7026200
2021-01-05,ENB.TO,29.24871063232422,5370300
2021-01-06,ENB.TO,28.882232666015625,7892400
2021-01-07,ENB.TO,29.55986976623535,10484700
2021-01-08,ENB.TO,29.304027557373047,7759500
2021-01-11,ENB.TO,29.366249084472656,6591500
2021-01-12,ENB.TO,29.705062866210938,11678700
2021-01-13,ENB.TO,30.38961410522461,7498200
2021-01-14,ENB.TO,31.129474639892578,11852900
2021-01-15,ENB.TO,31.032672882080078,14490600
2021-01-18,ENB.TO,30.479511260986328,2922200
2021-01-19,ENB.TO,30.942777633666992,9668800
2021-01-20,ENB.TO,31.09490966796875,13776400
2021-01-21,ENB.TO,30.645456314086914,6396100
2021-01-22,ENB.TO,30.53482437133789,7012000
2021-01-25,ENB.TO,30.5209903717041,6890500
2021-01-26,ENB.TO,30.60396385192871,8228400
2021-01-27,ENB.TO,29.93324851989746,4892700
2021-01-28,ENB.TO,30.140697479248047,7088200
2021-01-29,ENB.TO,29.705062866210938,10135300
2021-02-01,ENB.TO,30.092281341552734,6884800
2021-02-02,ENB.TO,30.5209903717041,8125600
2021-02-03,ENB.TO,30.880558013916016,10129400
2021-02-04,ENB.TO,31.309255599975586,22647900
2021-02-05,ENB.TO,31.05340576171875,15594600
2021-02-08,ENB.TO,31.537439346313477,31440600
2021-02-09,ENB.TO,31.378406524658203,10246500
2021-02-10,ENB.TO,31.69647216796875,28177300
2021-02-11,ENB.TO,31.383060455322266,21964300
2021-02-12,ENB.TO,30.99570655822754,17844200
2021-02-16,ENB.TO,31.06613540649414,25274700
2021-02-17,ENB.TO,30.85484504699707,14561400
2021-02-18,ENB.TO,30.784420013427734,10381100
2021-02-19,ENB.TO,30.777387619018555,14868700
2021-02-22,ENB.TO,31.157691955566406,17676400
2021-02-23,ENB.TO,31.552093505859375,7412900
2021-02-24,ENB.TO,31.481660842895508,7093700
2021-02-25,ENB.TO,31.101350784301758,7856600
2021-02-26,ENB.TO,30.270296096801758,10357300
2021-03-01,ENB.TO,30.960491180419922,5473500
2021-03-02,ENB.TO,31.16473388671875,11385500
2021-03-03,ENB.TO,31.31263542175293,5901700
2021-03-04,ENB.TO,31.40420150756836,11775900
2021-03-05,ENB.TO,31.573225021362305,11125900
2021-03-08,ENB.TO,31.988746643066406,14050700
2021-03-09,ENB.TO,31.664783477783203,6565500
2021-03-10,ENB.TO,31.90424346923828,3892000
2021-03-11,ENB.TO,32.05213928222656,5399800
2021-03-12,ENB.TO,31.99579429626465,2975600
2021-03-15,ENB.TO,32.12961196899414,5024100
2021-03-16,ENB.TO,31.939455032348633,7724700
2021-03-17,ENB.TO,32.01692199707031,5343100
2021-03-18,ENB.TO,31.587305068969727,4320900
2021-03-19,ENB.TO,31.939455032348633,16680800
2021-03-22,ENB.TO,32.094390869140625,3225700
2021-03-23,ENB.TO,32.094390869140625,4580700
2021-03-24,ENB.TO,32.608524322509766,6447800
2021-03-25,ENB.TO,32.59444046020508,4057200
2021-03-26,ENB.TO,32.79868698120117,4181100
2021-03-29,ENB.TO,32.98883819580078,4958100
2021-03-30,ENB.TO,32.5662727355957,3082600
2021-03-31,ENB.TO,32.24229431152344,6210900
2021-04-01,ENB.TO,32.55923080444336,2866300
2021-04-05,ENB.TO,32.60148239135742,2116700
2021-04-06,ENB.TO,32.57331085205078,2388900
2021-04-07,ENB.TO,32.65782928466797,2812900
2021-04-08,ENB.TO,32.8409423828125,4067900
2021-04-09,ENB.TO,32.55218505859375,2938300
2021-04-12,ENB.TO,32.47471618652344,6141700
2021-04-13,ENB.TO,32.41132354736328,3576000
2021-04-14,ENB.TO,32.678958892822266,4068500
2021-04-15,ENB.TO,32.918418884277344,4663200
2021-04-16,ENB.TO,32.8409423828125,7888000
2021-04-19,ENB.TO,32.97475814819336,19283200
2021-04-20,ENB.TO,32.678958892822266,5385500
2021-04-21,ENB.TO,32.84798049926758,3192800
2021-04-22,ENB.TO,32.608524322509766,5392800
2021-04-23,ENB.TO,32.580360412597656,8375200
2021-04-26,ENB.TO,32.46766662597656,9165300
2021-04-27,ENB.TO,32.91136932373047,5242000
2021-04-28,ENB.TO,33.094482421875,6476200
2021-04-29,ENB.TO,33.319862365722656,5054900
2021-04-30,ENB.TO,33.390281677246094,4785500
2021-05-03,ENB.TO,33.52409362792969,5792500
2021-05-04,ENB.TO,33.79172897338867,7563700
2021-05-05,ENB.TO,34.510101318359375,23759600
2021-05-06,ENB.TO,34.10160827636719,31481300
2021-05-07,ENB.TO,33.86919403076172,14516900
2021-05-10,ENB.TO,34.10865783691406,12241800
2021-05-11,ENB.TO,33.93962478637695,24535800
2021-05-12,ENB.TO,34.01709747314453,12808000
2021-05-13,ENB.TO,33.46883773803711,20509200
2021-05-14,ENB.TO,33.827186584472656,16520800
2021-05-17,ENB.TO,33.554847717285156,17069300
2021-05-18,ENB.TO,33.648006439208984,7949800
2021-05-19,ENB.TO,32.9958381652832,26781600
2021-05-20,ENB.TO,33.36133575439453,12066300
2021-05-21,ENB.TO,33.35417938232422,3086100
2021-05-25,ENB.TO,33.23234176635742,13487000
2021-05-26,ENB.TO,33.52617263793945,8591300
2021-05-27,ENB.TO,33.43301010131836,6474700
2021-05-28,ENB.TO,33.30400848388672,4110200
2021-05-31,ENB.TO,32.89549255371094,3168700
2021-06-01,ENB.TO,33.425838470458984,6891600
2021-06-02,ENB.TO,33.54050064086914,6109800
2021-06-03,ENB.TO,33.4903450012207,4819700
2021-06-04,ENB.TO,33.8056755065918,4579000
2021-06-07,ENB.TO,34.21418762207031,7964800
2021-06-08,ENB.TO,34.40768814086914,8150000
2021-06-09,ENB.TO,34.53668975830078,3383600
2021-06-10,ENB.TO,34.44352722167969,6358900
2021-06-11,ENB.TO,34.59403610229492,7452500
2021-06-14,ENB.TO,35.42538070678711,17041900
2021-06-15,ENB.TO,35.618873596191406,3826200
2021-06-16,ENB.TO,35.733551025390625,7480600
2021-06-17,ENB.TO,35.8123779296875,8870200
2021-06-18,ENB.TO,35.42538070678711,10229200
2021-06-21,ENB.TO,35.454044342041016,2376300
2021-06-22,ENB.TO,35.325035095214844,5822800
2021-06-23,ENB.TO,35.17453384399414,3206800
2021-06-24,ENB.TO,35.40388107299805,2791500
2021-06-25,ENB.TO,35.461212158203125,1993800
2021-06-28,ENB.TO,35.231868743896484,5395500
2021-06-29,ENB.TO,35.40388107299805,2264700
2021-06-30,ENB.TO,35.56871032714844,5776200
2021-07-02,ENB.TO,35.941383361816406,4150100
2021-07-05,ENB.TO,36.01304244995117,896900
2021-07-06,ENB.TO,35.90554428100586,4621000
2021-07-07,ENB.TO,35.998714447021484,5756200
2021-07-08,ENB.TO,35.78370666503906,4996300
2021-07-09,ENB.TO,35.912715911865234,3746200
2021-07-12,ENB.TO,35.841041564941406,3398900
2021-07-13,ENB.TO,35.798057556152344,2833100
2021-07-14,ENB.TO,35.4683837890625,7036700
2021-07-15,ENB.TO,35.41103744506836,8613000
2021-07-16,ENB.TO,35.36087417602539,3768000
2021-07-19,ENB.TO,34.56535720825195,14851100
2021-07-20,ENB.TO,34.59403610229492,4750500
2021-07-21,ENB.TO,34.80902862548828,3665200
2021-07-22,ENB.TO,34.83769607543945,5492800
2021-07-23,ENB.TO,34.9738655090332,5017300
2021-07-26,ENB.TO,34.98819351196289,7465800
2021-07-27,ENB.TO,35.1673698425293,1846300
2021-07-28,ENB.TO,35.33936309814453,1748400
2021-07-29,ENB.TO,35.43970489501953,4614200
2021-07-30,ENB.TO,35.2462043762207,5533600
2021-08-03,ENB.TO,35.43970489501953,7981800
2021-08-04,ENB.TO,35.231868743896484,6889700
2021-08-05,ENB.TO,35.36087417602539,7655300
2021-08-06,ENB.TO,35.597373962402344,15430300
2021-08-09,ENB.TO,35.3895378112793,22389800
2021-08-10,ENB.TO,35.71921157836914,21439000
2021-08-11,ENB.TO,36.07038497924805,17139500
2021-08-12,ENB.TO,35.76065444946289,14759900
2021-08-13,ENB.TO,35.74607849121094,14572400
2021-08-16,ENB.TO,35.9136962890625,13429000
2021-08-17,ENB.TO,35.59303665161133,7627400
2021-08-18,ENB.TO,35.21407699584961,6314500
2021-08-19,ENB.TO,34.886138916015625,11343200
2021-08-20,ENB.TO,35.38169479370117,3896900
2021-08-23,ENB.TO,35.716922760009766,9350700
2021-08-24,ENB.TO,35.84081268310547,3566900
2021-08-25,ENB.TO,35.9136962890625,7889100
2021-08-26,ENB.TO,35.986568450927734,3718300
2021-08-27,ENB.TO,36.24892807006836,4035400
2021-08-30,ENB.TO,36.29266357421875,3238400
2021-08-31,ENB.TO,36.183345794677734,6466300
2021-09-01,ENB.TO,36.31452560424805,3234700
2021-09-02,ENB.TO,36.40925979614258,2714300
2021-09-03,ENB.TO,36.52587127685547,4130100
2021-09-07,ENB.TO,36.839229583740234,13842600
2021-09-08,ENB.TO,37.3712272644043,8428400
2021-09-09,ENB.TO,36.97041320800781,8220700
2021-09-10,ENB.TO,36.780941009521484,6432200
2021-09-13,ENB.TO,37.028709411621094,12608300
2021-09-14,ENB.TO,36.80280303955078,3219300
2021-09-15,ENB.TO,37.057865142822266,6107900
2021-09-16,ENB.TO,37.04328918457031,2569200
2021-09-17,ENB.TO,36.91939926147461,14676500
2021-09-20,ENB.TO,36.27079772949219,5851500
2021-09-21,ENB.TO,36.64246368408203,5634500
2021-09-22,ENB.TO,36.74449157714844,2136600
2021-09-23,ENB.TO,36.955833435058594,2277500
2021-09-24,ENB.TO,36.96312713623047,2117500
2021-09-27,ENB.TO,37.16716766357422,3293800
2021-09-28,ENB.TO,36.83194351196289,3535600
2021-09-29,ENB.TO,37.014129638671875,4275600
2021-09-30,ENB.TO,36.773643493652344,4354400
2021-10-01,ENB.TO,36.839229583740234,2615900
2021-10-04,ENB.TO,37.057865142822266,4448100
2021-10-05,ENB.TO,36.839229583740234,5459600
2021-10-06,ENB.TO,37.17446517944336,3688200
2021-10-07,ENB.TO,37.312931060791016,3087600
2021-10-08,ENB.TO,37.59715270996094,5281700
2021-10-12,ENB.TO,37.96882247924805,12460000
2021-10-13,ENB.TO,38.165592193603516,6846300
2021-10-14,ENB.TO,38.39150619506836,3506100
2021-10-15,ENB.TO,38.4206657409668,6053600
2021-10-18,ENB.TO,38.515403747558594,5075600
2021-10-19,ENB.TO,38.690303802490234,10033200
2021-10-20,ENB.TO,38.77047348022461,4546900
2021-10-21,ENB.TO,38.34778594970703,3574300
2021-10-22,ENB.TO,38.595558166503906,4405900
2021-10-25,ENB.TO,38.5226936340332,5029900
2021-10-26,ENB.TO,38.44252395629883,4601800
2021-10-27,ENB.TO,37.990692138671875,3613900
2021-10-28,ENB.TO,38.027122497558594,3443400
2021-10-29,ENB.TO,37.77934646606445,6813600
2021-11-01,ENB.TO,38.20931625366211,3730700
2021-11-02,ENB.TO,38.07085037231445,7803200
2021-11-03,ENB.TO,38.063568115234375,3734200
2021-11-04,ENB.TO,38.129146575927734,29747800
2021-11-05,ENB.TO,39.26603698730469,19870300
2021-11-08,ENB.TO,38.398799896240234,49622700
2021-11-09,ENB.TO,38.34778594970703,29576500
2021-11-10,ENB.TO,38.435237884521484,8453600
2021-11-11,ENB.TO,38.34778594970703,4001700
2021-11-12,ENB.TO,37.5443229675293,28965500
2021-11-15,ENB.TO,37.46286392211914,30754500
2021-11-16,ENB.TO,37.51470184326172,14943300
2021-11-17,ENB.TO,37.5443229675293,13496600
2021-11-18,ENB.TO,37.37400817871094,4628500
2021-11-19,ENB.TO,37.22589111328125,7003500
2021-11-22,ENB.TO,37.12222671508789,8769500
2021-11-23,ENB.TO,37.359195709228516,9541500
2021-11-24,ENB.TO,37.47766876220703,5419100
2021-11-25,ENB.TO,37.51470184326172,1086800
2021-11-26,ENB.TO,36.87044143676758,6340200
2021-11-29,ENB.TO,36.0929069519043,12065600
2021-11-30,ENB.TO,35.49308776855469,9830800
2021-12-01,ENB.TO,35.18947219848633,6237800
2021-12-02,ENB.TO,35.44865417480469,6847600
2021-12-03,ENB.TO,35.46345901489258,5268300
2021-12-06,ENB.TO,35.76707458496094,14405200
2021-12-07,ENB.TO,36.25581741333008,5068800
2021-12-08,ENB.TO,36.0262565612793,6942300
2021-12-09,ENB.TO,35.57454299926758,10482500
2021-12-10,ENB.TO,35.60416030883789,7732000
2021-12-13,ENB.TO,35.64118194580078,10031700
2021-12-14,ENB.TO,35.57454299926758,3161200
2021-12-15,ENB.TO,35.24870300292969,13889200
2021-12-16,ENB.TO,35.35238265991211,6054400
2021-12-17,ENB.TO,35.28573989868164,10027900
2021-12-20,ENB.TO,35.37459945678711,8071900
2021-12-21,ENB.TO,35.752254486083984,3859100
2021-12-22,ENB.TO,35.75966262817383,2132400
2021-12-23,ENB.TO,36.03366470336914,7466500
2021-12-24,ENB.TO,36.10029983520508,1583300
2021-12-29,ENB.TO,36.374298095703125,3548200
2021-12-30,ENB.TO,36.485374450683594,2274600
2021-12-31,ENB.TO,36.58905029296875,2742700
2022-01-04,ENB.TO,36.6853141784668,5784600
2022-01-05,ENB.TO,37.1962776184082,9416800
2022-01-06,ENB.TO,37.699825286865234,6798900
2022-01-07,ENB.TO,37.97381591796875,4033300
2022-01-10,ENB.TO,38.23299789428711,7891600
2022-01-11,ENB.TO,38.48476791381836,6883100
2022-01-12,ENB.TO,38.595855712890625,9803500
2022-01-13,ENB.TO,38.6476936340332,4126200
2022-01-14,ENB.TO,38.729148864746094,9959500
2022-01-17,ENB.TO,38.95871353149414,1785400
2022-01-18,ENB.TO,39.084590911865234,7125500
2022-01-19,ENB.TO,39.0401725769043,9829900
2022-01-20,ENB.TO,38.71433639526367,6726800
2022-01-21,ENB.TO,38.02565002441406,10091200
2022-01-24,ENB.TO,37.670204162597656,19497300
2022-01-25,ENB.TO,38.314453125,10999200
2022-01-26,ENB.TO,38.729148864746094,7912100
2022-01-27,ENB.TO,38.88465881347656,8443700
2022-01-28,ENB.TO,39.24751281738281,4646000
2022-01-31,ENB.TO,39.795501708984375,12149600
2022-02-01,ENB.TO,39.980628967285156,15484900
2022-02-02,ENB.TO,40.42494583129883,22741000
2022-02-03,ENB.TO,40.358299255371094,22547900
2022-02-04,ENB.TO,40.521202087402344,7158200
2022-02-07,ENB.TO,40.72114562988281,17911500
2022-02-08,ENB.TO,40.2324104309082,19182700
2022-02-09,ENB.TO,40.3138542175293,8832200
2022-02-10,ENB.TO,40.39531707763672,9641900
2022-02-11,ENB.TO,41.14324951171875,14419400
2022-02-14,ENB.TO,39.70661544799805,28049100
2022-02-15,ENB.TO,39.57122802734375,22139700
2022-02-16,ENB.TO,39.70661544799805,17306900
2022-02-17,ENB.TO,39.67652893066406,5194500
2022-02-18,ENB.TO,39.52609634399414,3932700
2022-02-22,ENB.TO,39.61635971069336,10363200
2022-02-23,ENB.TO,39.7968635559082,6077900
2022-02-24,ENB.TO,39.962345123291016,15892200
2022-02-25,ENB.TO,40.67689895629883,6547100
2022-02-28,ENB.TO,41.188377380371094,9607700
2022-03-01,ENB.TO,41.564449310302734,11948900
2022-03-02,ENB.TO,42.1737060546875,11521700
2022-03-03,ENB.TO,42.369258880615234,8944400
2022-03-04,ENB.TO,42.797996520996094,9881800
2022-03-07,ENB.TO,42.624996185302734,17289800
2022-03-08,ENB.TO,42.527225494384766,7744000
2022-03-09,ENB.TO,42.50465393066406,5556300
2022-03-10,ENB.TO,42.700218200683594,10257200
2022-03-11,ENB.TO,42.61747741699219,7696500
2022-03-14,ENB.TO,42.354217529296875,9827400
2022-03-15,ENB.TO,42.29405212402344,11398700
2022-03-16,ENB.TO,41.98566818237305,10828200
2022-03-17,ENB.TO,42.474571228027344,4390900
2022-03-18,ENB.TO,42.46704864501953,17150800
2022-03-21,ENB.TO,42.83561325073242,5565500
2022-03-22,ENB.TO,42.722782135009766,2721800
2022-03-23,ENB.TO,42.58738708496094,7073000
2022-03-24,ENB.TO,42.80552291870117,4044600
2022-03-25,ENB.TO,43.4674186706543,5018300
2022-03-28,ENB.TO,43.27186584472656,2613100
2022-03-29,ENB.TO,43.38468933105469,2691000
2022-03-30,ENB.TO,43.4674186706543,3761700
2022-03-31,ENB.TO,43.28690719604492,5330700
2022-04-01,ENB.TO,43.68555450439453,3173700
2022-04-04,ENB.TO,43.81341552734375,7960700
2022-04-05,ENB.TO,43.71563720703125,3461000
2022-04-06,ENB.TO,43.88863754272461,2795800
2022-04-07,ENB.TO,43.72315979003906,5687400
2022-04-08,ENB.TO,44.15941619873047,4924300
2022-04-11,ENB.TO,43.858551025390625,3930500
2022-04-12,ENB.TO,43.866065979003906,7063700
2022-04-13,ENB.TO,43.82845687866211,4121000
2022-04-14,ENB.TO,43.82845687866211,7698400
2022-04-18,ENB.TO,43.843502044677734,9585700
2022-04-19,ENB.TO,44.05410385131836,4901300
2022-04-20,ENB.TO,44.03154754638672,6009400
2022-04-21,ENB.TO,43.843502044677734,5717300
2022-04-22,ENB.TO,42.92585754394531,9649200
2022-04-25,ENB.TO,42.25644302368164,17132100
2022-04-26,ENB.TO,42.18122100830078,9304400
2022-04-27,ENB.TO,42.24140167236328,5545700
2022-04-28,ENB.TO,42.94843292236328,11779900
2022-04-29,ENB.TO,42.16618347167969,13974900
2022-05-02,ENB.TO,42.060874938964844,12201900
2022-05-03,ENB.TO,42.34669876098633,10237000
2022-05-04,ENB.TO,43.27186584472656,8500800
2022-05-05,ENB.TO,43.04621124267578,17760700
2022-05-06,ENB.TO,43.97888946533203,18179500
2022-05-09,ENB.TO,42.45952224731445,25647400
2022-05-10,ENB.TO,42.060874938964844,33495800
2022-05-11,ENB.TO,42.16618347167969,25338400
2022-05-12,ENB.TO,42.456459045410156,19451400
2022-05-13,ENB.TO,43.20505905151367,15649800
2022-05-16,ENB.TO,43.7244987487793,32472000
2022-05-17,ENB.TO,43.95366668701172,20414400
2022-05-18,ENB.TO,43.55644607543945,15602700
2022-05-19,ENB.TO,43.49533462524414,9506200
2022-05-20,ENB.TO,43.67103576660156,4336800
2022-05-24,ENB.TO,43.96894454956055,12328500
2022-05-25,ENB.TO,44.15990447998047,4004300
2022-05-26,ENB.TO,44.755733489990234,8391900
2022-05-27,ENB.TO,44.90087127685547,13406300
2022-05-30,ENB.TO,45.33628845214844,8824800
2022-05-31,ENB.TO,44.63351821899414,15153500
2022-06-01,ENB.TO,44.42726516723633,10807700
2022-06-02,ENB.TO,45.08420181274414,9416800
2022-06-03,ENB.TO,45.01544952392578,5308400
2022-06-06,ENB.TO,45.275177001953125,10167300
2022-06-07,ENB.TO,45.48905944824219,8174700
2022-06-08,ENB.TO,45.24461364746094,3962900
2022-06-09,ENB.TO,44.801570892333984,3472700
2022-06-10,ENB.TO,44.44254684448242,7372700
2022-06-13,ENB.TO,43.342559814453125,14813600
2022-06-14,ENB.TO,42.502288818359375,8229500
2022-06-15,ENB.TO,42.02104568481445,3818500
2022-06-16,ENB.TO,40.470367431640625,5123900
2022-06-17,ENB.TO,40.264122009277344,13326400
2022-06-20,ENB.TO,40.439815521240234,1373400
2022-06-21,ENB.TO,40.93632888793945,4176400
2022-06-22,ENB.TO,40.75299835205078,4479600
2022-06-23,ENB.TO,40.462730407714844,7076000
2022-06-24,ENB.TO,41.134944915771484,3931100
2022-06-27,ENB.TO,41.50161361694336,7810100
2022-06-28,ENB.TO,41.80715560913086,3748800
2022-06-29,ENB.TO,41.814796447753906,3786200
2022-06-30,ENB.TO,41.52452087402344,6177100
2022-07-04,ENB.TO,41.532161712646484,1373300
2022-07-05,ENB.TO,41.26479721069336,4637200
2022-07-06,ENB.TO,41.119667053222656,6691500
2022-07-07,ENB.TO,41.63911056518555,4600200
2022-07-08,ENB.TO,41.761329650878906,1777500
2022-07-11,ENB.TO,41.799522399902344,5747200
2022-07-12,ENB.TO,41.478694915771484,4905600
2022-07-13,ENB.TO,41.26479721069336,7630700
2022-07-14,ENB.TO,41.134944915771484,15628700
2022-07-15,ENB.TO,41.34883499145508,5257300
2022-07-18,ENB.TO,42.10506820678711,11049700
2022-07-19,ENB.TO,42.43354797363281,3156200
2022-07-20,ENB.TO,42.38771438598633,5156500
2022-07-21,ENB.TO,42.23493576049805,5497500
2022-07-22,ENB.TO,42.32659912109375,2229100
2022-07-25,ENB.TO,43.15159225463867,9839100
2022-07-26,ENB.TO,43.15159225463867,6637000
2022-07-27,ENB.TO,43.67103576660156,5546600
2022-07-28,ENB.TO,43.80852127075195,5808700
2022-07-29,ENB.TO,43.930747985839844,6768500
2022-08-02,ENB.TO,43.2585334777832,19695500
2022-08-03,ENB.TO,43.31964111328125,10524900
2022-08-04,ENB.TO,42.479373931884766,15905300
2022-08-05,ENB.TO,42.28076934814453,16284800
2022-08-08,ENB.TO,42.62450408935547,13833900
2022-08-09,ENB.TO,42.73909378051758,13849500
2022-08-10,ENB.TO,42.807838439941406,10620200
2022-08-11,ENB.TO,43.20505905151367,13022400
2022-08-12,ENB.TO,43.088714599609375,22540500
2022-08-15,ENB.TO,42.78620147705078,25350500
2022-08-16,ENB.TO,43.02665328979492,17507400
2022-08-17,ENB.TO,42.83273696899414,5786100
2022-08-18,ENB.TO,43.46879196166992,13230800
2022-08-19,ENB.TO,43.631675720214844,4553200
2022-08-22,ENB.TO,43.4920539855957,8332300
2022-08-23,ENB.TO,43.93419647216797,4395400
2022-08-24,ENB.TO,44.36081314086914,4901700
2022-08-25,ENB.TO,44.461647033691406,9088200
2022-08-26,ENB.TO,44.05830001831055,5967400
2022-08-29,ENB.TO,44.32202911376953,11049800
2022-08-30,ENB.TO,43.329166412353516,8433500
2022-08-31,ENB.TO,42.01051712036133,7700800
2022-09-01,ENB.TO,41.80108642578125,11409200
2022-09-02,ENB.TO,42.12687301635742,7607300
2022-09-06,ENB.TO,41.63820266723633,14158900
2022-09-07,ENB.TO,41.878658294677734,4292600
2022-09-08,ENB.TO,41.754547119140625,2969700
2022-09-09,ENB.TO,42.250980377197266,7699400
2022-09-12,ENB.TO,43.236087799072266,13062200
2022-09-13,ENB.TO,42.8792724609375,3720100
2022-09-14,ENB.TO,43.111976623535156,4727200
2022-09-15,ENB.TO,42.964595794677734,3617100
2022-09-16,ENB.TO,42.21219253540039,10677400
2022-09-19,ENB.TO,42.48367691040039,2804000
2022-09-20,ENB.TO,42.18116760253906,4118000
2022-09-21,ENB.TO,41.878658294677734,4151700
2022-09-22,ENB.TO,41.92519760131836,2464000
2022-09-23,ENB.TO,40.05582046508789,7960900
2022-09-26,ENB.TO,39.66798400878906,4254800
2022-09-27,ENB.TO,39.91619873046875,4243700
2022-09-28,ENB.TO,40.66860580444336,4125700
2022-09-29,ENB.TO,40.086849212646484,3923400
2022-09-30,ENB.TO,39.730037689208984,4948300
2022-10-03,ENB.TO,40.715145111083984,4308000
2022-10-04,ENB.TO,41.312416076660156,4165000
2022-10-05,ENB.TO,41.126243591308594,5031100
2022-10-06,ENB.TO,39.67573928833008,6324100
2022-10-07,ENB.TO,39.46630859375,6344600
2022-10-11,ENB.TO,38.55877685546875,8043400
2022-10-12,ENB.TO,38.209712982177734,6949900
2022-10-13,ENB.TO,39.63695526123047,10503400
2022-10-14,ENB.TO,38.7371711730957,8042400
2022-10-17,ENB.TO,39.43527603149414,13801900
2022-10-18,ENB.TO,39.792091369628906,4558000
2022-10-19,ENB.TO,39.830875396728516,11072300
2022-10-20,ENB.TO,39.71452331542969,10050800
2022-10-21,ENB.TO,40.0790901184082,5147600
2022-10-24,ENB.TO,40.09461212158203,11227100
2022-10-25,ENB.TO,40.24973678588867,6774600
2022-10-26,ENB.TO,40.66860580444336,12564300
2022-10-27,ENB.TO,41.07194900512695,3634900
2022-10-28,ENB.TO,41.211570739746094,4666600
2022-10-31,ENB.TO,41.172794342041016,7151900
2022-11-01,ENB.TO,41.13400650024414,7534100
2022-11-02,ENB.TO,41.13400650024414,9821300
2022-11-03,ENB.TO,41.591651916503906,12386900
2022-11-04,ENB.TO,42.018272399902344,16487200
2022-11-07,ENB.TO,41.754547119140625,18086200
2022-11-08,ENB.TO,41.81660079956055,15650300
2022-11-09,ENB.TO,41.22709274291992,17992500
2022-11-10,ENB.TO,42.28976058959961,7948700
2022-11-11,ENB.TO,43.02665328979492,6667300
2022-11-14,ENB.TO,42.112709045410156,36912100
2022-11-15,ENB.TO,42.22300338745117,9335800
2022-11-16,ENB.TO,42.40421676635742,14887300
2022-11-17,ENB.TO,42.28603744506836,12386000
2022-11-18,ENB.TO,42.52239990234375,9668000
2022-11-21,ENB.TO,42.609073638916016,20187900
2022-11-22,ENB.TO,43.19211196899414,13460300
2022-11-23,ENB.TO,43.61757278442383,11350500
2022-11-24,ENB.TO,43.72787857055664,7102400
2022-11-25,ENB.TO,44.07453918457031,9604500
2022-11-28,ENB.TO,43.830299377441406,11020900
2022-11-29,ENB.TO,43.74363327026367,6499400
2022-11-30,ENB.TO,43.767276763916016,9071900
2022-12-01,ENB.TO,43.3418083190918,3482500
2022-12-02,ENB.TO,43.08968734741211,10680900
2022-12-05,ENB.TO,42.750892639160156,11634700
2022-12-06,ENB.TO,42.380584716796875,4169600
2022-12-07,ENB.TO,42.23088455200195,5883100
2022-12-08,ENB.TO,42.00239944458008,5780700
2022-12-09,ENB.TO,42.065433502197266,6225800
2022-12-12,ENB.TO,42.238765716552734,12781800
2022-12-13,ENB.TO,42.52239990234375,3849800
2022-12-14,ENB.TO,42.4120979309082,3329600
2022-12-15,ENB.TO,41.89997482299805,3626600
2022-12-16,ENB.TO,41.395721435546875,18629400
2022-12-19,ENB.TO,40.781166076660156,2834300
2022-12-20,ENB.TO,41.30905532836914,4625500
2022-12-21,ENB.TO,42.112709045410156,5549700
2022-12-22,ENB.TO,41.71875,6580600
2022-12-23,ENB.TO,42.30179977416992,4938900
2022-12-28,ENB.TO,41.62421417236328,4533700
2022-12-29,ENB.TO,41.923606872558594,2503300
2022-12-30,ENB.TO,41.69511795043945,2097800
2023-01-03,ENB.TO,42.018157958984375,4139500
2023-01-04,ENB.TO,42.246639251708984,3455100
2023-01-05,ENB.TO,42.380584716796875,2537200
2023-01-06,ENB.TO,42.908477783203125,3836700
2023-01-09,ENB.TO,43.2393798828125,3847300
2023-01-10,ENB.TO,43.36544418334961,3879400
2023-01-11,ENB.TO,43.71211624145508,6174700
2023-01-12,ENB.TO,44.161216735839844,9835500
2023-01-13,ENB.TO,44.05879211425781,8812800
2023-01-16,ENB.TO,43.9327278137207,8392400
2023-01-17,ENB.TO,43.987876892089844,9791100
2023-01-18,ENB.TO,43.822425842285156,10256500
2023-01-19,ENB.TO,43.91697311401367,6113600
2023-01-20,ENB.TO,44.137577056884766,11963300
2023-01-23,ENB.TO,44.129703521728516,8703200
2023-01-24,ENB.TO,43.767276763916016,12743700
2023-01-25,ENB.TO,42.687862396240234,10899700
2023-01-26,ENB.TO,42.70362091064453,10494400
2023-01-27,ENB.TO,42.86119079589844,6627200
2023-01-30,ENB.TO,42.75876235961914,9001600
2023-01-31,ENB.TO,42.92422866821289,18988200
2023-02-01,ENB.TO,42.640586853027344,11847200
2023-02-02,ENB.TO,42.5302848815918,10016800
2023-02-03,ENB.TO,42.84543991088867,9879100
2023-02-06,ENB.TO,42.908477783203125,7693200
2023-02-07,ENB.TO,43.04241180419922,12013800
2023-02-08,ENB.TO,41.88420867919922,13711500
2023-02-09,ENB.TO,41.67936706542969,9555700
2023-02-10,ENB.TO,42.66422653198242,14312800
2023-02-13,ENB.TO,42.97150802612305,7088200
2023-02-14,ENB.TO,42.497344970703125,18992200
2023-02-15,ENB.TO,42.3611946105957,19665700
2023-02-16,ENB.TO,42.2170295715332,16143900
2023-02-17,ENB.TO,41.95271301269531,7068200
2023-02-21,ENB.TO,41.287940979003906,10404700
2023-02-22,ENB.TO,41.047664642333984,13046200
2023-02-23,ENB.TO,41.0556755065918,10890500
2023-02-24,ENB.TO,41.21586608886719,5032200
2023-02-27,ENB.TO,41.352027893066406,11716400
2023-02-28,ENB.TO,40.99960708618164,13466000
2023-03-01,ENB.TO,41.408077239990234,10996700
2023-03-02,ENB.TO,42.096885681152344,4170300
2023-03-03,ENB.TO,42.313133239746094,13150500
2023-03-06,ENB.TO,42.32915115356445,10509600
2023-03-07,ENB.TO,42.209022521972656,5134600
2023-03-08,ENB.TO,42.425270080566406,3209500
2023-03-09,ENB.TO,42.112911224365234,3779000
2023-03-10,ENB.TO,41.93669891357422,8549700
2023-03-13,ENB.TO,42.032814025878906,10513000
2023-03-14,ENB.TO,41.88863754272461,3814000
2023-03-15,ENB.TO,40.35085678100586,7782600
2023-03-16,ENB.TO,40.671234130859375,4686500
2023-03-17,ENB.TO,40.19868469238281,9999500
2023-03-20,ENB.TO,40.63919448852539,4613000
2023-03-21,ENB.TO,40.719276428222656,3179400
2023-03-22,ENB.TO,40.25474166870117,7793200
2023-03-23,ENB.TO,40.03849792480469,5174900
2023-03-24,ENB.TO,40.39090347290039,2972200
2023-03-27,ENB.TO,40.2707633972168,2823800
2023-03-28,ENB.TO,40.01446533203125,3445500
2023-03-29,ENB.TO,41.095726013183594,4768100
2023-03-30,ENB.TO,41.263916015625,3136700
2023-03-31,ENB.TO,41.27192687988281,4739200
2023-04-03,ENB.TO,41.95271301269531,5435600
2023-04-04,ENB.TO,41.904659271240234,3010500
2023-04-05,ENB.TO,42.313133239746094,5695800
2023-04-06,ENB.TO,42.104888916015625,4766100
2023-04-10,ENB.TO,42.26507568359375,7645000
2023-04-11,ENB.TO,42.74563980102539,4439000
2023-04-12,ENB.TO,42.74563980102539,4470900
2023-04-13,ENB.TO,42.785682678222656,5003100
2023-04-14,ENB.TO,42.89781951904297,5045700
2023-04-17,ENB.TO,42.961891174316406,8146100
2023-04-18,ENB.TO,42.865779876708984,7920700
2023-04-19,ENB.TO,42.865779876708984,4292300
2023-04-20,ENB.TO,42.50535583496094,6607000
2023-04-21,ENB.TO,42.63350296020508,4765700
2023-04-24,ENB.TO,42.72962188720703,8195000
2023-04-25,ENB.TO,42.84175491333008,4835900
2023-04-26,ENB.TO,42.7536506652832,5278400
2023-04-27,ENB.TO,42.793697357177734,10917500
2023-04-28,ENB.TO,43.14609909057617,4904000
2023-05-01,ENB.TO,42.929847717285156,6060000
2023-05-02,ENB.TO,42.080867767333984,8494000
2023-05-03,ENB.TO,42.40924835205078,16462500
2023-05-04,ENB.TO,42.59346389770508,10797600
2023-05-05,ENB.TO,42.793697357177734,9731600
2023-05-08,ENB.TO,42.497344970703125,12973200
2023-05-09,ENB.TO,42.72962188720703,12039400
2023-05-10,ENB.TO,42.561424255371094,13812500
2023-05-11,ENB.TO,42.673553466796875,7533700
2023-05-12,ENB.TO,42.4438591003418,19949200
2023-05-15,ENB.TO,42.40314483642578,12908500
2023-05-16,ENB.TO,40.79042053222656,14601400
2023-05-17,ENB.TO,40.72526168823242,12661300
2023-05-18,ENB.TO,40.72526168823242,9033700
2023-05-19,ENB.TO,40.78227615356445,6200900
2023-05-23,ENB.TO,40.37501907348633,12001700
2023-05-24,ENB.TO,40.546058654785156,4906700
2023-05-25,ENB.TO,39.84558868408203,6514300
2023-05-26,ENB.TO,39.788570404052734,9056300
2023-05-29,ENB.TO,39.943336486816406,915900
2023-05-30,ENB.TO,39.45463180541992,9523200
2023-05-31,ENB.TO,38.92520523071289,9711400
2023-06-01,ENB.TO,39.67454147338867,8132800
2023-06-02,ENB.TO,40.93702697753906,8955500
2023-06-05,ENB.TO,40.87186813354492,5630500
2023-06-06,ENB.TO,41.1488037109375,6036400
2023-06-07,ENB.TO,41.27912139892578,7019500
2023-06-08,ENB.TO,41.56420135498047,6848500
2023-06-09,ENB.TO,41.230255126953125,4264300
2023-06-12,ENB.TO,40.806705474853516,8659900
2023-06-13,ENB.TO,40.676387786865234,7177000
2023-06-14,ENB.TO,40.041072845458984,4526500
2023-06-15,ENB.TO,40.09809112548828,6485700
2023-06-16,ENB.TO,40.29357147216797,10579900
2023-06-19,ENB.TO,40.39945602416992,797700
2023-06-20,ENB.TO,39.74784469604492,2949800
2023-06-21,ENB.TO,39.60124206542969,2200500
2023-06-22,ENB.TO,39.32430648803711,3472200
2023-06-23,ENB.TO,38.88447952270508,3407700
2023-06-26,ENB.TO,39.479068756103516,2671400
2023-06-27,ENB.TO,39.430198669433594,2301800
2023-06-28,ENB.TO,39.64196014404297,5006700
2023-06-29,ENB.TO,39.9351806640625,1703900
2023-06-30,ENB.TO,40.106239318847656,3905700
2023-07-04,ENB.TO,40.09809112548828,806100
2023-07-05,ENB.TO,39.79672622680664,6088800
2023-07-06,ENB.TO,39.48721694946289,6460600
2023-07-07,ENB.TO,39.405765533447266,5887700
2023-07-10,ENB.TO,39.10438919067383,5785900
2023-07-11,ENB.TO,39.218421936035156,5477200
2023-07-12,ENB.TO,39.57680130004883,8731500
2023-07-13,ENB.TO,39.870025634765625,7435100
2023-07-14,ENB.TO,39.617530822753906,11436100
2023-07-17,ENB.TO,39.2021369934082,14591200
2023-07-18,ENB.TO,39.28358840942383,10723800
2023-07-19,ENB.TO,39.5197868347168,2977000
2023-07-20,ENB.TO,39.99220275878906,5624400
2023-07-21,ENB.TO,40.260986328125,6000000
2023-07-24,ENB.TO,40.440181732177734,11616700
2023-07-25,ENB.TO,40.195823669433594,4489900
2023-07-26,ENB.TO,40.179542541503906,8158600
2023-07-27,ENB.TO,39.625675201416016,3208900
2023-07-28,ENB.TO,39.25100326538086,8307700
2023-07-31,ENB.TO,39.48721694946289,7080700
2023-08-01,ENB.TO,39.34060287475586,7194500
2023-08-02,ENB.TO,39.332454681396484,9782000
2023-08-03,ENB.TO,39.15325927734375,7289800
2023-08-04,ENB.TO,39.16140365600586,10323300
2023-08-08,ENB.TO,39.332454681396484,6760800
2023-08-09,ENB.TO,39.886322021484375,3830700
2023-08-10,ENB.TO,39.886322021484375,6006600
2023-08-11,ENB.TO,40.22026443481445,6962300
2023-08-14,ENB.TO,39.737545013427734,14587700
2023-08-15,ENB.TO,38.86664962768555,15080000
2023-08-16,ENB.TO,38.85006332397461,15470400
2023-08-17,ENB.TO,39.165245056152344,9057400
2023-08-18,ENB.TO,39.190128326416016,6011800
2023-08-21,ENB.TO,39.01594161987305,8506500
2023-08-22,ENB.TO,38.568058013916016,5670400
2023-08-23,ENB.TO,38.651004791259766,6653100
2023-08-24,ENB.TO,38.501705169677734,6952400
2023-08-25,ENB.TO,38.841766357421875,4281000
2023-08-28,ENB.TO,39.13206100463867,11961400
2023-08-29,ENB.TO,39.430660247802734,4581400
2023-08-30,ENB.TO,39.58824157714844,2866200
2023-08-31,ENB.TO,39.34771728515625,6869100
2023-09-01,ENB.TO,40.06101989746094,5268000
2023-09-05,ENB.TO,39.94489288330078,3880400
2023-09-06,ENB.TO,37.581050872802734,19137000
2023-09-07,ENB.TO,37.71376037597656,10374900
2023-09-08,ENB.TO,37.962581634521484,8093700
2023-09-11,ENB.TO,37.97916793823242,3099800
2023-09-12,ENB.TO,38.39388656616211,6831900
2023-09-13,ENB.TO,38.55976867675781,10665700
2023-09-14,ENB.TO,39.57994842529297,8128500
2023-09-15,ENB.TO,39.48041534423828,13523700
2023-09-18,ENB.TO,39.190128326416016,4836900
2023-09-19,ENB.TO,38.96617889404297,5243500
2023-09-20,ENB.TO,39.074005126953125,3027900
2023-09-21,ENB.TO,38.377296447753906,4497000
2023-09-22,ENB.TO,38.60123825073242,8846200
2023-09-25,ENB.TO,38.460235595703125,4859000
2023-09-26,ENB.TO,37.780113220214844,8431800
2023-09-27,ENB.TO,37.66398620605469,5936600
2023-09-28,ENB.TO,37.54787063598633,3647200
2023-09-29,ENB.TO,37.36539840698242,5466300
2023-10-02,ENB.TO,36.295440673828125,5866900
2023-10-03,ENB.TO,35.89732360839844,4255600
2023-10-04,ENB.TO,35.764610290527344,4130100
2023-10-05,ENB.TO,36.09638977050781,3818500
2023-10-06,ENB.TO,36.05491638183594,3797600
2023-10-10,ENB.TO,36.51109313964844,5732400
2023-10-11,ENB.TO,37.000457763671875,4105000
2023-10-12,ENB.TO,36.95068359375,3866100
2023-10-13,ENB.TO,37.07509994506836,3523000
2023-10-16,ENB.TO,37.44004440307617,9085800
2023-10-17,ENB.TO,36.851158142089844,16210200
2023-10-18,ENB.TO,36.58574295043945,5706700
2023-10-19,ENB.TO,36.51109313964844,9654500
2023-10-20,ENB.TO,36.187625885009766,8521000
2023-10-23,ENB.TO,36.47791290283203,7607700
2023-10-24,ENB.TO,36.61062240600586,13386800
2023-10-25,ENB.TO,36.93410110473633,10533300
2023-10-26,ENB.TO,36.71015930175781,6918400
2023-10-27,ENB.TO,36.137855529785156,3348600
2023-10-30,ENB.TO,36.527679443359375,6035400
2023-10-31,ENB.TO,36.85944747924805,9085800
2023-11-01,ENB.TO,37.257572174072266,11482800
2023-11-02,ENB.TO,38.20310974121094,8236600
2023-11-03,ENB.TO,38.36899948120117,7899400
2023-11-06,ENB.TO,38.460235595703125,3792200
2023-11-07,ENB.TO,38.410465240478516,8615400
2023-11-08,ENB.TO,38.39388656616211,7549900
2023-11-09,ENB.TO,38.25287628173828,6385300
2023-11-10,ENB.TO,38.236289978027344,5642500
2023-11-13,ENB.TO,38.692474365234375,4063500
2023-11-14,ENB.TO,38.52168273925781,17650000
2023-11-15,ENB.TO,38.656959533691406,14614300
2023-11-16,ENB.TO,38.301841735839844,9809900
2023-11-17,ENB.TO,39.079715728759766,6181000
2023-11-20,ENB.TO,39.08816909790039,8295700
2023-11-21,ENB.TO,39.19808578491211,4078100
2023-11-22,ENB.TO,39.26572799682617,8598400
2023-11-23,ENB.TO,39.27418518066406,603300
2023-11-24,ENB.TO,39.37564468383789,4251000
2023-11-27,ENB.TO,39.079715728759766,13765100
2023-11-28,ENB.TO,39.20654296875,6120300
2023-11-29,ENB.TO,39.671573638916016,4135800
2023-11-30,ENB.TO,40.060508728027344,8174800
2023-12-01,ENB.TO,40.13661193847656,4430200
2023-12-04,ENB.TO,40.25497817993164,6546900
2023-12-05,ENB.TO,40.314170837402344,11047700
2023-12-06,ENB.TO,40.052059173583984,6146600
2023-12-07,ENB.TO,39.99286651611328,5690900
2023-12-08,ENB.TO,40.12815856933594,2134200
2023-12-11,ENB.TO,40.15352249145508,5973500
2023-12-12,ENB.TO,39.85759353637695,5801600
2023-12-13,ENB.TO,40.542457580566406,6713900
2023-12-14,ENB.TO,40.30570983886719,5509400
2023-12-15,ENB.TO,40.043609619140625,18229100
2023-12-18,ENB.TO,40.21270751953125,3834800
2023-12-19,ENB.TO,40.50018310546875,4574500
2023-12-20,ENB.TO,39.9759635925293,5995800
2023-12-21,ENB.TO,40.20425033569336,2543200
2023-12-22,ENB.TO,40.43253707885742,5449500
2023-12-27,ENB.TO,40.51708984375,2631900
2023-12-28,ENB.TO,40.339534759521484,2116000
2023-12-29,ENB.TO,40.33108139038086,3260000
2024-01-02,ENB.TO,40.889122009277344,4601500
2024-01-03,ENB.TO,41.1850471496582,3569000
2024-01-04,ENB.TO,41.252685546875,4754900
2024-01-05,ENB.TO,41.480979919433594,2373800
2024-01-08,ENB.TO,42.00519561767578,4845700
2024-01-09,ENB.TO,41.58243942260742,3278900
2024-01-10,ENB.TO,41.72617721557617,4935200
2024-01-11,ENB.TO,41.497894287109375,4260200
2024-01-12,ENB.TO,41.72617721557617,4134200
2024-01-15,ENB.TO,41.802268981933594,1416600
2024-01-16,ENB.TO,41.819183349609375,4711900
2024-01-17,ENB.TO,41.23577880859375,6548900
2024-01-18,ENB.TO,40.82992935180664,15587200
2024-01-19,ENB.TO,40.87221145629883,8503300
2024-01-22,ENB.TO,40.821475982666016,7878400
2024-01-23,ENB.TO,40.813026428222656,6998300
2024-01-24,ENB.TO,40.61009216308594,5086700
2024-01-25,ENB.TO,40.58473205566406,3937000
2024-01-26,ENB.TO,40.804569244384766,4924700
2024-01-29,ENB.TO,40.72846984863281,5364300
2024-01-30,ENB.TO,40.74537658691406,6455300
2024-01-31,ENB.TO,40.36489486694336,14797500
2024-02-01,ENB.TO,40.542457580566406,9717800
2024-02-02,ENB.TO,40.170433044433594,10381400
2024-02-05,ENB.TO,39.58701705932617,16789700
2024-02-06,ENB.TO,39.519378662109375,4714700
2024-02-07,ENB.TO,39.189632415771484,9922300
2024-02-08,ENB.TO,39.06280517578125,10269600
2024-02-09,ENB.TO,38.919071197509766,5860300
2024-02-12,ENB.TO,39.680030822753906,13099000
2024-02-13,ENB.TO,39.20654296875,8813400
2024-02-14,ENB.TO,38.93484115600586,16806200
2024-02-15,ENB.TO,39.51274108886719,13419700
2024-02-16,ENB.TO,40.07339096069336,12496900
2024-02-20,ENB.TO,40.15964889526367,12975500
2024-02-21,ENB.TO,40.52191162109375,10026000
2024-02-22,ENB.TO,40.59953689575195,7340200
2024-02-23,ENB.TO,40.53915786743164,7457300
2024-02-26,ENB.TO,40.07339096069336,12267000
2024-02-27,ENB.TO,40.237274169921875,3494000
2024-02-28,ENB.TO,40.25452423095703,1924500
2024-02-29,ENB.TO,40.237274169921875,12570900
2024-03-01,ENB.TO,40.703041076660156,9500500
2024-03-04,ENB.TO,40.65991973876953,6881500
2024-03-05,ENB.TO,40.7892951965332,4222800
2024-03-06,ENB.TO,40.858299255371094,3813600
2024-03-07,ENB.TO,41.44482421875,7205400
2024-03-08,ENB.TO,41.71221160888672,7565900
2024-03-11,ENB.TO,41.893341064453125,5605000
2024-03-12,ENB.TO,41.99684524536133,4281100
2024-03-13,ENB.TO,41.97958755493164,3240800
2024-03-14,ENB.TO,41.62595748901367,6895700
2024-03-15,ENB.TO,41.45344543457031,17002300
2024-03-18,ENB.TO,41.47932434082031,1684000
2024-03-19,ENB.TO,41.80709457397461,2137900
2024-03-20,ENB.TO,41.97958755493164,3557100
2024-03-21,ENB.TO,41.76396179199219,3728100
2024-03-22,ENB.TO,41.582828521728516,2101300
2024-03-25,ENB.TO,42.074466705322266,2843300
2024-03-26,ENB.TO,41.72946548461914,2698000
2024-03-27,ENB.TO,42.10034942626953,2654300
2024-03-28,ENB.TO,42.221107482910156,5304000
2024-04-01,ENB.TO,41.92784118652344,4687100
2024-04-02,ENB.TO,41.97096633911133,2979000
2024-04-03,ENB.TO,41.73808670043945,3801800
2024-04-04,ENB.TO,41.64320373535156,3416500
2024-04-05,ENB.TO,41.43619155883789,3428200
2024-04-08,ENB.TO,41.263694763183594,4676400
2024-04-09,ENB.TO,41.31544494628906,2935700
2024-04-10,ENB.TO,40.74617385864258,5594000
2024-04-11,ENB.TO,40.77204513549805,8085400
2024-04-12,ENB.TO,40.59953689575195,7885700
2024-04-15,ENB.TO,40.133766174316406,9257500
2024-04-16,ENB.TO,39.288490295410156,8639000
2024-04-17,ENB.TO,39.58173751831055,11511700
2024-04-18,ENB.TO,40.25452423095703,14627800
2024-04-19,ENB.TO,41.37582015991211,11703500
2024-04-22,ENB.TO,41.77259063720703,18561500
2024-04-23,ENB.TO,41.755332946777344,13384400
2024-04-24,ENB.TO,42.14347839355469,7043200
2024-04-25,ENB.TO,42.712745666503906,9030800
2024-04-26,ENB.TO,42.22972106933594,9400200
2024-04-29,ENB.TO,42.39360809326172,12512100
2024-04-30,ENB.TO,42.221107482910156,13542600
2024-05-01,ENB.TO,42.25560760498047,6890900
2024-05-02,ENB.TO,42.98013687133789,11044800
2024-05-03,ENB.TO,42.89387893676758,5589800
2024-05-06,ENB.TO,43.247520446777344,12390000
2024-05-07,ENB.TO,43.62704086303711,18787200
2024-05-08,ENB.TO,44.118682861328125,11410500
2024-05-09,ENB.TO,44.11006546020508,12333600
2024-05-10,ENB.TO,44.56719970703125,12335000
2024-05-13,ENB.TO,44.575828552246094,11278700
2024-05-14,ENB.TO,44.34313201904297,24485800
2024-05-15,ENB.TO,44.1938591003418,14363200
2024-05-16,ENB.TO,43.9567756652832,7010600
2024-05-17,ENB.TO,43.93921661376953,16220000
2024-05-21,ENB.TO,44.079708099365234,14186900
2024-05-22,ENB.TO,44.009464263916016,15903100
2024-05-23,ENB.TO,43.42115020751953,13817900
2024-05-24,ENB.TO,43.491390228271484,9148900
2024-05-27,ENB.TO,43.526519775390625,7097500
2024-05-28,ENB.TO,43.31578063964844,7247200
2024-05-29,ENB.TO,42.964542388916016,11118300
2024-05-30,ENB.TO,42.95576095581055,7344000
2024-05-31,ENB.TO,43.754817962646484,12935800
2024-06-03,ENB.TO,43.63188171386719,11680000
2024-06-04,ENB.TO,43.263092041015625,4223800
2024-06-05,ENB.TO,43.623111724853516,5858100
2024-06-06,ENB.TO,43.44749069213867,5140200
2024-06-07,ENB.TO,43.21041488647461,7011900
2024-06-10,ENB.TO,43.09626007080078,7769600
2024-06-11,ENB.TO,42.83283233642578,5167300
2024-06-12,ENB.TO,42.964542388916016,4731700
2024-06-13,ENB.TO,42.66599655151367,2668800
2024-06-14,ENB.TO,42.36745071411133,8310200
2024-06-17,ENB.TO,41.998653411865234,4975800
2024-06-18,ENB.TO,41.92840576171875,3755500
2024-06-19,ENB.TO,41.770355224609375,1856400
2024-06-20,ENB.TO,41.75279235839844,5687200
2024-06-21,ENB.TO,41.708885192871094,13741300
2024-06-24,ENB.TO,42.12158203125,8882100
2024-06-25,ENB.TO,41.94596481323242,3964500
2024-06-26,ENB.TO,42.525508880615234,3989200
2024-06-27,ENB.TO,42.39379119873047,2961400
2024-06-28,ENB.TO,42.736236572265625,6439400
2024-07-02,ENB.TO,42.964542388916016,6193500
2024-07-03,ENB.TO,42.876731872558594,3375800
2024-07-04,ENB.TO,42.98210525512695,1871200
2024-07-05,ENB.TO,42.578189849853516,6113800
2024-07-08,ENB.TO,42.36745071411133,4252600
2024-07-09,ENB.TO,42.34111022949219,4728300
2024-07-10,ENB.TO,42.76258850097656,6879400
2024-07-11,ENB.TO,42.85917282104492,6239800
2024-07-12,ENB.TO,43.236751556396484,3575800
2024-07-15,ENB.TO,42.98210525512695,5387700
2024-07-16,ENB.TO,43.21918487548828,4750900
2024-07-17,ENB.TO,43.535301208496094,8346400
2024-07-18,ENB.TO,43.67578887939453,8349600
2024-07-19,ENB.TO,44.05336380004883,8408200
2024-07-22,ENB.TO,44.35191345214844,11345500
2024-07-23,ENB.TO,44.12361145019531,4410100
2024-07-24,ENB.TO,44.34313201904297,6097500
2024-07-25,ENB.TO,44.12361145019531,5063100
2024-07-26,ENB.TO,44.536312103271484,3142200
2024-07-29,ENB.TO,44.641685485839844,9847900
2024-07-30,ENB.TO,45.2563362121582,8296500
2024-07-31,ENB.TO,45.370487213134766,13577100
2024-08-01,ENB.TO,45.791969299316406,11600800
2024-08-02,ENB.TO,46.19588851928711,10084700
2024-08-06,ENB.TO,46.32759094238281,19087300
2024-08-07,ENB.TO,46.441749572753906,9953000
2024-08-08,ENB.TO,46.72273254394531,14557900
2024-08-09,ENB.TO,46.85444641113281,16312700
2024-08-12,ENB.TO,47.135433197021484,14239000
2024-08-13,ENB.TO,47.416419982910156,16075600
2024-08-14,ENB.TO,47.60960006713867,13802800
2024-08-15,ENB.TO,47.30145263671875,19470300
2024-08-16,ENB.TO,47.3193244934082,16453200
2024-08-19,ENB.TO,47.64978790283203,19363600
2024-08-20,ENB.TO,47.551544189453125,10951600
2024-08-21,ENB.TO,47.35505294799805,7234200
2024-08-22,ENB.TO,47.47115707397461,11796100
2024-08-23,ENB.TO,47.87307357788086,5134400
2024-08-26,ENB.TO,48.087432861328125,11528600
2024-08-27,ENB.TO,47.65871810913086,6325200
2024-08-28,ENB.TO,47.40863800048828,5483100
2024-08-29,ENB.TO,47.65871810913086,6967100
2024-08-30,ENB.TO,48.42683792114258,11804000
2024-09-03,ENB.TO,48.6590576171875,11145200
2024-09-04,ENB.TO,48.766231536865234,3968600
2024-09-05,ENB.TO,48.80195999145508,6003100
2024-09-06,ENB.TO,48.93593215942383,9476300
2024-09-09,ENB.TO,49.40037155151367,5376600
2024-09-10,ENB.TO,48.90913391113281,9778700
2024-09-11,ENB.TO,48.79302978515625,10363300
2024-09-12,ENB.TO,49.105628967285156,7449100
2024-09-13,ENB.TO,49.45396041870117,4219400
2024-09-16,ENB.TO,49.980918884277344,8465500
2024-09-17,ENB.TO,49.579002380371094,4027800
2024-09-18,ENB.TO,49.28425979614258,5671300
2024-09-19,ENB.TO,48.962730407714844,4763800
2024-09-20,ENB.TO,49.105628967285156,18058200
2024-09-23,ENB.TO,49.31998825073242,5154700
2024-09-24,ENB.TO,49.0341796875,3205700
2024-09-25,ENB.TO,49.49862289428711,3099900
2024-09-26,ENB.TO,49.06990432739258,5014300
2024-09-27,ENB.TO,49.15028381347656,2173000
2024-09-30,ENB.TO,49.06990432739258,4333100
2024-10-01,ENB.TO,49.579002380371094,5017300
2024-10-02,ENB.TO,49.49862289428711,2368200
2024-10-03,ENB.TO,49.34678649902344,2762500
2024-10-04,ENB.TO,49.80228805541992,8856400
2024-10-07,ENB.TO,49.712974548339844,10356300
2024-10-08,ENB.TO,49.570072174072266,5581800
2024-10-09,ENB.TO,50.12382507324219,4375500
2024-10-10,ENB.TO,50.20420837402344,10903800
2024-10-11,ENB.TO,50.51681137084961,11672000
2024-10-15,ENB.TO,50.86514663696289,10822700
2024-10-16,ENB.TO,51.356380462646484,9576700
2024-10-17,ENB.TO,51.570735931396484,8648800
2024-10-18,ENB.TO,51.776161193847656,9624900
2024-10-21,ENB.TO,51.33851623535156,8631500
2024-10-22,ENB.TO,51.18667984008789,2722900
2024-10-23,ENB.TO,50.91872787475586,5577800
2024-10-24,ENB.TO,50.945526123046875,5679800
2024-10-25,ENB.TO,50.8472785949707,3910300
2024-10-28,ENB.TO,50.731163024902344,8978300
2024-10-29,ENB.TO,50.23993682861328,4700700
2024-10-30,ENB.TO,50.418575286865234,5745900
2024-10-31,ENB.TO,50.23100662231445,6249500
2024-11-01,ENB.TO,50.39177322387695,8643100
2024-11-04,ENB.TO,50.69544219970703,20992000
2024-11-05,ENB.TO,50.731163024902344,8725500
2024-11-06,ENB.TO,51.72256851196289,14421600
2024-11-07,ENB.TO,52.52640914916992,12670200
2024-11-08,ENB.TO,52.63359069824219,9535900
2024-11-11,ENB.TO,53.17841339111328,11085900
2024-11-12,ENB.TO,52.49068832397461,30355100
2024-11-13,ENB.TO,53.16948318481445,13756500
2024-11-14,ENB.TO,54.11623001098633,8062700
2024-11-15,ENB.TO,53.86684036254883,23844000
2024-11-18,ENB.TO,54.08448791503906,33086800
2024-11-19,ENB.TO,54.3656120300293,28841500
2024-11-20,ENB.TO,54.24771499633789,10799200
2024-11-21,ENB.TO,55.12736511230469,12840500
2024-11-22,ENB.TO,54.83717346191406,5646200
2024-11-25,ENB.TO,54.420021057128906,12347200
2024-11-26,ENB.TO,54.465362548828125,4909800
2024-11-27,ENB.TO,54.537906646728516,5482200
2024-11-28,ENB.TO,54.62860107421875,3424400
2024-11-29,ENB.TO,54.92784881591797,5481100
2024-12-02,ENB.TO,55.272457122802734,12853100
2024-12-03,ENB.TO,55.48103332519531,6464300
2024-12-04,ENB.TO,55.66240310668945,10269600
2024-12-05,ENB.TO,55.88911819458008,5910400
2024-12-06,ENB.TO,55.36314010620117,8186600
2024-12-09,ENB.TO,54.456298828125,9533200
2024-12-10,ENB.TO,54.38374710083008,9384300
2024-12-11,ENB.TO,54.38374710083008,8108300
2024-12-12,ENB.TO,54.2386589050293,3694100
2024-12-13,ENB.TO,54.12982940673828,4166900
2024-12-16,ENB.TO,53.71268081665039,9744800
2024-12-17,ENB.TO,53.721744537353516,7057600
2024-12-18,ENB.TO,53.04161071777344,11068700
2024-12-19,ENB.TO,53.10509490966797,6605100
2024-12-20,ENB.TO,53.894046783447266,16132900
2024-12-23,ENB.TO,54.474430084228516,4760200
2024-12-24,ENB.TO,54.4925651550293,1202900
2024-12-27,ENB.TO,54.68301010131836,3075900
2024-12-30,ENB.TO,54.84624099731445,6068300
2024-12-31,ENB.TO,55.32686996459961,2514900
2025-01-02,ENB.TO,56.10675811767578,8277600
2025-01-03,ENB.TO,56.45136642456055,2469700
2025-01-06,ENB.TO,55.87097930908203,6543500
2025-01-07,ENB.TO,56.85944747924805,5040800
2025-01-08,ENB.TO,57.40355682373047,5971000
2025-01-09,ENB.TO,57.1224365234375,3452800
2025-01-10,ENB.TO,56.895721435546875,8477600
2025-01-13,ENB.TO,56.6508674621582,6638600
2025-01-14,ENB.TO,57.349143981933594,7290200
2025-01-15,ENB.TO,57.584922790527344,8655600
2025-01-16,ENB.TO,57.412628173828125,9717800
2025-01-17,ENB.TO,58.38294982910156,5177300
2025-01-20,ENB.TO,57.97487258911133,1707400
2025-01-21,ENB.TO,58.95426559448242,7989000
2025-01-22,ENB.TO,58.401092529296875,10766700
2025-01-23,ENB.TO,58.482704162597656,5977500
2025-01-24,ENB.TO,58.582462310791016,7261600
2025-01-27,ENB.TO,58.26506042480469,9054900
2025-01-28,ENB.TO,58.08369064331055,5625100
2025-01-29,ENB.TO,57.91139221191406,4787300
2025-01-30,ENB.TO,58.42829513549805,9974600
2025-01-31,ENB.TO,56.9954719543457,8956700
2025-02-03,ENB.TO,56.741554260253906,14070400
2025-02-04,ENB.TO,56.85944747924805,12101200
2025-02-05,ENB.TO,57.13149642944336,16697400
2025-02-06,ENB.TO,57.5033073425293,12910100
2025-02-07,ENB.TO,57.59398651123047,15895300
2025-02-10,ENB.TO,58.17437744140625,14852100
2025-02-11,ENB.TO,58.6640739440918,22615600
2025-02-12,ENB.TO,58.44642639160156,14800900
2025-02-13,ENB.TO,58.6005973815918,6820300
2025-02-14,ENB.TO,56.210636138916016,19160400
2025-02-18,ENB.TO,55.80570983886719,23804100
2025-02-19,ENB.TO,55.40999221801758,19109600
2025-02-20,ENB.TO,54.71977996826172,13441900
2025-02-21,ENB.TO,54.71057891845703,10803800
2025-02-24,ENB.TO,54.52652359008789,7699800
2025-02-25,ENB.TO,54.876224517822266,11592800
2025-02-26,ENB.TO,55.152313232421875,4196700
2025-02-27,ENB.TO,55.465206146240234,6044100
2025-02-28,ENB.TO,56.882442474365234,17091600
2025-03-03,ENB.TO,56.93764877319336,13646800
2025-03-04,ENB.TO,55.3455696105957,9172600
2025-03-05,ENB.TO,56.146209716796875,12485400
2025-03-06,ENB.TO,54.77499771118164,8015000
2025-03-07,ENB.TO,55.566436767578125,8670800
2025-03-10,ENB.TO,56.71678924560547,14401800
2025-03-11,ENB.TO,56.146209716796875,8285400
2025-03-12,ENB.TO,56.36708068847656,6355000
2025-03-13,ENB.TO,56.52352523803711,8477800
2025-03-14,ENB.TO,56.61555480957031,5876600
2025-03-17,ENB.TO,57.18612289428711,3530200
2025-03-18,ENB.TO,57.10329818725586,6395000
2025-03-19,ENB.TO,57.67387008666992,4569100
2025-03-20,ENB.TO,58.2536506652832,4947300
2025-03-21,ENB.TO,57.9223518371582,10702400
2025-03-24,ENB.TO,58.327274322509766,4664100
2025-03-25,ENB.TO,58.38248825073242,3339000
2025-03-26,ENB.TO,58.50212860107422,1976200
2025-03-27,ENB.TO,58.43770980834961,2747300
2025-03-28,ENB.TO,58.54814147949219,2971600
2025-03-31,ENB.TO,58.6125602722168,5886000
2025-04-01,ENB.TO,58.69538116455078,5279000
2025-04-02,ENB.TO,59.50523376464844,2647900
2025-04-03,ENB.TO,58.7782096862793,4244100
2025-04-04,ENB.TO,56.81801986694336,8887200
2025-04-07,ENB.TO,55.01426696777344,9717900
2025-04-08,ENB.TO,53.99275207519531,7042000
2025-04-09,ENB.TO,54.22282791137695,10213200
2025-04-10,ENB.TO,53.79949951171875,4756000
2025-04-11,ENB.TO,55.26274490356445,6926400
2025-04-14,ENB.TO,56.183021545410156,5343300
2025-04-15,ENB.TO,56.854827880859375,4009100
2025-04-16,ENB.TO,56.97446060180664,6970800
2025-04-17,ENB.TO,57.81191635131836,5234400
2025-04-21,ENB.TO,57.29655838012695,4410100
2025-04-22,ENB.TO,58.07879638671875,8668700
2025-04-23,ENB.TO,58.2536506652832,3753900
2025-04-24,ENB.TO,59.12791442871094,7431600
2025-04-25,ENB.TO,58.90705108642578,7994400
2025-04-28,ENB.TO,59.31196594238281,9334900
2025-04-29,ENB.TO,59.37638854980469,7037000
2025-04-30,ENB.TO,59.330379486083984,9680000
2025-05-01,ENB.TO,59.27516555786133,10455200
2025-05-02,ENB.TO,59.56965255737305,4729900
2025-05-05,ENB.TO,59.21073913574219,18435700
2025-05-06,ENB.TO,58.50212860107422,17645000
2025-05-07,ENB.TO,59.57884979248047,15140900
2025-05-08,ENB.TO,58.704586029052734,15974500
2025-05-09,ENB.TO,59.1739387512207,19433300
2025-05-12,ENB.TO,57.32416534423828,18481100
2025-05-13,ENB.TO,57.16771697998047,16369500
2025-05-14,ENB.TO,57.747493743896484,4136900
2025-05-15,ENB.TO,58.5911865234375,25066200
2025-05-16,ENB.TO,58.60987091064453,14806100
2025-05-20,ENB.TO,59.32930374145508,16370600
2025-05-21,ENB.TO,59.04900360107422,11640100
2025-05-22,ENB.TO,58.54447555541992,10632000
2025-05-23,ENB.TO,59.10506820678711,7020800
2025-05-26,ENB.TO,59.310611724853516,2902300
2025-05-27,ENB.TO,59.460105895996094,10116300
2025-05-28,ENB.TO,58.92754364013672,8287900
2025-05-29,ENB.TO,59.16111755371094,5252000
2025-05-30,ENB.TO,59.67500305175781,9172500
2025-06-02,ENB.TO,60.3383674621582,9913800
2025-06-03,ENB.TO,60.36639404296875,9153700
2025-06-04,ENB.TO,59.69368362426758,6304600
2025-06-05,ENB.TO,59.81513977050781,8341200
2025-06-06,ENB.TO,59.51616668701172,4537300
2025-06-09,ENB.TO,58.581844329833984,7217900
2025-06-10,ENB.TO,58.60987091064453,8789300
2025-06-11,ENB.TO,58.57250213623047,7807300
2025-06-12,ENB.TO,59.50682067871094,5820200
2025-06-13,ENB.TO,59.20783615112305,8049100
2025-06-16,ENB.TO,58.31089401245117,11901400
2025-06-17,ENB.TO,58.62855529785156,7865700
2025-06-18,ENB.TO,57.60081481933594,6127000
2025-06-19,ENB.TO,57.44197463989258,1237800
2025-06-20,ENB.TO,57.48868942260742,9201300
2025-06-23,ENB.TO,57.62883377075195,5715900
2025-06-24,ENB.TO,57.77832794189453,5000600
2025-06-25,ENB.TO,57.0308723449707,5231400
2025-06-26,ENB.TO,57.49803161621094,4598400
2025-06-27,ENB.TO,57.367225646972656,7194900
2025-06-30,ENB.TO,57.69424057006836,4967800
2025-07-02,ENB.TO,56.85335159301758,7005400
2025-07-03,ENB.TO,56.9094123840332,3414800
2025-07-04,ENB.TO,56.89072799682617,814700
2025-07-07,ENB.TO,56.3581657409668,6169700
2025-07-08,ENB.TO,56.573055267333984,4574400
2025-07-09,ENB.TO,56.01246643066406,3570000
2025-07-10,ENB.TO,56.806636810302734,10934400
2025-07-11,ENB.TO,56.96546936035156,6542600
2025-07-14,ENB.TO,57.85307312011719,8569800
2025-07-15,ENB.TO,58.02124786376953,7344900
2025-07-16,ENB.TO,57.84373092651367,6974500
2025-07-17,ENB.TO,57.535404205322266,5116700
2025-07-18,ENB.TO,57.815704345703125,3629200
2025-07-21,ENB.TO,57.002838134765625,6320900
2025-07-22,ENB.TO,57.46065902709961,10995600
2025-07-23,ENB.TO,57.77832794189453,7908800
2025-07-24,ENB.TO,57.955848693847656,7217500
2025-07-25,ENB.TO,57.6194953918457,8578700
2025-07-28,ENB.TO,57.30182647705078,5587900
2025-07-29,ENB.TO,58.0025634765625,3535400
2025-07-30,ENB.TO,58.161399841308594,3395700
2025-07-31,ENB.TO,58.62855529785156,5113500
2025-08-01,ENB.TO,59.54419708251953,12780600
2025-08-05,ENB.TO,60.17019271850586,15495200
2025-08-06,ENB.TO,60.375736236572266,7400200
2025-08-07,ENB.TO,60.50654220581055,9491900
2025-08-08,ENB.TO,60.441139221191406,15145500
2025-08-11,ENB.TO,61.16990661621094,23348900
2025-08-12,ENB.TO,60.945674896240234,6665600
2025-08-13,ENB.TO,61.3287467956543,6726500
2025-08-14,ENB.TO,62.178977966308594,4640100
2025-08-15,ENB.TO,61.61317443847656,20026300
2025-08-18,ENB.TO,61.072959899902344,16746100
2025-08-19,ENB.TO,62.00174331665039,7683100
2025-08-20,ENB.TO,63.1390495300293,8031100
2025-08-21,ENB.TO,63.21486282348633,7375100
2025-08-22,ENB.TO,62.86420440673828,9768600
2025-08-25,ENB.TO,62.56092071533203,9577300
2025-08-26,ENB.TO,62.248165130615234,7088300
2025-08-27,ENB.TO,62.25764083862305,6842600
2025-08-28,ENB.TO,62.34293746948242,3790700
2025-08-29,ENB.TO,62.97792053222656,4337300
2025-09-02,ENB.TO,63.08216857910156,6506100
2025-09-03,ENB.TO,63.1959114074707,6832000
2025-09-04,ENB.TO,63.101139068603516,4699400
2025-09-05,ENB.TO,63.37598419189453,2728800
2025-09-08,ENB.TO,63.26224899291992,4649200
2025-09-09,ENB.TO,63.4802360534668,3527600
2025-09-10,ENB.TO,63.83089828491211,4020400
2025-09-11,ENB.TO,63.97306442260742,4328900
2025-09-12,ENB.TO,64.42798614501953,2824400
2025-09-15,ENB.TO,64.04888153076172,6108200
2025-09-16,ENB.TO,63.73612976074219,6169700
2025-09-17,ENB.TO,64.07732391357422,4836800
2025-09-18,ENB.TO,64.23843383789062,3384200
2025-09-19,ENB.TO,64.78813171386719,11337400
2025-09-22,ENB.TO,64.44693756103516,2925500
2025-09-23,ENB.TO,65.05349731445312,2833300
2025-09-24,ENB.TO,65.84960174560547,3693900
2025-09-25,ENB.TO,65.49893951416016,2721100
2025-09-26,ENB.TO,65.47998046875,2370100
2025-09-29,ENB.TO,65.61267852783203,2978900
2025-09-30,ENB.TO,66.54146575927734,4628800
2025-10-01,ENB.TO,65.54632568359375,3337000
2025-10-02,ENB.TO,65.76431274414062,2699200
2025-10-03,ENB.TO,66.22870635986328,2393200
2025-10-06,ENB.TO,65.8022232055664,1820900
2025-10-07,ENB.TO,65.40416717529297,2491400
2025-10-08,ENB.TO,64.88290405273438,4887400
2025-10-09,ENB.TO,63.80247116088867,3001500
2025-10-10,ENB.TO,63.28120803833008,4783000
2025-10-14,ENB.TO,63.26224899291992,5977200
2025-10-15,ENB.TO,63.394935607910156,5453300
2025-10-16,ENB.TO,62.91158676147461,6582700
2025-10-17,ENB.TO,62.53248596191406,5233000
2025-10-20,ENB.TO,62.778900146484375,6310400
2025-10-21,ENB.TO,62.8262939453125,5671400
2025-10-22,ENB.TO,63.2432975769043,6545000
2025-10-23,ENB.TO,62.53248596191406,8561900
2025-10-24,ENB.TO,62.2197265625,7405900
2025-10-27,ENB.TO,62.7220344543457,8476700
2025-10-28,ENB.TO,62.2197265625,5525400
2025-10-29,ENB.TO,61.71742630004883,5002000
2025-10-30,ENB.TO,62.27659225463867,4180800
2025-10-31,ENB.TO,61.98279571533203,2798600
2025-11-03,ENB.TO,62.096519470214844,8782400
2025-11-04,ENB.TO,61.98279571533203,7589500
2025-11-05,ENB.TO,62.34293746948242,11394700
2025-11-06,ENB.TO,62.778900146484375,9791400
2025-11-07,ENB.TO,63.442325592041016,14679900
2025-11-10,ENB.TO,63.641353607177734,18686000
2025-11-11,ENB.TO,64.1436538696289,3897400
2025-11-12,ENB.TO,64.68388366699219,12805200
2025-11-13,ENB.TO,64.219482421875,9725800
2025-11-14,ENB.TO,64.54914855957031,17076600
2025-11-17,ENB.TO,64.50109100341797,18957400
2025-11-18,ENB.TO,64.88554382324219,12577300
2025-11-19,ENB.TO,65.73133087158203,6562900
2025-11-20,ENB.TO,65.48143768310547,9171600
2025-11-21,ENB.TO,64.97203826904297,6147600
2025-11-24,ENB.TO,64.18392181396484,13699200
2025-11-25,ENB.TO,64.47225189208984,11051400
2025-11-26,ENB.TO,64.84709930419922,4200300
2025-11-27,ENB.TO,64.79904174804688,682700
2025-11-28,ENB.TO,65.2892074584961,6573400
2025-12-01,ENB.TO,65.7793960571289,9279900
2025-12-02,ENB.TO,64.6740951538086,7833500
2025-12-03,ENB.TO,64.03974914550781,8642700
2025-12-04,ENB.TO,64.645263671875,8812700
2025-12-05,ENB.TO,63.99169921875,6170100
2025-12-08,ENB.TO,64.21275329589844,11003400
2025-12-09,ENB.TO,63.30929946899414,6054600
2025-12-10,ENB.TO,62.59805679321289,6601900
2025-12-11,ENB.TO,62.70378494262695,6281900
2025-12-12,ENB.TO,62.91522979736328,2022000
2025-12-15,ENB.TO,63.107460021972656,3184800
2025-12-16,ENB.TO,61.733055114746094,6685000
2025-12-17,ENB.TO,62.146339416503906,3335300
2025-12-18,ENB.TO,61.92527389526367,3172100
2025-12-19,ENB.TO,61.80033493041992,10887300
2025-12-22,ENB.TO,61.896446228027344,3489000
2025-12-23,ENB.TO,62.4635009765625,3059300
2025-12-24,ENB.TO,62.35778045654297,1524600
2025-12-29,ENB.TO,62.79029083251953,2876500
2025-12-30,ENB.TO,63.22279739379883,3064700
2025-12-31,ENB.TO,63.126686096191406,2432500
2026-01-02,ENB.TO,63.49190902709961,1970400
2026-01-05,ENB.TO,61.57927322387695,7212700
2026-01-06,ENB.TO,60.69503402709961,6822600
2026-01-07,ENB.TO,60.27214050292969,4883300
2026-01-08,ENB.TO,60.39708709716797,4864700
2026-01-09,ENB.TO,61.06987762451172,4418700
2026-01-12,ENB.TO,61.2332649230957,7101700
2026-01-13,ENB.TO,61.829166412353516,6011400
2026-01-14,ENB.TO,62.146339416503906,13005600
2026-01-15,ENB.TO,62.55000686645508,6432700
2026-01-16,ENB.TO,63.59762954711914,4452300
2026-01-19,ENB.TO,63.38618469238281,2317600
2026-01-20,ENB.TO,62.6461181640625,4067100
2026-01-21,ENB.TO,62.847957611083984,9563700
2026-01-22,ENB.TO,62.91522979736328,8807200
2026-01-23,ENB.TO,63.482303619384766,7008100
2026-01-26,ENB.TO,63.08823776245117,12713600
2026-01-27,ENB.TO,62.65573501586914,6573900
2026-01-28,ENB.TO,63.24201583862305,11380900
2026-01-29,ENB.TO,63.847530364990234,10927700
2026-01-30,ENB.TO,63.8859748840332,6907600
2026-02-02,ENB.TO,63.424625396728516,7241900
2026-02-03,ENB.TO,64.65486145019531,9040700
2026-02-04,ENB.TO,65.87550354003906,11692500
2026-02-05,ENB.TO,66.45217895507812,15032700
2026-02-06,ENB.TO,66.06771850585938,12760400
2026-02-09,ENB.TO,65.952392578125,25657800
2026-02-10,ENB.TO,66.55789947509766,11687000
2026-02-11,ENB.TO,67.23068237304688,12415900
2026-02-12,ENB.TO,67.87464904785156,16466600
2026-02-13,ENB.TO,70.45045471191406,11555400
2026-02-17,ENB.TO,68.38554382324219,24220800
2026-02-18,ENB.TO,67.8985366821289,21439300
2026-02-19,ENB.TO,68.81411743164062,9107700
2026-02-20,ENB.TO,68.71671295166016,11227300
2026-02-23,ENB.TO,69.88552856445312,10140500
2026-02-24,ENB.TO,69.93423461914062,7636900
2026-02-25,ENB.TO,69.82709503173828,6255900
2026-02-26,ENB.TO,69.60306549072266,9167200
2026-02-27,ENB.TO,70.5868148803711,15301100
2026-03-02,ENB.TO,71.80433654785156,8644600
2026-03-03,ENB.TO,72.36927032470703,10481000
2026-03-04,ENB.TO,71.96991729736328,9098800
2026-03-05,ENB.TO,71.71666717529297,5364800
2026-03-06,ENB.TO,71.56082916259766,10101300
2026-03-09,ENB.TO,71.39524841308594,9660600
2026-03-10,ENB.TO,71.06407928466797,7887900
2026-03-11,ENB.TO,70.96668243408203,6795500
2026-03-12,ENB.TO,71.21993255615234,5941300
2026-03-13,ENB.TO,72.34978485107422,2651600
2026-03-16,ENB.TO,72.70043182373047,7708500
2026-03-17,ENB.TO,72.05758666992188,6067500
2026-03-18,ENB.TO,71.18096923828125,3317600
2026-03-19,ENB.TO,72.25238037109375,6257900
2026-03-20,ENB.TO,71.41472625732422,10933400
2026-03-23,ENB.TO,72.41796875,4432500
2026-03-24,ENB.TO,72.96340942382812,2935300
2026-03-25,ENB.TO,73.33353424072266,3082700
2026-03-26,ENB.TO,73.5283432006836,3737400
2026-03-27,ENB.TO,73.85951232910156,2826900
2026-03-30,ENB.TO,73.70365905761719,3773500
2026-03-31,ENB.TO,73.45042419433594,6304700
2026-04-01,ENB.TO,72.60302734375,3337200
2026-04-02,ENB.TO,73.44068145751953,3502300
2026-04-06,ENB.TO,72.8367919921875,4202500
2026-04-07,ENB.TO,73.59651947021484,4497900
2026-04-08,ENB.TO,73.46989440917969,3932700
2026-04-09,ENB.TO,73.4309310913086,8941600
2026-04-10,ENB.TO,73.2166519165039,5157700
2026-04-13,ENB.TO,71.83355712890625,5667800
2026-04-14,ENB.TO,71.10304260253906,3584400
2026-04-15,ENB.TO,70.42123413085938,4942600
2026-04-16,ENB.TO,70.1192855834961,4896100
2026-04-17,ENB.TO,70.21669006347656,8257700
2026-04-20,ENB.TO,69.46670532226562,9588900
2026-04-21,ENB.TO,69.13554382324219,5867800
2026-04-22,ENB.TO,69.0186538696289,4051200
2026-04-23,ENB.TO,70.04137420654297,7945500
2026-04-24,ENB.TO,70.96668243408203,10300100
2026-04-27,ENB.TO,69.710205078125,15137200
2026-04-28,ENB.TO,70.72318267822266,7604300
2026-04-29,ENB.TO,71.11278533935547,8106800
2026-04-30,ENB.TO,73.38223266601562,9519500
2026-05-01,ENB.TO,72.64198303222656,4781000
2026-05-04,ENB.TO,72.56407165527344,13138000
2026-05-05,ENB.TO,72.9244613647461,7663900
2026-05-06,ENB.TO,72.08679962158203,11202000
2026-05-07,ENB.TO,71.80433654785156,11467900
2026-05-08,ENB.TO,71.42446899414062,24542200
2026-05-11,ENB.TO,72.54458618164062,15456600
2026-05-12,ENB.TO,73.23613739013672,13371900
2026-05-13,ENB.TO,73.75236511230469,12039700
2026-05-14,ENB.TO,75.0770263671875,9166000
2026-05-15,ENB.TO,75.09674835205078,21786400
2026-05-19,ENB.TO,77.15838623046875,17284900
2026-05-20,ENB.TO,77.51350402832031,10830800
2026-05-21,ENB.TO,78.53939056396484,10145200
2026-05-22,ENB.TO,79.10165405273438,8488400
2026-05-25,ENB.TO,78.64789581298828,1521700
2026-05-26,ENB.TO,77.69105529785156,14446800
2026-05-27,ENB.TO,76.68489837646484,12562400
2026-05-28,ENB.TO,75.5406494140625,8027500
2026-05-29,ENB.TO,74.6134033203125,16486200
2026-06-01,ENB.TO,75.04743194580078,8835600
2026-06-02,ENB.TO,76.90191650390625,5717400
2026-06-03,ENB.TO,76.5270767211914,8503500
2026-06-04,ENB.TO,77.7601089477539,11465500
2026-06-05,ENB.TO,77.47404479980469,8774500
2026-06-08,ENB.TO,76.18182373046875,10511200
2026-06-09,ENB.TO,76.46788024902344,9739100
2026-06-10,ENB.TO,77.77983093261719,6840700
2026-06-11,ENB.TO,77.8094253540039,9187700
2026-06-12,ENB.TO,77.90807342529297,4632300
2026-06-15,ENB.TO,77.31620788574219,10995700
2026-06-16,ENB.TO,76.87232208251953,4619500
2026-06-17,ENB.TO,75.8563003540039,7545300
2026-06-18,ENB.TO,76.0634536743164,4160500
2026-06-19,ENB.TO,76.41856384277344,7674700
2026-06-22,ENB.TO,76.62571716308594,3330900
2026-06-23,ENB.TO,78.15467834472656,4433500
2026-06-24,ENB.TO,77.73051452636719,2896300
2026-06-25,ENB.TO,78.64789581298828,2635900
2026-06-26,ENB.TO,78.70707702636719,3695100
2026-06-29,ENB.TO,77.55296325683594,5098900
2026-06-30,ENB.TO,75.86617279052734,5948300
2026-07-02,ENB.TO,75.67874908447266,4569500
2026-07-03,ENB.TO,75.65901184082031,1090000
2026-07-06,ENB.TO,74.8797378540039,7345600
2026-07-07,ENB.TO,77.04988098144531,3965800
2026-07-08,ENB.TO,76.98082733154297,3528900
2026-07-09,ENB.TO,76.28046417236328,5103200
2026-07-10,ENB.TO,76.29032897949219,3727600
2026-07-13,ENB.TO,76.91178131103516,2415100
2026-07-14,ENB.TO,77.63186645507812,2810100
2026-07-15,ENB.TO,77.84888458251953,3517700
2026-07-16,ENB.TO,78.28291320800781,3145600
2026-07-17,ENB.TO,78.34209442138672,3240300
2026-07-20,ENB.TO,77.2964859008789,6160400
2026-07-21,ENB.TO,77.21756744384766,5773700
2026-07-22,ENB.TO,78.2138671875,4186800
2026-07-23,ENB.TO,78.35196685791016,3075800
2026-07-24,ENB.TO,79.12137603759766,6766500
2026-07-27,ENB.TO,77.13865661621094,5558000
2026-07-28,ENB.TO,76.97096252441406,4755700
2026-07-29,ENB.TO,76.50733947753906,6776500
2026-07-30,ENB.TO,76.62571716308594,7734100
2026-07-31,ENB.TO,75.24471282958984,6034500
2026-08-04,ENB.TO,74.07086181640625,13135800
2026-08-05,ENB.TO,71.7231674194336,13990900
2026-08-06,ENB.TO,71.41737365722656,13081400
2026-08-07,ENB.TO,70.57891845703125,13148600
2026-08-10,ENB.TO,70.73674011230469,16335000
2026-08-11,ENB.TO,70.87483978271484,30514000
2026-08-12,ENB.TO,70.7663345336914,16792300
2026-08-13,ENB.TO,70.5,12449000
2026-08-14,ENB.TO,70.61000061035156,12940900
2026-08-17,ENB.TO,70.22000122070312,8949900
2026-08-18,ENB.TO,71.41000366210938,14952100
2026-08-19,ENB.TO,69.48999786376953,14706600
2026-08-20,ENB.TO,70.47000122070312,12933500
2026-08-21,ENB.TO,69.54000091552734,11253400
2026-08-24,ENB.TO,69.36000061035156,8020900
2026-08-25,ENB.TO,68.83000183105469,8392500
2026-08-26,ENB.TO,69.80000305175781,5677100
2026-08-27,ENB.TO,69.27999877929688,6481400
2026-08-28,ENB.TO,69.76000213623047,7222100
2026-08-31,ENB.TO,70.22000122070312,10780200
2018-01-02,FTS.TO,32.738582611083984,709200
2018-01-03,FTS.TO,32.46535873413086,1014700
2018-01-04,FTS.TO,32.35029983520508,778000
2018-01-05,FTS.TO,32.36468505859375,675500
2018-01-08,FTS.TO,32.343109130859375,646400
2018-01-09,FTS.TO,32.213680267333984,676400
2018-01-10,FTS.TO,31.854154586791992,1658200
2018-01-11,FTS.TO,31.53057861328125,905300
2018-01-12,FTS.TO,31.31485366821289,1050700
2018-01-15,FTS.TO,31.4946346282959,273000
2018-01-16,FTS.TO,31.278911590576172,1110900
2018-01-17,FTS.TO,31.46586799621582,2586900
2018-01-18,FTS.TO,31.60247802734375,1406000
2018-01-19,FTS.TO,31.523387908935547,779800
2018-01-22,FTS.TO,31.516199111938477,1366600
2018-01-23,FTS.TO,31.451486587524414,1790400
2018-01-24,FTS.TO,31.070388793945312,1273700
2018-01-25,FTS.TO,31.3436279296875,879700
2018-01-26,FTS.TO,31.322050094604492,837600
2018-01-29,FTS.TO,30.897808074951172,1177100
2018-01-30,FTS.TO,30.689287185668945,822400
2018-01-31,FTS.TO,31.250137329101562,1415300
2018-02-01,FTS.TO,30.70366096496582,1663300
2018-02-02,FTS.TO,30.59581184387207,985600
2018-02-05,FTS.TO,30.301008224487305,1465600
2018-02-06,FTS.TO,29.639463424682617,2174300
2018-02-07,FTS.TO,29.625072479248047,1584500
2018-02-08,FTS.TO,29.193645477294922,1197700
2018-02-09,FTS.TO,29.991796493530273,1562500
2018-02-12,FTS.TO,29.63228416442871,1518700
2018-02-13,FTS.TO,29.272735595703125,1040800
2018-02-14,FTS.TO,28.84038734436035,1890600
2018-02-15,FTS.TO,29.472570419311523,1453400
2018-02-16,FTS.TO,30.57706642150879,2534100
2018-02-20,FTS.TO,30.308208465576172,1554600
2018-02-21,FTS.TO,30.308208465576172,972400
2018-02-22,FTS.TO,30.28641128540039,1354800
2018-02-23,FTS.TO,30.69332504272461,719600
2018-02-26,FTS.TO,30.642454147338867,717800
2018-02-27,FTS.TO,30.359073638916016,982900
2018-02-28,FTS.TO,30.468063354492188,1768000
2018-03-01,FTS.TO,30.51894187927246,1112000
2018-03-02,FTS.TO,30.758726119995117,1032000
2018-03-05,FTS.TO,31.20197868347168,1137800
2018-03-06,FTS.TO,30.998510360717773,1283000
2018-03-07,FTS.TO,30.82413101196289,901500
2018-03-08,FTS.TO,30.998510360717773,572900
2018-03-09,FTS.TO,31.020320892333984,629800
2018-03-12,FTS.TO,31.3037052154541,826300
2018-03-13,FTS.TO,31.310956954956055,855100
2018-03-14,FTS.TO,31.238311767578125,809500
2018-03-15,FTS.TO,31.260103225708008,1618200
2018-03-16,FTS.TO,31.274635314941406,3741700
2018-03-19,FTS.TO,31.129301071166992,1397100
2018-03-20,FTS.TO,31.434497833251953,769500
2018-03-21,FTS.TO,31.216493606567383,884300
2018-03-22,FTS.TO,31.456302642822266,1759300
2018-03-23,FTS.TO,31.427244186401367,1023900
2018-03-26,FTS.TO,31.245576858520508,1027800
2018-03-27,FTS.TO,31.383625030517578,2164500
2018-03-28,FTS.TO,31.637954711914062,1018100
2018-03-29,FTS.TO,31.601633071899414,1616600
2018-04-02,FTS.TO,31.710620880126953,713700
2018-04-03,FTS.TO,31.565292358398438,783300
2018-04-04,FTS.TO,31.122047424316406,930000
2018-04-05,FTS.TO,31.18017578125,1024300
2018-04-06,FTS.TO,31.20197868347168,1116300
2018-04-09,FTS.TO,31.3037052154541,643000
2018-04-10,FTS.TO,30.722387313842773,1311100
2018-04-11,FTS.TO,30.787782669067383,467100
2018-04-12,FTS.TO,30.504396438598633,722300
2018-04-13,FTS.TO,30.49713706970215,572700
2018-04-16,FTS.TO,30.71511459350586,543000
2018-04-17,FTS.TO,30.947650909423828,629400
2018-04-18,FTS.TO,31.092981338500977,714400
2018-04-19,FTS.TO,30.904041290283203,672800
2018-04-20,FTS.TO,30.882253646850586,621500
2018-04-23,FTS.TO,30.976709365844727,690400
2018-04-24,FTS.TO,30.874982833862305,620900
2018-04-25,FTS.TO,30.729650497436523,443800
2018-04-26,FTS.TO,31.158369064331055,499800
2018-04-27,FTS.TO,31.47809410095215,488600
2018-04-30,FTS.TO,31.3182430267334,904500
2018-05-01,FTS.TO,31.281904220581055,580200
2018-05-02,FTS.TO,30.88951873779297,829600
2018-05-03,FTS.TO,31.252840042114258,788800
2018-05-04,FTS.TO,31.521705627441406,632600
2018-05-07,FTS.TO,31.507179260253906,588400
2018-05-08,FTS.TO,31.238311767578125,1034000
2018-05-09,FTS.TO,30.882253646850586,1021400
2018-05-10,FTS.TO,30.780532836914062,884700
2018-05-11,FTS.TO,30.671539306640625,741100
2018-05-14,FTS.TO,30.686063766479492,924100
2018-05-15,FTS.TO,30.562538146972656,757000
2018-05-16,FTS.TO,30.42447280883789,1189400
2018-05-17,FTS.TO,30.40611457824707,854700
2018-05-18,FTS.TO,30.538253784179688,593700
2018-05-22,FTS.TO,30.574960708618164,601800
2018-05-23,FTS.TO,30.736459732055664,604300
2018-05-24,FTS.TO,30.795194625854492,1102400
2018-05-25,FTS.TO,30.824565887451172,942000
2018-05-28,FTS.TO,30.685077667236328,336200
2018-05-29,FTS.TO,30.736459732055664,624200
2018-05-30,FTS.TO,30.663053512573242,647400
2018-05-31,FTS.TO,30.413455963134766,1547700
2018-06-01,FTS.TO,30.251962661743164,718100
2018-06-04,FTS.TO,30.215251922607422,618000
2018-06-05,FTS.TO,29.950977325439453,814700
2018-06-06,FTS.TO,29.672016143798828,718900
2018-06-07,FTS.TO,29.605966567993164,791600
2018-06-08,FTS.TO,29.921611785888672,637300
2018-06-11,FTS.TO,29.79682731628418,708000
2018-06-12,FTS.TO,29.86289405822754,645300
2018-06-13,FTS.TO,29.870237350463867,754500
2018-06-14,FTS.TO,29.804162979125977,1127700
2018-06-15,FTS.TO,30.464841842651367,3098800
2018-06-18,FTS.TO,30.303342819213867,568600
2018-06-19,FTS.TO,30.65570831298828,799200
2018-06-20,FTS.TO,30.76582908630371,985900
2018-06-21,FTS.TO,30.912635803222656,515600
2018-06-22,FTS.TO,30.949342727661133,513300
2018-06-25,FTS.TO,30.890613555908203,1420900
2018-06-26,FTS.TO,30.75848960876465,1108300
2018-06-27,FTS.TO,30.839229583740234,649600
2018-06-28,FTS.TO,30.839229583740234,655900
2018-06-29,FTS.TO,30.846569061279297,783000
2018-07-03,FTS.TO,30.912635803222656,672100
2018-07-04,FTS.TO,30.88327407836914,383900
2018-07-05,FTS.TO,31.118186950683594,798200
2018-07-06,FTS.TO,31.2650089263916,500400
2018-07-09,FTS.TO,30.670400619506836,670100
2018-07-10,FTS.TO,30.934656143188477,767200
2018-07-11,FTS.TO,30.9420108795166,1283600
2018-07-12,FTS.TO,31.257661819458008,1004700
2018-07-13,FTS.TO,31.257661819458008,751200
2018-07-16,FTS.TO,31.323732376098633,459600
2018-07-17,FTS.TO,31.485239028930664,1021600
2018-07-18,FTS.TO,31.301721572875977,875000
2018-07-19,FTS.TO,31.558652877807617,1190500
2018-07-20,FTS.TO,31.301721572875977,821000
2018-07-23,FTS.TO,31.12552833557129,388600
2018-07-24,FTS.TO,31.132871627807617,938100
2018-07-25,FTS.TO,31.030088424682617,586700
2018-07-26,FTS.TO,31.14755630493164,433000
2018-07-27,FTS.TO,31.066801071166992,556800
2018-07-30,FTS.TO,31.066801071166992,566100
2018-07-31,FTS.TO,31.397132873535156,1199200
2018-08-01,FTS.TO,31.309051513671875,835300
2018-08-02,FTS.TO,31.375123977661133,625000
2018-08-03,FTS.TO,31.485239028930664,699200
2018-08-07,FTS.TO,31.3824520111084,720900
2018-08-08,FTS.TO,31.323732376098633,501200
2018-08-09,FTS.TO,31.477888107299805,784700
2018-08-10,FTS.TO,31.15489959716797,846300
2018-08-13,FTS.TO,31.088825225830078,647800
2018-08-14,FTS.TO,31.2650089263916,649500
2018-08-15,FTS.TO,31.235645294189453,1195400
2018-08-16,FTS.TO,31.720142364501953,1141100
2018-08-17,FTS.TO,31.962392807006836,1042100
2018-08-20,FTS.TO,31.714046478271484,1016300
2018-08-21,FTS.TO,31.647321701049805,746900
2018-08-22,FTS.TO,31.484241485595703,857300
2018-08-23,FTS.TO,31.521310806274414,655400
2018-08-24,FTS.TO,31.484241485595703,526600
2018-08-27,FTS.TO,31.447187423706055,595200
2018-08-28,FTS.TO,31.3433780670166,736300
2018-08-29,FTS.TO,31.37303924560547,897300
2018-08-30,FTS.TO,31.647321701049805,939500
2018-08-31,FTS.TO,31.669567108154297,1042600
2018-09-04,FTS.TO,31.72146224975586,1122700
2018-09-05,FTS.TO,31.773359298706055,703200
2018-09-06,FTS.TO,31.840076446533203,841300
2018-09-07,FTS.TO,31.63250160217285,897000
2018-09-10,FTS.TO,31.92162322998047,627300
2018-09-11,FTS.TO,31.51389503479004,656600
2018-09-12,FTS.TO,31.432344436645508,855900
2018-09-13,FTS.TO,31.469404220581055,535500
2018-09-14,FTS.TO,31.491653442382812,453600
2018-09-17,FTS.TO,31.728872299194336,563200
2018-09-18,FTS.TO,31.647321701049805,354300
2018-09-19,FTS.TO,31.33596420288086,812800
2018-09-20,FTS.TO,31.091339111328125,2207200
2018-09-21,FTS.TO,31.3433780670166,2434400
2018-09-24,FTS.TO,31.128414154052734,817200
2018-09-25,FTS.TO,31.150634765625,753000
2018-09-26,FTS.TO,31.017200469970703,1270000
2018-09-27,FTS.TO,31.135818481445312,586100
2018-09-28,FTS.TO,31.046855926513672,822000
2018-10-01,FTS.TO,30.94306755065918,630800
2018-10-02,FTS.TO,31.06909942626953,753800
2018-10-03,FTS.TO,30.7651424407959,793400
2018-10-04,FTS.TO,30.52791976928711,1232500
2018-10-05,FTS.TO,30.817049026489258,704200
2018-10-09,FTS.TO,31.024612426757812,1090800
2018-10-10,FTS.TO,30.720672607421875,2948000
2018-10-11,FTS.TO,30.47603416442871,3147600
2018-10-12,FTS.TO,30.7947998046875,3131100
2018-10-15,FTS.TO,30.498266220092773,1423000
2018-10-16,FTS.TO,31.032026290893555,1628800
2018-10-17,FTS.TO,31.29891014099121,1478500
2018-10-18,FTS.TO,31.135818481445312,1417800
2018-10-19,FTS.TO,31.588016510009766,964900
2018-10-22,FTS.TO,31.462003707885742,842200
2018-10-23,FTS.TO,31.72146224975586,1324400
2018-10-24,FTS.TO,32.49986267089844,1910000
2018-10-25,FTS.TO,32.2478141784668,1668600
2018-10-26,FTS.TO,31.980924606323242,1761200
2018-10-29,FTS.TO,31.869739532470703,1585800
2018-10-30,FTS.TO,32.084716796875,1186600
2018-10-31,FTS.TO,32.2478141784668,1417900
2018-11-01,FTS.TO,32.06248092651367,1221200
2018-11-02,FTS.TO,31.980924606323242,1380300
2018-11-05,FTS.TO,32.462799072265625,1235600
2018-11-06,FTS.TO,32.78898239135742,1074800
2018-11-07,FTS.TO,33.233768463134766,2161900
2018-11-08,FTS.TO,33.42652130126953,1634100
2018-11-09,FTS.TO,33.804595947265625,2394000
2018-11-12,FTS.TO,33.95286560058594,1199300
2018-11-13,FTS.TO,34.249393463134766,2197500
2018-11-14,FTS.TO,34.523685455322266,1708000
2018-11-15,FTS.TO,34.679359436035156,1196000
2018-11-16,FTS.TO,34.701602935791016,1226300
2018-11-19,FTS.TO,34.447105407714844,927500
2018-11-20,FTS.TO,34.37974166870117,1220400
2018-11-21,FTS.TO,34.75400924682617,1298500
2018-11-22,FTS.TO,34.61178207397461,392500
2018-11-23,FTS.TO,34.61927032470703,540500
2018-11-26,FTS.TO,34.60429382324219,1055200
2018-11-27,FTS.TO,34.46207809448242,1020500
2018-11-28,FTS.TO,34.207576751708984,1208600
2018-11-29,FTS.TO,34.469566345214844,1050600
2018-11-30,FTS.TO,34.54441833496094,1443800
2018-12-03,FTS.TO,35.06837844848633,1379600
2018-12-04,FTS.TO,35.128257751464844,1210900
2018-12-05,FTS.TO,35.06089401245117,649800
2018-12-06,FTS.TO,35.113285064697266,1730000
2018-12-07,FTS.TO,34.836341857910156,1313400
2018-12-10,FTS.TO,34.86628341674805,1028400
2018-12-11,FTS.TO,34.92616653442383,1202600
2018-12-12,FTS.TO,34.836341857910156,1419200
2018-12-13,FTS.TO,35.218082427978516,1408100
2018-12-14,FTS.TO,34.963584899902344,1111200
2018-12-17,FTS.TO,34.76897430419922,1405300
2018-12-18,FTS.TO,34.68663787841797,2692300
2018-12-19,FTS.TO,34.424652099609375,1919400
2018-12-20,FTS.TO,34.155181884765625,1459500
2018-12-21,FTS.TO,33.90068435668945,3549700
2018-12-24,FTS.TO,32.6731071472168,1042300
2018-12-27,FTS.TO,33.60875701904297,1265200
2018-12-28,FTS.TO,33.73600387573242,1148000
2018-12-31,FTS.TO,34.06536865234375,1031500
2019-01-02,FTS.TO,33.59379196166992,1213700
2019-01-03,FTS.TO,33.41413879394531,1132000
2019-01-04,FTS.TO,33.22701644897461,1460900
2019-01-07,FTS.TO,33.137184143066406,1585100
2019-01-08,FTS.TO,33.49647903442383,1542500
2019-01-09,FTS.TO,33.64619064331055,1083200
2019-01-10,FTS.TO,34.02793884277344,838400
2019-01-11,FTS.TO,33.997982025146484,725300
2019-01-14,FTS.TO,33.825836181640625,1850200
2019-01-15,FTS.TO,34.18513488769531,730600
2019-01-16,FTS.TO,34.417171478271484,921200
2019-01-17,FTS.TO,34.67914581298828,860200
2019-01-18,FTS.TO,34.7090950012207,1125400
2019-01-21,FTS.TO,34.46207809448242,335500
2019-01-22,FTS.TO,34.69412612915039,966800
2019-01-23,FTS.TO,34.656700134277344,845300
2019-01-24,FTS.TO,34.76897430419922,778000
2019-01-25,FTS.TO,34.671669006347656,758600
2019-01-28,FTS.TO,34.73904037475586,943000
2019-01-29,FTS.TO,34.836341857910156,1043000
2019-01-30,FTS.TO,34.73904037475586,2209200
2019-01-31,FTS.TO,35.075870513916016,1653600
2019-02-01,FTS.TO,35.0384521484375,788800
2019-02-04,FTS.TO,35.13574981689453,2471100
2019-02-05,FTS.TO,35.42767333984375,895800
2019-02-06,FTS.TO,35.667205810546875,915400
2019-02-07,FTS.TO,35.86931228637695,787600
2019-02-08,FTS.TO,35.727081298828125,730700
2019-02-11,FTS.TO,35.45761489868164,934900
2019-02-12,FTS.TO,35.35283279418945,944000
2019-02-13,FTS.TO,35.3228759765625,1246300
2019-02-14,FTS.TO,35.51937484741211,1569200
2019-02-15,FTS.TO,35.201969146728516,1639900
2019-02-19,FTS.TO,35.03569793701172,1153700
2019-02-20,FTS.TO,35.03569793701172,1840900
2019-02-21,FTS.TO,35.31532287597656,1297800
2019-02-22,FTS.TO,35.38334655761719,880300
2019-02-25,FTS.TO,35.307769775390625,951800
2019-02-26,FTS.TO,35.6554069519043,1027100
2019-02-27,FTS.TO,35.62517166137695,832400
2019-02-28,FTS.TO,35.85945129394531,1912800
2019-03-01,FTS.TO,35.70075225830078,966900
2019-03-04,FTS.TO,35.95014190673828,2682900
2019-03-05,FTS.TO,35.927467346191406,1092400
2019-03-06,FTS.TO,36.13906478881836,1062100
2019-03-07,FTS.TO,36.4035758972168,1253200
2019-03-08,FTS.TO,36.38846206665039,1112900
2019-03-11,FTS.TO,36.4186897277832,1228300
2019-03-12,FTS.TO,36.962825775146484,1485800
2019-03-13,FTS.TO,36.887245178222656,932700
2019-03-14,FTS.TO,36.90236282348633,711000
2019-03-15,FTS.TO,37.00060272216797,3165200
2019-03-18,FTS.TO,36.962825775146484,873900
2019-03-19,FTS.TO,36.90236282348633,1179900
2019-03-20,FTS.TO,36.84945297241211,1256400
2019-03-21,FTS.TO,37.2575569152832,2038200
2019-03-22,FTS.TO,37.5673942565918,1552800
2019-03-25,FTS.TO,37.5069465637207,832400
2019-03-26,FTS.TO,37.65810012817383,640600
2019-03-27,FTS.TO,37.65810012817383,969600
2019-03-28,FTS.TO,37.53716278076172,796100
2019-03-29,FTS.TO,37.325557708740234,1152000
2019-04-01,FTS.TO,37.249996185302734,1020000
2019-04-02,FTS.TO,37.20465850830078,946100
2019-04-03,FTS.TO,37.461605072021484,1029700
2019-04-04,FTS.TO,37.4162483215332,774900
2019-04-05,FTS.TO,37.688316345214844,654000
2019-04-08,FTS.TO,37.49184036254883,740000
2019-04-09,FTS.TO,37.46916961669922,763600
2019-04-10,FTS.TO,37.62030029296875,906000
2019-04-11,FTS.TO,37.6505241394043,989000
2019-04-12,FTS.TO,37.78657150268555,807000
2019-04-15,FTS.TO,37.9906120300293,980900
2019-04-16,FTS.TO,37.6505241394043,1544000
2019-04-17,FTS.TO,37.72611618041992,1382700
2019-04-18,FTS.TO,37.71099853515625,1113900
2019-04-22,FTS.TO,37.48426818847656,1002200
2019-04-23,FTS.TO,37.53716278076172,1623500
2019-04-24,FTS.TO,37.363346099853516,1387100
2019-04-25,FTS.TO,37.46916961669922,996600
2019-04-26,FTS.TO,37.40869903564453,848700
2019-04-29,FTS.TO,37.26511764526367,1220500
2019-04-30,FTS.TO,37.42382049560547,1022900
2019-05-01,FTS.TO,37.249996185302734,1357500
2019-05-02,FTS.TO,37.325557708740234,1395800
2019-05-03,FTS.TO,37.461605072021484,774800
2019-05-06,FTS.TO,37.5069465637207,951400
2019-05-07,FTS.TO,37.5749626159668,1094400
2019-05-08,FTS.TO,37.48426818847656,1096200
2019-05-09,FTS.TO,37.54472732543945,1562400
2019-05-10,FTS.TO,37.65810012817383,1082400
2019-05-13,FTS.TO,37.87724685668945,1207400
2019-05-14,FTS.TO,37.937713623046875,1088500
2019-05-15,FTS.TO,38.066192626953125,1021000
2019-05-16,FTS.TO,38.180572509765625,1187200
2019-05-17,FTS.TO,38.22632598876953,1034200
2019-05-21,FTS.TO,38.29494857788086,1395800
2019-05-22,FTS.TO,38.57708740234375,784600
2019-05-23,FTS.TO,38.63808822631836,1022100
2019-05-24,FTS.TO,38.721981048583984,1679300
2019-05-27,FTS.TO,38.75247573852539,412800
2019-05-28,FTS.TO,39.0269889831543,2049700
2019-05-29,FTS.TO,38.95836639404297,2461100
2019-05-30,FTS.TO,38.75247573852539,1113400
2019-05-31,FTS.TO,38.9278564453125,1520000
2019-06-03,FTS.TO,39.14899826049805,967500
2019-06-04,FTS.TO,39.171871185302734,1064900
2019-06-05,FTS.TO,39.347251892089844,1516000
2019-06-06,FTS.TO,39.50740051269531,955200
2019-06-07,FTS.TO,39.553138732910156,1183800
2019-06-10,FTS.TO,39.40062713623047,1583600
2019-06-11,FTS.TO,39.232879638671875,1007900
2019-06-12,FTS.TO,39.52264404296875,922000
2019-06-13,FTS.TO,39.568397521972656,948500
2019-06-14,FTS.TO,39.766666412353516,813900
2019-06-17,FTS.TO,39.71328353881836,1020600
2019-06-18,FTS.TO,39.81241226196289,1056900
2019-06-19,FTS.TO,40.07167434692383,869400
2019-06-20,FTS.TO,40.163177490234375,936000
2019-06-21,FTS.TO,40.28519821166992,3504900
2019-06-24,FTS.TO,40.102176666259766,641600
2019-06-25,FTS.TO,39.83529281616211,693400
2019-06-26,FTS.TO,39.56077194213867,839600
2019-06-27,FTS.TO,39.33963394165039,877900
2019-06-28,FTS.TO,39.43113708496094,1167800
2019-07-02,FTS.TO,39.652278900146484,772200
2019-07-03,FTS.TO,39.827659606933594,646200
2019-07-04,FTS.TO,39.79716491699219,250200
2019-07-05,FTS.TO,39.820037841796875,674200
2019-07-08,FTS.TO,39.83529281616211,707200
2019-07-09,FTS.TO,40.02592468261719,637900
2019-07-10,FTS.TO,40.041175842285156,749400
2019-07-11,FTS.TO,40.193687438964844,1006700
2019-07-12,FTS.TO,39.698028564453125,943700
2019-07-15,FTS.TO,39.568397521972656,423100
2019-07-16,FTS.TO,39.49214172363281,607200
2019-07-17,FTS.TO,39.484519958496094,813200
2019-07-18,FTS.TO,39.56077194213867,716800
2019-07-19,FTS.TO,39.332008361816406,639300
2019-07-22,FTS.TO,39.33963394165039,730300
2019-07-23,FTS.TO,39.47689437866211,446100
2019-07-24,FTS.TO,39.56077194213867,647300
2019-07-25,FTS.TO,39.553138732910156,496300
2019-07-26,FTS.TO,39.57602310180664,806100
2019-07-29,FTS.TO,39.85816192626953,676800
2019-07-30,FTS.TO,39.66752624511719,615500
2019-07-31,FTS.TO,39.66752624511719,1380500
2019-08-01,FTS.TO,40.041175842285156,1024500
2019-08-02,FTS.TO,39.926795959472656,1016000
2019-08-06,FTS.TO,40.53683090209961,2000900
2019-08-07,FTS.TO,40.94097137451172,1208900
2019-08-08,FTS.TO,40.95621871948242,903700
2019-08-09,FTS.TO,41.07823181152344,583300
2019-08-12,FTS.TO,41.11636734008789,587000
2019-08-13,FTS.TO,41.17736053466797,743100
2019-08-14,FTS.TO,41.1468620300293,996100
2019-08-15,FTS.TO,41.35274887084961,830500
2019-08-16,FTS.TO,41.50526809692383,673500
2019-08-19,FTS.TO,42.012733459472656,832900
2019-08-20,FTS.TO,41.981971740722656,533500
2019-08-21,FTS.TO,42.128074645996094,664700
2019-08-22,FTS.TO,41.79743576049805,2199800
2019-08-23,FTS.TO,41.543701171875,2497700
2019-08-26,FTS.TO,41.63597106933594,830100
2019-08-27,FTS.TO,42.15883255004883,1152000
2019-08-28,FTS.TO,42.020416259765625,685000
2019-08-29,FTS.TO,42.081932067871094,595900
2019-08-30,FTS.TO,42.26647186279297,957000
2019-09-03,FTS.TO,43.31217575073242,1724500
2019-09-04,FTS.TO,43.119956970214844,1543700
2019-09-05,FTS.TO,42.78932571411133,1023600
2019-09-06,FTS.TO,42.76625061035156,992000
2019-09-09,FTS.TO,42.62016296386719,1267200
2019-09-10,FTS.TO,42.42024230957031,1277400
2019-09-11,FTS.TO,42.47407150268555,1387100
2019-09-12,FTS.TO,42.53559112548828,1097700
2019-09-13,FTS.TO,42.62784957885742,1146500
2019-09-16,FTS.TO,42.558650970458984,994900
2019-09-17,FTS.TO,42.77394104003906,1231500
2019-09-18,FTS.TO,42.63554382324219,1190200
2019-09-19,FTS.TO,42.70474624633789,821600
2019-09-20,FTS.TO,42.8739013671875,2738300
2019-09-23,FTS.TO,42.996925354003906,647900
2019-09-24,FTS.TO,43.027687072753906,1124200
2019-09-25,FTS.TO,43.18146896362305,883900
2019-09-26,FTS.TO,43.5120849609375,958000
2019-09-27,FTS.TO,43.12763595581055,1052400
2019-09-30,FTS.TO,43.06612777709961,1082900
2019-10-01,FTS.TO,43.07381057739258,832400
2019-10-02,FTS.TO,43.096885681152344,861600
2019-10-03,FTS.TO,43.42751693725586,1357800
2019-10-04,FTS.TO,43.558223724365234,864700
2019-10-07,FTS.TO,43.658180236816406,660400
2019-10-08,FTS.TO,43.419822692871094,1037000
2019-10-09,FTS.TO,43.373695373535156,1119900
2019-10-10,FTS.TO,43.227596282958984,1285900
2019-10-11,FTS.TO,42.60478591918945,1142800
2019-10-15,FTS.TO,42.343360900878906,1279200
2019-10-16,FTS.TO,42.13576126098633,1425500
2019-10-17,FTS.TO,41.83588409423828,661200
2019-10-18,FTS.TO,41.91278076171875,1132400
2019-10-21,FTS.TO,42.297218322753906,1323300
2019-10-22,FTS.TO,42.043487548828125,1540600
2019-10-23,FTS.TO,41.820518493652344,1673100
2019-10-24,FTS.TO,41.6282844543457,1063500
2019-10-25,FTS.TO,41.50526428222656,1292900
2019-10-28,FTS.TO,41.26689910888672,1258500
2019-10-29,FTS.TO,41.35916519165039,959100
2019-10-30,FTS.TO,41.720542907714844,706400
2019-10-31,FTS.TO,42.07423782348633,1149300
2019-11-01,FTS.TO,41.72823715209961,1455200
2019-11-04,FTS.TO,41.64366149902344,1962200
2019-11-05,FTS.TO,40.8670768737793,1939700
2019-11-06,FTS.TO,41.17463302612305,1322100
2019-11-07,FTS.TO,40.75173568725586,1601500
2019-11-08,FTS.TO,40.53645706176758,907300
2019-11-11,FTS.TO,40.313472747802734,823700
2019-11-12,FTS.TO,40.2596435546875,3426300
2019-11-13,FTS.TO,40.92089080810547,1130300
2019-11-14,FTS.TO,41.17463302612305,1247600
2019-11-15,FTS.TO,41.30533981323242,947600
2019-11-18,FTS.TO,41.41240310668945,798000
2019-11-19,FTS.TO,41.458953857421875,1597500
2019-11-20,FTS.TO,41.39689254760742,1162500
2019-11-21,FTS.TO,41.06329345703125,1637800
2019-11-22,FTS.TO,41.17190933227539,984700
2019-11-25,FTS.TO,40.87709426879883,2483100
2019-11-26,FTS.TO,40.5512580871582,7541700
2019-11-27,FTS.TO,40.46592330932617,1192400
2019-11-28,FTS.TO,40.45040512084961,585700
2019-11-29,FTS.TO,40.372833251953125,823000
2019-12-02,FTS.TO,40.24870300292969,2098700
2019-12-03,FTS.TO,40.582298278808594,2337800
2019-12-04,FTS.TO,40.745216369628906,1410400
2019-12-05,FTS.TO,40.65212631225586,1584900
2019-12-06,FTS.TO,40.95468521118164,1257700
2019-12-09,FTS.TO,41.210697174072266,1466900
2019-12-10,FTS.TO,41.265010833740234,1258200
2019-12-11,FTS.TO,41.389122009277344,1440200
2019-12-12,FTS.TO,41.365848541259766,2258900
2019-12-13,FTS.TO,41.7692756652832,1739700
2019-12-16,FTS.TO,42.48300552368164,2019700
2019-12-17,FTS.TO,42.04080581665039,1419600
2019-12-18,FTS.TO,41.73824691772461,1338000
2019-12-19,FTS.TO,41.89340591430664,885200
2019-12-20,FTS.TO,42.180450439453125,4729400
2019-12-23,FTS.TO,41.994258880615234,669600
2019-12-24,FTS.TO,42.02528762817383,328400
2019-12-27,FTS.TO,42.05632400512695,566800
2019-12-30,FTS.TO,41.90115737915039,606600
2019-12-31,FTS.TO,41.80031967163086,771700
2020-01-02,FTS.TO,41.6839485168457,844100
2020-01-03,FTS.TO,41.89340591430664,1193600
2020-01-06,FTS.TO,41.93995666503906,634300
2020-01-07,FTS.TO,41.994258880615234,687500
2020-01-08,FTS.TO,42.15718078613281,816500
2020-01-09,FTS.TO,42.21924591064453,889800
2020-01-10,FTS.TO,42.51404571533203,1195800
2020-01-13,FTS.TO,42.67695236206055,952600
2020-01-14,FTS.TO,42.60713577270508,4256500
2020-01-15,FTS.TO,42.85540008544922,1026600
2020-01-16,FTS.TO,43.17347717285156,834200
2020-01-17,FTS.TO,43.90272903442383,1611300
2020-01-20,FTS.TO,44.02687072753906,1571800
2020-01-21,FTS.TO,44.43028259277344,1647700
2020-01-22,FTS.TO,44.63975524902344,1149000
2020-01-23,FTS.TO,44.9345588684082,884400
2020-01-24,FTS.TO,45.14401626586914,2122500
2020-01-27,FTS.TO,45.30693435668945,1092300
2020-01-28,FTS.TO,44.99661636352539,1821600
2020-01-29,FTS.TO,45.027652740478516,931700
2020-01-30,FTS.TO,44.8957633972168,955200
2020-01-31,FTS.TO,44.77939224243164,1051800
2020-02-03,FTS.TO,45.05868911743164,949400
2020-02-04,FTS.TO,44.2208137512207,1289500
2020-02-05,FTS.TO,44.306148529052734,1414400
2020-02-06,FTS.TO,44.50786209106445,785100
2020-02-07,FTS.TO,44.593196868896484,1580900
2020-02-10,FTS.TO,44.80265808105469,939300
2020-02-11,FTS.TO,44.8957633972168,797600
2020-02-12,FTS.TO,44.80265808105469,973800
2020-02-13,FTS.TO,45.33796691894531,1697900
2020-02-14,FTS.TO,45.6492805480957,916900
2020-02-18,FTS.TO,46.01692199707031,1849000
2020-02-19,FTS.TO,45.79789733886719,1438900
2020-02-20,FTS.TO,45.63364791870117,1978900
2020-02-21,FTS.TO,45.719688415527344,3336400
2020-02-24,FTS.TO,45.727508544921875,1845500
2020-02-25,FTS.TO,45.29728698730469,1218300
2020-02-26,FTS.TO,45.0469856262207,1389500
2020-02-27,FTS.TO,44.421226501464844,1112500
2020-02-28,FTS.TO,42.489192962646484,4237800
2020-03-02,FTS.TO,44.116180419921875,2613900
2020-03-03,FTS.TO,44.217857360839844,2635200
2020-03-04,FTS.TO,45.6414680480957,1604100
2020-03-05,FTS.TO,45.54759216308594,2710400
2020-03-06,FTS.TO,45.74314880371094,3006600
2020-03-09,FTS.TO,42.89593505859375,4836300
2020-03-10,FTS.TO,43.49823760986328,3709200
2020-03-11,FTS.TO,41.511444091796875,3409100
2020-03-12,FTS.TO,36.982486724853516,6528200
2020-03-13,FTS.TO,40.90132141113281,6370000
2020-03-16,FTS.TO,37.475284576416016,2026600
2020-03-17,FTS.TO,39.57939910888672,3552500
2020-03-18,FTS.TO,36.23157501220703,2742400
2020-03-19,FTS.TO,38.625125885009766,2986000
2020-03-20,FTS.TO,36.30978775024414,4925600
2020-03-23,FTS.TO,33.008907318115234,3082000
2020-03-24,FTS.TO,35.903053283691406,2856700
2020-03-25,FTS.TO,38.32006072998047,2572500
2020-03-26,FTS.TO,40.32249450683594,1988300
2020-03-27,FTS.TO,38.87541961669922,1643900
2020-03-30,FTS.TO,41.05776596069336,1965400
2020-03-31,FTS.TO,42.4500846862793,2301700
2020-04-01,FTS.TO,39.94704055786133,1861300
2020-04-02,FTS.TO,40.29902267456055,1687300
2020-04-03,FTS.TO,39.95486068725586,1033300
2020-04-06,FTS.TO,42.85683059692383,2297200
2020-04-07,FTS.TO,42.86464309692383,2050500
2020-04-08,FTS.TO,43.20099639892578,2463000
2020-04-09,FTS.TO,43.34178924560547,2740900
2020-04-13,FTS.TO,42.80989074707031,1175400
2020-04-14,FTS.TO,43.06019592285156,2039800
2020-04-15,FTS.TO,41.39410400390625,1042400
2020-04-16,FTS.TO,42.0433349609375,1807900
2020-04-17,FTS.TO,42.6534538269043,3094900
2020-04-20,FTS.TO,42.22323989868164,2932300
2020-04-21,FTS.TO,41.268959045410156,2495700
2020-04-22,FTS.TO,42.46571731567383,2734500
2020-04-23,FTS.TO,41.60531234741211,2111500
2020-04-24,FTS.TO,41.667877197265625,1916800
2020-04-27,FTS.TO,42.85683059692383,1676900
2020-04-28,FTS.TO,43.20882034301758,1795900
2020-04-29,FTS.TO,43.49823760986328,1937300
2020-04-30,FTS.TO,42.191959381103516,2254200
2020-05-01,FTS.TO,41.355003356933594,2356800
2020-05-04,FTS.TO,41.91037368774414,2225800
2020-05-05,FTS.TO,42.71603012084961,2417500
2020-05-06,FTS.TO,42.57524871826172,7595900
2020-05-07,FTS.TO,41.41758346557617,3145000
2020-05-08,FTS.TO,41.6522331237793,2656800
2020-05-11,FTS.TO,42.4500846862793,985100
2020-05-12,FTS.TO,41.50362014770508,2316800
2020-05-13,FTS.TO,40.486751556396484,1867200
2020-05-14,FTS.TO,40.682552337646484,3150300
2020-05-15,FTS.TO,40.02727508544922,1714300
2020-05-19,FTS.TO,40.73781204223633,2029800
2020-05-20,FTS.TO,40.27991485595703,1577700
2020-05-21,FTS.TO,39.56936264038086,1473000
2020-05-22,FTS.TO,39.96410369873047,1993200
2020-05-25,FTS.TO,40.603599548339844,1274200
2020-05-26,FTS.TO,40.982547760009766,2174000
2020-05-27,FTS.TO,41.09308624267578,1525300
2020-05-28,FTS.TO,42.119415283203125,1680100
2020-05-29,FTS.TO,41.85100173950195,3635300
2020-06-01,FTS.TO,41.94573974609375,1210800
2020-06-02,FTS.TO,41.63783645629883,1176200
2020-06-03,FTS.TO,42.64838409423828,1672000
2020-06-04,FTS.TO,42.040470123291016,1800100
2020-06-05,FTS.TO,42.52996826171875,2569700
2020-06-08,FTS.TO,42.53786087036133,1592400
2020-06-09,FTS.TO,41.835208892822266,1497200
2020-06-10,FTS.TO,41.44046401977539,951400
2020-06-11,FTS.TO,39.83779525756836,1317200
2020-06-12,FTS.TO,40.572017669677734,1082500
2020-06-15,FTS.TO,41.21151351928711,1124100
2020-06-16,FTS.TO,41.282562255859375,873000
2020-06-17,FTS.TO,41.06150817871094,577700
2020-06-18,FTS.TO,41.495731353759766,608900
2020-06-19,FTS.TO,40.919403076171875,5607900
2020-06-22,FTS.TO,40.63518142700195,1142400
2020-06-23,FTS.TO,40.674652099609375,1385600
2020-06-24,FTS.TO,40.29570388793945,2215300
2020-06-25,FTS.TO,40.57991027832031,1369400
2020-06-26,FTS.TO,39.6009407043457,1183500
2020-06-29,FTS.TO,40.4536018371582,810400
2020-06-30,FTS.TO,40.761497497558594,971900
2020-07-02,FTS.TO,41.37730026245117,894900
2020-07-03,FTS.TO,41.416778564453125,235000
2020-07-06,FTS.TO,41.59046936035156,737400
2020-07-07,FTS.TO,41.235198974609375,729500
2020-07-08,FTS.TO,40.998348236083984,737700
2020-07-09,FTS.TO,40.48516845703125,889700
2020-07-10,FTS.TO,40.9588737487793,578700
2020-07-13,FTS.TO,41.487831115722656,1355300
2020-07-14,FTS.TO,41.95362854003906,1226400
2020-07-15,FTS.TO,42.22206497192383,1282800
2020-07-16,FTS.TO,42.7115364074707,1587700
2020-07-17,FTS.TO,43.22472381591797,1430700
2020-07-20,FTS.TO,42.80628967285156,2521700
2020-07-21,FTS.TO,42.3246955871582,1210100
2020-07-22,FTS.TO,42.18258285522461,1348500
2020-07-23,FTS.TO,41.819419860839844,1499600
2020-07-24,FTS.TO,41.495731353759766,1813100
2020-07-27,FTS.TO,41.91415786743164,1920000
2020-07-28,FTS.TO,42.35627365112305,1239700
2020-07-29,FTS.TO,42.57733154296875,718000
2020-07-30,FTS.TO,43.27998352050781,1207300
2020-07-31,FTS.TO,43.066810607910156,1307200
2020-08-04,FTS.TO,43.12208557128906,1884300
2020-08-05,FTS.TO,42.46680450439453,1892700
2020-08-06,FTS.TO,42.237850189208984,1061400
2020-08-07,FTS.TO,42.474700927734375,574600
2020-08-10,FTS.TO,42.735233306884766,1665300
2020-08-11,FTS.TO,42.52996826171875,1033500
2020-08-12,FTS.TO,42.79050064086914,947800
2020-08-13,FTS.TO,42.545753479003906,903600
2020-08-14,FTS.TO,42.14310836791992,1037400
2020-08-17,FTS.TO,41.9615364074707,2511200
2020-08-18,FTS.TO,42.07146072387695,934700
2020-08-19,FTS.TO,42.278594970703125,1470800
2020-08-20,FTS.TO,42.06349563598633,1145100
2020-08-21,FTS.TO,42.3901252746582,2010600
2020-08-24,FTS.TO,42.382164001464844,1757800
2020-08-25,FTS.TO,42.23080062866211,1505900
2020-08-26,FTS.TO,42.46978759765625,968400
2020-08-27,FTS.TO,42.04756164550781,1670200
2020-08-28,FTS.TO,41.5377082824707,1977900
2020-08-31,FTS.TO,41.561607360839844,2145300
2020-09-01,FTS.TO,41.242950439453125,2160200
2020-09-02,FTS.TO,42.31047058105469,1427800
2020-09-03,FTS.TO,41.83246994018555,3150900
2020-09-04,FTS.TO,41.434139251708984,2528300
2020-09-08,FTS.TO,42.41403579711914,2068600
2020-09-09,FTS.TO,42.98761749267578,1889100
2020-09-10,FTS.TO,42.31842803955078,1109700
2020-09-11,FTS.TO,42.31047058105469,730800
2020-09-14,FTS.TO,42.111305236816406,1159100
2020-09-15,FTS.TO,42.19095993041992,1276400
2020-09-16,FTS.TO,41.689064025878906,1180100
2020-09-17,FTS.TO,41.67313766479492,1116200
2020-09-18,FTS.TO,41.577537536621094,2631900
2020-09-21,FTS.TO,41.61738586425781,1138800
2020-09-22,FTS.TO,42.14316940307617,806900
2020-09-23,FTS.TO,41.89619827270508,965800
2020-09-24,FTS.TO,42.406063079833984,855400
2020-09-25,FTS.TO,42.85218048095703,985800
2020-09-28,FTS.TO,43.42578125,1059200
2020-09-29,FTS.TO,43.5771484375,900300
2020-09-30,FTS.TO,43.37002182006836,1494200
2020-10-01,FTS.TO,43.43375015258789,937800
2020-10-02,FTS.TO,43.74445343017578,914100
2020-10-05,FTS.TO,43.97547912597656,3250000
2020-10-06,FTS.TO,43.98343276977539,1306500
2020-10-07,FTS.TO,44.30210876464844,1232200
2020-10-08,FTS.TO,44.286170959472656,1583100
2020-10-09,FTS.TO,43.736480712890625,1306900
2020-10-13,FTS.TO,43.49748229980469,1280700
2020-10-14,FTS.TO,43.01948928833008,1676400
2020-10-15,FTS.TO,43.37002182006836,934400
2020-10-16,FTS.TO,43.48951721191406,901500
2020-10-19,FTS.TO,42.95575714111328,1754500
2020-10-20,FTS.TO,42.6928596496582,2327200
2020-10-21,FTS.TO,43.067291259765625,1116100
2020-10-22,FTS.TO,43.46561813354492,2442900
2020-10-23,FTS.TO,43.48155212402344,726300
2020-10-26,FTS.TO,43.26645278930664,1981600
2020-10-27,FTS.TO,43.35408401489258,917600
2020-10-28,FTS.TO,42.50962448120117,1978200
2020-10-29,FTS.TO,42.98761749267578,620000
2020-10-30,FTS.TO,41.92806625366211,1638600
2020-11-02,FTS.TO,41.97586441040039,1659600
2020-11-03,FTS.TO,41.88026809692383,1191900
2020-11-04,FTS.TO,42.095367431640625,3769400
2020-11-05,FTS.TO,42.86016082763672,1265600
2020-11-06,FTS.TO,43.42578125,1590300
2020-11-09,FTS.TO,43.36205291748047,1492300
2020-11-10,FTS.TO,43.65681457519531,1209100
2020-11-11,FTS.TO,43.83208465576172,632100
2020-11-12,FTS.TO,43.49748229980469,1674400
2020-11-13,FTS.TO,43.314247131347656,2985500
2020-11-16,FTS.TO,42.899993896484375,2028900
2020-11-17,FTS.TO,43.23372268676758,2887400
2020-11-18,FTS.TO,42.90400314331055,1256800
2020-11-19,FTS.TO,42.646663665771484,1754000
2020-11-20,FTS.TO,42.94422149658203,2335000
2020-11-23,FTS.TO,42.89596939086914,2100800
2020-11-24,FTS.TO,42.534080505371094,2634300
2020-11-25,FTS.TO,42.38932800292969,2148600
2020-11-26,FTS.TO,42.582332611083984,1370600
2020-11-27,FTS.TO,42.57428741455078,1131600
2020-11-30,FTS.TO,42.05156326293945,3157300
2020-12-01,FTS.TO,41.705753326416016,2130800
2020-12-02,FTS.TO,41.351905822753906,2416400
2020-12-03,FTS.TO,41.83441925048828,4174700
2020-12-04,FTS.TO,42.03546905517578,1715800
2020-12-07,FTS.TO,42.20436096191406,1655700
2020-12-08,FTS.TO,42.22043991088867,1650200
2020-12-09,FTS.TO,42.324989318847656,1391000
2020-12-10,FTS.TO,42.41344451904297,1298400
2020-12-11,FTS.TO,42.63862228393555,1179400
2020-12-14,FTS.TO,42.71100997924805,1552000
2020-12-15,FTS.TO,42.8155517578125,1270200
2020-12-16,FTS.TO,42.71903991699219,925300
2020-12-17,FTS.TO,42.831626892089844,1126600
2020-12-18,FTS.TO,42.236534118652344,4018900
2020-12-21,FTS.TO,41.8826789855957,1008800
2020-12-22,FTS.TO,41.963096618652344,838900
2020-12-23,FTS.TO,42.011356353759766,1185900
2020-12-24,FTS.TO,42.21240234375,553900
2020-12-29,FTS.TO,42.252601623535156,1014000
2020-12-30,FTS.TO,42.123931884765625,642300
2020-12-31,FTS.TO,41.81834411621094,889800
2021-01-04,FTS.TO,41.95505142211914,1165800
2021-01-05,FTS.TO,41.17497634887695,1974200
2021-01-06,FTS.TO,41.408203125,2230600
2021-01-07,FTS.TO,41.06239318847656,2177100
2021-01-08,FTS.TO,41.15085220336914,1729900
2021-01-11,FTS.TO,40.990013122558594,1495800
2021-01-12,FTS.TO,41.17497634887695,1315400
2021-01-13,FTS.TO,41.359947204589844,1529100
2021-01-14,FTS.TO,41.625328063964844,1295100
2021-01-15,FTS.TO,41.922882080078125,1636300
2021-01-18,FTS.TO,42.3330192565918,607800
2021-01-19,FTS.TO,42.011356353759766,1445400
2021-01-20,FTS.TO,41.922882080078125,1668500
2021-01-21,FTS.TO,41.95505142211914,763200
2021-01-22,FTS.TO,41.90680694580078,1704400
2021-01-25,FTS.TO,42.10785675048828,3260600
2021-01-26,FTS.TO,42.20436096191406,804300
2021-01-27,FTS.TO,41.440364837646484,1500400
2021-01-28,FTS.TO,41.56098937988281,1895200
2021-01-29,FTS.TO,41.593162536621094,1205500
2021-02-01,FTS.TO,41.7379150390625,1871500
2021-02-02,FTS.TO,42.03546905517578,2045800
2021-02-03,FTS.TO,41.754005432128906,1556200
2021-02-04,FTS.TO,41.754005432128906,2333300
2021-02-05,FTS.TO,41.472537994384766,2186100
2021-02-08,FTS.TO,41.464500427246094,1781100
2021-02-09,FTS.TO,41.577083587646484,3686000
2021-02-10,FTS.TO,41.67357635498047,4262300
2021-02-11,FTS.TO,41.544918060302734,6325200
2021-02-12,FTS.TO,41.82510757446289,2337800
2021-02-16,FTS.TO,41.857582092285156,2817700
2021-02-17,FTS.TO,41.74388885498047,1733300
2021-02-18,FTS.TO,41.80073165893555,5105800
2021-02-19,FTS.TO,40.85865020751953,2307900
2021-02-22,FTS.TO,40.60689926147461,3824700
2021-02-23,FTS.TO,40.436344146728516,1755600
2021-02-24,FTS.TO,40.05463790893555,3832600
2021-02-25,FTS.TO,40.33888244628906,4317300
2021-02-26,FTS.TO,39.79475021362305,3028900
2021-03-01,FTS.TO,40.35513687133789,1811800
2021-03-02,FTS.TO,40.55815887451172,2255000
2021-03-03,FTS.TO,40.37137222290039,1978100
2021-03-04,FTS.TO,40.66374969482422,3728500
2021-03-05,FTS.TO,40.77743911743164,2054100
2021-03-08,FTS.TO,41.695159912109375,2801600
2021-03-09,FTS.TO,42.0525016784668,2203200
2021-03-10,FTS.TO,42.27177810668945,1323800
2021-03-11,FTS.TO,42.26366424560547,1684700
2021-03-12,FTS.TO,42.564144134521484,1058100
2021-03-15,FTS.TO,42.97832489013672,1190900
2021-03-16,FTS.TO,43.181373596191406,1563800
2021-03-17,FTS.TO,43.051429748535156,1218600
2021-03-18,FTS.TO,43.14076232910156,885700
2021-03-19,FTS.TO,43.52246856689453,4658300
2021-03-22,FTS.TO,43.66865539550781,1014200
2021-03-23,FTS.TO,43.831085205078125,1159400
2021-03-24,FTS.TO,43.798606872558594,915600
2021-03-25,FTS.TO,44.115325927734375,1354700
2021-03-26,FTS.TO,44.4239387512207,1311100
2021-03-29,FTS.TO,44.756927490234375,1117700
2021-03-30,FTS.TO,44.32649230957031,874000
2021-03-31,FTS.TO,44.28587341308594,1089700
2021-04-01,FTS.TO,44.229026794433594,924400
2021-04-05,FTS.TO,44.5782470703125,852300
2021-04-06,FTS.TO,44.708187103271484,729700
2021-04-07,FTS.TO,44.70006561279297,760300
2021-04-08,FTS.TO,44.60260772705078,1415100
2021-04-09,FTS.TO,44.497032165527344,713400
2021-04-12,FTS.TO,44.4564208984375,1252200
2021-04-13,FTS.TO,44.894989013671875,1102600
2021-04-14,FTS.TO,44.80564498901367,645800
2021-04-15,FTS.TO,44.497032165527344,1300300
2021-04-16,FTS.TO,44.70006561279297,1237800
2021-04-19,FTS.TO,44.878746032714844,2774900
2021-04-20,FTS.TO,45.325416564941406,1446400
2021-04-21,FTS.TO,45.59341812133789,1527500
2021-04-22,FTS.TO,45.3741455078125,1137300
2021-04-23,FTS.TO,44.968074798583984,1335500
2021-04-26,FTS.TO,44.65946578979492,3863600
2021-04-27,FTS.TO,44.56200408935547,2101300
2021-04-28,FTS.TO,44.27775955200195,739200
2021-04-29,FTS.TO,44.294002532958984,1099000
2021-04-30,FTS.TO,44.52953338623047,797200
2021-05-03,FTS.TO,44.5944938659668,563800
2021-05-04,FTS.TO,44.48078918457031,1154600
2021-05-05,FTS.TO,44.26150894165039,1995900
2021-05-06,FTS.TO,44.626983642578125,787100
2021-05-07,FTS.TO,44.64322280883789,901200
2021-05-10,FTS.TO,44.65946578979492,1388500
2021-05-11,FTS.TO,44.513275146484375,3671600
2021-05-12,FTS.TO,44.553890228271484,1461400
2021-05-13,FTS.TO,44.76503372192383,1671100
2021-05-14,FTS.TO,45.09700012207031,1340200
2021-05-17,FTS.TO,44.892086029052734,3507400
2021-05-18,FTS.TO,45.14617156982422,3468200
2021-05-19,FTS.TO,44.9986457824707,1359400
2021-05-20,FTS.TO,45.318302154541016,1643700
2021-05-21,FTS.TO,45.26912307739258,755500
2021-05-25,FTS.TO,45.19535446166992,2044500
2021-05-26,FTS.TO,45.19535446166992,1235000
2021-05-27,FTS.TO,45.00684356689453,1891200
2021-05-28,FTS.TO,45.178958892822266,1004400
2021-05-31,FTS.TO,44.933067321777344,657600
2021-06-01,FTS.TO,44.62160110473633,1919600
2021-06-02,FTS.TO,44.9576530456543,1068700
2021-06-03,FTS.TO,45.12158203125,1025800
2021-06-04,FTS.TO,45.28551483154297,655400
2021-06-07,FTS.TO,45.5068244934082,1294200
2021-06-08,FTS.TO,45.48223876953125,979700
2021-06-09,FTS.TO,45.87566375732422,1056500
2021-06-10,FTS.TO,46.17074203491211,1688200
2021-06-11,FTS.TO,46.285484313964844,725000
2021-06-14,FTS.TO,46.449405670166016,1408700
2021-06-15,FTS.TO,46.68711853027344,631500
2021-06-16,FTS.TO,46.53138732910156,846700
2021-06-17,FTS.TO,46.67072296142578,944000
2021-06-18,FTS.TO,46.359256744384766,2545000
2021-06-21,FTS.TO,46.33466339111328,492900
2021-06-22,FTS.TO,46.1871337890625,1107800
2021-06-23,FTS.TO,45.851070404052734,688300
2021-06-24,FTS.TO,45.998600006103516,896600
2021-06-25,FTS.TO,45.93303680419922,515900
2021-06-28,FTS.TO,45.793701171875,633600
2021-06-29,FTS.TO,45.28551483154297,964300
2021-06-30,FTS.TO,44.97404861450195,1135800
2021-07-02,FTS.TO,44.88388442993164,873300
2021-07-05,FTS.TO,45.16257095336914,385800
2021-07-06,FTS.TO,45.4002685546875,1311900
2021-07-07,FTS.TO,45.392066955566406,892800
2021-07-08,FTS.TO,45.810096740722656,1330300
2021-07-09,FTS.TO,45.58058547973633,1025700
2021-07-12,FTS.TO,45.44124984741211,924900
2021-07-13,FTS.TO,45.5068244934082,794400
2021-07-14,FTS.TO,45.6297721862793,592400
2021-07-15,FTS.TO,45.86746597290039,783400
2021-07-16,FTS.TO,46.11335372924805,611200
2021-07-19,FTS.TO,46.22811508178711,2001000
2021-07-20,FTS.TO,46.105167388916016,990600
2021-07-21,FTS.TO,45.81828689575195,793800
2021-07-22,FTS.TO,45.76091384887695,961600
2021-07-23,FTS.TO,45.94942855834961,1176100
2021-07-26,FTS.TO,45.7445182800293,943900
2021-07-27,FTS.TO,46.05598449707031,832100
2021-07-28,FTS.TO,46.08877182006836,547400
2021-07-29,FTS.TO,46.03139114379883,1079500
2021-07-30,FTS.TO,46.37565612792969,1254000
2021-08-03,FTS.TO,46.57235336303711,911100
2021-08-04,FTS.TO,46.7608757019043,1166600
2021-08-05,FTS.TO,46.83465576171875,1198700
2021-08-06,FTS.TO,46.85103988647461,880900
2021-08-09,FTS.TO,47.04776382446289,821800
2021-08-10,FTS.TO,47.04776382446289,971000
2021-08-11,FTS.TO,47.35102462768555,1453600
2021-08-12,FTS.TO,47.4329948425293,813900
2021-08-13,FTS.TO,47.711666107177734,4034100
2021-08-16,FTS.TO,48.18707275390625,6676500
2021-08-17,FTS.TO,48.17886734008789,2745800
2021-08-18,FTS.TO,47.87710189819336,1010300
2021-08-19,FTS.TO,48.23260498046875,1715400
2021-08-20,FTS.TO,48.44755935668945,4267300
2021-08-23,FTS.TO,47.99285888671875,4730300
2021-08-24,FTS.TO,47.629085540771484,597800
2021-08-25,FTS.TO,47.48854064941406,1431200
2021-08-26,FTS.TO,47.72003173828125,685200
2021-08-27,FTS.TO,47.7034912109375,545900
2021-08-30,FTS.TO,47.75309753417969,808200
2021-08-31,FTS.TO,47.78616714477539,870100
2021-09-01,FTS.TO,47.8853759765625,597500
2021-09-02,FTS.TO,47.99285888671875,472900
2021-09-03,FTS.TO,47.777896881103516,518000
2021-09-07,FTS.TO,47.33144760131836,1161900
2021-09-08,FTS.TO,48.48063278198242,1184300
2021-09-09,FTS.TO,48.1003303527832,860800
2021-09-10,FTS.TO,48.00112533569336,809500
2021-09-13,FTS.TO,48.092063903808594,1566900
2021-09-14,FTS.TO,48.249149322509766,1150300
2021-09-15,FTS.TO,48.24087142944336,773100
2021-09-16,FTS.TO,47.96804428100586,661600
2021-09-17,FTS.TO,47.529869079589844,3350800
2021-09-20,FTS.TO,47.71175003051758,1412700
2021-09-21,FTS.TO,48.20780944824219,1505200
2021-09-22,FTS.TO,48.30702209472656,1103600
2021-09-23,FTS.TO,47.24051284790039,1108600
2021-09-24,FTS.TO,47.19917678833008,770100
2021-09-27,FTS.TO,46.6700553894043,868400
2021-09-28,FTS.TO,46.322818756103516,864500
2021-09-29,FTS.TO,46.47989273071289,893000
2021-09-30,FTS.TO,46.45509338378906,893100
2021-10-01,FTS.TO,46.24013900756836,725800
2021-10-04,FTS.TO,46.27321243286133,749900
2021-10-05,FTS.TO,45.950775146484375,869800
2021-10-06,FTS.TO,46.612178802490234,909400
2021-10-07,FTS.TO,46.62872314453125,1136100
2021-10-08,FTS.TO,46.09958267211914,995300
2021-10-12,FTS.TO,46.2484016418457,1414800
2021-10-13,FTS.TO,46.661781311035156,1124600
2021-10-14,FTS.TO,46.92634201049805,764600
2021-10-15,FTS.TO,46.661781311035156,790600
2021-10-18,FTS.TO,46.579105377197266,1263300
2021-10-19,FTS.TO,45.87637710571289,2243400
2021-10-20,FTS.TO,45.84330368041992,1469600
2021-10-21,FTS.TO,45.57046890258789,1472100
2021-10-22,FTS.TO,45.52913284301758,1352700
2021-10-25,FTS.TO,45.57874298095703,1088900
2021-10-26,FTS.TO,45.6696891784668,776500
2021-10-27,FTS.TO,45.487796783447266,1162200
2021-10-28,FTS.TO,45.39686584472656,863900
2021-10-29,FTS.TO,45.54566955566406,1644200
2021-11-01,FTS.TO,45.694488525390625,1462600
2021-11-02,FTS.TO,45.65315246582031,4686000
2021-11-03,FTS.TO,45.88463592529297,2138700
2021-11-04,FTS.TO,46.256683349609375,955400
2021-11-05,FTS.TO,46.38895034790039,863200
2021-11-08,FTS.TO,46.45509338378906,956800
2021-11-09,FTS.TO,46.65351867675781,2837400
2021-11-10,FTS.TO,47.09170150756836,961400
2021-11-11,FTS.TO,46.81887435913086,1660800
2021-11-12,FTS.TO,46.413753509521484,6082500
2021-11-15,FTS.TO,46.661781311035156,2590600
2021-11-16,FTS.TO,46.432254791259766,1055100
2021-11-17,FTS.TO,46.70769500732422,2483500
2021-11-18,FTS.TO,46.432254791259766,4051700
2021-11-19,FTS.TO,47.00817108154297,4370500
2021-11-22,FTS.TO,47.183448791503906,2356700
2021-11-23,FTS.TO,47.200138092041016,953500
2021-11-24,FTS.TO,46.832889556884766,1013300
2021-11-25,FTS.TO,46.82455062866211,367600
2021-11-26,FTS.TO,46.68265151977539,1161400
2021-11-29,FTS.TO,46.70769500732422,1154500
2021-11-30,FTS.TO,46.12342834472656,2295300
2021-12-01,FTS.TO,46.28201675415039,853700
2021-12-02,FTS.TO,46.77446746826172,1054800
2021-12-03,FTS.TO,46.99982452392578,698900
2021-12-06,FTS.TO,47.78440475463867,2067000
2021-12-07,FTS.TO,48.22677230834961,1326900
2021-12-08,FTS.TO,48.276859283447266,1141800
2021-12-09,FTS.TO,48.19339370727539,946100
2021-12-10,FTS.TO,48.393707275390625,982100
2021-12-13,FTS.TO,49.0781364440918,1795500
2021-12-14,FTS.TO,49.871063232421875,2007400
2021-12-15,FTS.TO,50.088069915771484,1963100
2021-12-16,FTS.TO,50.22162628173828,1259800
2021-12-17,FTS.TO,50.505409240722656,3007200
2021-12-20,FTS.TO,50.68068313598633,950300
2021-12-21,FTS.TO,50.839271545410156,990800
2021-12-22,FTS.TO,50.906044006347656,759500
2021-12-23,FTS.TO,50.69738006591797,436800
2021-12-24,FTS.TO,50.61390686035156,115900
2021-12-29,FTS.TO,51.04793167114258,674400
2021-12-30,FTS.TO,51.031246185302734,1099200
2021-12-31,FTS.TO,50.939430236816406,1307600
2022-01-04,FTS.TO,50.48036575317383,969700
2022-01-05,FTS.TO,50.121456146240234,1272300
2022-01-06,FTS.TO,49.6123161315918,1453300
2022-01-07,FTS.TO,49.11152267456055,1029200
2022-01-10,FTS.TO,49.395301818847656,1500800
2022-01-11,FTS.TO,49.12821960449219,1469500
2022-01-12,FTS.TO,49.27009963989258,1386100
2022-01-13,FTS.TO,49.2116813659668,654100
2022-01-14,FTS.TO,49.144901275634766,1294000
2022-01-17,FTS.TO,48.77765655517578,464200
2022-01-18,FTS.TO,48.55229187011719,1132600
2022-01-19,FTS.TO,48.52726364135742,1639000
2022-01-20,FTS.TO,48.68584442138672,1282600
2022-01-21,FTS.TO,49.20332717895508,2001600
2022-01-24,FTS.TO,48.97797393798828,2253300
2022-01-25,FTS.TO,48.744266510009766,1152400
2022-01-26,FTS.TO,48.752620697021484,1174900
2022-01-27,FTS.TO,49.328521728515625,1738000
2022-01-28,FTS.TO,49.91279983520508,1266900
2022-01-31,FTS.TO,50.396907806396484,2029800
2022-02-01,FTS.TO,49.72081756591797,947800
2022-02-02,FTS.TO,50.088069915771484,1517000
2022-02-03,FTS.TO,50.13814926147461,2750000
2022-02-04,FTS.TO,49.871063232421875,4194900
2022-02-07,FTS.TO,49.84601593017578,2551100
2022-02-08,FTS.TO,49.89610290527344,1054400
2022-02-09,FTS.TO,50.004608154296875,1262900
2022-02-10,FTS.TO,49.4787712097168,1527100
2022-02-11,FTS.TO,49.27009963989258,1647700
2022-02-14,FTS.TO,48.1708984375,3068300
2022-02-15,FTS.TO,47.96875,1655800
2022-02-16,FTS.TO,48.1456298828125,1511800
2022-02-17,FTS.TO,48.70998001098633,3487500
2022-02-18,FTS.TO,48.65102005004883,967300
2022-02-22,FTS.TO,48.50782012939453,2093900
2022-02-23,FTS.TO,48.65943908691406,3550700
2022-02-24,FTS.TO,48.75209045410156,1977200
2022-02-25,FTS.TO,48.97951889038086,2083800
2022-02-28,FTS.TO,48.92055892944336,1906900
2022-03-01,FTS.TO,49.19851303100586,1369400
2022-03-02,FTS.TO,49.274322509765625,1321000
2022-03-03,FTS.TO,49.914466857910156,1126600
2022-03-04,FTS.TO,50.78202819824219,1562700
2022-03-07,FTS.TO,51.53166961669922,2154700
2022-03-08,FTS.TO,51.27055740356445,1250800
2022-03-09,FTS.TO,50.520904541015625,1167800
2022-03-10,FTS.TO,50.82414627075195,1440500
2022-03-11,FTS.TO,50.79045104980469,1430800
2022-03-14,FTS.TO,50.72306442260742,1716300
2022-03-15,FTS.TO,50.69779586791992,1081900
2022-03-16,FTS.TO,50.925209045410156,1759400
2022-03-17,FTS.TO,51.05998611450195,783000
2022-03-18,FTS.TO,50.59672164916992,5124400
2022-03-21,FTS.TO,50.65568542480469,1061500
2022-03-22,FTS.TO,50.56303787231445,752500
2022-03-23,FTS.TO,50.588287353515625,765000
2022-03-24,FTS.TO,50.82414627075195,904900
2022-03-25,FTS.TO,50.81571578979492,579100
2022-03-28,FTS.TO,50.99260711669922,607900
2022-03-29,FTS.TO,51.59906005859375,1019600
2022-03-30,FTS.TO,51.86016082763672,1073000
2022-03-31,FTS.TO,52.079158782958984,1557900
2022-04-01,FTS.TO,52.837223052978516,995600
2022-04-04,FTS.TO,52.96358108520508,929400
2022-04-05,FTS.TO,53.40156936645508,947000
2022-04-06,FTS.TO,54.45444107055664,1078700
2022-04-07,FTS.TO,54.681854248046875,1466500
2022-04-08,FTS.TO,54.40389633178711,688300
2022-04-11,FTS.TO,54.496551513671875,823900
2022-04-12,FTS.TO,54.336524963378906,652000
2022-04-13,FTS.TO,54.10908889770508,731400
2022-04-14,FTS.TO,53.48579406738281,2377600
2022-04-18,FTS.TO,53.52791213989258,1585500
2022-04-19,FTS.TO,53.586875915527344,699600
2022-04-20,FTS.TO,53.881683349609375,1625600
2022-04-21,FTS.TO,53.890106201171875,1260100
2022-04-22,FTS.TO,53.99116897583008,2189900
2022-04-25,FTS.TO,53.36787033081055,4092900
2022-04-26,FTS.TO,53.35945510864258,996400
2022-04-27,FTS.TO,53.25837326049805,1301400
2022-04-28,FTS.TO,53.66267776489258,1561500
2022-04-29,FTS.TO,52.65191650390625,1379600
2022-05-02,FTS.TO,52.13813018798828,2308000
2022-05-03,FTS.TO,51.775936126708984,1841900
2022-05-04,FTS.TO,51.38847732543945,2027400
2022-05-05,FTS.TO,51.935977935791016,1525300
2022-05-06,FTS.TO,53.00568771362305,2662100
2022-05-09,FTS.TO,53.87324523925781,2036500
2022-05-10,FTS.TO,53.898521423339844,2141800
2022-05-11,FTS.TO,53.23310852050781,1968000
2022-05-12,FTS.TO,53.19099426269531,5184600
2022-05-13,FTS.TO,53.05622863769531,3259500
2022-05-16,FTS.TO,53.23887252807617,2811900
2022-05-17,FTS.TO,53.64664077758789,3727400
2022-05-18,FTS.TO,53.98644256591797,5707100
2022-05-19,FTS.TO,53.808040618896484,3070400
2022-05-20,FTS.TO,54.6065788269043,1975100
2022-05-24,FTS.TO,55.260711669921875,1537900
2022-05-25,FTS.TO,54.886924743652344,872300
2022-05-26,FTS.TO,54.62357711791992,2366200
2022-05-27,FTS.TO,54.19031524658203,1475000
2022-05-30,FTS.TO,53.926971435546875,1401700
2022-05-31,FTS.TO,54.19031524658203,4108900
2022-06-01,FTS.TO,53.50221633911133,2301500
2022-06-02,FTS.TO,53.697608947753906,1588200
2022-06-03,FTS.TO,53.35780715942383,1301800
2022-06-06,FTS.TO,53.00100326538086,1591700
2022-06-07,FTS.TO,52.92455291748047,1396700
2022-06-08,FTS.TO,52.474308013916016,880700
2022-06-09,FTS.TO,52.363868713378906,857300
2022-06-10,FTS.TO,52.96703338623047,1233300
2022-06-13,FTS.TO,52.13450241088867,1705400
2022-06-14,FTS.TO,50.40999221801758,1925700
2022-06-15,FTS.TO,50.19761657714844,1386100
2022-06-16,FTS.TO,49.670921325683594,1157800
2022-06-17,FTS.TO,49.237674713134766,2925400
2022-06-20,FTS.TO,49.39059066772461,370100
2022-06-21,FTS.TO,49.373600006103516,807000
2022-06-22,FTS.TO,49.73887634277344,1234700
2022-06-23,FTS.TO,50.4269905090332,1069900
2022-06-24,FTS.TO,50.77528381347656,1391500
2022-06-27,FTS.TO,51.62479782104492,1235800
2022-06-28,FTS.TO,52.13450241088867,1252100
2022-06-29,FTS.TO,52.06654739379883,804800
2022-06-30,FTS.TO,51.6927604675293,1565700
2022-07-04,FTS.TO,51.55683898925781,537900
2022-07-05,FTS.TO,51.48887634277344,1296400
2022-07-06,FTS.TO,51.429420471191406,1648100
2022-07-07,FTS.TO,51.106597900390625,1454600
2022-07-08,FTS.TO,50.70732879638672,810500
2022-07-11,FTS.TO,51.01314926147461,1211300
2022-07-12,FTS.TO,51.497371673583984,1358400
2022-07-13,FTS.TO,52.049560546875,1247700
2022-07-14,FTS.TO,52.4658088684082,1670100
2022-07-15,FTS.TO,52.05805206298828,1171200
2022-07-18,FTS.TO,51.37843704223633,1050700
2022-07-19,FTS.TO,50.88572692871094,1400900
2022-07-20,FTS.TO,50.20610809326172,758700
2022-07-21,FTS.TO,50.07868194580078,738400
2022-07-22,FTS.TO,51.055625915527344,731700
2022-07-25,FTS.TO,51.39543151855469,1385300
2022-07-26,FTS.TO,51.845664978027344,763900
2022-07-27,FTS.TO,51.41242218017578,847000
2022-07-28,FTS.TO,51.335960388183594,1488300
2022-07-29,FTS.TO,51.386940002441406,2175600
2022-08-02,FTS.TO,51.200042724609375,814200
2022-08-03,FTS.TO,50.72431564331055,1494100
2022-08-04,FTS.TO,51.0471305847168,957000
2022-08-05,FTS.TO,50.690330505371094,1276100
2022-08-08,FTS.TO,50.99616241455078,1141700
2022-08-09,FTS.TO,51.335960388183594,704500
2022-08-10,FTS.TO,51.268001556396484,604000
2022-08-11,FTS.TO,50.826263427734375,1035300
2022-08-12,FTS.TO,51.200042724609375,3758000
2022-08-15,FTS.TO,51.573829650878906,4832900
2022-08-16,FTS.TO,51.91363525390625,744900
2022-08-17,FTS.TO,52.12601852416992,967500
2022-08-18,FTS.TO,51.45327377319336,3870000
2022-08-19,FTS.TO,51.6932373046875,6263700
2022-08-22,FTS.TO,51.838924407958984,1536400
2022-08-23,FTS.TO,51.1019172668457,1147800
2022-08-24,FTS.TO,51.007652282714844,1241600
2022-08-25,FTS.TO,50.82768249511719,1592600
2022-08-26,FTS.TO,50.41632843017578,1308400
2022-08-29,FTS.TO,50.63057327270508,668800
2022-08-30,FTS.TO,50.193504333496094,877700
2022-08-31,FTS.TO,49.653602600097656,1328300
2022-09-01,FTS.TO,49.996402740478516,1014500
2022-09-02,FTS.TO,49.91926956176758,815900
2022-09-06,FTS.TO,49.74788284301758,1679000
2022-09-07,FTS.TO,50.3563346862793,862700
2022-09-08,FTS.TO,50.202083587646484,673200
2022-09-09,FTS.TO,50.08211135864258,773100
2022-09-12,FTS.TO,50.399192810058594,1294100
2022-09-13,FTS.TO,49.87643051147461,962700
2022-09-14,FTS.TO,49.4222297668457,965100
2022-09-15,FTS.TO,48.48811721801758,1524700
2022-09-16,FTS.TO,48.71949768066406,2092700
2022-09-19,FTS.TO,49.09657669067383,1034300
2022-09-20,FTS.TO,48.00821304321289,1772600
2022-09-21,FTS.TO,48.136756896972656,1080900
2022-09-22,FTS.TO,48.22245407104492,843700
2022-09-23,FTS.TO,48.153892517089844,1182400
2022-09-26,FTS.TO,47.5797119140625,1276900
2022-09-27,FTS.TO,46.89412307739258,1287500
2022-09-28,FTS.TO,46.91127014160156,1236500
2022-09-29,FTS.TO,45.437255859375,1816600
2022-09-30,FTS.TO,44.97447967529297,1928800
2022-10-03,FTS.TO,45.420108795166016,1284000
2022-10-04,FTS.TO,46.02000045776367,1037400
2022-10-05,FTS.TO,45.04304885864258,1339600
2022-10-06,FTS.TO,43.66330337524414,2463300
2022-10-07,FTS.TO,43.53474426269531,1631200
2022-10-11,FTS.TO,43.071983337402344,1522700
2022-10-12,FTS.TO,41.9921760559082,1577200
2022-10-13,FTS.TO,43.63758850097656,1706900
2022-10-14,FTS.TO,43.08055114746094,1498500
2022-10-17,FTS.TO,44.091793060302734,3944200
2022-10-18,FTS.TO,44.46886444091797,2219200
2022-10-19,FTS.TO,44.02323913574219,2217600
2022-10-20,FTS.TO,43.1748161315918,3000000
2022-10-21,FTS.TO,43.92896270751953,1780700
2022-10-24,FTS.TO,44.24604797363281,2181500
2022-10-25,FTS.TO,44.4260139465332,1753400
2022-10-26,FTS.TO,44.37459182739258,2507200
2022-10-27,FTS.TO,44.67454528808594,1367200
2022-10-28,FTS.TO,45.394405364990234,1828300
2022-10-31,FTS.TO,45.548667907714844,2932600
2022-11-01,FTS.TO,45.197303771972656,946300
2022-11-02,FTS.TO,45.497249603271484,2007300
2022-11-03,FTS.TO,45.7286376953125,1076900
2022-11-04,FTS.TO,45.72005844116211,953400
2022-11-07,FTS.TO,45.068756103515625,1867000
2022-11-08,FTS.TO,45.068756103515625,946200
2022-11-09,FTS.TO,45.08589172363281,1389000
2022-11-10,FTS.TO,46.122840881347656,1961600
2022-11-11,FTS.TO,45.8143310546875,2186000
2022-11-14,FTS.TO,45.3087043762207,6621300
2022-11-15,FTS.TO,45.300140380859375,3274900
2022-11-16,FTS.TO,46.22269058227539,2483600
2022-11-17,FTS.TO,45.538352966308594,4205800
2022-11-18,FTS.TO,46.283321380615234,4331600
2022-11-21,FTS.TO,46.092750549316406,7315500
2022-11-22,FTS.TO,46.248680114746094,1828200
2022-11-23,FTS.TO,46.629825592041016,1735300
2022-11-24,FTS.TO,46.31797790527344,1139500
2022-11-25,FTS.TO,46.85504150390625,1514900
2022-11-28,FTS.TO,46.71644592285156,2374400
2022-11-29,FTS.TO,46.30065155029297,1968300
2022-11-30,FTS.TO,46.89834976196289,3365400
2022-12-01,FTS.TO,46.89834976196289,1021800
2022-12-02,FTS.TO,46.83772277832031,1770900
2022-12-05,FTS.TO,47.019622802734375,1384100
2022-12-06,FTS.TO,47.27083969116211,983000
2022-12-07,FTS.TO,47.17555236816406,1571900
2022-12-08,FTS.TO,47.28816604614258,1091700
2022-12-09,FTS.TO,47.625999450683594,1048500
2022-12-12,FTS.TO,48.067779541015625,1946100
2022-12-13,FTS.TO,48.15440368652344,2500000
2022-12-14,FTS.TO,48.32765579223633,2594100
2022-12-15,FTS.TO,48.22370529174805,1461900
2022-12-16,FTS.TO,47.6953010559082,3510300
2022-12-19,FTS.TO,47.07160186767578,1052900
2022-12-20,FTS.TO,47.123573303222656,920800
2022-12-21,FTS.TO,47.608673095703125,1729600
2022-12-22,FTS.TO,47.27083969116211,1007700
2022-12-23,FTS.TO,47.72127914428711,817900
2022-12-28,FTS.TO,47.30548858642578,708700
2022-12-29,FTS.TO,47.383445739746094,881700
2022-12-30,FTS.TO,46.93299865722656,1166000
2023-01-03,FTS.TO,47.93785095214844,776500
2023-01-04,FTS.TO,47.81657409667969,726100
2023-01-05,FTS.TO,47.11491012573242,2831800
2023-01-06,FTS.TO,47.78192138671875,728500
2023-01-09,FTS.TO,47.70396041870117,749300
2023-01-10,FTS.TO,47.885868072509766,687300
2023-01-11,FTS.TO,48.483577728271484,932800
2023-01-12,FTS.TO,48.28434371948242,1282700
2023-01-13,FTS.TO,48.509559631347656,1438900
2023-01-16,FTS.TO,48.50090026855469,911300
2023-01-17,FTS.TO,48.8387336730957,2525200
2023-01-18,FTS.TO,48.3969612121582,2349900
2023-01-19,FTS.TO,48.414283752441406,1698600
2023-01-20,FTS.TO,48.3969612121582,4480900
2023-01-23,FTS.TO,48.128421783447266,3414400
2023-01-24,FTS.TO,48.24102783203125,1866300
2023-01-25,FTS.TO,48.05046081542969,2545900
2023-01-26,FTS.TO,47.64332580566406,2480900
2023-01-27,FTS.TO,47.41809844970703,2482900
2023-01-30,FTS.TO,47.35745620727539,3663200
2023-01-31,FTS.TO,47.35745620727539,1966700
2023-02-01,FTS.TO,47.82522964477539,1476200
2023-02-02,FTS.TO,48.1110954284668,2326800
2023-02-03,FTS.TO,47.70396041870117,1406700
2023-02-06,FTS.TO,48.19771957397461,2194500
2023-02-07,FTS.TO,47.30548858642578,1657200
2023-02-08,FTS.TO,46.84638595581055,1322700
2023-02-09,FTS.TO,46.44791030883789,2452300
2023-02-10,FTS.TO,47.981163024902344,3605300
2023-02-13,FTS.TO,48.24102783203125,2024300
2023-02-14,FTS.TO,48.24540710449219,2457400
2023-02-15,FTS.TO,48.140384674072266,1983200
2023-02-16,FTS.TO,48.08788299560547,1880500
2023-02-17,FTS.TO,48.77922821044922,3444300
2023-02-21,FTS.TO,48.50794219970703,3548300
2023-02-22,FTS.TO,48.38542556762695,3925100
2023-02-23,FTS.TO,47.939117431640625,1659900
2023-02-24,FTS.TO,47.95661544799805,1654600
2023-02-27,FTS.TO,47.84284591674805,4576500
2023-02-28,FTS.TO,47.25651550292969,4693300
2023-03-01,FTS.TO,46.80145263671875,2630900
2023-03-02,FTS.TO,46.958980560302734,2677500
2023-03-03,FTS.TO,47.69408416748047,2326600
2023-03-06,FTS.TO,47.58905792236328,2210900
2023-03-07,FTS.TO,47.274024963378906,1539500
2023-03-08,FTS.TO,47.30027389526367,2522100
2023-03-09,FTS.TO,47.10775375366211,1413000
2023-03-10,FTS.TO,46.617679595947266,2072200
2023-03-13,FTS.TO,47.8866081237793,2524900
2023-03-14,FTS.TO,48.35917282104492,2266700
2023-03-15,FTS.TO,49.54057693481445,2781700
2023-03-16,FTS.TO,50.065650939941406,1602300
2023-03-17,FTS.TO,50.67823791503906,3729900
2023-03-20,FTS.TO,50.27568435668945,1830500
2023-03-21,FTS.TO,48.998008728027344,1276100
2023-03-22,FTS.TO,48.49043655395508,1156400
2023-03-23,FTS.TO,47.71158218383789,1284400
2023-03-24,FTS.TO,49.146785736083984,1325600
2023-03-27,FTS.TO,49.66310501098633,2992100
2023-03-28,FTS.TO,49.75936508178711,688400
2023-03-29,FTS.TO,49.969390869140625,983000
2023-03-30,FTS.TO,50.5119743347168,880700
2023-03-31,FTS.TO,50.27568435668945,1422200
2023-04-03,FTS.TO,49.794368743896484,1299300
2023-04-04,FTS.TO,50.42445373535156,577600
2023-04-05,FTS.TO,51.78964614868164,1392500
2023-04-06,FTS.TO,52.21845245361328,2610900
2023-04-10,FTS.TO,52.183448791503906,700100
2023-04-11,FTS.TO,52.6560173034668,887100
2023-04-12,FTS.TO,52.56850051879883,635500
2023-04-13,FTS.TO,52.235958099365234,1036700
2023-04-14,FTS.TO,51.885902404785156,913300
2023-04-17,FTS.TO,52.03467559814453,2829300
2023-04-18,FTS.TO,51.973419189453125,2740700
2023-04-19,FTS.TO,52.270957946777344,864900
2023-04-20,FTS.TO,52.0959358215332,2003900
2023-04-21,FTS.TO,52.3497200012207,1263600
2023-04-24,FTS.TO,52.235958099365234,1991700
2023-04-25,FTS.TO,52.56850051879883,1309200
2023-04-26,FTS.TO,52.384727478027344,726200
2023-04-27,FTS.TO,52.40223693847656,679400
2023-04-28,FTS.TO,52.06093215942383,1028200
2023-05-01,FTS.TO,52.08718490600586,1850500
2023-05-02,FTS.TO,52.157188415527344,2068900
2023-05-03,FTS.TO,52.92729949951172,1770700
2023-05-04,FTS.TO,53.11982727050781,830100
2023-05-05,FTS.TO,53.24234390258789,1300200
2023-05-08,FTS.TO,53.618648529052734,3024500
2023-05-09,FTS.TO,53.609893798828125,881100
2023-05-10,FTS.TO,53.697410583496094,2473100
2023-05-11,FTS.TO,53.513633728027344,2118000
2023-05-12,FTS.TO,53.86368179321289,2820200
2023-05-15,FTS.TO,53.66240310668945,2691300
2023-05-16,FTS.TO,52.624568939208984,1825300
2023-05-17,FTS.TO,51.76780700683594,3942500
2023-05-18,FTS.TO,51.2025260925293,4230400
2023-05-19,FTS.TO,51.80314636230469,1582000
2023-05-23,FTS.TO,51.29085159301758,2023800
2023-05-24,FTS.TO,51.45866775512695,1630500
2023-05-25,FTS.TO,50.778560638427734,2247800
2023-05-26,FTS.TO,50.75206756591797,1988400
2023-05-29,FTS.TO,50.69023132324219,312500
2023-05-30,FTS.TO,50.17794418334961,1618800
2023-05-31,FTS.TO,50.43408966064453,2186800
2023-06-01,FTS.TO,50.1602783203125,1331900
2023-06-02,FTS.TO,50.911048889160156,1971300
2023-06-05,FTS.TO,50.90221405029297,1884600
2023-06-06,FTS.TO,50.44292449951172,1372800
2023-06-07,FTS.TO,50.47825241088867,763100
2023-06-08,FTS.TO,50.654903411865234,2724100
2023-06-09,FTS.TO,50.71673583984375,929000
2023-06-12,FTS.TO,50.82272720336914,1106600
2023-06-13,FTS.TO,50.21327590942383,1669400
2023-06-14,FTS.TO,49.89530563354492,1907300
2023-06-15,FTS.TO,49.82464599609375,1432800
2023-06-16,FTS.TO,49.94829559326172,4544300
2023-06-19,FTS.TO,49.8864631652832,233000
2023-06-20,FTS.TO,49.63032150268555,2475000
2023-06-21,FTS.TO,49.83346939086914,1092800
2023-06-22,FTS.TO,49.52433395385742,507500
2023-06-23,FTS.TO,48.959049224853516,785300
2023-06-26,FTS.TO,49.53316879272461,632600
2023-06-27,FTS.TO,49.85114288330078,2032400
2023-06-28,FTS.TO,49.66565704345703,1148600
2023-06-29,FTS.TO,49.700984954833984,640800
2023-06-30,FTS.TO,50.42525863647461,1118600
2023-07-04,FTS.TO,50.257442474365234,251300
2023-07-05,FTS.TO,50.47825241088867,756600
2023-07-06,FTS.TO,50.080787658691406,1357800
2023-07-07,FTS.TO,49.444847106933594,536800
2023-07-10,FTS.TO,48.667572021484375,1241800
2023-07-11,FTS.TO,48.96787643432617,753100
2023-07-12,FTS.TO,49.73631286621094,1336400
2023-07-13,FTS.TO,50.16910934448242,1561200
2023-07-14,FTS.TO,50.64607620239258,934900
2023-07-17,FTS.TO,49.912967681884766,1420700
2023-07-18,FTS.TO,49.49783706665039,1873300
2023-07-19,FTS.TO,50.080787658691406,1518400
2023-07-20,FTS.TO,50.760902404785156,2496800
2023-07-21,FTS.TO,50.734397888183594,1389500
2023-07-24,FTS.TO,50.44292449951172,1255200
2023-07-25,FTS.TO,50.699073791503906,391200
2023-07-26,FTS.TO,50.63724136352539,1710100
2023-07-27,FTS.TO,50.0631217956543,812900
2023-07-28,FTS.TO,49.5155029296875,1485400
2023-07-31,FTS.TO,49.64799118041992,1577100
2023-08-01,FTS.TO,49.065040588378906,1268500
2023-08-02,FTS.TO,48.959049224853516,1924900
2023-08-03,FTS.TO,46.96288299560547,2675600
2023-08-04,FTS.TO,47.46634292602539,1678200
2023-08-08,FTS.TO,47.56349563598633,935400
2023-08-09,FTS.TO,48.31427001953125,617300
2023-08-10,FTS.TO,48.09345626831055,758000
2023-08-11,FTS.TO,48.16411209106445,774000
2023-08-14,FTS.TO,47.863807678222656,2251200
2023-08-15,FTS.TO,47.30735778808594,4765300
2023-08-16,FTS.TO,47.59000015258789,2295800
2023-08-17,FTS.TO,47.6341667175293,1525600
2023-08-18,FTS.TO,47.942108154296875,3207100
2023-08-21,FTS.TO,47.451171875,3133700
2023-08-22,FTS.TO,47.71002960205078,2320300
2023-08-23,FTS.TO,47.87070083618164,919000
2023-08-24,FTS.TO,47.772518157958984,1442700
2023-08-25,FTS.TO,47.69218444824219,1209900
2023-08-28,FTS.TO,47.61184310913086,2529600
2023-08-29,FTS.TO,47.977813720703125,990300
2023-08-30,FTS.TO,47.87962341308594,1015000
2023-08-31,FTS.TO,47.29943084716797,2760400
2023-09-01,FTS.TO,47.665409088134766,905700
2023-09-05,FTS.TO,47.21909713745117,789700
2023-09-06,FTS.TO,46.808502197265625,1420800
2023-09-07,FTS.TO,47.61184310913086,1487900
2023-09-08,FTS.TO,47.63862609863281,1038700
2023-09-11,FTS.TO,48.15633773803711,846700
2023-09-12,FTS.TO,48.39734649658203,1309900
2023-09-13,FTS.TO,49.25424575805664,1352400
2023-09-14,FTS.TO,50.04867172241211,1549300
2023-09-15,FTS.TO,50.4324951171875,4109100
2023-09-18,FTS.TO,50.31645202636719,1527000
2023-09-19,FTS.TO,49.07573318481445,1698700
2023-09-20,FTS.TO,49.36136245727539,1153500
2023-09-21,FTS.TO,48.522308349609375,1173500
2023-09-22,FTS.TO,48.522308349609375,933200
2023-09-25,FTS.TO,48.15633773803711,1033500
2023-09-26,FTS.TO,47.19232177734375,893100
2023-09-27,FTS.TO,46.014068603515625,1214300
2023-09-28,FTS.TO,46.156890869140625,966700
2023-09-29,FTS.TO,46.049781799316406,1206000
2023-10-02,FTS.TO,45.192867279052734,1900300
2023-10-03,FTS.TO,45.192867279052734,1596400
2023-10-04,FTS.TO,46.61212158203125,2131700
2023-10-05,FTS.TO,47.56721878051758,1345500
2023-10-06,FTS.TO,47.71002960205078,1650900
2023-10-10,FTS.TO,48.32593536376953,1508300
2023-10-11,FTS.TO,49.44169235229492,1839000
2023-10-12,FTS.TO,48.959686279296875,1340100
2023-10-13,FTS.TO,48.56693649291992,1065500
2023-10-16,FTS.TO,49.21854019165039,1238700
2023-10-17,FTS.TO,48.772239685058594,1437500
2023-10-18,FTS.TO,48.44196701049805,1594600
2023-10-19,FTS.TO,48.1741828918457,1940400
2023-10-20,FTS.TO,47.79037094116211,1450100
2023-10-23,FTS.TO,48.04029846191406,2275700
2023-10-24,FTS.TO,48.415191650390625,1957700
2023-10-25,FTS.TO,48.62942123413086,661700
2023-10-26,FTS.TO,49.55773162841797,2180800
2023-10-27,FTS.TO,49.08465576171875,924700
2023-10-30,FTS.TO,49.548805236816406,1255600
2023-10-31,FTS.TO,49.14713668823242,2896000
2023-11-01,FTS.TO,50.00404357910156,1394700
2023-11-02,FTS.TO,51.09302520751953,1418200
2023-11-03,FTS.TO,50.74490737915039,1435900
2023-11-06,FTS.TO,50.4414176940918,1592400
2023-11-07,FTS.TO,49.89693069458008,2374500
2023-11-08,FTS.TO,49.82551956176758,3494600
2023-11-09,FTS.TO,50.2093391418457,1268700
2023-11-10,FTS.TO,49.71840286254883,1218200
2023-11-13,FTS.TO,49.611297607421875,655300
2023-11-14,FTS.TO,50.29860305786133,1426100
2023-11-15,FTS.TO,50.655643463134766,1418600
2023-11-16,FTS.TO,50.95330810546875,1133100
2023-11-17,FTS.TO,50.926239013671875,1396500
2023-11-20,FTS.TO,50.76388931274414,2401100
2023-11-21,FTS.TO,50.60152816772461,1708100
2023-11-22,FTS.TO,50.70074462890625,1855900
2023-11-23,FTS.TO,50.72780227661133,296000
2023-11-24,FTS.TO,50.26778793334961,637900
2023-11-27,FTS.TO,50.06032943725586,2302500
2023-11-28,FTS.TO,49.816795349121094,1414800
2023-11-29,FTS.TO,49.03207015991211,1519300
2023-11-30,FTS.TO,49.03207015991211,3720700
2023-12-01,FTS.TO,49.46502685546875,1457900
2023-12-04,FTS.TO,49.64542007446289,991000
2023-12-05,FTS.TO,49.627376556396484,1598900
2023-12-06,FTS.TO,50.20465850830078,1243500
2023-12-07,FTS.TO,50.105430603027344,1374700
2023-12-08,FTS.TO,49.90699768066406,786500
2023-12-11,FTS.TO,49.90699768066406,1753300
2023-12-12,FTS.TO,48.8336296081543,1853800
2023-12-13,FTS.TO,50.26778793334961,2485300
2023-12-14,FTS.TO,50.123470306396484,1759600
2023-12-15,FTS.TO,49.510128021240234,3754500
2023-12-18,FTS.TO,48.97794723510742,1027100
2023-12-19,FTS.TO,49.16736602783203,623000
2023-12-20,FTS.TO,48.31048583984375,978000
2023-12-21,FTS.TO,48.382633209228516,715500
2023-12-22,FTS.TO,48.67127227783203,557800
2023-12-27,FTS.TO,48.923831939697266,886800
2023-12-28,FTS.TO,48.95991134643555,671900
2023-12-29,FTS.TO,49.16736602783203,911700
2024-01-02,FTS.TO,49.347755432128906,815100
2024-01-03,FTS.TO,49.64542007446289,1263000
2024-01-04,FTS.TO,49.87092208862305,963400
2024-01-05,FTS.TO,50.186607360839844,1008200
2024-01-08,FTS.TO,50.574466705322266,976000
2024-01-09,FTS.TO,50.4211311340332,1169000
2024-01-10,FTS.TO,50.40308380126953,891900
2024-01-11,FTS.TO,49.56424331665039,718800
2024-01-12,FTS.TO,49.64542007446289,761500
2024-01-15,FTS.TO,50.0062141418457,224300
2024-01-16,FTS.TO,49.90699768066406,520000
2024-01-17,FTS.TO,49.19442367553711,1321500
2024-01-18,FTS.TO,48.554019927978516,2079800
2024-01-19,FTS.TO,49.05010986328125,1672900
2024-01-22,FTS.TO,48.8336296081543,1381700
2024-01-23,FTS.TO,48.34654998779297,1525800
2024-01-24,FTS.TO,48.13008117675781,2187500
2024-01-25,FTS.TO,48.382633209228516,1195300
2024-01-26,FTS.TO,48.16616439819336,697600
2024-01-29,FTS.TO,48.581077575683594,1487600
2024-01-30,FTS.TO,48.716373443603516,881600
2024-01-31,FTS.TO,48.65323257446289,1272700
2024-02-01,FTS.TO,48.86069107055664,937200
2024-02-02,FTS.TO,48.59009552001953,1522200
2024-02-05,FTS.TO,48.17517852783203,1681200
2024-02-06,FTS.TO,48.27439880371094,1302500
2024-02-07,FTS.TO,47.78732681274414,1748500
2024-02-08,FTS.TO,47.273189544677734,2850900
2024-02-09,FTS.TO,47.40849304199219,2178000
2024-02-12,FTS.TO,47.841453552246094,2300900
2024-02-13,FTS.TO,47.11083221435547,4067000
2024-02-14,FTS.TO,47.46260452270508,1772500
2024-02-15,FTS.TO,48.046424865722656,2451300
2024-02-16,FTS.TO,48.30184555053711,2624400
2024-02-20,FTS.TO,48.90391540527344,2591800
2024-02-21,FTS.TO,49.068111419677734,1676400
2024-02-22,FTS.TO,49.08635711669922,2010100
2024-02-23,FTS.TO,48.50253677368164,2674400
2024-02-26,FTS.TO,47.553829193115234,2735400
2024-02-27,FTS.TO,47.79100036621094,1914400
2024-02-28,FTS.TO,47.83662033081055,655800
2024-02-29,FTS.TO,47.736270904541016,4013600
2024-03-01,FTS.TO,47.6906623840332,1662800
2024-03-04,FTS.TO,48.30184555053711,1569000
2024-03-05,FTS.TO,48.393070220947266,1610900
2024-03-06,FTS.TO,48.621124267578125,1376500
2024-03-07,FTS.TO,49.42387390136719,2124200
2024-03-08,FTS.TO,49.31440734863281,2891300
2024-03-11,FTS.TO,49.259674072265625,1186700
2024-03-12,FTS.TO,48.90391540527344,1190300
2024-03-13,FTS.TO,48.8309326171875,1018000
2024-03-14,FTS.TO,48.621124267578125,1434100
2024-03-15,FTS.TO,49.077239990234375,4738800
2024-03-18,FTS.TO,48.8674201965332,795900
2024-03-19,FTS.TO,48.69410705566406,818200
2024-03-20,FTS.TO,48.82181167602539,1076600
2024-03-21,FTS.TO,48.90391540527344,1072900
2024-03-22,FTS.TO,49.068111419677734,1000800
2024-03-25,FTS.TO,48.739715576171875,1102200
2024-03-26,FTS.TO,48.2562370300293,2780100
2024-03-27,FTS.TO,48.71234893798828,699100
2024-03-28,FTS.TO,48.82181167602539,890900
2024-04-01,FTS.TO,48.70322036743164,698400
2024-04-02,FTS.TO,48.77619552612305,776700
2024-04-03,FTS.TO,48.52989959716797,857600
2024-04-04,FTS.TO,48.292720794677734,847500
2024-04-05,FTS.TO,48.11029052734375,908900
2024-04-08,FTS.TO,48.52077865600586,891000
2024-04-09,FTS.TO,48.58463668823242,1413300
2024-04-10,FTS.TO,47.663299560546875,1303900
2024-04-11,FTS.TO,47.36226272583008,1006500
2024-04-12,FTS.TO,47.28929138183594,997700
2024-04-15,FTS.TO,47.188934326171875,823900
2024-04-16,FTS.TO,46.81493377685547,1690500
2024-04-17,FTS.TO,47.28017044067383,2807700
2024-04-18,FTS.TO,47.781890869140625,1822300
2024-04-19,FTS.TO,48.24711608886719,1794100
2024-04-22,FTS.TO,48.75795364379883,2481800
2024-04-23,FTS.TO,48.68497848510742,2678500
2024-04-24,FTS.TO,48.94040298461914,1483300
2024-04-25,FTS.TO,49.00425338745117,1179500
2024-04-26,FTS.TO,48.69410705566406,1310800
2024-04-29,FTS.TO,49.3052864074707,2578300
2024-04-30,FTS.TO,49.31440734863281,1190700
2024-05-01,FTS.TO,49.58807373046875,1272600
2024-05-02,FTS.TO,49.606319427490234,1136500
2024-05-03,FTS.TO,49.797882080078125,825000
2024-05-06,FTS.TO,49.96208953857422,1736800
2024-05-07,FTS.TO,50.326969146728516,1061500
2024-05-08,FTS.TO,50.60974884033203,1526000
2024-05-09,FTS.TO,51.11147689819336,1749000
2024-05-10,FTS.TO,51.25743103027344,1127200
2024-05-13,FTS.TO,50.89253616333008,1476200
2024-05-14,FTS.TO,50.764835357666016,3515400
2024-05-15,FTS.TO,51.01112747192383,3323400
2024-05-16,FTS.TO,51.22317886352539,2943500
2024-05-17,FTS.TO,51.15864562988281,5347100
2024-05-21,FTS.TO,51.5181999206543,3451200
2024-05-22,FTS.TO,51.06644821166992,2617200
2024-05-23,FTS.TO,50.255130767822266,3153000
2024-05-24,FTS.TO,50.27357482910156,2191000
2024-05-27,FTS.TO,50.18138122558594,684100
2024-05-28,FTS.TO,49.42538833618164,1437300
2024-05-29,FTS.TO,48.57720184326172,5035100
2024-05-30,FTS.TO,49.21334457397461,2440200
2024-05-31,FTS.TO,50.255130767822266,2546700
2024-06-03,FTS.TO,50.144500732421875,1692300
2024-06-04,FTS.TO,50.72532653808594,1251400
2024-06-05,FTS.TO,51.37990951538086,1537000
2024-06-06,FTS.TO,51.2692756652832,801400
2024-06-07,FTS.TO,50.77142333984375,1152500
2024-06-10,FTS.TO,50.596256256103516,1422700
2024-06-11,FTS.TO,50.301239013671875,1293200
2024-06-12,FTS.TO,49.867923736572266,1190800
2024-06-13,FTS.TO,49.81260681152344,1662600
2024-06-14,FTS.TO,49.4991455078125,1018500
2024-06-17,FTS.TO,49.0934944152832,1571000
2024-06-18,FTS.TO,48.66017532348633,1013600
2024-06-19,FTS.TO,48.24530029296875,685700
2024-06-20,FTS.TO,48.62329864501953,1058700
2024-06-21,FTS.TO,48.58641815185547,4747400
2024-06-24,FTS.TO,49.582115173339844,1263400
2024-06-25,FTS.TO,49.259437561035156,1384400
2024-06-26,FTS.TO,48.87221908569336,940700
2024-06-27,FTS.TO,49.24100112915039,846100
2024-06-28,FTS.TO,49.01972961425781,865900
2024-07-02,FTS.TO,48.86300277709961,1300900
2024-07-03,FTS.TO,49.38850402832031,847000
2024-07-04,FTS.TO,49.35163879394531,227300
2024-07-05,FTS.TO,49.148807525634766,737800
2024-07-08,FTS.TO,49.333187103271484,500400
2024-07-09,FTS.TO,49.36084747314453,406200
2024-07-10,FTS.TO,50.00621032714844,1395000
2024-07-11,FTS.TO,50.1998176574707,857500
2024-07-12,FTS.TO,50.209041595458984,625900
2024-07-15,FTS.TO,49.83104705810547,965200
2024-07-16,FTS.TO,50.18138122558594,1182300
2024-07-17,FTS.TO,50.78986740112305,2103700
2024-07-18,FTS.TO,51.44443893432617,2110000
2024-07-19,FTS.TO,51.27849197387695,640300
2024-07-22,FTS.TO,51.45366287231445,2974000
2024-07-23,FTS.TO,51.17708206176758,1007700
2024-07-24,FTS.TO,52.05292892456055,1938100
2024-07-25,FTS.TO,51.89619445800781,1307100
2024-07-26,FTS.TO,52.301849365234375,1450900
2024-07-29,FTS.TO,52.44013977050781,2528500
2024-07-30,FTS.TO,52.661407470703125,1027600
2024-07-31,FTS.TO,53.214576721191406,1577400
2024-08-01,FTS.TO,53.38052749633789,2024000
2024-08-02,FTS.TO,54.40387725830078,1735500
2024-08-06,FTS.TO,53.87837600708008,2791600
2024-08-07,FTS.TO,54.10886001586914,2116900
2024-08-08,FTS.TO,54.50529861450195,1057700
2024-08-09,FTS.TO,54.38544845581055,1655400
2024-08-12,FTS.TO,54.173397064208984,1735800
2024-08-13,FTS.TO,54.920169830322266,1055900
2024-08-14,FTS.TO,54.920169830322266,2628800
2024-08-15,FTS.TO,55.22441482543945,2119300
2024-08-16,FTS.TO,55.26128387451172,939300
2024-08-19,FTS.TO,55.39036178588867,1893700
2024-08-20,FTS.TO,55.315879821777344,3687700
2024-08-21,FTS.TO,55.24138641357422,1682500
2024-08-22,FTS.TO,55.30656051635742,2589300
2024-08-23,FTS.TO,55.390357971191406,1096900
2024-08-26,FTS.TO,55.092411041259766,3842600
2024-08-27,FTS.TO,54.887577056884766,2897000
2024-08-28,FTS.TO,54.94343566894531,1432200
2024-08-29,FTS.TO,54.94343566894531,2440900
2024-08-30,FTS.TO,55.21345138549805,1379200
2024-09-03,FTS.TO,56.22834014892578,2975100
2024-09-04,FTS.TO,56.34006881713867,978700
2024-09-05,FTS.TO,56.91734313964844,1189300
2024-09-06,FTS.TO,56.34938049316406,1742100
2024-09-09,FTS.TO,56.79630661010742,1533400
2024-09-10,FTS.TO,56.3773078918457,2113300
2024-09-11,FTS.TO,56.56352996826172,1358000
2024-09-12,FTS.TO,57.11286926269531,1471600
2024-09-13,FTS.TO,57.57841491699219,1096000
2024-09-16,FTS.TO,57.71808624267578,1078600
2024-09-17,FTS.TO,57.41082000732422,1294100
2024-09-18,FTS.TO,56.93596649169922,787200
2024-09-19,FTS.TO,56.312137603759766,1564400
2024-09-20,FTS.TO,56.423866271972656,2752600
2024-09-23,FTS.TO,56.60077667236328,759000
2024-09-24,FTS.TO,56.49835968017578,747700
2024-09-25,FTS.TO,56.5169792175293,825300
2024-09-26,FTS.TO,56.91734313964844,1051500
2024-09-27,FTS.TO,57.3270263671875,1242300
2024-09-30,FTS.TO,57.21529769897461,1253800
2024-10-01,FTS.TO,57.3270263671875,715300
2024-10-02,FTS.TO,57.5318603515625,944400
2024-10-03,FTS.TO,56.665950775146484,1145100
2024-10-04,FTS.TO,56.1724739074707,912200
2024-10-07,FTS.TO,55.40898513793945,2452400
2024-10-08,FTS.TO,55.390357971191406,928700
2024-10-09,FTS.TO,55.334495544433594,857000
2024-10-10,FTS.TO,55.21345138549805,1201900
2024-10-11,FTS.TO,55.623130798339844,1079300
2024-10-15,FTS.TO,57.06631851196289,1321900
2024-10-16,FTS.TO,57.44805908203125,1023700
2024-10-17,FTS.TO,57.50392532348633,2386200
2024-10-18,FTS.TO,57.81119155883789,1199300
2024-10-21,FTS.TO,57.75532913208008,2484900
2024-10-22,FTS.TO,57.58772659301758,621200
2024-10-23,FTS.TO,57.8018798828125,1666800
2024-10-24,FTS.TO,57.04769515991211,1246500
2024-10-25,FTS.TO,56.69388198852539,1001200
2024-10-28,FTS.TO,56.777679443359375,3278500
2024-10-29,FTS.TO,56.09798812866211,3145800
2024-10-30,FTS.TO,55.96763610839844,2196700
2024-10-31,FTS.TO,56.07936477661133,1332600
2024-11-01,FTS.TO,55.623130798339844,797500
2024-11-04,FTS.TO,55.129661560058594,2347500
2024-11-05,FTS.TO,56.78699493408203,1286100
2024-11-06,FTS.TO,56.53560256958008,3570300
2024-11-07,FTS.TO,56.60077667236328,1976400
2024-11-08,FTS.TO,57.233917236328125,1194900
2024-11-11,FTS.TO,57.40151596069336,509600
2024-11-12,FTS.TO,57.47599792480469,3314600
2024-11-13,FTS.TO,57.354949951171875,2464100
2024-11-14,FTS.TO,57.978782653808594,1421400
2024-11-15,FTS.TO,57.922908782958984,2663400
2024-11-18,FTS.TO,58.27556228637695,2511100
2024-11-19,FTS.TO,58.77396774291992,1591900
2024-11-20,FTS.TO,58.77396774291992,2757700
2024-11-21,FTS.TO,58.84918975830078,2306700
2024-11-22,FTS.TO,59.36640548706055,2032800
2024-11-25,FTS.TO,59.150115966796875,3815600
2024-11-26,FTS.TO,58.9808464050293,2100400
2024-11-27,FTS.TO,59.13131332397461,984000
2024-11-28,FTS.TO,58.943233489990234,357600
2024-11-29,FTS.TO,58.85860061645508,1724300
2024-12-02,FTS.TO,59.291175842285156,1694000
2024-12-03,FTS.TO,58.59528732299805,1287600
2024-12-04,FTS.TO,59.12190246582031,2064900
2024-12-05,FTS.TO,59.23475646972656,1182600
2024-12-06,FTS.TO,59.225345611572266,1373200
2024-12-09,FTS.TO,58.50124740600586,3287200
2024-12-10,FTS.TO,58.13450241088867,1716300
2024-12-11,FTS.TO,57.35398864746094,1652600
2024-12-12,FTS.TO,56.60167694091797,3328700
2024-12-13,FTS.TO,56.66750717163086,1084700
2024-12-16,FTS.TO,56.32896423339844,1036100
2024-12-17,FTS.TO,56.41360855102539,1040800
2024-12-18,FTS.TO,55.77414321899414,974400
2024-12-19,FTS.TO,55.764732360839844,980500
2024-12-20,FTS.TO,56.43240737915039,3424700
2024-12-23,FTS.TO,56.705116271972656,1119900
2024-12-24,FTS.TO,56.47003173828125,398400
2024-12-27,FTS.TO,56.752140045166016,672500
2024-12-30,FTS.TO,56.27254104614258,753000
2024-12-31,FTS.TO,56.169097900390625,858400
2025-01-02,FTS.TO,56.06565856933594,669600
2025-01-03,FTS.TO,56.46061706542969,637700
2025-01-06,FTS.TO,55.8117561340332,777700
2025-01-07,FTS.TO,56.45121383666992,1023700
2025-01-08,FTS.TO,56.76154327392578,783800
2025-01-09,FTS.TO,56.65810012817383,1464200
2025-01-10,FTS.TO,55.40739059448242,3115400
2025-01-13,FTS.TO,55.125274658203125,2593500
2025-01-14,FTS.TO,54.68329620361328,1173600
2025-01-15,FTS.TO,55.24752426147461,1321900
2025-01-16,FTS.TO,56.545249938964844,1593900
2025-01-17,FTS.TO,57.07186508178711,1216400
2025-01-20,FTS.TO,56.949623107910156,375600
2025-01-21,FTS.TO,57.391597747802734,1408500
2025-01-22,FTS.TO,56.959022521972656,2060600
2025-01-23,FTS.TO,57.1000862121582,1376300
2025-01-24,FTS.TO,57.184715270996094,1437500
2025-01-27,FTS.TO,58.60469436645508,2880000
2025-01-28,FTS.TO,57.81476974487305,1662500
2025-01-29,FTS.TO,57.34457778930664,1601900
2025-01-30,FTS.TO,58.247344970703125,1377100
2025-01-31,FTS.TO,58.20973205566406,1161700
2025-02-03,FTS.TO,58.548274993896484,2706100
2025-02-04,FTS.TO,57.607887268066406,1547400
2025-02-05,FTS.TO,58.623497009277344,1356500
2025-02-06,FTS.TO,58.614097595214844,1713700
2025-02-07,FTS.TO,58.45423126220703,785400
2025-02-10,FTS.TO,58.85860061645508,2498900
2025-02-11,FTS.TO,59.018463134765625,1741200
2025-02-12,FTS.TO,58.96204376220703,1592400
2025-02-13,FTS.TO,59.14071273803711,2354200
2025-02-14,FTS.TO,59.84599685668945,4062600
2025-02-18,FTS.TO,58.76824951171875,2045300
2025-02-19,FTS.TO,59.35697555541992,1973100
2025-02-20,FTS.TO,58.92018508911133,3569700
2025-02-21,FTS.TO,59.565879821777344,2494200
2025-02-24,FTS.TO,59.57537841796875,2190600
2025-02-25,FTS.TO,60.012176513671875,2026100
2025-02-26,FTS.TO,59.83175277709961,1324500
2025-02-27,FTS.TO,59.57537841796875,1934200
2025-02-28,FTS.TO,60.24007034301758,3207900
2025-03-03,FTS.TO,60.77181625366211,4019000
2025-03-04,FTS.TO,60.77181625366211,3004700
2025-03-05,FTS.TO,60.35401916503906,2459700
2025-03-06,FTS.TO,59.34748458862305,1404700
2025-03-07,FTS.TO,60.96173095703125,1688000
2025-03-10,FTS.TO,61.60743713378906,2599000
2025-03-11,FTS.TO,60.80030822753906,1800100
2025-03-12,FTS.TO,60.80030822753906,1131200
2025-03-13,FTS.TO,61.455509185791016,3649500
2025-03-14,FTS.TO,61.256099700927734,1102000
2025-03-17,FTS.TO,61.41752624511719,905100
2025-03-18,FTS.TO,61.37003707885742,702500
2025-03-19,FTS.TO,61.41752624511719,713700
2025-03-20,FTS.TO,61.483985900878906,844200
2025-03-21,FTS.TO,61.2940788269043,2717500
2025-03-24,FTS.TO,61.11366653442383,1264800
2025-03-25,FTS.TO,60.24007034301758,1195200
2025-03-26,FTS.TO,60.50594711303711,852700
2025-03-27,FTS.TO,60.80030822753906,964900
2025-03-28,FTS.TO,61.55046463012695,1636800
2025-03-31,FTS.TO,62.243648529052734,1936100
2025-04-01,FTS.TO,62.699424743652344,1728000
2025-04-02,FTS.TO,62.77539825439453,776000
2025-04-03,FTS.TO,63.3166389465332,865000
2025-04-04,FTS.TO,62.395565032958984,2763600
2025-04-07,FTS.TO,61.075679779052734,2357800
2025-04-08,FTS.TO,60.249568939208984,2582300
2025-04-09,FTS.TO,59.51840591430664,2535100
2025-04-10,FTS.TO,60.0406608581543,1433400
2025-04-11,FTS.TO,61.37954330444336,1630500
2025-04-14,FTS.TO,62.47154235839844,1011600
2025-04-15,FTS.TO,62.80387878417969,2132400
2025-04-16,FTS.TO,62.73741149902344,2009500
2025-04-17,FTS.TO,63.33564376831055,2695400
2025-04-21,FTS.TO,63.23118209838867,1350900
2025-04-22,FTS.TO,64.22821807861328,3305500
2025-04-23,FTS.TO,63.67747116088867,1357300
2025-04-24,FTS.TO,63.895870208740234,1500900
2025-04-25,FTS.TO,63.94334030151367,1800100
2025-04-28,FTS.TO,63.79141616821289,2357600
2025-04-29,FTS.TO,64.13326263427734,1222800
2025-04-30,FTS.TO,64.82643127441406,1349200
2025-05-01,FTS.TO,64.3801498413086,1359900
2025-05-02,FTS.TO,63.696468353271484,2021000
2025-05-05,FTS.TO,63.92436599731445,1265400
2025-05-06,FTS.TO,64.12376403808594,1930200
2025-05-07,FTS.TO,65.36769104003906,1551900
2025-05-08,FTS.TO,64.11427307128906,1987600
2025-05-09,FTS.TO,63.53504943847656,933600
2025-05-12,FTS.TO,62.072723388671875,2636500
2025-05-13,FTS.TO,61.61693572998047,1648700
2025-05-14,FTS.TO,61.66440963745117,1590900
2025-05-15,FTS.TO,62.699424743652344,1344700
2025-05-16,FTS.TO,63.16429138183594,2994600
2025-05-20,FTS.TO,63.72979736328125,3590100
2025-05-21,FTS.TO,63.96942138671875,2639800
2025-05-22,FTS.TO,63.41350555419922,3355600
2025-05-23,FTS.TO,63.586029052734375,1691000
2025-05-26,FTS.TO,63.50935363769531,801800
2025-05-27,FTS.TO,64.28573608398438,2582400
2025-05-28,FTS.TO,63.49017333984375,1158100
2025-05-29,FTS.TO,63.80647659301758,1292800
2025-05-30,FTS.TO,64.26656341552734,4183100
2025-06-02,FTS.TO,63.96942138671875,1841900
2025-06-03,FTS.TO,63.67230224609375,1322100
2025-06-04,FTS.TO,63.173885345458984,1317500
2025-06-05,FTS.TO,62.94384765625,1515300
2025-06-06,FTS.TO,62.339996337890625,1839300
2025-06-09,FTS.TO,62.090789794921875,1282500
2025-06-10,FTS.TO,62.234561920166016,1628800
2025-06-11,FTS.TO,62.071624755859375,1576700
2025-06-12,FTS.TO,62.541282653808594,1840100
2025-06-13,FTS.TO,62.732975006103516,1800000
2025-06-16,FTS.TO,62.090789794921875,1240400
2025-06-17,FTS.TO,62.01411437988281,661500
2025-06-18,FTS.TO,62.13871765136719,1079200
2025-06-19,FTS.TO,61.745731353759766,337000
2025-06-20,FTS.TO,61.937435150146484,2147700
2025-06-23,FTS.TO,62.570030212402344,985000
2025-06-24,FTS.TO,62.28248977661133,688800
2025-06-25,FTS.TO,61.31441879272461,913600
2025-06-26,FTS.TO,61.58279037475586,736900
2025-06-27,FTS.TO,61.95660400390625,970300
2025-06-30,FTS.TO,62.320823669433594,999200
2025-07-02,FTS.TO,61.30482864379883,1686400
2025-07-03,FTS.TO,61.458187103271484,478200
2025-07-04,FTS.TO,61.63071823120117,259800
2025-07-07,FTS.TO,61.362335205078125,912700
2025-07-08,FTS.TO,61.41984939575195,919600
2025-07-09,FTS.TO,61.4294319152832,654400
2025-07-10,FTS.TO,61.755313873291016,1102800
2025-07-11,FTS.TO,61.9278450012207,1217400
2025-07-14,FTS.TO,61.9661865234375,1360200
2025-07-15,FTS.TO,61.85116195678711,727400
2025-07-16,FTS.TO,61.870338439941406,720800
2025-07-17,FTS.TO,61.889503479003906,1147200
2025-07-18,FTS.TO,62.15787887573242,900600
2025-07-21,FTS.TO,63.12596130371094,1801600
2025-07-22,FTS.TO,63.96942138671875,2484200
2025-07-23,FTS.TO,63.547691345214844,1230200
2025-07-24,FTS.TO,64.16111755371094,1280000
2025-07-25,FTS.TO,64.48700714111328,737100
2025-07-28,FTS.TO,63.6627082824707,1359400
2025-07-29,FTS.TO,64.42950439453125,1835400
2025-07-30,FTS.TO,64.98542022705078,987800
2025-07-31,FTS.TO,64.98542022705078,1165000
2025-08-01,FTS.TO,65.93431854248047,2012000
2025-08-05,FTS.TO,66.54776000976562,2219300
2025-08-06,FTS.TO,66.42314910888672,1499000
2025-08-07,FTS.TO,66.94073486328125,1132000
2025-08-08,FTS.TO,67.00782775878906,1124400
2025-08-11,FTS.TO,66.92156219482422,621900
2025-08-12,FTS.TO,66.73944854736328,767500
2025-08-13,FTS.TO,66.5956802368164,2046400
2025-08-14,FTS.TO,67.18994140625,668300
2025-08-15,FTS.TO,67.23786163330078,2230200
2025-08-18,FTS.TO,66.93115234375,1318200
2025-08-19,FTS.TO,67.36146545410156,2706400
2025-08-20,FTS.TO,68.20276641845703,1901200
2025-08-21,FTS.TO,68.28012084960938,2459900
2025-08-22,FTS.TO,67.73860168457031,1215600
2025-08-25,FTS.TO,67.29377746582031,1211400
2025-08-26,FTS.TO,66.62654876708984,2229100
2025-08-27,FTS.TO,66.67489624023438,2204500
2025-08-28,FTS.TO,65.95931243896484,1754700
2025-08-29,FTS.TO,66.09468841552734,1665000
2025-09-02,FTS.TO,66.01732635498047,1434500
2025-09-03,FTS.TO,65.9206314086914,1382200
2025-09-04,FTS.TO,66.44281768798828,2393100
2025-09-05,FTS.TO,65.9302978515625,781500
2025-09-08,FTS.TO,65.3597640991211,1312400
2025-09-09,FTS.TO,65.64019775390625,688600
2025-09-10,FTS.TO,65.65953826904297,707300
2025-09-11,FTS.TO,65.82392883300781,906800
2025-09-12,FTS.TO,66.1140365600586,509900
2025-09-15,FTS.TO,65.77558135986328,1603500
2025-09-16,FTS.TO,65.1663589477539,1454700
2025-09-17,FTS.TO,65.29207611083984,1110700
2025-09-18,FTS.TO,65.15670013427734,984700
2025-09-19,FTS.TO,65.69822692871094,2735800
2025-09-22,FTS.TO,65.73690795898438,1333200
2025-09-23,FTS.TO,65.98831939697266,900700
2025-09-24,FTS.TO,66.462158203125,891800
2025-09-25,FTS.TO,66.73292541503906,940800
2025-09-26,FTS.TO,66.90697479248047,662500
2025-09-29,FTS.TO,67.41948699951172,1397800
2025-09-30,FTS.TO,68.26078033447266,995900
2025-10-01,FTS.TO,67.9706802368164,917100
2025-10-02,FTS.TO,67.87398529052734,1036300
2025-10-03,FTS.TO,67.82563018798828,755300
2025-10-06,FTS.TO,68.09638977050781,622300
2025-10-07,FTS.TO,68.01902770996094,728000
2025-10-08,FTS.TO,67.99002075195312,724500
2025-10-09,FTS.TO,67.86430358886719,601900
2025-10-10,FTS.TO,69.1020736694336,773300
2025-10-14,FTS.TO,69.2181167602539,1657800
2025-10-15,FTS.TO,69.77898406982422,925300
2025-10-16,FTS.TO,69.9336929321289,1181700
2025-10-17,FTS.TO,70.07875061035156,627700
2025-10-20,FTS.TO,70.04006958007812,1340000
2025-10-21,FTS.TO,70.03038787841797,1363800
2025-10-22,FTS.TO,70.46554565429688,2172400
2025-10-23,FTS.TO,69.87567901611328,1673000
2025-10-24,FTS.TO,69.58557891845703,878400
2025-10-27,FTS.TO,69.17942810058594,2027900
2025-10-28,FTS.TO,68.31880187988281,2143300
2025-10-29,FTS.TO,67.69025421142578,1806300
2025-10-30,FTS.TO,68.32847595214844,1073200
2025-10-31,FTS.TO,68.17374420166016,987200
2025-11-03,FTS.TO,67.68058013916016,1808400
2025-11-04,FTS.TO,68.88932037353516,1500500
2025-11-05,FTS.TO,68.94735717773438,1138200
2025-11-06,FTS.TO,69.74029541015625,1486900
2025-11-07,FTS.TO,69.58557891845703,1043800
2025-11-10,FTS.TO,69.6339340209961,1549600
2025-11-11,FTS.TO,70.24313354492188,885700
2025-11-12,FTS.TO,71.30684661865234,4013600
2025-11-13,FTS.TO,71.0167465209961,2970000
2025-11-14,FTS.TO,70.91036987304688,3625200
2025-11-17,FTS.TO,71.46641540527344,2521700
2025-11-18,FTS.TO,70.90061950683594,4118900
2025-11-19,FTS.TO,70.66648864746094,2203100
2025-11-20,FTS.TO,70.79330444335938,1418500
2025-11-21,FTS.TO,70.88111114501953,1567200
2025-11-24,FTS.TO,70.78355407714844,4877600
2025-11-25,FTS.TO,71.45665740966797,3000200
2025-11-26,FTS.TO,71.78833770751953,834300
2025-11-27,FTS.TO,71.4468994140625,300900
2025-11-28,FTS.TO,71.46641540527344,2281400
2025-12-01,FTS.TO,71.28106689453125,1728500
2025-12-02,FTS.TO,70.50064849853516,2837100
2025-12-03,FTS.TO,69.54463958740234,2835000
2025-12-04,FTS.TO,69.36904907226562,1147800
2025-12-05,FTS.TO,68.94957733154297,1316600
2025-12-08,FTS.TO,68.44232177734375,2109500
2025-12-09,FTS.TO,67.91553497314453,1581500
2025-12-10,FTS.TO,67.41801452636719,1569400
2025-12-11,FTS.TO,67.55459594726562,1145300
2025-12-12,FTS.TO,68.44232177734375,1790700
2025-12-15,FTS.TO,69.3105239868164,1126600
2025-12-16,FTS.TO,68.82276153564453,1360700
2025-12-17,FTS.TO,69.43733978271484,1470900
2025-12-18,FTS.TO,69.1446762084961,1142300
2025-12-19,FTS.TO,68.38378143310547,3997800
2025-12-22,FTS.TO,68.68619537353516,1896700
2025-12-23,FTS.TO,69.20320892333984,832200
2025-12-24,FTS.TO,68.91055297851562,302500
2025-12-29,FTS.TO,69.24224090576172,1906600
2025-12-30,FTS.TO,69.56415557861328,749900
2025-12-31,FTS.TO,69.61293029785156,786500
2026-01-02,FTS.TO,69.50563049316406,666500
2026-01-05,FTS.TO,68.70570373535156,1085900
2026-01-06,FTS.TO,69.3105239868164,684300
2026-01-07,FTS.TO,69.25198364257812,1384100
2026-01-08,FTS.TO,69.82754516601562,1080800
2026-01-09,FTS.TO,69.8763198852539,529000
2026-01-12,FTS.TO,69.5348892211914,1601400
2026-01-13,FTS.TO,69.50563049316406,1231400
2026-01-14,FTS.TO,70.32505798339844,2490200
2026-01-15,FTS.TO,70.05191040039062,1703000
2026-01-16,FTS.TO,70.5103988647461,1700600
2026-01-19,FTS.TO,70.71526336669922,1213700
2026-01-20,FTS.TO,70.69575500488281,3560700
2026-01-21,FTS.TO,70.5591812133789,1716700
2026-01-22,FTS.TO,70.32505798339844,1174800
2026-01-23,FTS.TO,70.42261505126953,1561200
2026-01-26,FTS.TO,70.72501373291016,1985900
2026-01-27,FTS.TO,71.12498474121094,1191400
2026-01-28,FTS.TO,70.54942321777344,2659800
2026-01-29,FTS.TO,70.5591812133789,2484900
2026-01-30,FTS.TO,70.82257080078125,2407000
2026-02-02,FTS.TO,70.26651763916016,3152100
2026-02-03,FTS.TO,71.96392822265625,2348900
2026-02-04,FTS.TO,72.40290832519531,2528800
2026-02-05,FTS.TO,73.41744995117188,1673600
2026-02-06,FTS.TO,71.9346694946289,1934300
2026-02-09,FTS.TO,71.59323120117188,1218700
2026-02-10,FTS.TO,72.1590347290039,2046300
2026-02-11,FTS.TO,72.17854309082031,1783300
2026-02-12,FTS.TO,74.45149993896484,3071600
2026-02-13,FTS.TO,75.52456665039062,2457800
2026-02-17,FTS.TO,76.4393539428711,3156100
2026-02-18,FTS.TO,75.91802215576172,2308700
2026-02-19,FTS.TO,76.11475372314453,2138200
2026-02-20,FTS.TO,75.73112487792969,2098500
2026-02-23,FTS.TO,76.960693359375,2007800
2026-02-24,FTS.TO,76.57706451416016,1704900
2026-02-25,FTS.TO,76.5377197265625,1780600
2026-02-26,FTS.TO,76.28197479248047,2114700
2026-02-27,FTS.TO,77.18693542480469,4127100
2026-03-02,FTS.TO,76.7442855834961,3231200
2026-03-03,FTS.TO,77.09839630126953,3055400
2026-03-04,FTS.TO,77.44268035888672,1958600
2026-03-05,FTS.TO,77.02954864501953,1414700
2026-03-06,FTS.TO,77.30496978759766,1447100
2026-03-09,FTS.TO,77.22628021240234,1740500
2026-03-10,FTS.TO,76.91151428222656,1356500
2026-03-11,FTS.TO,76.65576171875,1544700
2026-03-12,FTS.TO,77.86565399169922,1137100
2026-03-13,FTS.TO,78.61322021484375,887000
2026-03-16,FTS.TO,78.790283203125,1351800
2026-03-17,FTS.TO,78.51486206054688,1445600
2026-03-18,FTS.TO,77.73777770996094,863800
2026-03-19,FTS.TO,75.95736694335938,2368800
2026-03-20,FTS.TO,74.41304779052734,3162900
2026-03-23,FTS.TO,74.452392578125,861000
2026-03-24,FTS.TO,74.59992980957031,782700
2026-03-25,FTS.TO,75.2294692993164,1218500
2026-03-26,FTS.TO,75.8393325805664,655700
2026-03-27,FTS.TO,76.02622985839844,1179000
2026-03-30,FTS.TO,76.78363037109375,1563800
2026-03-31,FTS.TO,76.34099578857422,1293000
2026-04-01,FTS.TO,76.90167236328125,1021900
2026-04-02,FTS.TO,77.7279281616211,1612600
2026-04-06,FTS.TO,77.54104614257812,1098900
2026-04-07,FTS.TO,78.2787857055664,934300
2026-04-08,FTS.TO,78.01319885253906,1495800
2026-04-09,FTS.TO,78.00335693359375,1004900
2026-04-10,FTS.TO,78.41649627685547,883500
2026-04-13,FTS.TO,77.17709350585938,1595800
2026-04-14,FTS.TO,77.10824584960938,1118500
2026-04-15,FTS.TO,76.8721694946289,877400
2026-04-16,FTS.TO,76.66559600830078,1103200
2026-04-17,FTS.TO,76.65576171875,1348300
2026-04-20,FTS.TO,75.70162200927734,1229000
2026-04-21,FTS.TO,75.19012451171875,1834300
2026-04-22,FTS.TO,74.521240234375,1333500
2026-04-23,FTS.TO,76.22295379638672,1608100
2026-04-24,FTS.TO,75.77046966552734,1417600
2026-04-27,FTS.TO,75.54424285888672,2969400
2026-04-28,FTS.TO,76.01638793945312,2302900
2026-04-29,FTS.TO,75.73112487792969,1476700
2026-04-30,FTS.TO,76.40985107421875,1988300
2026-05-01,FTS.TO,76.46886444091797,604900
2026-05-04,FTS.TO,76.24263000488281,3475000
2026-05-05,FTS.TO,77.04922485351562,1940200
2026-05-06,FTS.TO,75.36717987060547,1607300
2026-05-07,FTS.TO,75.39669036865234,964000
2026-05-08,FTS.TO,75.48521423339844,1716900
2026-05-11,FTS.TO,75.63276672363281,1554500
2026-05-12,FTS.TO,75.88851165771484,1781200
2026-05-13,FTS.TO,75.79015350341797,1612400
2026-05-14,FTS.TO,76.14427185058594,932300
2026-05-15,FTS.TO,74.63665008544922,1696100
2026-05-19,FTS.TO,76.17401885986328,1889300
2026-05-20,FTS.TO,76.15418243408203,1274500
2026-05-21,FTS.TO,76.7889633178711,1814300
2026-05-22,FTS.TO,77.35431671142578,1289100
2026-05-25,FTS.TO,77.78080749511719,402800
2026-05-26,FTS.TO,77.56260681152344,2119600
2026-05-27,FTS.TO,77.90975952148438,2840700
2026-05-28,FTS.TO,76.73937225341797,2347200
2026-05-29,FTS.TO,75.63842010498047,3796500
2026-06-01,FTS.TO,74.78543090820312,1976100
2026-06-02,FTS.TO,75.10282135009766,1736300
2026-06-03,FTS.TO,75.39045715332031,1957900
2026-06-04,FTS.TO,76.114501953125,2701100
2026-06-05,FTS.TO,77.19562530517578,3120700
2026-06-08,FTS.TO,76.29303741455078,2035100
2026-06-09,FTS.TO,77.17578125,1613800
2026-06-10,FTS.TO,78.12796020507812,767500
2026-06-11,FTS.TO,78.18746948242188,2362600
2026-06-12,FTS.TO,78.96111297607422,1088400
2026-06-15,FTS.TO,79.5661392211914,1063900
2026-06-16,FTS.TO,79.3281021118164,1576400
2026-06-17,FTS.TO,78.60404968261719,1205200
2026-06-18,FTS.TO,78.6238784790039,1331000
2026-06-19,FTS.TO,78.49494171142578,2239700
2026-06-22,FTS.TO,78.68339538574219,1008800
2026-06-23,FTS.TO,79.8934555053711,1189200
2026-06-24,FTS.TO,80.6274185180664,1385900
2026-06-25,FTS.TO,81.26220703125,928800
2026-06-26,FTS.TO,81.89698791503906,695100
2026-06-29,FTS.TO,81.4208984375,1505100
2026-06-30,FTS.TO,80.5877456665039,1475600
2026-07-02,FTS.TO,81.52008819580078,944500
2026-07-03,FTS.TO,81.21260833740234,260600
2026-07-06,FTS.TO,80.19100189208984,964800
2026-07-07,FTS.TO,81.00431823730469,983700
2026-07-08,FTS.TO,81.10350799560547,923300
2026-07-09,FTS.TO,80.2802734375,755800
2026-07-10,FTS.TO,80.56790924072266,707800
2026-07-13,FTS.TO,80.75635528564453,553400
2026-07-14,FTS.TO,80.56790924072266,664200
2026-07-15,FTS.TO,80.15132904052734,845700
2026-07-16,FTS.TO,81.75812530517578,1137100
2026-07-17,FTS.TO,81.74820709228516,1562700
2026-07-20,FTS.TO,81.33163452148438,1523300
2026-07-21,FTS.TO,80.59766387939453,950500
2026-07-22,FTS.TO,81.47048950195312,1489000
2026-07-23,FTS.TO,81.85731506347656,859900
2026-07-24,FTS.TO,82.31356048583984,1394200
2026-07-27,FTS.TO,81.75812530517578,1570700
2026-07-28,FTS.TO,81.71845245361328,1302700
2026-07-29,FTS.TO,80.359619140625,2088100
2026-07-30,FTS.TO,79.8934555053711,1022200
2026-07-31,FTS.TO,79.14956665039062,1370100
2026-08-04,FTS.TO,78.96111297607422,2935600
2026-08-05,FTS.TO,78.2767333984375,2264500
2026-08-06,FTS.TO,77.81056213378906,1570700
2026-08-07,FTS.TO,77.60227966308594,1508900
2026-08-10,FTS.TO,76.60051727294922,1653900
2026-08-11,FTS.TO,77.48326110839844,1411700
2026-08-12,FTS.TO,77.63203430175781,1453400
2026-08-13,FTS.TO,77.78080749511719,1582300
2026-08-14,FTS.TO,78.0386962890625,899300
2026-08-17,FTS.TO,77.72130584716797,3347700
2026-08-18,FTS.TO,77.87999725341797,957400
2026-08-19,FTS.TO,77.73999786376953,1036700
2026-08-20,FTS.TO,77.62999725341797,1687300
2026-08-21,FTS.TO,75.58999633789062,1374700
2026-08-24,FTS.TO,76.52999877929688,4158200
2026-08-25,FTS.TO,76.16999816894531,1494100
2026-08-26,FTS.TO,76.79000091552734,776200
2026-08-27,FTS.TO,76.05999755859375,1474800
2026-08-28,FTS.TO,76.05999755859375,1887700
2026-08-31,FTS.TO,76.58999633789062,1956800
2018-01-02,EMA.TO,30.42244529724121,725000
2018-01-03,EMA.TO,30.274166107177734,626900
2018-01-04,EMA.TO,30.112991333007812,550900
2018-01-05,EMA.TO,30.177461624145508,1552100
2018-01-08,EMA.TO,30.377309799194336,753700
2018-01-09,EMA.TO,30.158124923706055,571500
2018-01-10,EMA.TO,29.848676681518555,988400
2018-01-11,EMA.TO,29.75197982788086,345200
2018-01-12,EMA.TO,29.655275344848633,669900
2018-01-15,EMA.TO,29.764877319335938,214100
2018-01-16,EMA.TO,29.874465942382812,545800
2018-01-17,EMA.TO,29.945375442504883,550600
2018-01-18,EMA.TO,29.771310806274414,541500
2018-01-19,EMA.TO,29.732643127441406,554600
2018-01-22,EMA.TO,29.887367248535156,673300
2018-01-23,EMA.TO,29.906700134277344,563700
2018-01-24,EMA.TO,29.893796920776367,719900
2018-01-25,EMA.TO,29.906700134277344,625400
2018-01-26,EMA.TO,30.04852294921875,570100
2018-01-29,EMA.TO,29.700397491455078,716300
2018-01-30,EMA.TO,29.616588592529297,795300
2018-01-31,EMA.TO,29.698184967041016,1282100
2018-02-01,EMA.TO,29.352249145507812,1071200
2018-02-02,EMA.TO,28.738712310791016,1130600
2018-02-05,EMA.TO,28.588579177856445,1103800
2018-02-06,EMA.TO,28.275293350219727,890700
2018-02-07,EMA.TO,28.281803131103516,596400
2018-02-08,EMA.TO,27.98809051513672,974000
2018-02-09,EMA.TO,28.275293350219727,1012200
2018-02-12,EMA.TO,27.106931686401367,2191000
2018-02-13,EMA.TO,26.062606811523438,1809000
2018-02-14,EMA.TO,25.905948638916016,1803900
2018-02-15,EMA.TO,26.34326934814453,1232500
2018-02-16,EMA.TO,27.002500534057617,1289300
2018-02-20,EMA.TO,27.041658401489258,1072000
2018-02-21,EMA.TO,26.865434646606445,905400
2018-02-22,EMA.TO,26.891536712646484,501400
2018-02-23,EMA.TO,27.354965209960938,685600
2018-02-26,EMA.TO,27.36801528930664,531100
2018-02-27,EMA.TO,27.1199893951416,666600
2018-02-28,EMA.TO,27.028610229492188,1017800
2018-03-01,EMA.TO,26.9959774017334,484500
2018-03-02,EMA.TO,27.106931686401367,669800
2018-03-05,EMA.TO,27.113462448120117,721700
2018-03-06,EMA.TO,26.76753044128418,871000
2018-03-07,EMA.TO,26.70225715637207,690100
2018-03-08,EMA.TO,26.499919891357422,684900
2018-03-09,EMA.TO,26.663087844848633,325200
2018-03-12,EMA.TO,26.84585189819336,387100
2018-03-13,EMA.TO,26.591297149658203,514800
2018-03-14,EMA.TO,26.480337142944336,580600
2018-03-15,EMA.TO,26.486860275268555,727500
2018-03-16,EMA.TO,26.10829734802246,2186000
2018-03-19,EMA.TO,26.30409812927246,814700
2018-03-20,EMA.TO,26.604351043701172,763400
2018-03-21,EMA.TO,26.70225715637207,503800
2018-03-22,EMA.TO,26.800167083740234,491500
2018-03-23,EMA.TO,26.623933792114258,560700
2018-03-26,EMA.TO,26.30409812927246,560600
2018-03-27,EMA.TO,26.571712493896484,501400
2018-03-28,EMA.TO,26.70225715637207,572100
2018-03-29,EMA.TO,26.604351043701172,491300
2018-04-02,EMA.TO,26.950286865234375,493500
2018-04-03,EMA.TO,26.891536712646484,475700
2018-04-04,EMA.TO,26.76753044128418,557800
2018-04-05,EMA.TO,27.152616500854492,456000
2018-04-06,EMA.TO,26.898067474365234,393000
2018-04-09,EMA.TO,27.028610229492188,431600
2018-04-10,EMA.TO,26.610877990722656,782000
2018-04-11,EMA.TO,26.441173553466797,500200
2018-04-12,EMA.TO,26.180091857910156,532400
2018-04-13,EMA.TO,26.193140029907227,435800
2018-04-16,EMA.TO,26.40201759338379,314600
2018-04-17,EMA.TO,26.395477294921875,443200
2018-04-18,EMA.TO,26.5782413482666,653500
2018-04-19,EMA.TO,26.480337142944336,361000
2018-04-20,EMA.TO,26.284530639648438,387600
2018-04-23,EMA.TO,26.43464469909668,499600
2018-04-24,EMA.TO,26.271472930908203,381000
2018-04-25,EMA.TO,26.25188636779785,326700
2018-04-26,EMA.TO,26.617401123046875,382000
2018-04-27,EMA.TO,26.84585189819336,253700
2018-04-30,EMA.TO,26.465314865112305,658900
2018-05-01,EMA.TO,26.776376724243164,383800
2018-05-02,EMA.TO,26.862398147583008,409400
2018-05-03,EMA.TO,27.133739471435547,773100
2018-05-04,EMA.TO,27.23301124572754,450600
2018-05-07,EMA.TO,27.22637939453125,450600
2018-05-08,EMA.TO,27.047698974609375,740800
2018-05-09,EMA.TO,26.94180679321289,715500
2018-05-10,EMA.TO,26.47193145751953,705900
2018-05-11,EMA.TO,26.6241512298584,785100
2018-05-14,EMA.TO,26.630767822265625,1128100
2018-05-15,EMA.TO,26.90871810913086,688200
2018-05-16,EMA.TO,26.855775833129883,719600
2018-05-17,EMA.TO,26.7168025970459,391200
2018-05-18,EMA.TO,26.90871810913086,445100
2018-05-22,EMA.TO,26.505022048950195,632900
2018-05-23,EMA.TO,26.736661911010742,520200
2018-05-24,EMA.TO,26.80283546447754,458600
2018-05-25,EMA.TO,26.882247924804688,560700
2018-05-28,EMA.TO,26.91533851623535,204000
2018-05-29,EMA.TO,26.80283546447754,415500
2018-05-30,EMA.TO,26.82268714904785,397300
2018-05-31,EMA.TO,26.80283546447754,652400
2018-06-01,EMA.TO,26.63739013671875,339900
2018-06-04,EMA.TO,26.63739013671875,479000
2018-06-05,EMA.TO,26.70356559753418,674600
2018-06-06,EMA.TO,26.465314865112305,572400
2018-06-07,EMA.TO,26.538118362426758,702700
2018-06-08,EMA.TO,26.571203231811523,463500
2018-06-11,EMA.TO,26.61090850830078,819500
2018-06-12,EMA.TO,26.6241512298584,631400
2018-06-13,EMA.TO,26.55796241760254,697500
2018-06-14,EMA.TO,26.6241512298584,547200
2018-06-15,EMA.TO,27.219764709472656,1787800
2018-06-18,EMA.TO,27.133739471435547,427100
2018-06-19,EMA.TO,27.266094207763672,553800
2018-06-20,EMA.TO,27.51095199584961,782700
2018-06-21,EMA.TO,27.828624725341797,568300
2018-06-22,EMA.TO,28.278642654418945,1240800
2018-06-25,EMA.TO,28.33820915222168,1033600
2018-06-26,EMA.TO,28.450708389282227,860700
2018-06-27,EMA.TO,28.391155242919922,432600
2018-06-28,EMA.TO,28.28525733947754,402100
2018-06-29,EMA.TO,28.324981689453125,418600
2018-07-03,EMA.TO,28.324981689453125,461800
2018-07-04,EMA.TO,28.35144805908203,311400
2018-07-05,EMA.TO,28.278642654418945,600400
2018-07-06,EMA.TO,28.324981689453125,393100
2018-07-09,EMA.TO,27.894804000854492,553300
2018-07-10,EMA.TO,28.093341827392578,471400
2018-07-11,EMA.TO,28.04039764404297,698300
2018-07-12,EMA.TO,28.179370880126953,685900
2018-07-13,EMA.TO,28.133047103881836,398900
2018-07-16,EMA.TO,28.152902603149414,225400
2018-07-17,EMA.TO,28.252172470092773,598400
2018-07-18,EMA.TO,27.828624725341797,713600
2018-07-19,EMA.TO,28.219083786010742,556300
2018-07-20,EMA.TO,28.27202796936035,599400
2018-07-23,EMA.TO,27.95436668395996,566700
2018-07-24,EMA.TO,28.04039764404297,539200
2018-07-25,EMA.TO,28.020549774169922,545500
2018-07-26,EMA.TO,28.159523010253906,356900
2018-07-27,EMA.TO,28.066869735717773,401000
2018-07-30,EMA.TO,27.99407196044922,692900
2018-07-31,EMA.TO,28.272438049316406,1381100
2018-08-01,EMA.TO,28.151700973510742,502800
2018-08-02,EMA.TO,28.292564392089844,546100
2018-08-03,EMA.TO,28.554155349731445,840300
2018-08-07,EMA.TO,28.366344451904297,947800
2018-08-08,EMA.TO,28.332807540893555,648300
2018-08-09,EMA.TO,27.916933059692383,728100
2018-08-10,EMA.TO,26.58883285522461,2497600
2018-08-13,EMA.TO,26.924213409423828,1494600
2018-08-14,EMA.TO,26.997997283935547,1049100
2018-08-15,EMA.TO,27.467527389526367,1121300
2018-08-16,EMA.TO,27.816322326660156,946700
2018-08-17,EMA.TO,28.1248722076416,799200
2018-08-20,EMA.TO,27.9907169342041,882000
2018-08-21,EMA.TO,27.688875198364258,830900
2018-08-22,EMA.TO,27.36690902709961,678400
2018-08-23,EMA.TO,27.19251251220703,675800
2018-08-24,EMA.TO,27.219345092773438,381100
2018-08-27,EMA.TO,27.172393798828125,421800
2018-08-28,EMA.TO,27.239473342895508,535600
2018-08-29,EMA.TO,27.467527389526367,598500
2018-08-30,EMA.TO,27.76936912536621,818000
2018-08-31,EMA.TO,27.69559097290039,1031100
2018-09-04,EMA.TO,27.709003448486328,957600
2018-09-05,EMA.TO,27.615095138549805,544300
2018-09-06,EMA.TO,27.682174682617188,463000
2018-09-07,EMA.TO,27.675458908081055,565700
2018-09-10,EMA.TO,27.641921997070312,576600
2018-09-11,EMA.TO,27.26630401611328,427700
2018-09-12,EMA.TO,27.40045166015625,473500
2018-09-13,EMA.TO,27.40045166015625,240100
2018-09-14,EMA.TO,27.601686477661133,467200
2018-09-17,EMA.TO,27.836442947387695,664200
2018-09-18,EMA.TO,27.755962371826172,266200
2018-09-19,EMA.TO,27.353500366210938,729000
2018-09-20,EMA.TO,27.125450134277344,738600
2018-09-21,EMA.TO,27.0851993560791,1782700
2018-09-24,EMA.TO,27.01811981201172,456300
2018-09-25,EMA.TO,26.88396453857422,443800
2018-09-26,EMA.TO,26.8101863861084,845200
2018-09-27,EMA.TO,26.897380828857422,558700
2018-09-28,EMA.TO,26.937625885009766,614700
2018-10-01,EMA.TO,26.87725257873535,611500
2018-10-02,EMA.TO,26.971162796020508,500500
2018-10-03,EMA.TO,26.568706512451172,578700
2018-10-04,EMA.TO,26.286989212036133,755100
2018-10-05,EMA.TO,26.481510162353516,470900
2018-10-09,EMA.TO,26.260168075561523,549400
2018-10-10,EMA.TO,25.79733657836914,801600
2018-10-11,EMA.TO,25.77051544189453,799000
2018-10-12,EMA.TO,25.757099151611328,774500
2018-10-15,EMA.TO,25.783924102783203,496600
2018-10-16,EMA.TO,26.139423370361328,795900
2018-10-17,EMA.TO,26.186382293701172,490200
2018-10-18,EMA.TO,26.065631866455078,663700
2018-10-19,EMA.TO,26.313823699951172,644200
2018-10-22,EMA.TO,26.340662002563477,543300
2018-10-23,EMA.TO,26.696151733398438,650300
2018-10-24,EMA.TO,27.165681838989258,884700
2018-10-25,EMA.TO,27.078493118286133,932100
2018-10-26,EMA.TO,27.01140785217285,1218500
2018-10-29,EMA.TO,27.044946670532227,1158800
2018-10-30,EMA.TO,27.608386993408203,3340500
2018-10-31,EMA.TO,27.64104652404785,931300
2018-11-01,EMA.TO,27.26678466796875,632400
2018-11-02,EMA.TO,27.049034118652344,724200
2018-11-05,EMA.TO,27.559389114379883,592600
2018-11-06,EMA.TO,27.69548797607422,623700
2018-11-07,EMA.TO,27.933656692504883,481500
2018-11-08,EMA.TO,27.72270965576172,854300
2018-11-09,EMA.TO,29.31503677368164,2469300
2018-11-12,EMA.TO,29.35585594177246,1056500
2018-11-13,EMA.TO,29.44432258605957,862200
2018-11-14,EMA.TO,29.784561157226562,1337300
2018-11-15,EMA.TO,29.85260581970215,1349300
2018-11-16,EMA.TO,29.941068649291992,930800
2018-11-19,EMA.TO,29.934263229370117,470600
2018-11-20,EMA.TO,29.614437103271484,1040800
2018-11-21,EMA.TO,29.668872833251953,651400
2018-11-22,EMA.TO,29.566791534423828,233300
2018-11-23,EMA.TO,29.614437103271484,298500
2018-11-26,EMA.TO,29.512367248535156,636500
2018-11-27,EMA.TO,29.539581298828125,571000
2018-11-28,EMA.TO,30.015918731689453,996000
2018-11-29,EMA.TO,30.485450744628906,1204500
2018-11-30,EMA.TO,30.34935188293457,919500
2018-12-03,EMA.TO,30.39698600769043,756500
2018-12-04,EMA.TO,30.76445198059082,877600
2018-12-05,EMA.TO,30.852914810180664,415500
2018-12-06,EMA.TO,30.84610366821289,897900
2018-12-07,EMA.TO,30.59432601928711,682100
2018-12-10,EMA.TO,30.471847534179688,515800
2018-12-11,EMA.TO,30.26088523864746,867000
2018-12-12,EMA.TO,30.19284439086914,985900
2018-12-13,EMA.TO,30.328941345214844,1023400
2018-12-14,EMA.TO,30.233671188354492,948100
2018-12-17,EMA.TO,29.873022079467773,835000
2018-12-18,EMA.TO,29.975093841552734,1322800
2018-12-19,EMA.TO,29.777753829956055,873200
2018-12-20,EMA.TO,29.702899932861328,996800
2018-12-21,EMA.TO,29.430706024169922,1736500
2018-12-24,EMA.TO,28.51887321472168,693300
2018-12-27,EMA.TO,29.11768913269043,944200
2018-12-28,EMA.TO,29.58721923828125,609700
2018-12-31,EMA.TO,29.74372673034668,452800
2019-01-02,EMA.TO,29.716510772705078,947900
2019-01-03,EMA.TO,29.6280460357666,755100
2019-01-04,EMA.TO,29.219762802124023,1115400
2019-01-07,EMA.TO,29.464731216430664,838800
2019-01-08,EMA.TO,29.954668045043945,947700
2019-01-09,EMA.TO,30.043140411376953,735300
2019-01-10,EMA.TO,30.308523178100586,557000
2019-01-11,EMA.TO,30.165626525878906,604200
2019-01-14,EMA.TO,30.090778350830078,618800
2019-01-15,EMA.TO,30.485450744628906,728100
2019-01-16,EMA.TO,30.59432601928711,656000
2019-01-17,EMA.TO,30.553491592407227,570500
2019-01-18,EMA.TO,30.573909759521484,767400
2019-01-21,EMA.TO,30.526277542114258,223200
2019-01-22,EMA.TO,30.533077239990234,666600
2019-01-23,EMA.TO,30.696395874023438,715000
2019-01-24,EMA.TO,30.84610366821289,650700
2019-01-25,EMA.TO,31.029829025268555,2040500
2019-01-28,EMA.TO,31.295225143432617,765000
2019-01-29,EMA.TO,31.370079040527344,1708500
2019-01-30,EMA.TO,31.553804397583008,705500
2019-01-31,EMA.TO,31.70405387878418,1133600
2019-02-01,EMA.TO,31.53174591064453,598400
2019-02-04,EMA.TO,31.697166442871094,517500
2019-02-05,EMA.TO,31.87635612487793,372400
2019-02-06,EMA.TO,32.158939361572266,490700
2019-02-07,EMA.TO,32.04176712036133,494600
2019-02-08,EMA.TO,32.0073127746582,484300
2019-02-11,EMA.TO,31.95216941833496,461300
2019-02-12,EMA.TO,31.931495666503906,637700
2019-02-13,EMA.TO,31.848779678344727,624000
2019-02-14,EMA.TO,31.759193420410156,764300
2019-02-15,EMA.TO,32.01420593261719,1354100
2019-02-19,EMA.TO,31.821216583251953,650900
2019-02-20,EMA.TO,31.972843170166016,475400
2019-02-21,EMA.TO,32.06245422363281,572800
2019-02-22,EMA.TO,32.02798843383789,877700
2019-02-25,EMA.TO,31.993526458740234,710600
2019-02-26,EMA.TO,32.0555534362793,646200
2019-02-27,EMA.TO,31.9797420501709,351000
2019-02-28,EMA.TO,32.26921463012695,820500
2019-03-01,EMA.TO,32.4001579284668,1205900
2019-03-04,EMA.TO,32.57246780395508,536900
2019-03-05,EMA.TO,32.49665451049805,587600
2019-03-06,EMA.TO,32.60692596435547,506100
2019-03-07,EMA.TO,33.0135612487793,1382300
2019-03-08,EMA.TO,32.92396926879883,588100
2019-03-11,EMA.TO,32.99287796020508,697900
2019-03-12,EMA.TO,33.875091552734375,1634600
2019-03-13,EMA.TO,33.833736419677734,802100
2019-03-14,EMA.TO,33.682106018066406,542900
2019-03-15,EMA.TO,33.771705627441406,2669400
2019-03-18,EMA.TO,33.682106018066406,433400
2019-03-19,EMA.TO,33.771705627441406,1077200
2019-03-20,EMA.TO,33.75792694091797,444000
2019-03-21,EMA.TO,34.047401428222656,583500
2019-03-22,EMA.TO,34.4471321105957,943000
2019-03-25,EMA.TO,34.84688949584961,1285700
2019-03-26,EMA.TO,34.90202331542969,434700
2019-03-27,EMA.TO,34.8675651550293,985300
2019-03-28,EMA.TO,34.660804748535156,514400
2019-03-29,EMA.TO,34.44026184082031,712500
2019-04-01,EMA.TO,34.41267776489258,535300
2019-04-02,EMA.TO,34.44026184082031,680300
2019-04-03,EMA.TO,34.791748046875,825300
2019-04-04,EMA.TO,34.89512634277344,541200
2019-04-05,EMA.TO,34.84000015258789,309700
2019-04-08,EMA.TO,34.78485870361328,522400
2019-04-09,EMA.TO,34.702152252197266,843400
2019-04-10,EMA.TO,34.71595001220703,518500
2019-04-11,EMA.TO,34.674583435058594,493500
2019-04-12,EMA.TO,34.76417922973633,449400
2019-04-15,EMA.TO,34.8675651550293,1542800
2019-04-16,EMA.TO,34.653900146484375,767600
2019-04-17,EMA.TO,34.89512634277344,918900
2019-04-18,EMA.TO,34.833099365234375,355200
2019-04-22,EMA.TO,34.80553436279297,909900
2019-04-23,EMA.TO,34.85377502441406,1464300
2019-04-24,EMA.TO,34.81931686401367,1443800
2019-04-25,EMA.TO,34.881351470947266,1403500
2019-04-26,EMA.TO,34.826202392578125,1115600
2019-04-29,EMA.TO,34.77106475830078,1096600
2019-04-30,EMA.TO,35.0834846496582,719000
2019-05-01,EMA.TO,34.97888946533203,513900
2019-05-02,EMA.TO,35.01375198364258,611200
2019-05-03,EMA.TO,35.07651901245117,594000
2019-05-06,EMA.TO,35.0834846496582,525700
2019-05-07,EMA.TO,35.28571701049805,518600
2019-05-08,EMA.TO,35.23688888549805,479800
2019-05-09,EMA.TO,35.17414093017578,945600
2019-05-10,EMA.TO,35.090457916259766,1199300
2019-05-13,EMA.TO,35.22991943359375,969300
2019-05-14,EMA.TO,35.334529876708984,682100
2019-05-15,EMA.TO,35.63438415527344,1111100
2019-05-16,EMA.TO,35.766883850097656,696400
2019-05-17,EMA.TO,35.941226959228516,611700
2019-05-21,EMA.TO,35.983055114746094,820700
2019-05-22,EMA.TO,36.05279541015625,507400
2019-05-23,EMA.TO,36.10857391357422,736700
2019-05-24,EMA.TO,36.10857391357422,1339500
2019-05-27,EMA.TO,36.129493713378906,256800
2019-05-28,EMA.TO,36.10160827636719,543600
2019-05-29,EMA.TO,36.03884506225586,562000
2019-05-30,EMA.TO,35.90635681152344,483200
2019-05-31,EMA.TO,36.289894104003906,1125400
2019-06-03,EMA.TO,36.47120666503906,601700
2019-06-04,EMA.TO,36.59672927856445,596600
2019-06-05,EMA.TO,37.2313117980957,733000
2019-06-06,EMA.TO,37.25222396850586,872500
2019-06-07,EMA.TO,37.029075622558594,825300
2019-06-10,EMA.TO,37.00118637084961,683900
2019-06-11,EMA.TO,36.95237350463867,617600
2019-06-12,EMA.TO,37.579978942871094,923000
2019-06-13,EMA.TO,37.17552947998047,633500
2019-06-14,EMA.TO,37.273155212402344,484500
2019-06-17,EMA.TO,37.32893753051758,628700
2019-06-18,EMA.TO,37.42656326293945,808900
2019-06-19,EMA.TO,37.454463958740234,565100
2019-06-20,EMA.TO,37.87288284301758,721800
2019-06-21,EMA.TO,37.87985610961914,6354300
2019-06-24,EMA.TO,37.97747039794922,589200
2019-06-25,EMA.TO,37.858917236328125,707400
2019-06-26,EMA.TO,37.75432205200195,2151700
2019-06-27,EMA.TO,37.30104064941406,1019000
2019-06-28,EMA.TO,37.31500244140625,822300
2019-07-02,EMA.TO,37.69155502319336,541400
2019-07-03,EMA.TO,38.0123405456543,579500
2019-07-04,EMA.TO,38.047203063964844,235700
2019-07-05,EMA.TO,37.79615783691406,500900
2019-07-08,EMA.TO,37.92167663574219,968400
2019-07-09,EMA.TO,37.92167663574219,752600
2019-07-10,EMA.TO,38.144832611083984,582200
2019-07-11,EMA.TO,38.089046478271484,940700
2019-07-12,EMA.TO,37.6218147277832,815800
2019-07-15,EMA.TO,37.85195541381836,471200
2019-07-16,EMA.TO,37.51723098754883,989200
2019-07-17,EMA.TO,37.64274215698242,697600
2019-07-18,EMA.TO,37.7891845703125,836900
2019-07-19,EMA.TO,37.67063903808594,657000
2019-07-22,EMA.TO,37.53117370605469,439100
2019-07-23,EMA.TO,37.62879180908203,523300
2019-07-24,EMA.TO,37.57301712036133,496200
2019-07-25,EMA.TO,37.705501556396484,1045100
2019-07-26,EMA.TO,37.76129150390625,957000
2019-07-29,EMA.TO,38.116943359375,595700
2019-07-30,EMA.TO,38.00536346435547,533500
2019-07-31,EMA.TO,38.63136291503906,2768400
2019-08-01,EMA.TO,38.59611511230469,1078300
2019-08-02,EMA.TO,38.74415588378906,626500
2019-08-06,EMA.TO,39.01203155517578,1026700
2019-08-07,EMA.TO,38.948585510253906,852700
2019-08-08,EMA.TO,39.35041427612305,1786900
2019-08-09,EMA.TO,39.14598083496094,1127700
2019-08-12,EMA.TO,39.43500900268555,1253600
2019-08-13,EMA.TO,39.58305740356445,1351600
2019-08-14,EMA.TO,39.58305740356445,1355100
2019-08-15,EMA.TO,39.70288848876953,1235700
2019-08-16,EMA.TO,39.893218994140625,709500
2019-08-19,EMA.TO,40.31620407104492,1115400
2019-08-20,EMA.TO,40.2104606628418,857300
2019-08-21,EMA.TO,40.266849517822266,966600
2019-08-22,EMA.TO,39.90027618408203,828800
2019-08-23,EMA.TO,39.63945007324219,1150500
2019-08-26,EMA.TO,39.60419464111328,886000
2019-08-27,EMA.TO,39.850929260253906,11100000
2019-08-28,EMA.TO,39.91436767578125,746600
2019-08-29,EMA.TO,40.00602340698242,623200
2019-08-30,EMA.TO,40.66162872314453,1025700
2019-09-03,EMA.TO,41.04935073852539,1522000
2019-09-04,EMA.TO,40.91541290283203,810300
2019-09-05,EMA.TO,40.30209732055664,953400
2019-09-06,EMA.TO,40.125858306884766,644200
2019-09-09,EMA.TO,39.59009552001953,870400
2019-09-10,EMA.TO,39.625335693359375,731000
2019-09-11,EMA.TO,39.413848876953125,909300
2019-09-12,EMA.TO,39.51254653930664,977300
2019-09-13,EMA.TO,39.681739807128906,751000
2019-09-16,EMA.TO,39.82273483276367,580100
2019-09-17,EMA.TO,40.118804931640625,752600
2019-09-18,EMA.TO,40.14700698852539,816500
2019-09-19,EMA.TO,40.20340347290039,562600
2019-09-20,EMA.TO,40.67572784423828,1523300
2019-09-23,EMA.TO,40.682769775390625,394200
2019-09-24,EMA.TO,41.11280059814453,697100
2019-09-25,EMA.TO,41.12689971923828,502900
2019-09-26,EMA.TO,41.07754898071289,757500
2019-09-27,EMA.TO,41.19738006591797,526200
2019-09-30,EMA.TO,40.999996185302734,675000
2019-10-01,EMA.TO,40.97181701660156,1280000
2019-10-02,EMA.TO,40.732112884521484,1561300
2019-10-03,EMA.TO,40.866058349609375,1574300
2019-10-04,EMA.TO,41.084598541259766,2603700
2019-10-07,EMA.TO,41.14804458618164,642900
2019-10-08,EMA.TO,41.09868240356445,695800
2019-10-09,EMA.TO,40.84492111206055,3577200
2019-10-10,EMA.TO,40.85196304321289,976200
2019-10-11,EMA.TO,40.51357650756836,1230200
2019-10-15,EMA.TO,39.97077560424805,1619900
2019-10-16,EMA.TO,39.88618469238281,955400
2019-10-17,EMA.TO,39.47024917602539,494800
2019-10-18,EMA.TO,39.56189727783203,592600
2019-10-21,EMA.TO,39.86502456665039,894100
2019-10-22,EMA.TO,39.64649200439453,2442800
2019-10-23,EMA.TO,39.30811309814453,1112600
2019-10-24,EMA.TO,39.14598083496094,1056700
2019-10-25,EMA.TO,38.44807434082031,1631000
2019-10-28,EMA.TO,38.13789749145508,1799900
2019-10-29,EMA.TO,38.4974250793457,1017000
2019-10-30,EMA.TO,38.62431335449219,706800
2019-10-31,EMA.TO,38.875972747802734,739900
2019-11-01,EMA.TO,38.8046875,1006600
2019-11-04,EMA.TO,38.44821548461914,3324400
2019-11-05,EMA.TO,38.04896926879883,2759300
2019-11-06,EMA.TO,38.305633544921875,696600
2019-11-07,EMA.TO,37.81371307373047,651100
2019-11-08,EMA.TO,37.5142707824707,1738900
2019-11-11,EMA.TO,37.022369384765625,855300
2019-11-12,EMA.TO,37.093650817871094,3027900
2019-11-13,EMA.TO,37.970550537109375,2766500
2019-11-14,EMA.TO,38.2913703918457,1072800
2019-11-15,EMA.TO,38.31276321411133,518200
2019-11-18,EMA.TO,38.64783477783203,758400
2019-11-19,EMA.TO,38.91874313354492,1860300
2019-11-20,EMA.TO,39.23243713378906,1169300
2019-11-21,EMA.TO,39.25383377075195,1243600
2019-11-22,EMA.TO,39.36790084838867,587100
2019-11-25,EMA.TO,38.78329849243164,1841600
2019-11-26,EMA.TO,39.08271789550781,1097800
2019-11-27,EMA.TO,39.096988677978516,469800
2019-11-28,EMA.TO,39.21105194091797,149300
2019-11-29,EMA.TO,38.94013214111328,691800
2019-12-02,EMA.TO,38.99003982543945,1023700
2019-12-03,EMA.TO,38.93301010131836,1154700
2019-12-04,EMA.TO,39.03282928466797,551500
2019-12-05,EMA.TO,39.23957443237305,361300
2019-12-06,EMA.TO,39.45344924926758,397900
2019-12-09,EMA.TO,39.43918991088867,347900
2019-12-10,EMA.TO,39.21105194091797,687600
2019-12-11,EMA.TO,39.12550354003906,688000
2019-12-12,EMA.TO,39.1041145324707,670200
2019-12-13,EMA.TO,39.14688491821289,892900
2019-12-16,EMA.TO,39.69584655761719,570000
2019-12-17,EMA.TO,39.13976287841797,613600
2019-12-18,EMA.TO,38.51238250732422,1638700
2019-12-19,EMA.TO,38.875972747802734,1247100
2019-12-20,EMA.TO,39.28947067260742,2075100
2019-12-23,EMA.TO,39.33224868774414,333000
2019-12-24,EMA.TO,39.375022888183594,173400
2019-12-27,EMA.TO,39.5318717956543,260300
2019-12-30,EMA.TO,39.67445755004883,358800
2019-12-31,EMA.TO,39.774261474609375,537000
2020-01-02,EMA.TO,39.496212005615234,527300
2020-01-03,EMA.TO,39.58890151977539,771600
2020-01-06,EMA.TO,39.76713562011719,1203400
2020-01-07,EMA.TO,39.87407684326172,358400
2020-01-08,EMA.TO,40.009521484375,1098800
2020-01-09,EMA.TO,40.180633544921875,859700
2020-01-10,EMA.TO,40.365997314453125,965000
2020-01-13,EMA.TO,40.51571273803711,1318900
2020-01-14,EMA.TO,40.3446044921875,1299700
2020-01-15,EMA.TO,40.53709411621094,574200
2020-01-16,EMA.TO,40.72959518432617,550800
2020-01-17,EMA.TO,41.45677947998047,733500
2020-01-20,EMA.TO,41.78472137451172,950100
2020-01-21,EMA.TO,42.31228256225586,848300
2020-01-22,EMA.TO,42.576072692871094,733200
2020-01-23,EMA.TO,42.87549591064453,659300
2020-01-24,EMA.TO,43.08938217163086,2427800
2020-01-27,EMA.TO,43.20344924926758,1251800
2020-01-28,EMA.TO,43.01808547973633,662200
2020-01-29,EMA.TO,42.88262939453125,944200
2020-01-30,EMA.TO,42.83436965942383,687100
2020-01-31,EMA.TO,42.46703338623047,1044100
2020-02-03,EMA.TO,42.6903190612793,903700
2020-02-04,EMA.TO,42.12131118774414,951400
2020-02-05,EMA.TO,42.070892333984375,1576500
2020-02-06,EMA.TO,41.76837158203125,749600
2020-02-07,EMA.TO,42.034881591796875,629000
2020-02-10,EMA.TO,42.3013801574707,1826600
2020-02-11,EMA.TO,42.445430755615234,1028800
2020-02-12,EMA.TO,42.41661834716797,881600
2020-02-13,EMA.TO,42.46703338623047,1838100
2020-02-14,EMA.TO,42.73353958129883,1168900
2020-02-18,EMA.TO,43.309749603271484,2669200
2020-02-19,EMA.TO,43.23772430419922,959700
2020-02-20,EMA.TO,43.17289733886719,1468500
2020-02-21,EMA.TO,43.633872985839844,1893900
2020-02-24,EMA.TO,43.36737060546875,1404200
2020-02-25,EMA.TO,42.956809997558594,1280100
2020-02-26,EMA.TO,43.079261779785156,1765800
2020-02-27,EMA.TO,42.236549377441406,587900
2020-02-28,EMA.TO,40.7383918762207,2553900
2020-03-02,EMA.TO,41.46586227416992,1767600
2020-03-03,EMA.TO,41.91244125366211,1779600
2020-03-04,EMA.TO,42.985626220703125,1262000
2020-03-05,EMA.TO,43.15129852294922,1754700
2020-03-06,EMA.TO,43.288143157958984,1952500
2020-03-09,EMA.TO,40.00371170043945,2118700
2020-03-10,EMA.TO,40.536712646484375,2865300
2020-03-11,EMA.TO,38.74324417114258,1799600
2020-03-12,EMA.TO,34.45045471191406,2995800
2020-03-13,EMA.TO,37.40354919433594,2257300
2020-03-16,EMA.TO,34.400028228759766,3767800
2020-03-17,EMA.TO,36.62565612792969,2496900
2020-03-18,EMA.TO,34.92582702636719,1992800
2020-03-19,EMA.TO,35.653289794921875,2195000
2020-03-20,EMA.TO,34.644920349121094,3871700
2020-03-23,EMA.TO,30.661832809448242,2031700
2020-03-24,EMA.TO,33.103546142578125,1520600
2020-03-25,EMA.TO,36.380767822265625,2424200
2020-03-26,EMA.TO,37.38914108276367,1199100
2020-03-27,EMA.TO,36.45279312133789,1201800
2020-03-30,EMA.TO,38.89450454711914,1057600
2020-03-31,EMA.TO,39.97490692138672,1778400
2020-04-01,EMA.TO,37.4539680480957,1322200
2020-04-02,EMA.TO,37.936546325683594,1452000
2020-04-03,EMA.TO,37.47557830810547,921000
2020-04-06,EMA.TO,40.16938400268555,2596200
2020-04-07,EMA.TO,39.391483306884766,1634700
2020-04-08,EMA.TO,40.32783126831055,3250000
2020-04-09,EMA.TO,40.47909927368164,1976900
2020-04-13,EMA.TO,39.98211669921875,1563000
2020-04-14,EMA.TO,40.32783126831055,2097700
2020-04-15,EMA.TO,39.276248931884766,1715400
2020-04-16,EMA.TO,39.506736755371094,864000
2020-04-17,EMA.TO,40.70958709716797,543900
2020-04-20,EMA.TO,39.97490692138672,1090700
2020-04-21,EMA.TO,38.27507400512695,1386000
2020-04-22,EMA.TO,39.773231506347656,1041900
2020-04-23,EMA.TO,39.341068267822266,1249800
2020-04-24,EMA.TO,39.182613372802734,991300
2020-04-27,EMA.TO,40.435882568359375,2030200
2020-04-28,EMA.TO,41.163352966308594,2189100
2020-04-29,EMA.TO,41.314605712890625,1095700
2020-04-30,EMA.TO,40.34120559692383,1246200
2020-05-01,EMA.TO,39.39474105834961,915300
2020-05-04,EMA.TO,39.68595886230469,2018200
2020-05-05,EMA.TO,40.231998443603516,3041700
2020-05-06,EMA.TO,40.07912063598633,1764700
2020-05-07,EMA.TO,39.678680419921875,1410100
2020-05-08,EMA.TO,39.613155364990234,3483300
2020-05-11,EMA.TO,40.49409866333008,2272200
2020-05-12,EMA.TO,39.48210144042969,1277200
2020-05-13,EMA.TO,38.7176513671875,1656100
2020-05-14,EMA.TO,38.91423416137695,1118200
2020-05-15,EMA.TO,37.93864440917969,476000
2020-05-19,EMA.TO,38.8632698059082,605000
2020-05-20,EMA.TO,38.215309143066406,803300
2020-05-21,EMA.TO,37.63286209106445,470700
2020-05-22,EMA.TO,38.33179473876953,816100
2020-05-25,EMA.TO,38.441001892089844,168100
2020-05-26,EMA.TO,38.957916259765625,570600
2020-05-27,EMA.TO,39.23456954956055,730400
2020-05-28,EMA.TO,40.03542709350586,397700
2020-05-29,EMA.TO,39.85341262817383,833600
2020-06-01,EMA.TO,39.8170051574707,321600
2020-06-02,EMA.TO,39.846134185791016,575000
2020-06-03,EMA.TO,40.617862701416016,526800
2020-06-04,EMA.TO,40.25383377075195,716300
2020-06-05,EMA.TO,40.333919525146484,739000
2020-06-08,EMA.TO,40.08638381958008,710200
2020-06-09,EMA.TO,39.693233489990234,446700
2020-06-10,EMA.TO,39.46027374267578,491400
2020-06-11,EMA.TO,38.22257995605469,855900
2020-06-12,EMA.TO,38.819583892822266,585700
2020-06-15,EMA.TO,39.7369270324707,700800
2020-06-16,EMA.TO,39.91164779663086,490600
2020-06-17,EMA.TO,39.50395202636719,410900
2020-06-18,EMA.TO,39.95534133911133,447000
2020-06-19,EMA.TO,38.56475830078125,3578900
2020-06-22,EMA.TO,38.92879104614258,749200
2020-06-23,EMA.TO,38.90694808959961,454700
2020-06-24,EMA.TO,38.470115661621094,851500
2020-06-25,EMA.TO,38.81230545043945,670700
2020-06-26,EMA.TO,37.691104888916016,517600
2020-06-29,EMA.TO,38.79773712158203,460100
2020-06-30,EMA.TO,38.892391204833984,911200
2020-07-02,EMA.TO,39.627716064453125,1100000
2020-07-03,EMA.TO,39.220008850097656,123400
2020-07-06,EMA.TO,39.605873107910156,1191000
2020-07-07,EMA.TO,39.23456954956055,910600
2020-07-08,EMA.TO,39.09623336791992,875700
2020-07-09,EMA.TO,38.50652313232422,735800
2020-07-10,EMA.TO,39.13263702392578,993500
2020-07-13,EMA.TO,39.72235870361328,718200
2020-07-14,EMA.TO,40.48680877685547,703400
2020-07-15,EMA.TO,40.435848236083984,760600
2020-07-16,EMA.TO,40.72707748413086,690700
2020-07-17,EMA.TO,40.91637420654297,390000
2020-07-20,EMA.TO,40.756202697753906,1098100
2020-07-21,EMA.TO,40.3048095703125,413500
2020-07-22,EMA.TO,40.02814865112305,822700
2020-07-23,EMA.TO,40.0208625793457,569600
2020-07-24,EMA.TO,39.51122283935547,643800
2020-07-27,EMA.TO,39.846134185791016,619100
2020-07-28,EMA.TO,40.181034088134766,1122000
2020-07-29,EMA.TO,40.770748138427734,585500
2020-07-30,EMA.TO,40.7435188293457,834400
2020-07-31,EMA.TO,41.0379638671875,610900
2020-08-04,EMA.TO,40.87602233886719,1667700
2020-08-05,EMA.TO,40.23561096191406,1227300
2020-08-06,EMA.TO,40.00741195678711,689500
2020-08-07,EMA.TO,40.058929443359375,676700
2020-08-10,EMA.TO,40.15462875366211,882200
2020-08-11,EMA.TO,39.88227462768555,1057300
2020-08-12,EMA.TO,39.948524475097656,936400
2020-08-13,EMA.TO,39.29338836669922,1179400
2020-08-14,EMA.TO,39.27130889892578,485500
2020-08-17,EMA.TO,39.27867126464844,629200
2020-08-18,EMA.TO,39.57310485839844,430800
2020-08-19,EMA.TO,39.83073806762695,670900
2020-08-20,EMA.TO,39.4553337097168,869200
2020-08-21,EMA.TO,39.77922439575195,679300
2020-08-24,EMA.TO,39.948524475097656,739000
2020-08-25,EMA.TO,39.64671325683594,1252800
2020-08-26,EMA.TO,39.56575012207031,352500
2020-08-27,EMA.TO,39.35227966308594,458900
2020-08-28,EMA.TO,39.241859436035156,750100
2020-08-31,EMA.TO,39.19769287109375,762000
2020-09-01,EMA.TO,38.910614013671875,668800
2020-09-02,EMA.TO,39.64671325683594,662600
2020-09-03,EMA.TO,39.374359130859375,534000
2020-09-04,EMA.TO,39.101985931396484,732900
2020-09-08,EMA.TO,39.90435028076172,537700
2020-09-09,EMA.TO,40.4269905090332,561200
2020-09-10,EMA.TO,39.86754608154297,1021700
2020-09-11,EMA.TO,39.602561950683594,401700
2020-09-14,EMA.TO,39.78658676147461,583200
2020-09-15,EMA.TO,40.228248596191406,571200
2020-09-16,EMA.TO,39.74241638183594,344800
2020-09-17,EMA.TO,39.77922439575195,682300
2020-09-18,EMA.TO,39.79393768310547,1921800
2020-09-21,EMA.TO,39.66143798828125,505200
2020-09-22,EMA.TO,39.948524475097656,855200
2020-09-23,EMA.TO,39.70561218261719,543600
2020-09-24,EMA.TO,39.87491226196289,419200
2020-09-25,EMA.TO,40.11046600341797,1452900
2020-09-28,EMA.TO,40.6699104309082,741100
2020-09-29,EMA.TO,40.61101531982422,302400
2020-09-30,EMA.TO,40.26504898071289,1401500
2020-10-01,EMA.TO,40.5226936340332,785700
2020-10-02,EMA.TO,40.6699104309082,742200
2020-10-05,EMA.TO,41.04532241821289,2460400
2020-10-06,EMA.TO,41.02323913574219,1501200
2020-10-07,EMA.TO,41.067405700683594,1090000
2020-10-08,EMA.TO,41.435462951660156,1833500
2020-10-09,EMA.TO,41.25143814086914,2345100
2020-10-13,EMA.TO,41.08948516845703,1895100
2020-10-14,EMA.TO,40.94963073730469,1123400
2020-10-15,EMA.TO,41.22199249267578,418800
2020-10-16,EMA.TO,41.472251892089844,472000
2020-10-19,EMA.TO,40.96434783935547,1484000
2020-10-20,EMA.TO,40.71406936645508,878000
2020-10-21,EMA.TO,40.979068756103516,570900
2020-10-22,EMA.TO,40.94963073730469,1176400
2020-10-23,EMA.TO,41.28087615966797,536500
2020-10-26,EMA.TO,40.94226837158203,706900
2020-10-27,EMA.TO,40.75088119506836,533500
2020-10-28,EMA.TO,39.9926872253418,968400
2020-10-29,EMA.TO,40.7435188293457,485000
2020-10-30,EMA.TO,39.5803108215332,1459600
2020-11-02,EMA.TO,39.8037223815918,1665900
2020-11-03,EMA.TO,40.07925033569336,753200
2020-11-04,EMA.TO,40.786712646484375,2025100
2020-11-05,EMA.TO,40.55586242675781,1730300
2020-11-06,EMA.TO,40.9579963684082,1111700
2020-11-09,EMA.TO,41.53140640258789,4173800
2020-11-10,EMA.TO,41.98567199707031,1227500
2020-11-11,EMA.TO,41.881404876708984,1394600
2020-11-12,EMA.TO,41.64309310913086,1621700
2020-11-13,EMA.TO,41.43458557128906,973500
2020-11-16,EMA.TO,41.40480041503906,1068300
2020-11-17,EMA.TO,41.62076187133789,987500
2020-11-18,EMA.TO,41.14415740966797,1004300
2020-11-19,EMA.TO,40.883522033691406,1106800
2020-11-20,EMA.TO,41.01755905151367,934000
2020-11-23,EMA.TO,40.98032760620117,966100
2020-11-24,EMA.TO,40.809051513671875,793300
2020-11-25,EMA.TO,40.53351974487305,610800
2020-11-26,EMA.TO,40.56330490112305,192700
2020-11-27,EMA.TO,40.53351974487305,403000
2020-11-30,EMA.TO,40.101600646972656,985500
2020-12-01,EMA.TO,39.96009826660156,867700
2020-12-02,EMA.TO,39.6622314453125,615500
2020-12-03,EMA.TO,40.094154357910156,829400
2020-12-04,EMA.TO,40.41436004638672,727600
2020-12-07,EMA.TO,40.36967086791992,870400
2020-12-08,EMA.TO,40.50373458862305,686500
2020-12-09,EMA.TO,40.421810150146484,725900
2020-12-10,EMA.TO,40.44416046142578,746900
2020-12-11,EMA.TO,40.26541519165039,553700
2020-12-14,EMA.TO,40.62287139892578,858800
2020-12-15,EMA.TO,40.697349548339844,928500
2020-12-16,EMA.TO,40.57819747924805,585200
2020-12-17,EMA.TO,40.50373458862305,433500
2020-12-18,EMA.TO,40.46649169921875,2027800
2020-12-21,EMA.TO,40.28776168823242,989900
2020-12-22,EMA.TO,40.138832092285156,568700
2020-12-23,EMA.TO,39.93777084350586,658600
2020-12-24,EMA.TO,40.18351364135742,208100
2020-12-29,EMA.TO,40.27287673950195,700800
2020-12-30,EMA.TO,40.44416046142578,818400
2020-12-31,EMA.TO,40.28776168823242,446500
2021-01-04,EMA.TO,39.96754837036133,1079400
2021-01-05,EMA.TO,39.35689926147461,1197300
2021-01-06,EMA.TO,39.12604522705078,1559500
2021-01-07,EMA.TO,38.64199447631836,1417800
2021-01-08,EMA.TO,38.85049819946289,1150700
2021-01-11,EMA.TO,38.91754150390625,1434600
2021-01-12,EMA.TO,38.54519271850586,1580400
2021-01-13,EMA.TO,39.00689697265625,1107000
2021-01-14,EMA.TO,39.16328430175781,1311100
2021-01-15,EMA.TO,39.55796813964844,852700
2021-01-18,EMA.TO,39.86328887939453,345300
2021-01-19,EMA.TO,39.5654182434082,920700
2021-01-20,EMA.TO,39.36436080932617,3191500
2021-01-21,EMA.TO,39.43882369995117,1150000
2021-01-22,EMA.TO,39.654781341552734,397500
2021-01-25,EMA.TO,39.55796813964844,1620900
2021-01-26,EMA.TO,39.50584030151367,442400
2021-01-27,EMA.TO,39.38669204711914,1278400
2021-01-28,EMA.TO,39.699459075927734,858200
2021-01-29,EMA.TO,39.81861877441406,3663700
2021-02-01,EMA.TO,39.83217239379883,2062400
2021-02-02,EMA.TO,40.29191589355469,833600
2021-02-03,EMA.TO,39.749271392822266,2445100
2021-02-04,EMA.TO,39.42518615722656,1017100
2021-02-05,EMA.TO,39.055877685546875,2531400
2021-02-08,EMA.TO,38.98051071166992,1430600
2021-02-09,EMA.TO,38.859928131103516,1365900
2021-02-10,EMA.TO,39.04834747314453,1084500
2021-02-11,EMA.TO,39.03327560424805,777900
2021-02-12,EMA.TO,39.191551208496094,1137700
2021-02-16,EMA.TO,38.988059997558594,2598600
2021-02-17,EMA.TO,38.52830123901367,1155500
2021-02-18,EMA.TO,38.415252685546875,962100
2021-02-19,EMA.TO,37.77462387084961,1229900
2021-02-22,EMA.TO,37.736934661865234,1060100
2021-02-23,EMA.TO,37.669097900390625,794300
2021-02-24,EMA.TO,37.654029846191406,839300
2021-02-25,EMA.TO,38.12885284423828,805200
2021-02-26,EMA.TO,37.789703369140625,1097900
2021-03-01,EMA.TO,38.415252685546875,1047200
2021-03-02,EMA.TO,38.96544647216797,821500
2021-03-03,EMA.TO,38.641361236572266,851700
2021-03-04,EMA.TO,38.581058502197266,1845300
2021-03-05,EMA.TO,38.76194381713867,617500
2021-03-08,EMA.TO,39.21415710449219,698800
2021-03-09,EMA.TO,39.22922897338867,1085000
2021-03-10,EMA.TO,39.47794723510742,583800
2021-03-11,EMA.TO,39.847251892089844,531000
2021-03-12,EMA.TO,40.14118957519531,564100
2021-03-15,EMA.TO,40.55571365356445,591300
2021-03-16,EMA.TO,40.81196975708008,480600
2021-03-17,EMA.TO,40.94009780883789,664000
2021-03-18,EMA.TO,41.06822204589844,697600
2021-03-19,EMA.TO,41.332008361816406,2464900
2021-03-22,EMA.TO,41.58072280883789,382900
2021-03-23,EMA.TO,41.76161193847656,653700
2021-03-24,EMA.TO,41.79928970336914,520700
2021-03-25,EMA.TO,41.641014099121094,632200
2021-03-26,EMA.TO,41.89727020263672,448500
2021-03-29,EMA.TO,42.40223693847656,653400
2021-03-30,EMA.TO,42.10830307006836,469300
2021-03-31,EMA.TO,42.153526306152344,634900
2021-04-01,EMA.TO,42.326873779296875,602000
2021-04-05,EMA.TO,42.5831184387207,753200
2021-04-06,EMA.TO,42.67356491088867,705300
2021-04-07,EMA.TO,42.93735122680664,1717100
2021-04-08,EMA.TO,42.68109130859375,1609900
2021-04-09,EMA.TO,42.537906646728516,1962700
2021-04-12,EMA.TO,42.6961784362793,1034500
2021-04-13,EMA.TO,42.86198425292969,731900
2021-04-14,EMA.TO,42.76400375366211,750200
2021-04-15,EMA.TO,42.6961784362793,1627700
2021-04-16,EMA.TO,42.80922317504883,1667400
2021-04-19,EMA.TO,42.79415512084961,1349700
2021-04-20,EMA.TO,43.457401275634766,757500
2021-04-21,EMA.TO,43.660884857177734,539400
2021-04-22,EMA.TO,43.46493148803711,532100
2021-04-23,EMA.TO,43.223751068115234,597500
2021-04-26,EMA.TO,42.892127990722656,1984300
2021-04-27,EMA.TO,42.80922317504883,546600
2021-04-28,EMA.TO,42.522823333740234,667200
2021-04-29,EMA.TO,42.4323844909668,1583000
2021-04-30,EMA.TO,42.59095764160156,691800
2021-05-03,EMA.TO,42.933990478515625,2039800
2021-05-04,EMA.TO,42.796775817871094,598300
2021-05-05,EMA.TO,42.38511657714844,893400
2021-05-06,EMA.TO,42.65193557739258,377900
2021-05-07,EMA.TO,42.78152847290039,1827900
2021-05-10,EMA.TO,42.97211837768555,2963100
2021-05-11,EMA.TO,42.69004821777344,643800
2021-05-12,EMA.TO,42.552825927734375,1183300
2021-05-13,EMA.TO,42.62144470214844,691200
2021-05-14,EMA.TO,42.94923782348633,844900
2021-05-17,EMA.TO,42.834896087646484,491900
2021-05-18,EMA.TO,43.10171127319336,583800
2021-05-19,EMA.TO,42.91874694824219,440000
2021-05-20,EMA.TO,43.147438049316406,458100
2021-05-21,EMA.TO,43.155067443847656,445500
2021-05-25,EMA.TO,43.08646011352539,624600
2021-05-26,EMA.TO,43.109336853027344,482600
2021-05-27,EMA.TO,42.94161605834961,942900
2021-05-28,EMA.TO,43.07122039794922,447900
2021-05-31,EMA.TO,42.9111213684082,394800
2021-06-01,EMA.TO,42.66718673706055,694800
2021-06-02,EMA.TO,43.01021957397461,678200
2021-06-03,EMA.TO,43.155067443847656,397000
2021-06-04,EMA.TO,43.277042388916016,419700
2021-06-07,EMA.TO,43.399009704589844,466700
2021-06-08,EMA.TO,43.19319152832031,597100
2021-06-09,EMA.TO,43.47523498535156,444200
2021-06-10,EMA.TO,43.627708435058594,380800
2021-06-11,EMA.TO,43.66582107543945,326300
2021-06-14,EMA.TO,43.772552490234375,409800
2021-06-15,EMA.TO,43.91738510131836,488700
2021-06-16,EMA.TO,43.79541778564453,769000
2021-06-17,EMA.TO,43.94026184082031,631800
2021-06-18,EMA.TO,43.627708435058594,1652200
2021-06-21,EMA.TO,43.68107223510742,370000
2021-06-22,EMA.TO,43.62009048461914,577200
2021-06-23,EMA.TO,43.21604919433594,457100
2021-06-24,EMA.TO,43.17793655395508,365700
2021-06-25,EMA.TO,43.18556213378906,213100
2021-06-28,EMA.TO,43.155067443847656,282900
2021-06-29,EMA.TO,42.96448516845703,257900
2021-06-30,EMA.TO,42.87301254272461,445800
2021-07-02,EMA.TO,42.94161605834961,488100
2021-07-05,EMA.TO,43.07122039794922,327600
2021-07-06,EMA.TO,43.41425323486328,592200
2021-07-07,EMA.TO,43.42950439453125,470500
2021-07-08,EMA.TO,43.63533401489258,645600
2021-07-09,EMA.TO,43.52098083496094,820500
2021-07-12,EMA.TO,43.589599609375,958100
2021-07-13,EMA.TO,43.56672668457031,761500
2021-07-14,EMA.TO,43.65058135986328,561800
2021-07-15,EMA.TO,44.001243591308594,1634100
2021-07-16,EMA.TO,44.26805877685547,1703200
2021-07-19,EMA.TO,44.13846206665039,2023500
2021-07-20,EMA.TO,44.16895294189453,1728500
2021-07-21,EMA.TO,43.97837448120117,655000
2021-07-22,EMA.TO,44.00886917114258,1086800
2021-07-23,EMA.TO,44.29092788696289,1217100
2021-07-26,EMA.TO,44.107967376708984,980300
2021-07-27,EMA.TO,44.51963424682617,505800
2021-07-28,EMA.TO,44.69496154785156,525000
2021-07-29,EMA.TO,44.66446304321289,796100
2021-07-30,EMA.TO,44.847896575927734,1826100
2021-08-03,EMA.TO,44.948081970214844,1127500
2021-08-04,EMA.TO,45.03286361694336,574800
2021-08-05,EMA.TO,45.0791130065918,538700
2021-08-06,EMA.TO,45.048274993896484,410300
2021-08-09,EMA.TO,45.194725036621094,867600
2021-08-10,EMA.TO,45.20241928100586,1160400
2021-08-11,EMA.TO,45.67255783081055,858800
2021-08-12,EMA.TO,45.40281295776367,1642500
2021-08-13,EMA.TO,45.60319519042969,2059800
2021-08-16,EMA.TO,45.58778762817383,992600
2021-08-17,EMA.TO,45.71110534667969,1148000
2021-08-18,EMA.TO,45.68796920776367,522800
2021-08-19,EMA.TO,46.00395965576172,1004000
2021-08-20,EMA.TO,46.36620330810547,956400
2021-08-23,EMA.TO,46.127281188964844,1144400
2021-08-24,EMA.TO,45.89606857299805,566900
2021-08-25,EMA.TO,45.59548568725586,697100
2021-08-26,EMA.TO,45.795867919921875,276800
2021-08-27,EMA.TO,45.865234375,255700
2021-08-30,EMA.TO,45.93460464477539,559300
2021-08-31,EMA.TO,45.90378189086914,629700
2021-09-01,EMA.TO,45.90378189086914,421100
2021-09-02,EMA.TO,45.89606857299805,260900
2021-09-03,EMA.TO,45.61090087890625,356000
2021-09-07,EMA.TO,45.086814880371094,525200
2021-09-08,EMA.TO,45.85753631591797,484800
2021-09-09,EMA.TO,45.85753631591797,395300
2021-09-10,EMA.TO,45.61861801147461,382700
2021-09-13,EMA.TO,45.59548568725586,522000
2021-09-14,EMA.TO,45.73421859741211,331000
2021-09-15,EMA.TO,45.68796920776367,330400
2021-09-16,EMA.TO,45.29490280151367,710700
2021-09-17,EMA.TO,45.02516174316406,2000700
2021-09-20,EMA.TO,45.225555419921875,677500
2021-09-21,EMA.TO,45.61861801147461,507100
2021-09-22,EMA.TO,45.4105224609375,587500
2021-09-23,EMA.TO,44.83248519897461,465800
2021-09-24,EMA.TO,44.7322883605957,381700
2021-09-27,EMA.TO,44.362342834472656,531000
2021-09-28,EMA.TO,44.131134033203125,750800
2021-09-29,EMA.TO,44.2929801940918,575100
2021-09-30,EMA.TO,44.20820617675781,514400
2021-10-01,EMA.TO,44.26215362548828,407800
2021-10-04,EMA.TO,44.65521240234375,675300
2021-10-05,EMA.TO,44.508792877197266,685800
2021-10-06,EMA.TO,44.894142150878906,319500
2021-10-07,EMA.TO,44.88643264770508,596500
2021-10-08,EMA.TO,44.66292190551758,298800
2021-10-12,EMA.TO,44.74771499633789,1125900
2021-10-13,EMA.TO,45.09452819824219,799200
2021-10-14,EMA.TO,45.256370544433594,621600
2021-10-15,EMA.TO,45.21784591674805,548200
2021-10-18,EMA.TO,45.379695892333984,704400
2021-10-19,EMA.TO,45.086814880371094,597800
2021-10-20,EMA.TO,45.040565490722656,316500
2021-10-21,EMA.TO,45.156185150146484,362400
2021-10-22,EMA.TO,45.387393951416016,1026500
2021-10-25,EMA.TO,45.5261344909668,5405100
2021-10-26,EMA.TO,45.33344268798828,3439100
2021-10-27,EMA.TO,44.88643264770508,683800
2021-10-28,EMA.TO,44.85560607910156,494000
2021-10-29,EMA.TO,44.889122009277344,1508900
2021-11-01,EMA.TO,44.990474700927734,3493600
2021-11-02,EMA.TO,44.97488021850586,2280500
2021-11-03,EMA.TO,44.90471267700195,679900
2021-11-04,EMA.TO,45.497215270996094,768100
2021-11-05,EMA.TO,45.653133392333984,951100
2021-11-08,EMA.TO,45.29451370239258,874600
2021-11-09,EMA.TO,45.48161697387695,726300
2021-11-10,EMA.TO,45.964969635009766,1232000
2021-11-11,EMA.TO,45.88700866699219,925500
2021-11-12,EMA.TO,45.38806915283203,525800
2021-11-15,EMA.TO,45.7310905456543,1465400
2021-11-16,EMA.TO,46.23003005981445,1514700
2021-11-17,EMA.TO,46.38595199584961,483000
2021-11-18,EMA.TO,46.28459930419922,776300
2021-11-19,EMA.TO,46.27680587768555,504900
2021-11-22,EMA.TO,46.4171257019043,1319500
2021-11-23,EMA.TO,46.40933609008789,462200
2021-11-24,EMA.TO,46.16766357421875,691900
2021-11-25,EMA.TO,46.20664596557617,133400
2021-11-26,EMA.TO,46.09750747680664,444600
2021-11-29,EMA.TO,46.269004821777344,554600
2021-11-30,EMA.TO,45.754478454589844,1313900
2021-12-01,EMA.TO,45.66092300415039,577100
2021-12-02,EMA.TO,45.92599105834961,485600
2021-12-03,EMA.TO,46.11309814453125,470200
2021-12-06,EMA.TO,46.55746078491211,680000
2021-12-07,EMA.TO,46.900482177734375,526300
2021-12-08,EMA.TO,46.72896957397461,299400
2021-12-09,EMA.TO,46.573055267333984,447500
2021-12-10,EMA.TO,46.34697341918945,366900
2021-12-13,EMA.TO,46.71338653564453,560000
2021-12-14,EMA.TO,47.633304595947266,1035400
2021-12-15,EMA.TO,48.31935119628906,1085600
2021-12-16,EMA.TO,48.37392044067383,832000
2021-12-17,EMA.TO,48.96641159057617,1644300
2021-12-20,EMA.TO,49.02098083496094,367400
2021-12-21,EMA.TO,48.802696228027344,447200
2021-12-22,EMA.TO,48.67795944213867,424900
2021-12-23,EMA.TO,48.55323028564453,502900
2021-12-24,EMA.TO,48.56882095336914,51100
2021-12-29,EMA.TO,49.1846923828125,598800
2021-12-30,EMA.TO,49.387393951416016,402100
2021-12-31,EMA.TO,49.28604507446289,264900
2022-01-04,EMA.TO,48.79490280151367,510600
2022-01-05,EMA.TO,48.210201263427734,796400
2022-01-06,EMA.TO,47.95294189453125,1120100
2022-01-07,EMA.TO,47.5241584777832,460300
2022-01-10,EMA.TO,47.29807662963867,908400
2022-01-11,EMA.TO,47.09538269042969,703100
2022-01-12,EMA.TO,47.18893051147461,607500
2022-01-13,EMA.TO,47.173343658447266,307000
2022-01-14,EMA.TO,46.99403381347656,1064300
2022-01-17,EMA.TO,46.877098083496094,184100
2022-01-18,EMA.TO,46.63542556762695,1207800
2022-01-19,EMA.TO,46.56526184082031,1170400
2022-01-20,EMA.TO,46.27680587768555,1046800
2022-01-21,EMA.TO,46.596435546875,1711600
2022-01-24,EMA.TO,46.44831466674805,1785200
2022-01-25,EMA.TO,46.612037658691406,2721900
2022-01-26,EMA.TO,46.237831115722656,3092400
2022-01-27,EMA.TO,47.16555404663086,3028700
2022-01-28,EMA.TO,47.1811408996582,926400
2022-01-31,EMA.TO,47.47515106201172,2418200
2022-02-01,EMA.TO,46.84456253051758,1922300
2022-02-02,EMA.TO,47.33326721191406,504900
2022-02-03,EMA.TO,47.404205322265625,1068700
2022-02-04,EMA.TO,47.12044143676758,704600
2022-02-07,EMA.TO,47.02585220336914,2763800
2022-02-08,EMA.TO,46.90761947631836,941300
2022-02-09,EMA.TO,47.17562484741211,1295600
2022-02-10,EMA.TO,46.63174057006836,1371200
2022-02-11,EMA.TO,46.35586166381836,1288400
2022-02-14,EMA.TO,46.332210540771484,1211800
2022-02-15,EMA.TO,45.92232894897461,2815200
2022-02-16,EMA.TO,45.92232894897461,1155100
2022-02-17,EMA.TO,46.269161224365234,832200
2022-02-18,EMA.TO,46.34797668457031,574700
2022-02-22,EMA.TO,46.26126480102539,1168500
2022-02-23,EMA.TO,46.26126480102539,454200
2022-02-24,EMA.TO,46.6159782409668,941800
2022-02-25,EMA.TO,46.7105598449707,798100
2022-02-28,EMA.TO,46.742095947265625,1077700
2022-03-01,EMA.TO,46.72632598876953,437800
2022-03-02,EMA.TO,46.84456253051758,473400
2022-03-03,EMA.TO,47.58550262451172,754000
2022-03-04,EMA.TO,48.523494720458984,610500
2022-03-07,EMA.TO,48.89396286010742,1525200
2022-03-08,EMA.TO,48.633846282958984,873000
2022-03-09,EMA.TO,47.672210693359375,1372900
2022-03-10,EMA.TO,47.617027282714844,466300
2022-03-11,EMA.TO,48.137264251708984,531300
2022-03-14,EMA.TO,47.77467346191406,766500
2022-03-15,EMA.TO,47.65643310546875,723800
2022-03-16,EMA.TO,47.30961990356445,875100
2022-03-17,EMA.TO,47.37268829345703,516900
2022-03-18,EMA.TO,47.19926452636719,2613800
2022-03-21,EMA.TO,47.45938491821289,540800
2022-03-22,EMA.TO,47.49091339111328,765500
2022-03-23,EMA.TO,47.514556884765625,877800
2022-03-24,EMA.TO,47.66432189941406,747600
2022-03-25,EMA.TO,47.69585418701172,298800
2022-03-28,EMA.TO,47.82197189331055,459200
2022-03-29,EMA.TO,48.113624572753906,960400
2022-03-30,EMA.TO,48.38949966430664,1913300
2022-03-31,EMA.TO,48.84667205810547,828900
2022-04-01,EMA.TO,49.59548568725586,1214900
2022-04-04,EMA.TO,49.57973098754883,1980800
2022-04-05,EMA.TO,49.91078186035156,1630200
2022-04-06,EMA.TO,51.101009368896484,1275300
2022-04-07,EMA.TO,51.02219009399414,1195100
2022-04-08,EMA.TO,50.86453628540039,373100
2022-04-11,EMA.TO,50.8724250793457,2183500
2022-04-12,EMA.TO,50.967010498046875,758300
2022-04-13,EMA.TO,51.0537109375,1284400
2022-04-14,EMA.TO,50.86453628540039,1695300
2022-04-18,EMA.TO,50.62019348144531,1904300
2022-04-19,EMA.TO,50.8330078125,1622700
2022-04-20,EMA.TO,51.01430130004883,918200
2022-04-21,EMA.TO,50.762062072753906,947300
2022-04-22,EMA.TO,50.37583541870117,1500700
2022-04-25,EMA.TO,50.304901123046875,1991800
2022-04-26,EMA.TO,50.7068977355957,1206200
2022-04-27,EMA.TO,50.754188537597656,1470300
2022-04-28,EMA.TO,50.746307373046875,2120900
2022-04-29,EMA.TO,49.40272521972656,2873700
2022-05-02,EMA.TO,49.09211349487305,2693500
2022-05-03,EMA.TO,48.54258346557617,1376800
2022-05-04,EMA.TO,48.61426544189453,1022300
2022-05-05,EMA.TO,48.654075622558594,1256500
2022-05-06,EMA.TO,49.46643829345703,1533600
2022-05-09,EMA.TO,50.17526626586914,1612500
2022-05-10,EMA.TO,50.29473114013672,1534100
2022-05-11,EMA.TO,49.91244888305664,1410800
2022-05-12,EMA.TO,49.46643829345703,756900
2022-05-13,EMA.TO,49.1080436706543,746800
2022-05-16,EMA.TO,49.92040252685547,2470900
2022-05-17,EMA.TO,50.4460563659668,933200
2022-05-18,EMA.TO,50.39030456542969,1449000
2022-05-19,EMA.TO,50.4141845703125,1189000
2022-05-20,EMA.TO,51.130977630615234,2221500
2022-05-24,EMA.TO,51.37787628173828,1800700
2022-05-25,EMA.TO,51.3300895690918,1799300
2022-05-26,EMA.TO,50.93983840942383,957000
2022-05-27,EMA.TO,50.43012237548828,2822700
2022-05-30,EMA.TO,50.34252166748047,239500
2022-05-31,EMA.TO,50.07172775268555,1967200
2022-06-01,EMA.TO,50.03986740112305,646800
2022-06-02,EMA.TO,50.62923812866211,618300
2022-06-03,EMA.TO,50.318626403808594,407900
2022-06-06,EMA.TO,49.832801818847656,646100
2022-06-07,EMA.TO,49.40272521972656,396100
2022-06-08,EMA.TO,49.299190521240234,794800
2022-06-09,EMA.TO,49.339012145996094,622700
2022-06-10,EMA.TO,49.514225006103516,981200
2022-06-13,EMA.TO,48.81336212158203,827800
2022-06-14,EMA.TO,47.29218673706055,976300
2022-06-15,EMA.TO,47.05324935913086,1070900
2022-06-16,EMA.TO,46.18513870239258,931700
2022-06-17,EMA.TO,45.96213912963867,1865200
2022-06-20,EMA.TO,46.232913970947266,266700
2022-06-21,EMA.TO,46.137351989746094,478700
2022-06-22,EMA.TO,46.59927749633789,970800
2022-06-23,EMA.TO,47.578895568847656,1706500
2022-06-24,EMA.TO,47.626670837402344,539200
2022-06-27,EMA.TO,48.00100326538086,1479700
2022-06-28,EMA.TO,48.263824462890625,482300
2022-06-29,EMA.TO,48.263824462890625,624200
2022-06-30,EMA.TO,48.024906158447266,1515900
2022-07-04,EMA.TO,48.1921501159668,307000
2022-07-05,EMA.TO,47.68242645263672,1709000
2022-07-06,EMA.TO,48.01692581176758,1038000
2022-07-07,EMA.TO,47.95322036743164,1138500
2022-07-08,EMA.TO,47.913394927978516,531100
2022-07-11,EMA.TO,48.07267761230469,2552800
2022-07-12,EMA.TO,48.38328552246094,619000
2022-07-13,EMA.TO,48.97264862060547,823600
2022-07-14,EMA.TO,49.29122543334961,2254000
2022-07-15,EMA.TO,48.55851364135742,1324800
2022-07-18,EMA.TO,48.21603775024414,1844300
2022-07-19,EMA.TO,47.96915054321289,912800
2022-07-20,EMA.TO,47.22050476074219,396000
2022-07-21,EMA.TO,47.14881896972656,1174100
2022-07-22,EMA.TO,47.961185455322266,827400
2022-07-25,EMA.TO,48.1602897644043,1144000
2022-07-26,EMA.TO,48.70982360839844,595200
2022-07-27,EMA.TO,48.74169158935547,1420000
2022-07-28,EMA.TO,48.99654006958008,1153300
2022-07-29,EMA.TO,48.87819290161133,1590600
2022-08-02,EMA.TO,48.51589584350586,3260900
2022-08-03,EMA.TO,48.11333465576172,929400
2022-08-04,EMA.TO,48.37902069091797,627300
2022-08-05,EMA.TO,47.85570526123047,1555200
2022-08-08,EMA.TO,48.61250686645508,2158000
2022-08-09,EMA.TO,49.127769470214844,1192600
2022-08-10,EMA.TO,49.35320281982422,2004900
2022-08-11,EMA.TO,49.176090240478516,1690300
2022-08-12,EMA.TO,49.51422882080078,1197000
2022-08-15,EMA.TO,49.618896484375,1181000
2022-08-16,EMA.TO,49.876529693603516,1317400
2022-08-17,EMA.TO,50.27103042602539,1010000
2022-08-18,EMA.TO,50.3112907409668,982300
2022-08-19,EMA.TO,50.585025787353516,1195100
2022-08-22,EMA.TO,50.367645263671875,999100
2022-08-23,EMA.TO,49.884578704833984,1451900
2022-08-24,EMA.TO,49.610843658447266,1105300
2022-08-25,EMA.TO,49.47397994995117,899200
2022-08-26,EMA.TO,49.393463134765625,672300
2022-08-29,EMA.TO,49.578643798828125,607000
2022-08-30,EMA.TO,49.176090240478516,531500
2022-08-31,EMA.TO,48.9265022277832,858200
2022-09-01,EMA.TO,49.482017517089844,647100
2022-09-02,EMA.TO,49.361263275146484,907000
2022-09-06,EMA.TO,49.46591567993164,1086200
2022-09-07,EMA.TO,50.06169509887695,551500
2022-09-08,EMA.TO,50.06169509887695,796600
2022-09-09,EMA.TO,50.3032341003418,630600
2022-09-12,EMA.TO,50.27103042602539,725500
2022-09-13,EMA.TO,49.965091705322266,613700
2022-09-14,EMA.TO,50.08585739135742,1026700
2022-09-15,EMA.TO,48.45148849487305,825000
2022-09-16,EMA.TO,49.14388656616211,2013800
2022-09-19,EMA.TO,49.40956497192383,814400
2022-09-20,EMA.TO,48.765480041503906,409600
2022-09-21,EMA.TO,48.42733383178711,1013800
2022-09-22,EMA.TO,48.62861251831055,374000
2022-09-23,EMA.TO,48.693016052246094,1831800
2022-09-26,EMA.TO,47.24381637573242,894300
2022-09-27,EMA.TO,46.116661071777344,895900
2022-09-28,EMA.TO,46.221336364746094,743300
2022-09-29,EMA.TO,45.07807922363281,1014600
2022-09-30,EMA.TO,44.9975700378418,1044900
2022-10-03,EMA.TO,45.6980094909668,830200
2022-10-04,EMA.TO,46.012001037597656,1787100
2022-10-05,EMA.TO,45.04587173461914,1377100
2022-10-06,EMA.TO,43.145809173583984,2330700
2022-10-07,EMA.TO,43.081398010253906,2288200
2022-10-11,EMA.TO,42.74325942993164,2554400
2022-10-12,EMA.TO,41.49534225463867,2997500
2022-10-13,EMA.TO,43.121665954589844,2394900
2022-10-14,EMA.TO,42.115272521972656,3005400
2022-10-17,EMA.TO,43.266578674316406,2132700
2022-10-18,EMA.TO,43.65303421020508,893200
2022-10-19,EMA.TO,41.608055114746094,2987100
2022-10-20,EMA.TO,40.2474250793457,2816900
2022-10-21,EMA.TO,41.15719223022461,1701800
2022-10-24,EMA.TO,41.36652755737305,1627700
2022-10-25,EMA.TO,41.36652755737305,3459200
2022-10-26,EMA.TO,41.23770523071289,1416600
2022-10-27,EMA.TO,41.06057357788086,873800
2022-10-28,EMA.TO,41.47118377685547,2512900
2022-10-31,EMA.TO,41.20189666748047,3568700
2022-11-01,EMA.TO,41.250858306884766,3159500
2022-11-02,EMA.TO,41.11213302612305,1770900
2022-11-03,EMA.TO,40.451133728027344,2201900
2022-11-04,EMA.TO,40.65514373779297,1696800
2022-11-07,EMA.TO,39.96967315673828,2587300
2022-11-08,EMA.TO,40.81019973754883,1401700
2022-11-09,EMA.TO,40.475616455078125,1367600
2022-11-10,EMA.TO,41.69152069091797,1861300
2022-11-11,EMA.TO,42.40147018432617,1889600
2022-11-14,EMA.TO,41.34061813354492,5613200
2022-11-15,EMA.TO,41.17741012573242,1360600
2022-11-16,EMA.TO,42.1240234375,1801400
2022-11-17,EMA.TO,41.82208251953125,2246100
2022-11-18,EMA.TO,41.87919998168945,2287500
2022-11-21,EMA.TO,41.993446350097656,1773700
2022-11-22,EMA.TO,41.87105178833008,750600
2022-11-23,EMA.TO,42.172977447509766,796300
2022-11-24,EMA.TO,42.1240234375,542100
2022-11-25,EMA.TO,43.029823303222656,600300
2022-11-28,EMA.TO,42.34434509277344,633400
2022-11-29,EMA.TO,42.09137725830078,1254300
2022-11-30,EMA.TO,42.73604965209961,1430000
2022-12-01,EMA.TO,43.01350021362305,1241200
2022-12-02,EMA.TO,42.70341110229492,758700
2022-12-05,EMA.TO,42.956382751464844,1270200
2022-12-06,EMA.TO,43.225669860839844,1416200
2022-12-07,EMA.TO,43.35625076293945,845600
2022-12-08,EMA.TO,43.086944580078125,1227900
2022-12-09,EMA.TO,43.54392623901367,730500
2022-12-12,EMA.TO,43.715301513671875,1942700
2022-12-13,EMA.TO,44.18043518066406,910800
2022-12-14,EMA.TO,43.65001678466797,772200
2022-12-15,EMA.TO,43.446006774902344,958900
2022-12-16,EMA.TO,42.87478256225586,2217800
2022-12-19,EMA.TO,42.172977447509766,598400
2022-12-20,EMA.TO,42.287227630615234,819000
2022-12-21,EMA.TO,42.62997055053711,867200
2022-12-22,EMA.TO,42.19745635986328,930500
2022-12-23,EMA.TO,42.70341110229492,958000
2022-12-28,EMA.TO,42.458595275878906,461400
2022-12-29,EMA.TO,42.70341110229492,321600
2022-12-30,EMA.TO,42.230106353759766,339000
2023-01-03,EMA.TO,42.940059661865234,1184300
2023-01-04,EMA.TO,42.89109802246094,1069200
2023-01-05,EMA.TO,41.72416305541992,1447500
2023-01-06,EMA.TO,42.69524383544922,1795600
2023-01-09,EMA.TO,42.515716552734375,2086300
2023-01-10,EMA.TO,42.434112548828125,1181300
2023-01-11,EMA.TO,43.070621490478516,1278700
2023-01-12,EMA.TO,43.24199295043945,870200
2023-01-13,EMA.TO,44.01723098754883,1068800
2023-01-16,EMA.TO,44.01723098754883,1271100
2023-01-17,EMA.TO,44.319175720214844,1339500
2023-01-18,EMA.TO,44.54765701293945,2160600
2023-01-19,EMA.TO,44.147796630859375,591100
2023-01-20,EMA.TO,44.245723724365234,1280200
2023-01-23,EMA.TO,44.15596389770508,401900
2023-01-24,EMA.TO,44.37629318237305,656400
2023-01-25,EMA.TO,44.319175720214844,1008800
2023-01-26,EMA.TO,44.058040618896484,1251500
2023-01-27,EMA.TO,43.756099700927734,2410400
2023-01-30,EMA.TO,44.041709899902344,2454700
2023-01-31,EMA.TO,43.79373550415039,1387500
2023-02-01,EMA.TO,43.94252014160156,3881200
2023-02-02,EMA.TO,44.6120719909668,2767500
2023-02-03,EMA.TO,44.71953582763672,1443400
2023-02-06,EMA.TO,44.85179138183594,1608300
2023-02-07,EMA.TO,43.92598342895508,1707900
2023-02-08,EMA.TO,43.52922058105469,1072100
2023-02-09,EMA.TO,43.52095413208008,1385300
2023-02-10,EMA.TO,44.65340805053711,2137200
2023-02-13,EMA.TO,44.85179138183594,1787300
2023-02-14,EMA.TO,44.793922424316406,1465300
2023-02-15,EMA.TO,44.884849548339844,1477500
2023-02-16,EMA.TO,44.71953582763672,806100
2023-02-17,EMA.TO,45.27335739135742,1079400
2023-02-21,EMA.TO,44.760860443115234,2103300
2023-02-22,EMA.TO,44.62861251831055,920200
2023-02-23,EMA.TO,45.380828857421875,1770300
2023-02-24,EMA.TO,45.16590881347656,850200
2023-02-27,EMA.TO,45.14936447143555,1167800
2023-02-28,EMA.TO,44.67820739746094,1350900
2023-03-01,EMA.TO,44.05824279785156,1424400
2023-03-02,EMA.TO,43.620147705078125,1277500
2023-03-03,EMA.TO,44.48808288574219,783300
2023-03-06,EMA.TO,44.43022155761719,343500
2023-03-07,EMA.TO,44.47154998779297,714100
2023-03-08,EMA.TO,44.67820739746094,1049400
2023-03-09,EMA.TO,44.47154998779297,1461500
2023-03-10,EMA.TO,43.603607177734375,1017800
2023-03-13,EMA.TO,44.33102798461914,1299900
2023-03-14,EMA.TO,45.09977340698242,714300
2023-03-15,EMA.TO,45.50481414794922,855000
2023-03-16,EMA.TO,45.90984344482422,744300
2023-03-17,EMA.TO,46.22395324707031,2682000
2023-03-20,EMA.TO,45.61226272583008,1387400
2023-03-21,EMA.TO,44.6451416015625,847200
2023-03-22,EMA.TO,44.33929443359375,608800
2023-03-23,EMA.TO,43.917720794677734,1147800
2023-03-24,EMA.TO,45.21550369262695,728800
2023-03-27,EMA.TO,45.84373092651367,798900
2023-03-28,EMA.TO,45.60400390625,619000
2023-03-29,EMA.TO,45.95118713378906,857600
2023-03-30,EMA.TO,46.16609573364258,907100
2023-03-31,EMA.TO,45.8933219909668,1530900
2023-04-03,EMA.TO,45.58747863769531,2591800
2023-04-04,EMA.TO,46.23222732543945,1789000
2023-04-05,EMA.TO,47.290279388427734,1908400
2023-04-06,EMA.TO,47.670528411865234,2304500
2023-04-10,EMA.TO,47.819313049316406,2678400
2023-04-11,EMA.TO,48.17476272583008,1040600
2023-04-12,EMA.TO,48.14996337890625,671400
2023-04-13,EMA.TO,47.95158004760742,855700
2023-04-14,EMA.TO,47.68706130981445,996900
2023-04-17,EMA.TO,47.81105422973633,2065000
2023-04-18,EMA.TO,47.76972198486328,1707000
2023-04-19,EMA.TO,47.86064147949219,713000
2023-04-20,EMA.TO,47.80277633666992,1323500
2023-04-21,EMA.TO,48.27395248413086,788000
2023-04-24,EMA.TO,48.0177001953125,1754100
2023-04-25,EMA.TO,48.62112808227539,963000
2023-04-26,EMA.TO,48.521934509277344,878200
2023-04-27,EMA.TO,48.48060989379883,2158300
2023-04-28,EMA.TO,48.2213020324707,803600
2023-05-01,EMA.TO,48.229671478271484,2168600
2023-05-02,EMA.TO,48.56425094604492,3240900
2023-05-03,EMA.TO,49.3756103515625,1282600
2023-05-04,EMA.TO,49.300323486328125,1189900
2023-05-05,EMA.TO,49.14976119995117,2322200
2023-05-08,EMA.TO,49.30868911743164,2226000
2023-05-09,EMA.TO,49.124664306640625,1029200
2023-05-10,EMA.TO,49.14139938354492,939300
2023-05-11,EMA.TO,48.89881896972656,881700
2023-05-12,EMA.TO,49.34215545654297,760100
2023-05-15,EMA.TO,49.07447814941406,1479900
2023-05-16,EMA.TO,48.56425094604492,2691100
2023-05-17,EMA.TO,47.70270538330078,945600
2023-05-18,EMA.TO,47.46849822998047,1473100
2023-05-19,EMA.TO,47.677608489990234,627100
2023-05-23,EMA.TO,47.39322280883789,796700
2023-05-24,EMA.TO,47.33466339111328,615500
2023-05-25,EMA.TO,46.79098129272461,473000
2023-05-26,EMA.TO,47.15901565551758,597500
2023-05-29,EMA.TO,47.1673698425293,140700
2023-05-30,EMA.TO,47.041908264160156,234000
2023-05-31,EMA.TO,46.81607437133789,1494500
2023-06-01,EMA.TO,46.77424240112305,899600
2023-06-02,EMA.TO,47.301212310791016,1042800
2023-06-05,EMA.TO,47.14228439331055,806700
2023-06-06,EMA.TO,46.389488220214844,920000
2023-06-07,EMA.TO,46.05489730834961,1240700
2023-06-08,EMA.TO,46.48149490356445,395200
2023-06-09,EMA.TO,46.280738830566406,362700
2023-06-12,EMA.TO,46.448036193847656,480000
2023-06-13,EMA.TO,46.27238082885742,507500
2023-06-14,EMA.TO,45.837425231933594,597100
2023-06-15,EMA.TO,45.5446662902832,600400
2023-06-16,EMA.TO,45.45265579223633,1734100
2023-06-19,EMA.TO,45.285362243652344,283100
2023-06-20,EMA.TO,45.49448776245117,1690300
2023-06-21,EMA.TO,45.603214263916016,425600
2023-06-22,EMA.TO,45.20171356201172,316400
2023-06-23,EMA.TO,44.6496696472168,495000
2023-06-26,EMA.TO,44.783504486083984,468000
2023-06-27,EMA.TO,44.716583251953125,642700
2023-06-28,EMA.TO,44.599483489990234,385700
2023-06-29,EMA.TO,44.85041427612305,529000
2023-06-30,EMA.TO,45.63667678833008,938100
2023-07-04,EMA.TO,45.62830352783203,163900
2023-07-05,EMA.TO,45.770503997802734,1564800
2023-07-06,EMA.TO,45.34391784667969,1931700
2023-07-07,EMA.TO,44.9675178527832,494200
2023-07-10,EMA.TO,44.28998947143555,687700
2023-07-11,EMA.TO,43.98887252807617,572100
2023-07-12,EMA.TO,44.62458038330078,544900
2023-07-13,EMA.TO,45.143165588378906,903100
2023-07-14,EMA.TO,45.45265579223633,581800
2023-07-17,EMA.TO,45.184993743896484,416900
2023-07-18,EMA.TO,44.95915603637695,2344200
2023-07-19,EMA.TO,45.5279426574707,811800
2023-07-20,EMA.TO,45.954524993896484,771700
2023-07-21,EMA.TO,46.00471496582031,485100
2023-07-24,EMA.TO,46.07999801635742,399700
2023-07-25,EMA.TO,46.163639068603516,321000
2023-07-26,EMA.TO,46.339290618896484,1489100
2023-07-27,EMA.TO,45.72867965698242,2413500
2023-07-28,EMA.TO,45.419193267822266,2396500
2023-07-31,EMA.TO,45.31753158569336,778200
2023-08-01,EMA.TO,44.7244758605957,2292200
2023-08-02,EMA.TO,44.1992073059082,4120100
2023-08-03,EMA.TO,42.962276458740234,931200
2023-08-04,EMA.TO,43.241859436035156,690500
2023-08-08,EMA.TO,43.34351348876953,874500
2023-08-09,EMA.TO,43.995880126953125,730900
2023-08-10,EMA.TO,43.94504165649414,960600
2023-08-11,EMA.TO,43.69087219238281,912200
2023-08-14,EMA.TO,43.004634857177734,886200
2023-08-15,EMA.TO,42.403114318847656,743700
2023-08-16,EMA.TO,42.699642181396484,445700
2023-08-17,EMA.TO,42.83518981933594,555700
2023-08-18,EMA.TO,43.614627838134766,1565500
2023-08-21,EMA.TO,42.979225158691406,1418100
2023-08-22,EMA.TO,43.05546951293945,611700
2023-08-23,EMA.TO,43.32658004760742,581000
2023-08-24,EMA.TO,43.12324523925781,807500
2023-08-25,EMA.TO,42.987693786621094,580700
2023-08-28,EMA.TO,43.02157974243164,696600
2023-08-29,EMA.TO,43.08935546875,828900
2023-08-30,EMA.TO,43.41130065917969,840200
2023-08-31,EMA.TO,42.911441802978516,711200
2023-09-01,EMA.TO,43.436710357666016,715600
2023-09-05,EMA.TO,42.82672119140625,584900
2023-09-06,EMA.TO,41.9371452331543,1041000
2023-09-07,EMA.TO,42.4200553894043,780300
2023-09-08,EMA.TO,42.41158676147461,631300
2023-09-11,EMA.TO,42.7335205078125,419300
2023-09-12,EMA.TO,42.79283142089844,448100
2023-09-13,EMA.TO,43.241859436035156,841900
2023-09-14,EMA.TO,43.93656921386719,698600
2023-09-15,EMA.TO,43.911155700683594,1987300
2023-09-18,EMA.TO,44.1399040222168,703100
2023-09-19,EMA.TO,43.30116271972656,890800
2023-09-20,EMA.TO,43.419769287109375,551400
2023-09-21,EMA.TO,42.758949279785156,570600
2023-09-22,EMA.TO,42.852134704589844,531600
2023-09-25,EMA.TO,42.34380340576172,706200
2023-09-26,EMA.TO,41.3695068359375,3438900
2023-09-27,EMA.TO,40.462989807128906,935000
2023-09-28,EMA.TO,40.76799011230469,617700
2023-09-29,EMA.TO,40.174930572509766,1277900
2023-10-02,EMA.TO,38.86174774169922,4930000
2023-10-03,EMA.TO,38.40426254272461,1553000
2023-10-04,EMA.TO,39.056610107421875,2997300
2023-10-05,EMA.TO,40.13257598876953,1472600
2023-10-06,EMA.TO,40.14951705932617,997500
2023-10-10,EMA.TO,40.607017517089844,2245200
2023-10-11,EMA.TO,41.30173110961914,2152200
2023-10-12,EMA.TO,39.895362854003906,1293100
2023-10-13,EMA.TO,39.58189010620117,3125300
2023-10-16,EMA.TO,40.09868621826172,1218400
2023-10-17,EMA.TO,39.8191032409668,602200
2023-10-18,EMA.TO,38.88717269897461,1520100
2023-10-19,EMA.TO,38.573699951171875,911900
2023-10-20,EMA.TO,37.53162384033203,1343300
2023-10-23,EMA.TO,38.29412078857422,3122100
2023-10-24,EMA.TO,38.51438903808594,1169100
2023-10-25,EMA.TO,38.76856231689453,965200
2023-10-26,EMA.TO,39.124393463134766,1274700
2023-10-27,EMA.TO,38.912593841552734,1509600
2023-10-30,EMA.TO,39.16675567626953,880200
2023-10-31,EMA.TO,39.08757781982422,1261700
2023-11-01,EMA.TO,40.137481689453125,1800800
2023-11-02,EMA.TO,41.66071319580078,1752300
2023-11-03,EMA.TO,41.7209587097168,1788400
2023-11-06,EMA.TO,41.75537872314453,1380500
2023-11-07,EMA.TO,41.47138595581055,1775200
2023-11-08,EMA.TO,41.29066848754883,1519500
2023-11-09,EMA.TO,41.35951614379883,1247600
2023-11-10,EMA.TO,41.37672424316406,1794100
2023-11-13,EMA.TO,40.95503616333008,1443200
2023-11-14,EMA.TO,41.68653106689453,1162700
2023-11-15,EMA.TO,41.60047149658203,1840900
2023-11-16,EMA.TO,41.90167999267578,807100
2023-11-17,EMA.TO,42.24591064453125,929900
2023-11-20,EMA.TO,42.099609375,1069700
2023-11-21,EMA.TO,41.68653106689453,1054100
2023-11-22,EMA.TO,41.60908126831055,925300
2023-11-23,EMA.TO,41.58326721191406,173500
2023-11-24,EMA.TO,41.4799919128418,251900
2023-11-27,EMA.TO,41.20460891723633,978800
2023-11-28,EMA.TO,41.13575744628906,1906300
2023-11-29,EMA.TO,40.87758255004883,1094000
2023-11-30,EMA.TO,41.04108810424805,1398800
2023-12-01,EMA.TO,41.62629699707031,1232900
2023-12-04,EMA.TO,41.55744934082031,887300
2023-12-05,EMA.TO,41.37672424316406,1295100
2023-12-06,EMA.TO,42.082401275634766,669900
2023-12-07,EMA.TO,42.581539154052734,907400
2023-12-08,EMA.TO,42.2545166015625,647500
2023-12-11,EMA.TO,42.039363861083984,959500
2023-12-12,EMA.TO,41.35090637207031,1171600
2023-12-13,EMA.TO,42.89995193481445,1454900
2023-12-14,EMA.TO,43.22697067260742,1297000
2023-12-15,EMA.TO,42.650386810302734,2887500
2023-12-18,EMA.TO,42.42662811279297,569200
2023-12-19,EMA.TO,42.84831619262695,502800
2023-12-20,EMA.TO,41.979129791259766,642000
2023-12-21,EMA.TO,42.125431060791016,1473100
2023-12-22,EMA.TO,42.538509368896484,585500
2023-12-27,EMA.TO,42.7708625793457,824700
2023-12-28,EMA.TO,43.08068084716797,437200
2023-12-29,EMA.TO,43.28721618652344,701400
2024-01-02,EMA.TO,43.614227294921875,1190800
2024-01-03,EMA.TO,43.648658752441406,654100
2024-01-04,EMA.TO,43.79495620727539,549800
2024-01-05,EMA.TO,43.769142150878906,1714200
2024-01-08,EMA.TO,44.35433578491211,806300
2024-01-09,EMA.TO,44.173606872558594,796800
2024-01-10,EMA.TO,44.311302185058594,999200
2024-01-11,EMA.TO,43.96706771850586,882800
2024-01-12,EMA.TO,43.984283447265625,614800
2024-01-15,EMA.TO,44.225242614746094,246700
2024-01-16,EMA.TO,43.88961410522461,865100
2024-01-17,EMA.TO,42.85691833496094,1208600
2024-01-18,EMA.TO,42.392208099365234,1130900
2024-01-19,EMA.TO,42.4954833984375,1605800
2024-01-22,EMA.TO,42.039363861083984,1353600
2024-01-23,EMA.TO,41.43696594238281,1465800
2024-01-24,EMA.TO,41.53162384033203,2351500
2024-01-25,EMA.TO,42.116825103759766,942100
2024-01-26,EMA.TO,42.03076934814453,1424100
2024-01-29,EMA.TO,42.16845703125,1787200
2024-01-30,EMA.TO,41.996337890625,742800
2024-01-31,EMA.TO,41.49673843383789,2067600
2024-02-01,EMA.TO,42.073204040527344,925800
2024-02-02,EMA.TO,42.29155349731445,1028400
2024-02-05,EMA.TO,41.653953552246094,1296400
2024-02-06,EMA.TO,42.178016662597656,764200
2024-02-07,EMA.TO,41.48800277709961,945600
2024-02-08,EMA.TO,40.763057708740234,1510500
2024-02-09,EMA.TO,40.83293151855469,960000
2024-02-12,EMA.TO,41.17356872558594,1739500
2024-02-13,EMA.TO,40.474822998046875,1225600
2024-02-14,EMA.TO,40.894073486328125,937200
2024-02-15,EMA.TO,42.27409362792969,1256200
2024-02-16,EMA.TO,42.256629943847656,980100
2024-02-20,EMA.TO,42.00333023071289,1170400
2024-02-21,EMA.TO,42.09067916870117,928900
2024-02-22,EMA.TO,42.081939697265625,815800
2024-02-23,EMA.TO,42.413841247558594,912000
2024-02-26,EMA.TO,40.96394729614258,2118300
2024-02-27,EMA.TO,41.025089263916016,759100
2024-02-28,EMA.TO,41.04256057739258,666500
2024-02-29,EMA.TO,41.575347900390625,2917000
2024-03-01,EMA.TO,41.837371826171875,874300
2024-03-04,EMA.TO,41.98585891723633,479800
2024-03-05,EMA.TO,42.10813903808594,872000
2024-03-06,EMA.TO,42.2042121887207,623400
2024-03-07,EMA.TO,42.640933990478516,872600
2024-03-08,EMA.TO,42.62346649169922,1075900
2024-03-11,EMA.TO,42.684600830078125,423800
2024-03-12,EMA.TO,42.6322021484375,639700
2024-03-13,EMA.TO,42.09940719604492,701400
2024-03-14,EMA.TO,41.4443359375,763000
2024-03-15,EMA.TO,41.66269302368164,3267600
2024-03-18,EMA.TO,41.566612243652344,842200
2024-03-19,EMA.TO,41.36573028564453,565800
2024-03-20,EMA.TO,41.76749801635742,763000
2024-03-21,EMA.TO,41.6976318359375,423800
2024-03-22,EMA.TO,41.64522171020508,527300
2024-03-25,EMA.TO,41.33952331542969,717500
2024-03-26,EMA.TO,41.17356872558594,509400
2024-03-27,EMA.TO,41.566612243652344,501300
2024-03-28,EMA.TO,41.6364860534668,779500
2024-04-01,EMA.TO,41.33078384399414,1152800
2024-04-02,EMA.TO,40.99888229370117,946300
2024-04-03,EMA.TO,41.16483688354492,654300
2024-04-04,EMA.TO,41.16483688354492,519400
2024-04-05,EMA.TO,41.38319396972656,1191100
2024-04-08,EMA.TO,41.54914474487305,849200
2024-04-09,EMA.TO,41.68016815185547,615400
2024-04-10,EMA.TO,41.48800277709961,1241900
2024-04-11,EMA.TO,41.400665283203125,1703700
2024-04-12,EMA.TO,41.1124267578125,3747500
2024-04-15,EMA.TO,40.789268493652344,1681600
2024-04-16,EMA.TO,40.56216812133789,2802700
2024-04-17,EMA.TO,40.49230194091797,5122000
2024-04-18,EMA.TO,40.52722930908203,1200500
2024-04-19,EMA.TO,40.79799270629883,1379100
2024-04-22,EMA.TO,40.789268493652344,2117500
2024-04-23,EMA.TO,40.82419967651367,2551500
2024-04-24,EMA.TO,40.710655212402344,1862200
2024-04-25,EMA.TO,40.32634353637695,1154700
2024-04-26,EMA.TO,40.55343246459961,1736700
2024-04-29,EMA.TO,40.90281295776367,1723500
2024-04-30,EMA.TO,41.18487548828125,1264300
2024-05-01,EMA.TO,41.22922897338867,2167400
2024-05-02,EMA.TO,41.433250427246094,2209800
2024-05-03,EMA.TO,41.63727569580078,1263800
2024-05-06,EMA.TO,42.27592849731445,1422200
2024-05-07,EMA.TO,42.3380241394043,1122400
2024-05-08,EMA.TO,42.76380157470703,1705200
2024-05-09,EMA.TO,42.82589340209961,859800
2024-05-10,EMA.TO,43.1097412109375,1275400
2024-05-13,EMA.TO,42.559776306152344,1289800
2024-05-14,EMA.TO,43.38472366333008,1127500
2024-05-15,EMA.TO,43.76614761352539,1304400
2024-05-16,EMA.TO,44.50238037109375,916800
2024-05-17,EMA.TO,44.73299789428711,1885400
2024-05-21,EMA.TO,44.3338508605957,759200
2024-05-22,EMA.TO,44.0411262512207,813900
2024-05-23,EMA.TO,43.50889587402344,1744400
2024-05-24,EMA.TO,43.34923553466797,686900
2024-05-27,EMA.TO,43.0565185546875,295700
2024-05-28,EMA.TO,42.31140899658203,1321500
2024-05-29,EMA.TO,41.09617614746094,1451500
2024-05-30,EMA.TO,41.513084411621094,702700
2024-05-31,EMA.TO,42.09851837158203,1774000
2024-06-03,EMA.TO,42.40898132324219,1755000
2024-06-04,EMA.TO,42.293670654296875,1087000
2024-06-05,EMA.TO,42.12513732910156,1091600
2024-06-06,EMA.TO,42.15174102783203,454600
2024-06-07,EMA.TO,42.2049674987793,860700
2024-06-10,EMA.TO,42.107398986816406,534800
2024-06-11,EMA.TO,41.78805923461914,805100
2024-06-12,EMA.TO,41.24697494506836,1113500
2024-06-13,EMA.TO,41.22922897338867,1496200
2024-06-14,EMA.TO,40.634925842285156,742200
2024-06-17,EMA.TO,40.501869201660156,1355400
2024-06-18,EMA.TO,40.244625091552734,775900
2024-06-19,EMA.TO,39.80998992919922,727900
2024-06-20,EMA.TO,39.57935333251953,965600
2024-06-21,EMA.TO,39.6325798034668,2538900
2024-06-24,EMA.TO,40.78571701049805,1038900
2024-06-25,EMA.TO,40.572837829589844,817400
2024-06-26,EMA.TO,40.351070404052734,482200
2024-06-27,EMA.TO,40.28897476196289,821000
2024-06-28,EMA.TO,40.49300003051758,1143000
2024-07-02,EMA.TO,39.51725769042969,2799700
2024-07-03,EMA.TO,40.164791107177734,674100
2024-07-04,EMA.TO,40.058353424072266,1002300
2024-07-05,EMA.TO,40.06721878051758,2625100
2024-07-08,EMA.TO,40.2978515625,654600
2024-07-09,EMA.TO,40.27123260498047,904400
2024-07-10,EMA.TO,40.41316223144531,1161300
2024-07-11,EMA.TO,40.96311950683594,888400
2024-07-12,EMA.TO,41.2026252746582,2163500
2024-07-15,EMA.TO,41.03408432006836,950200
2024-07-16,EMA.TO,41.29132080078125,1496200
2024-07-17,EMA.TO,41.45099639892578,1243500
2024-07-18,EMA.TO,41.69935989379883,1406500
2024-07-19,EMA.TO,41.672752380371094,535200
2024-07-22,EMA.TO,42.22270202636719,1345200
2024-07-23,EMA.TO,42.51542282104492,1476200
2024-07-24,EMA.TO,42.932334899902344,1414400
2024-07-25,EMA.TO,43.393592834472656,2054200
2024-07-26,EMA.TO,43.47342300415039,509600
2024-07-29,EMA.TO,43.446807861328125,389400
2024-07-30,EMA.TO,44.183048248291016,1715600
2024-07-31,EMA.TO,44.209659576416016,2215200
2024-08-01,EMA.TO,44.018863677978516,3193200
2024-08-02,EMA.TO,44.73884963989258,3984800
2024-08-06,EMA.TO,44.75685119628906,2828400
2024-08-07,EMA.TO,44.36985778808594,1205200
2024-08-08,EMA.TO,44.67585754394531,2047200
2024-08-09,EMA.TO,44.234859466552734,1479700
2024-08-12,EMA.TO,43.92885971069336,1163900
2024-08-13,EMA.TO,44.24386215209961,1047800
2024-08-14,EMA.TO,44.657859802246094,833900
2024-08-15,EMA.TO,44.81085968017578,521700
2024-08-16,EMA.TO,45.05385971069336,1209600
2024-08-19,EMA.TO,45.134857177734375,1447900
2024-08-20,EMA.TO,45.48585510253906,744200
2024-08-21,EMA.TO,45.3238525390625,525900
2024-08-22,EMA.TO,45.350852966308594,860800
2024-08-23,EMA.TO,45.34185791015625,346100
2024-08-26,EMA.TO,45.46785354614258,559700
2024-08-27,EMA.TO,45.37784957885742,415100
2024-08-28,EMA.TO,45.521854400634766,561500
2024-08-29,EMA.TO,45.4228515625,658000
2024-08-30,EMA.TO,45.674861907958984,933400
2024-09-03,EMA.TO,46.106849670410156,2557300
2024-09-04,EMA.TO,46.30485534667969,677500
2024-09-05,EMA.TO,46.23284912109375,621900
2024-09-06,EMA.TO,46.016849517822266,691400
2024-09-09,EMA.TO,46.32285690307617,1790300
2024-09-10,EMA.TO,46.11585235595703,1323800
2024-09-11,EMA.TO,46.24185562133789,1629500
2024-09-12,EMA.TO,47.60984420776367,1397800
2024-09-13,EMA.TO,48.03284454345703,659600
2024-09-16,EMA.TO,48.02384948730469,1073400
2024-09-17,EMA.TO,47.79884338378906,707100
2024-09-18,EMA.TO,47.36684799194336,518500
2024-09-19,EMA.TO,46.72784423828125,814400
2024-09-20,EMA.TO,47.231849670410156,1641500
2024-09-23,EMA.TO,47.357845306396484,539700
2024-09-24,EMA.TO,47.28584671020508,626700
2024-09-25,EMA.TO,47.933841705322266,1375700
2024-09-26,EMA.TO,48.185848236083984,946600
2024-09-27,EMA.TO,48.27584457397461,1270300
2024-09-30,EMA.TO,47.960845947265625,671500
2024-10-01,EMA.TO,47.95185089111328,1576500
2024-10-02,EMA.TO,47.960845947265625,475000
2024-10-03,EMA.TO,47.96540832519531,1549100
2024-10-04,EMA.TO,47.57307434082031,798000
2024-10-07,EMA.TO,45.20993423461914,3556800
2024-10-08,EMA.TO,45.173431396484375,1538200
2024-10-09,EMA.TO,45.76649856567383,1440300
2024-10-10,EMA.TO,46.40518569946289,2097300
2024-10-11,EMA.TO,46.195335388183594,1255500
2024-10-15,EMA.TO,48.084022521972656,1870000
2024-10-16,EMA.TO,48.36686706542969,840600
2024-10-17,EMA.TO,48.80482864379883,1778000
2024-10-18,EMA.TO,48.905189514160156,1250500
2024-10-21,EMA.TO,48.86870193481445,1933600
2024-10-22,EMA.TO,49.18803787231445,1048100
2024-10-23,EMA.TO,49.160667419433594,640200
2024-10-24,EMA.TO,48.923439025878906,1604100
2024-10-25,EMA.TO,48.476356506347656,917200
2024-10-28,EMA.TO,48.558475494384766,2237200
2024-10-29,EMA.TO,47.26285171508789,1395600
2024-10-30,EMA.TO,47.4544563293457,1685200
2024-10-31,EMA.TO,47.99277877807617,2699900
2024-11-01,EMA.TO,47.11850357055664,1520600
2024-11-04,EMA.TO,46.720680236816406,2003000
2024-11-05,EMA.TO,46.85945510864258,2578500
2024-11-06,EMA.TO,46.03606414794922,1316700
2024-11-07,EMA.TO,45.99905776977539,1536000
2024-11-08,EMA.TO,46.43388366699219,1436800
2024-11-11,EMA.TO,46.61891174316406,1324600
2024-11-12,EMA.TO,46.6651725769043,1611700
2024-11-13,EMA.TO,45.9620475769043,1003900
2024-11-14,EMA.TO,46.67442321777344,1376800
2024-11-15,EMA.TO,46.96122741699219,1004100
2024-11-18,EMA.TO,47.516326904296875,2164100
2024-11-19,EMA.TO,48.0344123840332,1210200
2024-11-20,EMA.TO,47.92339324951172,1523300
2024-11-21,EMA.TO,48.0251579284668,1684700
2024-11-22,EMA.TO,48.0344123840332,1777500
2024-11-25,EMA.TO,48.58951187133789,2791100
2024-11-26,EMA.TO,48.922569274902344,1876000
2024-11-27,EMA.TO,49.54243087768555,1132000
2024-11-28,EMA.TO,49.357398986816406,195800
2024-11-29,EMA.TO,49.42216110229492,1410700
2024-12-02,EMA.TO,49.77371597290039,1459000
2024-12-03,EMA.TO,50.20854568481445,2223900
2024-12-04,EMA.TO,51.00419235229492,1146700
2024-12-05,EMA.TO,51.51301956176758,1538900
2024-12-06,EMA.TO,51.698055267333984,1476600
2024-12-09,EMA.TO,51.374244689941406,1472100
2024-12-10,EMA.TO,50.94867706298828,1289000
2024-12-11,EMA.TO,50.31031036376953,1003800
2024-12-12,EMA.TO,50.486087799072266,1334600
2024-12-13,EMA.TO,50.569358825683594,1165400
2024-12-16,EMA.TO,50.532352447509766,673500
2024-12-17,EMA.TO,50.11602783203125,1150400
2024-12-18,EMA.TO,49.6164436340332,801500
2024-12-19,EMA.TO,49.449913024902344,933100
2024-12-20,EMA.TO,49.63494873046875,2319100
2024-12-23,EMA.TO,50.06052017211914,931600
2024-12-24,EMA.TO,49.76446533203125,308200
2024-12-27,EMA.TO,49.91249084472656,922800
2024-12-30,EMA.TO,50.03276824951172,560400
2024-12-31,EMA.TO,49.708953857421875,584800
2025-01-02,EMA.TO,49.52392578125,1510400
2025-01-03,EMA.TO,49.625694274902344,1098700
2025-01-06,EMA.TO,49.338897705078125,1262400
2025-01-07,EMA.TO,49.4314079284668,1164400
2025-01-08,EMA.TO,49.20011901855469,1403800
2025-01-09,EMA.TO,48.996578216552734,1323800
2025-01-10,EMA.TO,48.55250930786133,3128800
2025-01-13,EMA.TO,47.96965026855469,1083200
2025-01-14,EMA.TO,47.68285369873047,2113100
2025-01-15,EMA.TO,47.95115280151367,1756100
2025-01-16,EMA.TO,49.4406623840332,1600000
2025-01-17,EMA.TO,50.11602783203125,829600
2025-01-20,EMA.TO,49.745967864990234,585400
2025-01-21,EMA.TO,49.995758056640625,1469900
2025-01-22,EMA.TO,49.76446533203125,1379800
2025-01-23,EMA.TO,50.171539306640625,1672400
2025-01-24,EMA.TO,50.532352447509766,1398600
2025-01-27,EMA.TO,51.26322937011719,2041200
2025-01-28,EMA.TO,50.88391876220703,2095700
2025-01-29,EMA.TO,50.44908142089844,1092200
2025-01-30,EMA.TO,51.04118728637695,1781000
2025-01-31,EMA.TO,51.76774215698242,1308800
2025-02-03,EMA.TO,52.620853424072266,4246600
2025-02-04,EMA.TO,51.81461715698242,1447200
2025-02-05,EMA.TO,52.086483001708984,790300
2025-02-06,EMA.TO,52.27397918701172,1760600
2025-02-07,EMA.TO,52.17085647583008,1746200
2025-02-10,EMA.TO,52.24585723876953,4104900
2025-02-11,EMA.TO,51.992733001708984,1658700
2025-02-12,EMA.TO,52.236480712890625,951300
2025-02-13,EMA.TO,52.433353424072266,1345900
2025-02-14,EMA.TO,52.99584197998047,1183200
2025-02-18,EMA.TO,52.58334732055664,1587800
2025-02-19,EMA.TO,52.58334732055664,1296400
2025-02-20,EMA.TO,53.070838928222656,1429000
2025-02-21,EMA.TO,54.08332061767578,744500
2025-02-24,EMA.TO,53.436458587646484,1985200
2025-02-25,EMA.TO,53.69895553588867,1230000
2025-02-26,EMA.TO,54.467689514160156,992200
2025-02-27,EMA.TO,53.84895324707031,1442900
2025-02-28,EMA.TO,54.24269485473633,2424200
2025-03-03,EMA.TO,55.10517883300781,977300
2025-03-04,EMA.TO,55.54579162597656,1472800
2025-03-05,EMA.TO,55.18017578125,1288100
2025-03-06,EMA.TO,54.57080841064453,1099800
2025-03-07,EMA.TO,55.264549255371094,960200
2025-03-10,EMA.TO,55.88328552246094,1991100
2025-03-11,EMA.TO,55.48954391479492,1350300
2025-03-12,EMA.TO,55.10517883300781,775500
2025-03-13,EMA.TO,55.79891586303711,725800
2025-03-14,EMA.TO,55.452049255371094,506100
2025-03-17,EMA.TO,55.16142654418945,659900
2025-03-18,EMA.TO,55.517669677734375,682600
2025-03-19,EMA.TO,54.908302307128906,703300
2025-03-20,EMA.TO,55.02080154418945,1204600
2025-03-21,EMA.TO,55.480167388916016,1878400
2025-03-24,EMA.TO,55.25516891479492,656600
2025-03-25,EMA.TO,55.25516891479492,747000
2025-03-26,EMA.TO,55.10517883300781,455500
2025-03-27,EMA.TO,55.527042388916016,826100
2025-03-28,EMA.TO,56.54889678955078,1221900
2025-03-31,EMA.TO,56.820762634277344,1267200
2025-04-01,EMA.TO,57.1770133972168,2086500
2025-04-02,EMA.TO,57.10200881958008,1109200
2025-04-03,EMA.TO,58.367610931396484,1490900
2025-04-04,EMA.TO,57.04576110839844,3874600
2025-04-07,EMA.TO,55.330169677734375,3842800
2025-04-08,EMA.TO,54.898929595947266,1879600
2025-04-09,EMA.TO,54.064571380615234,2364400
2025-04-10,EMA.TO,54.955177307128906,1208700
2025-04-11,EMA.TO,55.264549255371094,1440900
2025-04-14,EMA.TO,55.6395378112793,1040700
2025-04-15,EMA.TO,55.88328552246094,1029100
2025-04-16,EMA.TO,56.56764602661133,1205100
2025-04-17,EMA.TO,57.214508056640625,785300
2025-04-21,EMA.TO,57.1395149230957,1400700
2025-04-22,EMA.TO,57.32700729370117,1169000
2025-04-23,EMA.TO,57.458255767822266,673600
2025-04-24,EMA.TO,57.317630767822266,649600
2025-04-25,EMA.TO,57.57075119018555,759400
2025-04-28,EMA.TO,57.261383056640625,1597800
2025-04-29,EMA.TO,57.23325729370117,1156800
2025-04-30,EMA.TO,58.170738220214844,2946300
2025-05-01,EMA.TO,58.203941345214844,514800
2025-05-02,EMA.TO,57.625308990478516,2795600
2025-05-05,EMA.TO,57.53045654296875,2010000
2025-05-06,EMA.TO,58.023712158203125,2306000
2025-05-07,EMA.TO,58.19445037841797,2266000
2025-05-08,EMA.TO,58.60233688354492,1589700
2025-05-09,EMA.TO,58.36519241333008,1084600
2025-05-12,EMA.TO,57.12257766723633,2398000
2025-05-13,EMA.TO,56.74314498901367,1425300
2025-05-14,EMA.TO,56.57240676879883,679700
2025-05-15,EMA.TO,56.96131896972656,1494200
2025-05-16,EMA.TO,57.1889762878418,1438000
2025-05-20,EMA.TO,57.88142395019531,1144400
2025-05-21,EMA.TO,58.76359558105469,985300
2025-05-22,EMA.TO,58.080623626708984,773600
2025-05-23,EMA.TO,58.44108200073242,1078800
2025-05-26,EMA.TO,58.65925216674805,354600
2025-05-27,EMA.TO,59.427589416503906,1670200
2025-05-28,EMA.TO,59.2283821105957,932800
2025-05-29,EMA.TO,59.36119079589844,1413400
2025-05-30,EMA.TO,59.674217224121094,2695900
2025-06-02,EMA.TO,59.218902587890625,2135700
2025-06-03,EMA.TO,59.03867721557617,698000
2025-06-04,EMA.TO,58.65925216674805,847300
2025-06-05,EMA.TO,58.023712158203125,897000
2025-06-06,EMA.TO,57.39765548706055,1270300
2025-06-09,EMA.TO,57.36920166015625,502800
2025-06-10,EMA.TO,57.54942321777344,558600
2025-06-11,EMA.TO,57.46405792236328,503400
2025-06-12,EMA.TO,57.97628402709961,661900
2025-06-13,EMA.TO,58.2229118347168,1036400
2025-06-16,EMA.TO,58.21342086791992,876100
2025-06-17,EMA.TO,58.279823303222656,822500
2025-06-18,EMA.TO,57.8055419921875,1105500
2025-06-19,EMA.TO,57.78657150268555,254800
2025-06-20,EMA.TO,57.76760482788086,1803400
2025-06-23,EMA.TO,58.34621810913086,1009100
2025-06-24,EMA.TO,58.33673858642578,627200
2025-06-25,EMA.TO,58.184967041015625,674500
2025-06-26,EMA.TO,57.97628402709961,386900
2025-06-27,EMA.TO,58.4221076965332,1749900
2025-06-30,EMA.TO,59.17147445678711,1039300
2025-07-02,EMA.TO,58.46004867553711,1635600
2025-07-03,EMA.TO,58.564395904541016,598600
2025-07-04,EMA.TO,58.896392822265625,225400
2025-07-07,EMA.TO,59.048160552978516,911900
2025-07-08,EMA.TO,58.962791442871094,886900
2025-07-09,EMA.TO,59.17147445678711,465200
2025-07-10,EMA.TO,59.31376266479492,877900
2025-07-11,EMA.TO,59.73113250732422,405900
2025-07-14,EMA.TO,59.351707458496094,1210200
2025-07-15,EMA.TO,59.24735641479492,501300
2025-07-16,EMA.TO,59.11455535888672,390400
2025-07-17,EMA.TO,58.829994201660156,419300
2025-07-18,EMA.TO,59.4560432434082,454200
2025-07-21,EMA.TO,60.02518081665039,709700
2025-07-22,EMA.TO,60.461524963378906,695100
2025-07-23,EMA.TO,60.101070404052734,498500
2025-07-24,EMA.TO,60.40460968017578,567200
2025-07-25,EMA.TO,60.74609375,413800
2025-07-28,EMA.TO,60.30026626586914,545200
2025-07-29,EMA.TO,60.89786148071289,725000
2025-07-30,EMA.TO,61.618770599365234,491800
2025-07-31,EMA.TO,61.71363067626953,3006400
2025-08-01,EMA.TO,61.87190628051758,792500
2025-08-05,EMA.TO,62.1884651184082,3554800
2025-08-06,EMA.TO,62.26520919799805,1160200
2025-08-07,EMA.TO,63.41631317138672,1037700
2025-08-08,EMA.TO,64.1837158203125,922000
2025-08-11,EMA.TO,63.17649459838867,1363100
2025-08-12,EMA.TO,62.552978515625,793500
2025-08-13,EMA.TO,62.140499114990234,1001300
2025-08-14,EMA.TO,62.98464584350586,1245000
2025-08-15,EMA.TO,63.47386169433594,857500
2025-08-18,EMA.TO,63.25323486328125,654200
2025-08-19,EMA.TO,63.34916687011719,620100
2025-08-20,EMA.TO,63.7712287902832,690600
2025-08-21,EMA.TO,64.2796401977539,941100
2025-08-22,EMA.TO,63.62734603881836,957700
2025-08-25,EMA.TO,63.2628288269043,433300
2025-08-26,EMA.TO,63.224464416503906,960500
2025-08-27,EMA.TO,62.792789459228516,635300
2025-08-28,EMA.TO,62.32275390625,666700
2025-08-29,EMA.TO,62.74483108520508,1066200
2025-09-02,EMA.TO,62.53379440307617,1351700
2025-09-03,EMA.TO,62.4378662109375,610900
2025-09-04,EMA.TO,62.37071228027344,741100
2025-09-05,EMA.TO,62.16926956176758,674200
2025-09-08,EMA.TO,61.80475997924805,1263900
2025-09-09,EMA.TO,62.10212707519531,735000
2025-09-10,EMA.TO,61.814353942871094,773000
2025-09-11,EMA.TO,61.75679397583008,495500
2025-09-12,EMA.TO,62.15009307861328,387200
2025-09-15,EMA.TO,61.89108657836914,384600
2025-09-16,EMA.TO,61.09490966796875,766200
2025-09-17,EMA.TO,61.16205596923828,730100
2025-09-18,EMA.TO,60.663246154785156,482600
2025-09-19,EMA.TO,61.0853157043457,4163300
2025-09-22,EMA.TO,61.71842575073242,515900
2025-09-23,EMA.TO,62.03498077392578,564100
2025-09-24,EMA.TO,62.30356979370117,457400
2025-09-25,EMA.TO,62.67768096923828,516300
2025-09-26,EMA.TO,63.04220199584961,564300
2025-09-29,EMA.TO,63.28200912475586,759100
2025-09-30,EMA.TO,64.04940795898438,559900
2025-10-01,EMA.TO,63.7232666015625,536400
2025-10-02,EMA.TO,64.2700424194336,2013700
2025-10-03,EMA.TO,64.07819366455078,1137100
2025-10-06,EMA.TO,64.31800842285156,1083700
2025-10-07,EMA.TO,64.45230865478516,948200
2025-10-08,EMA.TO,64.2700424194336,729700
2025-10-09,EMA.TO,64.32759094238281,626000
2025-10-10,EMA.TO,65.81443786621094,1569600
2025-10-14,EMA.TO,64.97030639648438,1689800
2025-10-15,EMA.TO,65.4019546508789,1666100
2025-10-16,EMA.TO,65.9679183959961,687700
2025-10-17,EMA.TO,66.28447723388672,981200
2025-10-20,EMA.TO,66.2940673828125,593200
2025-10-21,EMA.TO,66.23651885986328,802200
2025-10-22,EMA.TO,66.38040161132812,1373300
2025-10-23,EMA.TO,66.24610900878906,1117100
2025-10-24,EMA.TO,66.35163116455078,1052700
2025-10-27,EMA.TO,66.0446548461914,1410300
2025-10-28,EMA.TO,65.04703521728516,1441500
2025-10-29,EMA.TO,64.57701110839844,1511200
2025-10-30,EMA.TO,65.0374526977539,1296800
2025-10-31,EMA.TO,64.66215515136719,893300
2025-11-03,EMA.TO,64.51669311523438,2918400
2025-11-04,EMA.TO,64.6039810180664,906400
2025-11-05,EMA.TO,65.03064727783203,1298200
2025-11-06,EMA.TO,65.47673034667969,1463500
2025-11-07,EMA.TO,65.19551849365234,1426100
2025-11-10,EMA.TO,65.05005645751953,1639600
2025-11-11,EMA.TO,64.5845718383789,1180300
2025-11-12,EMA.TO,64.69124603271484,1786300
2025-11-13,EMA.TO,65.83554077148438,2394100
2025-11-14,EMA.TO,65.0985336303711,917900
2025-11-17,EMA.TO,66.68890380859375,1775900
2025-11-18,EMA.TO,66.34949493408203,1450700
2025-11-19,EMA.TO,65.95191192626953,437700
2025-11-20,EMA.TO,65.224609375,1006100
2025-11-21,EMA.TO,64.75912475585938,1212400
2025-11-24,EMA.TO,65.6028060913086,1823700
2025-11-25,EMA.TO,66.24282836914062,1105600
2025-11-26,EMA.TO,66.24282836914062,786400
2025-11-27,EMA.TO,65.96160888671875,141900
2025-11-28,EMA.TO,65.76766204833984,1203100
2025-12-01,EMA.TO,66.15555572509766,783000
2025-12-02,EMA.TO,65.5058364868164,1343000
2025-12-03,EMA.TO,64.9433822631836,1200700
2025-12-04,EMA.TO,64.11910247802734,848000
2025-12-05,EMA.TO,63.67302703857422,590300
2025-12-08,EMA.TO,63.33361053466797,1580900
2025-12-09,EMA.TO,63.17845916748047,562500
2025-12-10,EMA.TO,63.042694091796875,1031500
2025-12-11,EMA.TO,63.256038665771484,878000
2025-12-12,EMA.TO,63.963951110839844,619800
2025-12-15,EMA.TO,64.43911743164062,909100
2025-12-16,EMA.TO,64.55548858642578,541900
2025-12-17,EMA.TO,64.84640502929688,752700
2025-12-18,EMA.TO,64.82701110839844,687400
2025-12-19,EMA.TO,64.49729919433594,2217400
2025-12-22,EMA.TO,64.63306427001953,400100
2025-12-23,EMA.TO,65.10823059082031,441000
2025-12-24,EMA.TO,65.01126098632812,181900
2025-12-29,EMA.TO,65.30218505859375,786900
2025-12-30,EMA.TO,65.49613952636719,476200
2025-12-31,EMA.TO,65.59310150146484,496700
2026-01-02,EMA.TO,65.55431365966797,978000
2026-01-05,EMA.TO,64.92398071289062,1595500
2026-01-06,EMA.TO,65.61251068115234,1047100
2026-01-07,EMA.TO,65.62220001220703,1677300
2026-01-08,EMA.TO,65.83554077148438,1012500
2026-01-09,EMA.TO,65.93251037597656,1014100
2026-01-12,EMA.TO,64.35183715820312,3511500
2026-01-13,EMA.TO,64.55548858642578,1636400
2026-01-14,EMA.TO,65.42825317382812,893100
2026-01-15,EMA.TO,65.85493469238281,965000
2026-01-16,EMA.TO,66.37858581542969,1414000
2026-01-19,EMA.TO,66.5046615600586,239100
2026-01-20,EMA.TO,67.43560791015625,1368300
2026-01-21,EMA.TO,66.72769165039062,1173500
2026-01-22,EMA.TO,66.37858581542969,1011100
2026-01-23,EMA.TO,66.22344207763672,983000
2026-01-26,EMA.TO,66.06827545166016,895800
2026-01-27,EMA.TO,66.25252532958984,671800
2026-01-28,EMA.TO,66.06827545166016,1110500
2026-01-29,EMA.TO,65.9034194946289,1711600
2026-01-30,EMA.TO,66.16123962402344,1573300
2026-02-02,EMA.TO,65.82794189453125,1722500
2026-02-03,EMA.TO,66.6416015625,1254000
2026-02-04,EMA.TO,67.38663482666016,1887100
2026-02-05,EMA.TO,67.33761596679688,1959900
2026-02-06,EMA.TO,66.04360961914062,2043300
2026-02-09,EMA.TO,65.04369354248047,2641000
2026-02-10,EMA.TO,64.8868408203125,3225200
2026-02-11,EMA.TO,65.21033477783203,1712400
2026-02-12,EMA.TO,67.30821228027344,2651000
2026-02-13,EMA.TO,68.75907135009766,1714600
2026-02-17,EMA.TO,69.16099548339844,2146300
2026-02-18,EMA.TO,68.42577362060547,739100
2026-02-19,EMA.TO,68.75907135009766,823400
2026-02-20,EMA.TO,68.7884750366211,1168800
2026-02-23,EMA.TO,68.74925994873047,1759100
2026-02-24,EMA.TO,68.47477722167969,840700
2026-02-25,EMA.TO,68.5826187133789,555400
2026-02-26,EMA.TO,68.24930572509766,1335200
2026-02-27,EMA.TO,69.5727310180664,1303000
2026-03-02,EMA.TO,68.84730529785156,1795700
2026-03-03,EMA.TO,69.08257293701172,1333500
2026-03-04,EMA.TO,69.65116119384766,772100
2026-03-05,EMA.TO,69.97465515136719,1089700
2026-03-06,EMA.TO,69.69036865234375,874800
2026-03-09,EMA.TO,69.4452896118164,957300
2026-03-10,EMA.TO,70.02367401123047,671100
2026-03-11,EMA.TO,70.00406646728516,589600
2026-03-12,EMA.TO,71.0726089477539,678800
2026-03-13,EMA.TO,71.98429870605469,618800
2026-03-16,EMA.TO,71.95488739013672,722500
2026-03-17,EMA.TO,71.77843475341797,697300
2026-03-18,EMA.TO,71.46473693847656,702500
2026-03-19,EMA.TO,70.40599822998047,812200
2026-03-20,EMA.TO,69.0629653930664,2574900
2026-03-23,EMA.TO,68.3081283569336,750400
2026-03-24,EMA.TO,68.22970581054688,550100
2026-03-25,EMA.TO,69.16099548339844,1110000
2026-03-26,EMA.TO,69.99427032470703,1156400
2026-03-27,EMA.TO,69.94525146484375,921300
2026-03-30,EMA.TO,70.70989227294922,700000
2026-03-31,EMA.TO,70.6902847290039,1121100
2026-04-01,EMA.TO,71.12162780761719,1511200
2026-04-02,EMA.TO,71.87646484375,1873600
2026-04-06,EMA.TO,71.64118957519531,3221100
2026-04-07,EMA.TO,72.11173248291016,1035300
2026-04-08,EMA.TO,71.7098159790039,2191900
2026-04-09,EMA.TO,71.99410247802734,1763700
2026-04-10,EMA.TO,72.49405670166016,1453700
2026-04-13,EMA.TO,70.99417877197266,1910100
2026-04-14,EMA.TO,70.76870727539062,779400
2026-04-15,EMA.TO,70.68048095703125,775000
2026-04-16,EMA.TO,70.61185455322266,1149500
2026-04-17,EMA.TO,70.55304718017578,1437900
2026-04-20,EMA.TO,69.61194610595703,961600
2026-04-21,EMA.TO,69.386474609375,802700
2026-04-22,EMA.TO,68.97473907470703,431500
2026-04-23,EMA.TO,70.22953796386719,1388400
2026-04-24,EMA.TO,70.45500946044922,566500
2026-04-27,EMA.TO,70.39618682861328,871000
2026-04-28,EMA.TO,70.9255599975586,752400
2026-04-29,EMA.TO,70.57263946533203,1113900
2026-04-30,EMA.TO,71.04319763183594,1646800
2026-05-01,EMA.TO,71.4026870727539,670400
2026-05-04,EMA.TO,70.84810638427734,2032500
2026-05-05,EMA.TO,70.97684478759766,979900
2026-05-06,EMA.TO,70.65003204345703,2143100
2026-05-07,EMA.TO,70.5510025024414,1535500
2026-05-08,EMA.TO,71.2640380859375,2401100
2026-05-11,EMA.TO,70.73916625976562,1996000
2026-05-12,EMA.TO,70.95703887939453,1656200
2026-05-13,EMA.TO,71.2739486694336,1472700
2026-05-14,EMA.TO,71.1055908203125,1338100
2026-05-15,EMA.TO,70.50149536132812,1222000
2026-05-19,EMA.TO,71.38288116455078,1355700
2026-05-20,EMA.TO,71.48191833496094,870600
2026-05-21,EMA.TO,72.1256332397461,1512600
2026-05-22,EMA.TO,72.68021392822266,757600
2026-05-25,EMA.TO,72.93769836425781,214700
2026-05-26,EMA.TO,72.98721313476562,1397800
2026-05-27,EMA.TO,73.42295837402344,1082800
2026-05-28,EMA.TO,71.99687957763672,908100
2026-05-29,EMA.TO,71.4026870727539,2757900
2026-06-01,EMA.TO,69.6993179321289,1323500
2026-06-02,EMA.TO,70.27371215820312,1206600
2026-06-03,EMA.TO,69.9568099975586,1084700
2026-06-04,EMA.TO,70.8580093383789,768700
2026-06-05,EMA.TO,71.50171661376953,1619900
2026-06-08,EMA.TO,70.62032318115234,1590100
2026-06-09,EMA.TO,71.39278411865234,1091100
2026-06-10,EMA.TO,72.1256332397461,762200
2026-06-11,EMA.TO,72.04640197753906,963500
2026-06-12,EMA.TO,72.78914642333984,746600
2026-06-15,EMA.TO,73.23479461669922,757900
2026-06-16,EMA.TO,72.89808654785156,701400
2026-06-17,EMA.TO,72.40292358398438,682500
2026-06-18,EMA.TO,72.501953125,886300
2026-06-19,EMA.TO,72.54156494140625,1694900
2026-06-22,EMA.TO,72.73963165283203,605200
2026-06-23,EMA.TO,73.74977111816406,497900
2026-06-24,EMA.TO,74.5816421508789,577000
2026-06-25,EMA.TO,74.80941772460938,762700
2026-06-26,EMA.TO,75.49275207519531,587300
2026-06-29,EMA.TO,75.02729034423828,2194800
2026-06-30,EMA.TO,74.5024185180664,1078700
2026-07-02,EMA.TO,75.10651397705078,874800
2026-07-03,EMA.TO,74.64106750488281,837800
2026-07-06,EMA.TO,73.63092803955078,1044600
2026-07-07,EMA.TO,74.85893249511719,1457400
2026-07-08,EMA.TO,75.40361785888672,651900
2026-07-09,EMA.TO,74.63115692138672,835500
2026-07-10,EMA.TO,74.8292236328125,1152700
2026-07-13,EMA.TO,75.34420013427734,1136900
2026-07-14,EMA.TO,75.4333267211914,625000
2026-07-15,EMA.TO,75.2154541015625,733200
2026-07-16,EMA.TO,75.9879150390625,1486600
2026-07-17,EMA.TO,76.43355560302734,878000
2026-07-20,EMA.TO,75.64128875732422,789500
2026-07-21,EMA.TO,74.80941772460938,1174000
2026-07-22,EMA.TO,75.7700424194336,1136200
2026-07-23,EMA.TO,76.47317504882812,773000
2026-07-24,EMA.TO,76.770263671875,1026300
2026-07-27,EMA.TO,76.0077133178711,1738000
2026-07-28,EMA.TO,76.06713104248047,1476500
2026-07-29,EMA.TO,75.28477478027344,2052500
2026-07-30,EMA.TO,75.05699920654297,867200
2026-07-31,EMA.TO,74.91000366210938,1001100
2026-08-04,EMA.TO,73.66000366210938,1360100
2026-08-05,EMA.TO,72.30999755859375,1536100
2026-08-06,EMA.TO,72.29000091552734,828600
2026-08-07,EMA.TO,70.87999725341797,2043000
2026-08-10,EMA.TO,70.69000244140625,1318400
2026-08-11,EMA.TO,71.23999786376953,1499800
2026-08-12,EMA.TO,70.9800033569336,1983400
2026-08-13,EMA.TO,71.51000213623047,1565000
2026-08-14,EMA.TO,71.48999786376953,1047200
2026-08-17,EMA.TO,70.95999908447266,441300
2026-08-18,EMA.TO,71.58000183105469,889400
2026-08-19,EMA.TO,71.4000015258789,952800
2026-08-20,EMA.TO,71.54000091552734,601200
2026-08-21,EMA.TO,69.0199966430664,1616300
2026-08-24,EMA.TO,69.80000305175781,1937300
2026-08-25,EMA.TO,69.83000183105469,565900
2026-08-26,EMA.TO,70.33000183105469,1064900
2026-08-27,EMA.TO,69.4000015258789,1440300
2026-08-28,EMA.TO,69.41999816894531,1688800
2026-08-31,EMA.TO,69.51000213623047,1509300
2018-01-02,CNR.TO,87.73328399658203,817900
2018-01-03,CNR.TO,88.10380554199219,927100
2018-01-04,CNR.TO,88.67639923095703,944400
2018-01-05,CNR.TO,88.76055908203125,806000
2018-01-08,CNR.TO,88.2132568359375,768100
2018-01-09,CNR.TO,88.17112731933594,776500
2018-01-10,CNR.TO,85.77972412109375,2081800
2018-01-11,CNR.TO,85.84710693359375,1277800
2018-01-12,CNR.TO,85.0808334350586,1544200
2018-01-15,CNR.TO,84.92923736572266,457100
2018-01-16,CNR.TO,84.99662017822266,1654300
2018-01-17,CNR.TO,84.1714096069336,1487800
2018-01-18,CNR.TO,84.1966781616211,1682200
2018-01-19,CNR.TO,85.0471420288086,1848400
2018-01-22,CNR.TO,83.69143676757812,2025500
2018-01-23,CNR.TO,84.31456756591797,1975700
2018-01-24,CNR.TO,82.5293960571289,2284700
2018-01-25,CNR.TO,81.69576263427734,2160200
2018-01-26,CNR.TO,82.19258880615234,1543900
2018-01-29,CNR.TO,82.55465698242188,1277100
2018-01-30,CNR.TO,82.0410385131836,1631600
2018-01-31,CNR.TO,83.00936889648438,1655200
2018-02-01,CNR.TO,82.419921875,1477100
2018-02-02,CNR.TO,82.0831298828125,1416000
2018-02-05,CNR.TO,81.40106201171875,1960300
2018-02-06,CNR.TO,81.2579116821289,2040700
2018-02-07,CNR.TO,80.68531799316406,1578300
2018-02-08,CNR.TO,79.07701110839844,2041200
2018-02-09,CNR.TO,79.63273620605469,2166100
2018-02-12,CNR.TO,81.54421997070312,2273000
2018-02-13,CNR.TO,80.23062133789062,1814200
2018-02-14,CNR.TO,81.131591796875,1179300
2018-02-15,CNR.TO,80.81159973144531,1305600
2018-02-16,CNR.TO,80.53373718261719,1909100
2018-02-20,CNR.TO,80.272705078125,977700
2018-02-21,CNR.TO,82.54625701904297,1907800
2018-02-22,CNR.TO,82.71467590332031,1420200
2018-02-23,CNR.TO,82.40311431884766,964700
2018-02-26,CNR.TO,84.23875427246094,1234000
2018-02-27,CNR.TO,85.33344268798828,1605500
2018-02-28,CNR.TO,83.59880828857422,1852300
2018-03-01,CNR.TO,82.09153747558594,1404700
2018-03-02,CNR.TO,81.69576263427734,1189100
2018-03-05,CNR.TO,81.80523681640625,1840400
2018-03-06,CNR.TO,80.19692993164062,2313100
2018-03-07,CNR.TO,79.60887908935547,1281700
2018-03-08,CNR.TO,80.44651794433594,1276100
2018-03-09,CNR.TO,80.82726287841797,1211000
2018-03-12,CNR.TO,81.30110168457031,949400
2018-03-13,CNR.TO,81.57181549072266,948800
2018-03-14,CNR.TO,81.7833480834961,1298000
2018-03-15,CNR.TO,81.3687973022461,1419600
2018-03-16,CNR.TO,81.43644714355469,4199900
2018-03-19,CNR.TO,80.37884521484375,905600
2018-03-20,CNR.TO,80.64112091064453,1159500
2018-03-21,CNR.TO,80.3619155883789,1111700
2018-03-22,CNR.TO,78.62741088867188,1501400
2018-03-23,CNR.TO,77.0367660522461,1305900
2018-03-26,CNR.TO,78.08592224121094,1063400
2018-03-27,CNR.TO,78.1451644897461,1225400
2018-03-28,CNR.TO,78.28052520751953,1360100
2018-03-29,CNR.TO,79.6681137084961,1543800
2018-04-02,CNR.TO,79.55813598632812,929300
2018-04-03,CNR.TO,79.59197998046875,1101100
2018-04-04,CNR.TO,79.64273071289062,1008700
2018-04-05,CNR.TO,80.58189392089844,938600
2018-04-06,CNR.TO,79.96426391601562,1379400
2018-04-09,CNR.TO,80.31961059570312,1298000
2018-04-10,CNR.TO,79.21121978759766,1523100
2018-04-11,CNR.TO,79.74425506591797,990100
2018-04-12,CNR.TO,79.60043334960938,961900
2018-04-13,CNR.TO,79.32967376708984,963400
2018-04-16,CNR.TO,80.15886688232422,1030400
2018-04-17,CNR.TO,80.23500061035156,997300
2018-04-18,CNR.TO,81.36031341552734,1164800
2018-04-19,CNR.TO,81.63106536865234,1192900
2018-04-20,CNR.TO,81.4026107788086,863600
2018-04-23,CNR.TO,81.71566009521484,927100
2018-04-24,CNR.TO,81.33494567871094,1578600
2018-04-25,CNR.TO,83.30630493164062,1410600
2018-04-26,CNR.TO,84.52469635009766,1573200
2018-04-27,CNR.TO,85.15927124023438,502000
2018-04-30,CNR.TO,83.90705108642578,1162500
2018-05-01,CNR.TO,82.8917465209961,918900
2018-05-02,CNR.TO,82.9594497680664,701700
2018-05-03,CNR.TO,83.29785919189453,1259900
2018-05-04,CNR.TO,85.13389587402344,1032800
2018-05-07,CNR.TO,85.76847076416016,1047200
2018-05-08,CNR.TO,86.36917877197266,1142400
2018-05-09,CNR.TO,86.4707260131836,1268500
2018-05-10,CNR.TO,86.72454071044922,1236000
2018-05-11,CNR.TO,85.94612121582031,1389900
2018-05-14,CNR.TO,86.25918579101562,1223700
2018-05-15,CNR.TO,87.8498306274414,1744900
2018-05-16,CNR.TO,89.98200988769531,2075200
2018-05-17,CNR.TO,90.90425109863281,1994200
2018-05-18,CNR.TO,90.6165771484375,1322500
2018-05-22,CNR.TO,90.11737823486328,1181100
2018-05-23,CNR.TO,91.29344940185547,965200
2018-05-24,CNR.TO,91.36112976074219,830900
2018-05-25,CNR.TO,92.21566772460938,1101200
2018-05-28,CNR.TO,91.01421356201172,443300
2018-05-29,CNR.TO,91.3780517578125,1262900
2018-05-30,CNR.TO,92.16492462158203,1058200
2018-05-31,CNR.TO,91.58956146240234,1812700
2018-06-01,CNR.TO,91.48804473876953,829400
2018-06-04,CNR.TO,91.20036315917969,726400
2018-06-05,CNR.TO,90.7350082397461,752900
2018-06-06,CNR.TO,91.13265991210938,923700
2018-06-07,CNR.TO,91.17091369628906,775300
2018-06-08,CNR.TO,91.66374206542969,767000
2018-06-11,CNR.TO,91.96961975097656,1016600
2018-06-12,CNR.TO,92.06309509277344,806000
2018-06-13,CNR.TO,92.02908325195312,822500
2018-06-14,CNR.TO,92.98075866699219,800100
2018-06-15,CNR.TO,93.1081771850586,4096500
2018-06-18,CNR.TO,92.47093963623047,818100
2018-06-19,CNR.TO,91.40031433105469,833700
2018-06-20,CNR.TO,91.36634063720703,1013200
2018-06-21,CNR.TO,90.12580108642578,1199000
2018-06-22,CNR.TO,90.9415054321289,1001600
2018-06-25,CNR.TO,89.43756866455078,1974200
2018-06-26,CNR.TO,91.06893920898438,1980300
2018-06-27,CNR.TO,90.7205810546875,1035200
2018-06-28,CNR.TO,91.1794204711914,741300
2018-06-29,CNR.TO,91.36634063720703,1073300
2018-07-03,CNR.TO,89.88790130615234,940200
2018-07-04,CNR.TO,89.9473876953125,196600
2018-07-05,CNR.TO,90.06632232666016,820000
2018-07-06,CNR.TO,91.33235168457031,645200
2018-07-09,CNR.TO,93.81343078613281,1280100
2018-07-10,CNR.TO,94.72260284423828,1021400
2018-07-11,CNR.TO,94.2297592163086,1452200
2018-07-12,CNR.TO,95.82716369628906,1094500
2018-07-13,CNR.TO,95.9461441040039,979800
2018-07-16,CNR.TO,94.62911987304688,718800
2018-07-17,CNR.TO,94.36571502685547,1105400
2018-07-18,CNR.TO,95.58927154541016,1062500
2018-07-19,CNR.TO,97.05923461914062,927800
2018-07-20,CNR.TO,96.59188079833984,1094300
2018-07-23,CNR.TO,95.6827163696289,789700
2018-07-24,CNR.TO,95.16441345214844,943600
2018-07-25,CNR.TO,99.1919174194336,1338600
2018-07-26,CNR.TO,100.09259033203125,1110400
2018-07-27,CNR.TO,100.0755844116211,744700
2018-07-30,CNR.TO,100.0755844116211,0
2018-07-31,CNR.TO,98.66510772705078,1408900
2018-08-01,CNR.TO,97.7474594116211,708900
2018-08-02,CNR.TO,98.2742691040039,584400
2018-08-03,CNR.TO,97.44156646728516,948500
2018-08-07,CNR.TO,97.91738891601562,962700
2018-08-08,CNR.TO,98.84356689453125,723300
2018-08-09,CNR.TO,98.87753295898438,870100
2018-08-10,CNR.TO,98.1383056640625,705400
2018-08-13,CNR.TO,98.11283874511719,780900
2018-08-14,CNR.TO,99.07296752929688,858300
2018-08-15,CNR.TO,98.29976654052734,887300
2018-08-16,CNR.TO,98.74158477783203,656100
2018-08-17,CNR.TO,98.84356689453125,679000
2018-08-20,CNR.TO,99.08148956298828,613700
2018-08-21,CNR.TO,98.1637954711914,781300
2018-08-22,CNR.TO,97.08470153808594,871500
2018-08-23,CNR.TO,97.71347045898438,586500
2018-08-24,CNR.TO,97.33960723876953,498800
2018-08-27,CNR.TO,98.80957794189453,643600
2018-08-28,CNR.TO,98.20629119873047,575700
2018-08-29,CNR.TO,98.01937103271484,613100
2018-08-30,CNR.TO,98.9540023803711,752600
2018-08-31,CNR.TO,98.6141128540039,1255100
2018-09-04,CNR.TO,97.84093475341797,969800
2018-09-05,CNR.TO,96.82981872558594,1029500
2018-09-06,CNR.TO,97.42269134521484,833800
2018-09-07,CNR.TO,96.89379119873047,965300
2018-09-10,CNR.TO,97.14970397949219,785600
2018-09-11,CNR.TO,97.15824127197266,902000
2018-09-12,CNR.TO,95.6312255859375,1247000
2018-09-13,CNR.TO,96.46724700927734,820200
2018-09-14,CNR.TO,96.94496154785156,909100
2018-09-17,CNR.TO,97.48242950439453,746400
2018-09-18,CNR.TO,96.84259033203125,835600
2018-09-19,CNR.TO,94.99992370605469,1130900
2018-09-20,CNR.TO,96.98760223388672,1182000
2018-09-21,CNR.TO,97.6871566772461,2319500
2018-09-24,CNR.TO,95.85301971435547,1010600
2018-09-25,CNR.TO,97.22648620605469,1204300
2018-09-26,CNR.TO,99.35920715332031,1991200
2018-09-27,CNR.TO,99.67485809326172,1244800
2018-09-28,CNR.TO,98.87293243408203,1733900
2018-10-01,CNR.TO,99.85401153564453,1150500
2018-10-02,CNR.TO,98.40373992919922,1399600
2018-10-03,CNR.TO,98.26725769042969,1186000
2018-10-04,CNR.TO,99.46156311035156,1328100
2018-10-05,CNR.TO,100.08432006835938,1301500
2018-10-09,CNR.TO,100.92035675048828,1365900
2018-10-10,CNR.TO,95.41793823242188,1985900
2018-10-11,CNR.TO,93.64347839355469,2579900
2018-10-12,CNR.TO,94.25773620605469,2335900
2018-10-15,CNR.TO,93.97622680664062,1545600
2018-10-16,CNR.TO,95.51177978515625,1347100
2018-10-17,CNR.TO,94.43688201904297,2700100
2018-10-18,CNR.TO,92.99517059326172,1705600
2018-10-19,CNR.TO,94.77811431884766,1472300
2018-10-22,CNR.TO,95.13641357421875,2007300
2018-10-23,CNR.TO,92.34680938720703,2138900
2018-10-24,CNR.TO,91.95439147949219,1870000
2018-10-25,CNR.TO,91.02452087402344,2042000
2018-10-26,CNR.TO,91.76671600341797,1401600
2018-10-29,CNR.TO,91.85202026367188,1703100
2018-10-30,CNR.TO,95.28997802734375,1485700
2018-10-31,CNR.TO,96.00657653808594,1525900
2018-11-01,CNR.TO,95.11933898925781,1331800
2018-11-02,CNR.TO,95.11933898925781,1170300
2018-11-05,CNR.TO,95.41793823242188,1037900
2018-11-06,CNR.TO,95.92125701904297,878200
2018-11-07,CNR.TO,96.46724700927734,1200700
2018-11-08,CNR.TO,96.5354995727539,990100
2018-11-09,CNR.TO,96.54401397705078,961400
2018-11-12,CNR.TO,95.22172546386719,1280200
2018-11-13,CNR.TO,95.89567565917969,915300
2018-11-14,CNR.TO,95.90418243408203,1209900
2018-11-15,CNR.TO,95.82742309570312,825000
2018-11-16,CNR.TO,96.22836303710938,767100
2018-11-19,CNR.TO,96.99615478515625,748400
2018-11-20,CNR.TO,93.07192993164062,1216900
2018-11-21,CNR.TO,95.88712310791016,1239400
2018-11-22,CNR.TO,95.4947280883789,269400
2018-11-23,CNR.TO,95.73359680175781,580200
2018-11-26,CNR.TO,95.71649932861328,981100
2018-11-27,CNR.TO,95.23025512695312,1030400
2018-11-28,CNR.TO,96.85111999511719,1256400
2018-11-29,CNR.TO,96.28809356689453,969300
2018-11-30,CNR.TO,97.38858032226562,1729300
2018-12-03,CNR.TO,96.16865539550781,1256000
2018-12-04,CNR.TO,92.84159088134766,1597500
2018-12-05,CNR.TO,94.94874572753906,784000
2018-12-06,CNR.TO,92.7686996459961,1525400
2018-12-07,CNR.TO,89.83919525146484,1339200
2018-12-10,CNR.TO,90.28459930419922,1135900
2018-12-11,CNR.TO,89.53079986572266,1602700
2018-12-12,CNR.TO,90.404541015625,1393500
2018-12-13,CNR.TO,90.0961685180664,1008300
2018-12-14,CNR.TO,88.70850372314453,1282700
2018-12-17,CNR.TO,86.51563262939453,1681900
2018-12-18,CNR.TO,87.02957153320312,2252100
2018-12-19,CNR.TO,86.46422576904297,2020800
2018-12-20,CNR.TO,85.29926300048828,1780800
2018-12-21,CNR.TO,84.01435089111328,5320300
2018-12-24,CNR.TO,82.66952514648438,820900
2018-12-27,CNR.TO,85.61618041992188,1722500
2018-12-28,CNR.TO,86.13871002197266,1260900
2018-12-31,CNR.TO,86.6098403930664,903000
2019-01-02,CNR.TO,86.10442352294922,1343000
2019-01-03,CNR.TO,84.59684753417969,1074200
2019-01-04,CNR.TO,86.31859588623047,1189000
2019-01-07,CNR.TO,88.2287826538086,2201400
2019-01-08,CNR.TO,88.53715515136719,1574000
2019-01-09,CNR.TO,89.91626739501953,1354900
2019-01-10,CNR.TO,91.1583480834961,1483500
2019-01-11,CNR.TO,90.78141784667969,839800
2019-01-14,CNR.TO,92.70874786376953,1115600
2019-01-15,CNR.TO,92.35755920410156,994700
2019-01-16,CNR.TO,93.05137634277344,1243400
2019-01-17,CNR.TO,93.36833190917969,1000200
2019-01-18,CNR.TO,93.5824966430664,1684700
2019-01-21,CNR.TO,95.76679229736328,581000
2019-01-22,CNR.TO,92.69164276123047,1474000
2019-01-23,CNR.TO,92.92292022705078,1142700
2019-01-24,CNR.TO,93.85657501220703,1306400
2019-01-25,CNR.TO,94.54186248779297,832300
2019-01-28,CNR.TO,95.0386734008789,976300
2019-01-29,CNR.TO,94.59325408935547,1328300
2019-01-30,CNR.TO,93.86516571044922,1554700
2019-01-31,CNR.TO,93.92510986328125,1415900
2019-02-01,CNR.TO,93.36833190917969,818700
2019-02-04,CNR.TO,93.27409362792969,893400
2019-02-05,CNR.TO,94.12215423583984,825700
2019-02-06,CNR.TO,93.38545989990234,845400
2019-02-07,CNR.TO,94.19921112060547,1024500
2019-02-08,CNR.TO,93.91653442382812,1520800
2019-02-11,CNR.TO,92.72586822509766,954900
2019-02-12,CNR.TO,92.62310791015625,1152800
2019-02-13,CNR.TO,92.6402359008789,797200
2019-02-14,CNR.TO,94.17353820800781,996700
2019-02-15,CNR.TO,95.40702819824219,1061600
2019-02-19,CNR.TO,95.98092651367188,920000
2019-02-20,CNR.TO,97.12875366210938,928600
2019-02-21,CNR.TO,97.30007934570312,1527800
2019-02-22,CNR.TO,96.589111328125,793600
2019-02-25,CNR.TO,97.38573455810547,932400
2019-02-26,CNR.TO,97.41142272949219,784800
2019-02-27,CNR.TO,97.66841125488281,605100
2019-02-28,CNR.TO,96.72615051269531,1273600
2019-03-01,CNR.TO,97.20585632324219,905800
2019-03-04,CNR.TO,98.39653015136719,1046700
2019-03-05,CNR.TO,98.79053497314453,1201200
2019-03-06,CNR.TO,99.64714813232422,1896800
2019-03-07,CNR.TO,100.41993713378906,1505200
2019-03-08,CNR.TO,99.79170227050781,1669600
2019-03-11,CNR.TO,100.79859161376953,1222000
2019-03-12,CNR.TO,100.76416015625,1231500
2019-03-13,CNR.TO,101.0309066772461,1315100
2019-03-14,CNR.TO,100.454345703125,835200
2019-03-15,CNR.TO,100.58343505859375,4925400
2019-03-18,CNR.TO,101.89149475097656,906600
2019-03-19,CNR.TO,99.87776947021484,1056600
2019-03-20,CNR.TO,99.27536010742188,972100
2019-03-21,CNR.TO,100.82439422607422,997400
2019-03-22,CNR.TO,99.99824523925781,1373400
2019-03-25,CNR.TO,99.30978393554688,936200
2019-03-26,CNR.TO,100.84160614013672,889900
2019-03-27,CNR.TO,101.53866577148438,1048800
2019-03-28,CNR.TO,103.13070678710938,1183800
2019-03-29,CNR.TO,102.95000457763672,1394500
2019-04-01,CNR.TO,103.86222076416016,1075600
2019-04-02,CNR.TO,103.72450256347656,908900
2019-04-03,CNR.TO,103.6642837524414,1437800
2019-04-04,CNR.TO,104.0859603881836,1019900
2019-04-05,CNR.TO,103.87080383300781,843300
2019-04-08,CNR.TO,104.23225402832031,965300
2019-04-09,CNR.TO,103.62126159667969,905200
2019-04-10,CNR.TO,103.53520202636719,1131000
2019-04-11,CNR.TO,103.87080383300781,1049100
2019-04-12,CNR.TO,104.98095703125,1281100
2019-04-15,CNR.TO,105.62638092041016,904600
2019-04-16,CNR.TO,105.9017562866211,1055500
2019-04-17,CNR.TO,106.95166015625,1302600
2019-04-18,CNR.TO,107.91551208496094,1148400
2019-04-22,CNR.TO,107.7863998413086,689300
2019-04-23,CNR.TO,109.01702117919922,1164900
2019-04-24,CNR.TO,108.4060287475586,1416200
2019-04-25,CNR.TO,109.10308837890625,793200
2019-04-26,CNR.TO,109.61082458496094,760500
2019-04-29,CNR.TO,108.62113952636719,774100
2019-04-30,CNR.TO,107.08934783935547,1561300
2019-05-01,CNR.TO,106.52136993408203,956800
2019-05-02,CNR.TO,106.89140319824219,1171600
2019-05-03,CNR.TO,107.87247467041016,700100
2019-05-06,CNR.TO,107.5024185180664,896100
2019-05-07,CNR.TO,106.65907287597656,1204300
2019-05-08,CNR.TO,107.58847045898438,1121400
2019-05-09,CNR.TO,107.55406188964844,912200
2019-05-10,CNR.TO,106.779541015625,1490000
2019-05-13,CNR.TO,106.18575286865234,1019200
2019-05-14,CNR.TO,106.95166015625,777600
2019-05-15,CNR.TO,107.27867126464844,825800
2019-05-16,CNR.TO,109.61941528320312,1090400
2019-05-17,CNR.TO,108.73304748535156,837700
2019-05-21,CNR.TO,108.19088745117188,1358100
2019-05-22,CNR.TO,107.49383544921875,919200
2019-05-23,CNR.TO,105.86732482910156,1626000
2019-05-24,CNR.TO,105.83293151855469,825900
2019-05-27,CNR.TO,107.14098358154297,299800
2019-05-28,CNR.TO,105.87593841552734,1281600
2019-05-29,CNR.TO,103.9224624633789,1117600
2019-05-30,CNR.TO,103.9482421875,1203800
2019-05-31,CNR.TO,103.11351776123047,1143200
2019-06-03,CNR.TO,103.64706420898438,1135900
2019-06-04,CNR.TO,104.24946594238281,1194500
2019-06-05,CNR.TO,105.54893493652344,1233000
2019-06-06,CNR.TO,105.08043670654297,959300
2019-06-07,CNR.TO,104.7174301147461,997200
2019-06-10,CNR.TO,103.63697052001953,1107400
2019-06-11,CNR.TO,104.19880676269531,949100
2019-06-12,CNR.TO,105.48668670654297,953600
2019-06-13,CNR.TO,105.21009063720703,1018300
2019-06-14,CNR.TO,105.94478607177734,823600
2019-06-17,CNR.TO,105.31381225585938,921700
2019-06-18,CNR.TO,106.08309936523438,1037400
2019-06-19,CNR.TO,105.9015884399414,688400
2019-06-20,CNR.TO,106.23868560791016,888000
2019-06-21,CNR.TO,106.2646255493164,3521200
2019-06-24,CNR.TO,105.07179260253906,729100
2019-06-25,CNR.TO,104.01728057861328,1045400
2019-06-26,CNR.TO,103.07513427734375,903700
2019-06-27,CNR.TO,103.723388671875,772400
2019-06-28,CNR.TO,104.76063537597656,1107700
2019-07-02,CNR.TO,106.7573013305664,1080600
2019-07-03,CNR.TO,107.4142074584961,692400
2019-07-04,CNR.TO,107.74268341064453,361000
2019-07-05,CNR.TO,107.17219543457031,1216300
2019-07-08,CNR.TO,106.11766052246094,830700
2019-07-09,CNR.TO,106.34242248535156,968400
2019-07-10,CNR.TO,105.22738647460938,1042700
2019-07-11,CNR.TO,105.59043884277344,765800
2019-07-12,CNR.TO,105.56448364257812,857500
2019-07-15,CNR.TO,105.55584716796875,422000
2019-07-16,CNR.TO,107.67353820800781,997200
2019-07-17,CNR.TO,104.44084167480469,1223700
2019-07-18,CNR.TO,104.44084167480469,914900
2019-07-19,CNR.TO,103.45545959472656,797300
2019-07-22,CNR.TO,103.2739486694336,806900
2019-07-23,CNR.TO,103.31715393066406,945200
2019-07-24,CNR.TO,106.71409606933594,1627200
2019-07-25,CNR.TO,107.38829803466797,1131200
2019-07-26,CNR.TO,108.04520416259766,659600
2019-07-29,CNR.TO,108.31314086914062,1136200
2019-07-30,CNR.TO,108.43416595458984,450400
2019-07-31,CNR.TO,107.9760513305664,1010200
2019-08-01,CNR.TO,106.80917358398438,1296300
2019-08-02,CNR.TO,106.23868560791016,896200
2019-08-06,CNR.TO,105.39160919189453,1660700
2019-08-07,CNR.TO,106.15225219726562,895500
2019-08-08,CNR.TO,107.3796615600586,708800
2019-08-09,CNR.TO,107.15491485595703,1014500
2019-08-12,CNR.TO,106.44612884521484,626700
2019-08-13,CNR.TO,107.29319763183594,968000
2019-08-14,CNR.TO,104.67418670654297,1058000
2019-08-15,CNR.TO,104.15556335449219,873700
2019-08-16,CNR.TO,106.08309936523438,783000
2019-08-19,CNR.TO,107.42285919189453,617800
2019-08-20,CNR.TO,106.0658187866211,1077600
2019-08-21,CNR.TO,106.63629150390625,616800
2019-08-22,CNR.TO,105.69414520263672,596600
2019-08-23,CNR.TO,103.24798583984375,760600
2019-08-26,CNR.TO,103.58509063720703,921500
2019-08-27,CNR.TO,104.3975830078125,1303800
2019-08-28,CNR.TO,104.06050109863281,610500
2019-08-29,CNR.TO,106.05717468261719,870900
2019-08-30,CNR.TO,105.97074127197266,854300
2019-09-03,CNR.TO,104.88164520263672,1209200
2019-09-04,CNR.TO,104.76063537597656,970700
2019-09-05,CNR.TO,107.21540832519531,1128800
2019-09-06,CNR.TO,106.25006866455078,1078800
2019-09-09,CNR.TO,105.43402862548828,1270400
2019-09-10,CNR.TO,106.39765167236328,1314200
2019-09-11,CNR.TO,105.93753051757812,998300
2019-09-12,CNR.TO,106.03302001953125,1703100
2019-09-13,CNR.TO,106.19795989990234,1171100
2019-09-16,CNR.TO,105.05205535888672,1020500
2019-09-17,CNR.TO,105.13885498046875,883900
2019-09-18,CNR.TO,104.66139221191406,854200
2019-09-19,CNR.TO,105.20830535888672,793100
2019-09-20,CNR.TO,103.22030639648438,3364100
2019-09-23,CNR.TO,102.7862319946289,975600
2019-09-24,CNR.TO,102.91645812988281,1296400
2019-09-25,CNR.TO,103.28975677490234,1929000
2019-09-26,CNR.TO,103.26368713378906,1467400
2019-09-27,CNR.TO,102.86434173583984,1203200
2019-09-30,CNR.TO,103.27239990234375,1113900
2019-10-01,CNR.TO,99.62625885009766,1763200
2019-10-02,CNR.TO,98.10702514648438,1563400
2019-10-03,CNR.TO,98.54975891113281,1848400
2019-10-04,CNR.TO,98.12439727783203,889000
2019-10-07,CNR.TO,98.20252227783203,761100
2019-10-08,CNR.TO,96.89167022705078,1544700
2019-10-09,CNR.TO,97.8813247680664,865100
2019-10-10,CNR.TO,98.70602416992188,1825000
2019-10-11,CNR.TO,99.64360809326172,1087700
2019-10-15,CNR.TO,99.42656707763672,1491900
2019-10-16,CNR.TO,99.93877410888672,1405800
2019-10-17,CNR.TO,99.93877410888672,1368700
2019-10-18,CNR.TO,99.69570922851562,816100
2019-10-21,CNR.TO,100.77217102050781,825500
2019-10-22,CNR.TO,101.9007339477539,1023800
2019-10-23,CNR.TO,101.65765380859375,1270500
2019-10-24,CNR.TO,100.68535614013672,913500
2019-10-25,CNR.TO,100.90239715576172,601400
2019-10-28,CNR.TO,101.88337707519531,1778300
2019-10-29,CNR.TO,101.96150970458984,881200
2019-10-30,CNR.TO,103.31580352783203,919000
2019-10-31,CNR.TO,102.2653579711914,1323400
2019-11-01,CNR.TO,104.39225006103516,1093300
2019-11-04,CNR.TO,105.96357727050781,1530800
2019-11-05,CNR.TO,107.06610107421875,1730400
2019-11-06,CNR.TO,107.54357147216797,981100
2019-11-07,CNR.TO,108.51587677001953,942400
2019-11-08,CNR.TO,108.60267639160156,744600
2019-11-11,CNR.TO,107.50015258789062,715900
2019-11-12,CNR.TO,107.01400756835938,1294900
2019-11-13,CNR.TO,106.77962493896484,918100
2019-11-14,CNR.TO,107.21369171142578,1300600
2019-11-15,CNR.TO,107.59566497802734,740400
2019-11-18,CNR.TO,107.43939208984375,797700
2019-11-19,CNR.TO,106.47576904296875,797000
2019-11-20,CNR.TO,104.5658950805664,2256300
2019-11-21,CNR.TO,104.13182830810547,2305000
2019-11-22,CNR.TO,104.34886932373047,1122200
2019-11-25,CNR.TO,104.96525573730469,704700
2019-11-26,CNR.TO,106.33684539794922,1933700
2019-11-27,CNR.TO,106.65806579589844,764100
2019-11-28,CNR.TO,106.1285171508789,498800
2019-11-29,CNR.TO,104.70478057861328,835600
2019-12-02,CNR.TO,103.95822143554688,1012300
2019-12-03,CNR.TO,101.7010726928711,1600900
2019-12-04,CNR.TO,101.79655456542969,1241100
2019-12-05,CNR.TO,101.61425018310547,1394300
2019-12-06,CNR.TO,103.78414154052734,915600
2019-12-09,CNR.TO,102.72886657714844,900300
2019-12-10,CNR.TO,103.400390625,833100
2019-12-11,CNR.TO,103.66201782226562,1007100
2019-12-12,CNR.TO,104.063232421875,1194000
2019-12-13,CNR.TO,103.53995513916016,926300
2019-12-16,CNR.TO,104.0457763671875,1362300
2019-12-17,CNR.TO,104.28997802734375,1076100
2019-12-18,CNR.TO,103.83647155761719,1388400
2019-12-19,CNR.TO,103.1998062133789,800600
2019-12-20,CNR.TO,104.15045166015625,3501000
2019-12-23,CNR.TO,103.6969223022461,657400
2019-12-24,CNR.TO,103.9236831665039,370500
2019-12-27,CNR.TO,103.75798034667969,502300
2019-12-30,CNR.TO,102.5544204711914,577800
2019-12-31,CNR.TO,102.44978332519531,618600
2020-01-02,CNR.TO,103.9323959350586,722000
2020-01-03,CNR.TO,103.2608642578125,972300
2020-01-06,CNR.TO,102.82479095458984,830100
2020-01-07,CNR.TO,102.84223175048828,768500
2020-01-08,CNR.TO,104.22891998291016,1144500
2020-01-09,CNR.TO,104.90918731689453,980600
2020-01-10,CNR.TO,104.67372131347656,1498200
2020-01-13,CNR.TO,106.3133316040039,1086800
2020-01-14,CNR.TO,107.22906494140625,1184500
2020-01-15,CNR.TO,107.29012298583984,1027100
2020-01-16,CNR.TO,108.75529479980469,1666100
2020-01-17,CNR.TO,109.55768585205078,748200
2020-01-20,CNR.TO,110.23794555664062,1160600
2020-01-21,CNR.TO,109.1128921508789,1198200
2020-01-22,CNR.TO,108.0401611328125,1038800
2020-01-23,CNR.TO,109.14778137207031,944500
2020-01-24,CNR.TO,108.41517639160156,858700
2020-01-27,CNR.TO,106.59239959716797,1018600
2020-01-28,CNR.TO,107.68258666992188,1033700
2020-01-29,CNR.TO,108.09249877929688,1763400
2020-01-30,CNR.TO,109.42686462402344,1076900
2020-01-31,CNR.TO,107.85698699951172,1305700
2020-02-03,CNR.TO,107.6738510131836,1048600
2020-02-04,CNR.TO,109.22624206542969,1093700
2020-02-05,CNR.TO,110.63038635253906,1651800
2020-02-06,CNR.TO,111.293212890625,1066900
2020-02-07,CNR.TO,109.26114654541016,760400
2020-02-10,CNR.TO,109.723388671875,1546600
2020-02-11,CNR.TO,109.29603576660156,748100
2020-02-12,CNR.TO,109.43559265136719,991100
2020-02-13,CNR.TO,108.60702514648438,1455800
2020-02-14,CNR.TO,108.58088684082031,1366500
2020-02-18,CNR.TO,107.05464935302734,1685700
2020-02-19,CNR.TO,107.38603973388672,2172600
2020-02-20,CNR.TO,108.26689147949219,2098400
2020-02-21,CNR.TO,107.92678833007812,951600
2020-02-24,CNR.TO,106.61858367919922,1671000
2020-02-25,CNR.TO,103.29574584960938,1632800
2020-02-26,CNR.TO,102.7114028930664,1584900
2020-02-27,CNR.TO,101.3770523071289,1158900
2020-02-28,CNR.TO,99.24031066894531,2884000
2020-03-02,CNR.TO,100.27816009521484,2163100
2020-03-03,CNR.TO,99.3885726928711,2193200
2020-03-04,CNR.TO,102.92071533203125,2068400
2020-03-05,CNR.TO,99.99906921386719,3090600
2020-03-06,CNR.TO,100.74910736083984,1918500
2020-03-09,CNR.TO,90.79647827148438,3566100
2020-03-10,CNR.TO,96.07298278808594,3688900
2020-03-11,CNR.TO,93.28571319580078,2781400
2020-03-12,CNR.TO,85.87053680419922,4645000
2020-03-13,CNR.TO,93.71519470214844,4116800
2020-03-16,CNR.TO,84.05619812011719,2427700
2020-03-17,CNR.TO,88.80682373046875,3159900
2020-03-18,CNR.TO,87.9741439819336,2044500
2020-03-19,CNR.TO,91.74310302734375,2933700
2020-03-20,CNR.TO,87.06258392333984,5674200
2020-03-23,CNR.TO,86.3876724243164,2515700
2020-03-24,CNR.TO,95.36302947998047,2853400
2020-03-25,CNR.TO,92.90882873535156,2410000
2020-03-26,CNR.TO,95.8450927734375,2042300
2020-03-27,CNR.TO,90.49844360351562,1899700
2020-03-30,CNR.TO,94.95108032226562,1357400
2020-03-31,CNR.TO,96.44112396240234,2175800
2020-04-01,CNR.TO,93.30325317382812,1410600
2020-04-02,CNR.TO,95.28413391113281,1602500
2020-04-03,CNR.TO,94.42515563964844,875100
2020-04-06,CNR.TO,99.10568237304688,2099400
2020-04-07,CNR.TO,98.1853256225586,1396600
2020-04-08,CNR.TO,99.05308532714844,1374300
2020-04-09,CNR.TO,97.45784759521484,1236800
2020-04-13,CNR.TO,96.22200012207031,874600
2020-04-14,CNR.TO,96.34468841552734,1515600
2020-04-15,CNR.TO,95.28413391113281,1129800
2020-04-16,CNR.TO,96.35346984863281,1358500
2020-04-17,CNR.TO,98.05386352539062,1176400
2020-04-20,CNR.TO,96.88811492919922,1081400
2020-04-21,CNR.TO,94.39886474609375,1106000
2020-04-22,CNR.TO,95.60843658447266,840500
2020-04-23,CNR.TO,95.29291534423828,900500
2020-04-24,CNR.TO,97.668212890625,1160000
2020-04-27,CNR.TO,99.84192657470703,1076700
2020-04-28,CNR.TO,101.10408782958984,1250800
2020-04-29,CNR.TO,103.26028442382812,1074100
2020-04-30,CNR.TO,100.89372253417969,1889200
2020-05-01,CNR.TO,99.23715209960938,794100
2020-05-04,CNR.TO,98.00125885009766,1323800
2020-05-05,CNR.TO,98.90406036376953,1102500
2020-05-06,CNR.TO,99.84192657470703,817800
2020-05-07,CNR.TO,99.02679443359375,595800
2020-05-08,CNR.TO,100.04352569580078,1000500
2020-05-11,CNR.TO,101.96305847167969,1078700
2020-05-12,CNR.TO,100.4203872680664,1207900
2020-05-13,CNR.TO,97.9311752319336,1426700
2020-05-14,CNR.TO,96.59011840820312,980900
2020-05-15,CNR.TO,96.40605163574219,618500
2020-05-19,CNR.TO,99.37739562988281,2116900
2020-05-20,CNR.TO,101.84033966064453,1703800
2020-05-21,CNR.TO,100.3415298461914,1041400
2020-05-22,CNR.TO,101.01643371582031,1388000
2020-05-25,CNR.TO,102.60289001464844,269700
2020-05-26,CNR.TO,103.23397064208984,1299500
2020-05-27,CNR.TO,103.96147155761719,855900
2020-05-28,CNR.TO,104.3296127319336,799800
2020-05-29,CNR.TO,103.95269775390625,1984300
2020-06-01,CNR.TO,103.11127471923828,643500
2020-06-02,CNR.TO,103.79493713378906,729800
2020-06-03,CNR.TO,105.89852142333984,780300
2020-06-04,CNR.TO,105.36386108398438,2249600
2020-06-05,CNR.TO,107.1781997680664,1430000
2020-06-08,CNR.TO,107.17381286621094,1416800
2020-06-09,CNR.TO,108.31864166259766,1599700
2020-06-10,CNR.TO,107.3587417602539,1059000
2020-06-11,CNR.TO,103.9682846069336,2483600
2020-06-12,CNR.TO,105.25404357910156,1673900
2020-06-15,CNR.TO,104.79608917236328,806500
2020-06-16,CNR.TO,106.41646575927734,1019300
2020-06-17,CNR.TO,107.53486633300781,1392600
2020-06-18,CNR.TO,106.45170593261719,881200
2020-06-19,CNR.TO,104.77849578857422,6374900
2020-06-22,CNR.TO,104.70803833007812,2817500
2020-06-23,CNR.TO,104.53190612792969,1577300
2020-06-24,CNR.TO,102.56806182861328,1544800
2020-06-25,CNR.TO,104.45265197753906,1507600
2020-06-26,CNR.TO,104.07396697998047,1108200
2020-06-29,CNR.TO,104.7168197631836,751000
2020-06-30,CNR.TO,105.77359008789062,995700
2020-07-02,CNR.TO,105.97614288330078,871300
2020-07-03,CNR.TO,105.1483383178711,161600
2020-07-06,CNR.TO,105.83523559570312,624800
2020-07-07,CNR.TO,105.77359008789062,627300
2020-07-08,CNR.TO,106.83036041259766,582800
2020-07-09,CNR.TO,106.3724365234375,1129200
2020-07-10,CNR.TO,107.33232879638672,855900
2020-07-13,CNR.TO,107.45561981201172,997600
2020-07-14,CNR.TO,110.13275146484375,2186000
2020-07-15,CNR.TO,111.20713806152344,1236900
2020-07-16,CNR.TO,112.5016860961914,942300
2020-07-17,CNR.TO,114.04279327392578,886800
2020-07-20,CNR.TO,114.30701446533203,2051000
2020-07-21,CNR.TO,113.32949829101562,1920000
2020-07-22,CNR.TO,114.36864471435547,1188600
2020-07-23,CNR.TO,112.98603820800781,1248500
2020-07-24,CNR.TO,114.06922149658203,692200
2020-07-27,CNR.TO,113.9987564086914,669700
2020-07-28,CNR.TO,113.05648040771484,796200
2020-07-29,CNR.TO,116.02424621582031,1177000
2020-07-30,CNR.TO,115.53109741210938,736400
2020-07-31,CNR.TO,115.22286224365234,1397400
2020-08-04,CNR.TO,114.32462310791016,839400
2020-08-05,CNR.TO,115.12599182128906,706700
2020-08-06,CNR.TO,116.64067077636719,658300
2020-08-07,CNR.TO,117.91761016845703,706400
2020-08-10,CNR.TO,119.30020904541016,2569800
2020-08-11,CNR.TO,119.6524658203125,1874400
2020-08-12,CNR.TO,120.1456298828125,1581100
2020-08-13,CNR.TO,119.40591430664062,564300
2020-08-14,CNR.TO,119.67887878417969,1944600
2020-08-17,CNR.TO,121.02623748779297,1231000
2020-08-18,CNR.TO,121.19358825683594,861300
2020-08-19,CNR.TO,121.48419952392578,1580200
2020-08-20,CNR.TO,121.81886291503906,2030400
2020-08-21,CNR.TO,122.82280731201172,1302500
2020-08-24,CNR.TO,123.37759399414062,3624800
2020-08-25,CNR.TO,123.20146942138672,2110600
2020-08-26,CNR.TO,123.3687744140625,632200
2020-08-27,CNR.TO,123.58013153076172,1210900
2020-08-28,CNR.TO,122.67308044433594,1590100
2020-08-31,CNR.TO,120.70043182373047,1685700
2020-09-01,CNR.TO,121.22882080078125,1201000
2020-09-02,CNR.TO,120.69161224365234,1751200
2020-09-03,CNR.TO,119.9166488647461,1515700
2020-09-04,CNR.TO,119.22096252441406,1093700
2020-09-08,CNR.TO,119.05732727050781,2667700
2020-09-09,CNR.TO,121.38329315185547,1905200
2020-09-10,CNR.TO,121.04721069335938,1212600
2020-09-11,CNR.TO,123.01057434082031,1199400
2020-09-14,CNR.TO,124.46987915039062,1287200
2020-09-15,CNR.TO,126.04407501220703,1319500
2020-09-16,CNR.TO,123.11673736572266,1126400
2020-09-17,CNR.TO,124.5317611694336,900900
2020-09-18,CNR.TO,122.64798736572266,4046600
2020-09-21,CNR.TO,121.55136108398438,2257900
2020-09-22,CNR.TO,123.69158935546875,1086900
2020-09-23,CNR.TO,124.14263916015625,823100
2020-09-24,CNR.TO,125.06239318847656,834500
2020-09-25,CNR.TO,125.69915008544922,1156000
2020-09-28,CNR.TO,126.18555450439453,3005100
2020-09-29,CNR.TO,126.10597229003906,837300
2020-09-30,CNR.TO,125.41616821289062,1616700
2020-10-01,CNR.TO,125.0358657836914,1027900
2020-10-02,CNR.TO,125.52225494384766,1077000
2020-10-05,CNR.TO,126.9461669921875,1266600
2020-10-06,CNR.TO,126.62777709960938,1038500
2020-10-07,CNR.TO,128.82994079589844,1001000
2020-10-08,CNR.TO,127.69789123535156,1060000
2020-10-09,CNR.TO,127.73328399658203,401700
2020-10-13,CNR.TO,128.7857208251953,1046400
2020-10-14,CNR.TO,129.36053466796875,1193600
2020-10-15,CNR.TO,129.99732971191406,910600
2020-10-16,CNR.TO,130.37757873535156,898300
2020-10-19,CNR.TO,129.53746032714844,849500
2020-10-20,CNR.TO,129.96194458007812,1322300
2020-10-21,CNR.TO,122.08198547363281,2195700
2020-10-22,CNR.TO,121.48057556152344,1126100
2020-10-23,CNR.TO,122.02892303466797,605400
2020-10-26,CNR.TO,119.12809753417969,958100
2020-10-27,CNR.TO,118.98656463623047,1117500
2020-10-28,CNR.TO,117.8280258178711,1368400
2020-10-29,CNR.TO,118.429443359375,708000
2020-10-30,CNR.TO,117.04978942871094,1148300
2020-11-02,CNR.TO,119.91521453857422,955000
2020-11-03,CNR.TO,122.06430053710938,740200
2020-11-04,CNR.TO,118.62400817871094,1364800
2020-11-05,CNR.TO,120.72884368896484,1129400
2020-11-06,CNR.TO,121.26836395263672,880200
2020-11-09,CNR.TO,124.22223663330078,2852200
2020-11-10,CNR.TO,125.7433853149414,1518300
2020-11-11,CNR.TO,125.65499114990234,1365400
2020-11-12,CNR.TO,125.17739868164062,1175500
2020-11-13,CNR.TO,125.99100494384766,1287900
2020-11-16,CNR.TO,126.4332275390625,1835400
2020-11-17,CNR.TO,126.03524017333984,963800
2020-11-18,CNR.TO,126.16790008544922,1437400
2020-11-19,CNR.TO,126.38018035888672,964300
2020-11-20,CNR.TO,125.94681549072266,2160300
2020-11-23,CNR.TO,126.15019989013672,1657500
2020-11-24,CNR.TO,127.4767837524414,1970600
2020-11-25,CNR.TO,127.07881164550781,1158300
2020-11-26,CNR.TO,125.822998046875,344700
2020-11-27,CNR.TO,125.21272277832031,697700
2020-11-30,CNR.TO,120.27780151367188,3313300
2020-12-01,CNR.TO,121.88742065429688,1570900
2020-12-02,CNR.TO,121.65747833251953,1083400
2020-12-03,CNR.TO,121.6132583618164,920000
2020-12-04,CNR.TO,122.93098449707031,1724700
2020-12-07,CNR.TO,123.16975402832031,1981100
2020-12-08,CNR.TO,123.8314208984375,2084900
2020-12-09,CNR.TO,125.85617065429688,1353700
2020-12-10,CNR.TO,124.41753387451172,873800
2020-12-11,CNR.TO,125.05692291259766,1228900
2020-12-14,CNR.TO,124.00013732910156,2069000
2020-12-15,CNR.TO,124.86151123046875,1328600
2020-12-16,CNR.TO,124.75495910644531,1296800
2020-12-17,CNR.TO,125.62531280517578,1543500
2020-12-18,CNR.TO,125.69635772705078,4013300
2020-12-21,CNR.TO,124.59513092041016,1097500
2020-12-22,CNR.TO,124.8526611328125,1416700
2020-12-23,CNR.TO,124.3376235961914,784000
2020-12-24,CNR.TO,124.95034790039062,406700
2020-12-29,CNR.TO,125.24340057373047,1865100
2020-12-30,CNR.TO,124.00898742675781,860900
2020-12-31,CNR.TO,124.27545928955078,1103700
2021-01-04,CNR.TO,124.35535430908203,913400
2021-01-05,CNR.TO,124.91482543945312,852600
2021-01-06,CNR.TO,127.02841186523438,1184700
2021-01-07,CNR.TO,127.92535400390625,3398800
2021-01-08,CNR.TO,130.84710693359375,1730500
2021-01-11,CNR.TO,129.3728790283203,941200
2021-01-12,CNR.TO,128.7867889404297,990200
2021-01-13,CNR.TO,128.23614501953125,685500
2021-01-14,CNR.TO,126.1137466430664,874300
2021-01-15,CNR.TO,126.2114028930664,1484500
2021-01-18,CNR.TO,125.71412658691406,229000
2021-01-19,CNR.TO,124.1866455078125,941100
2021-01-20,CNR.TO,123.62715911865234,830700
2021-01-21,CNR.TO,121.48692321777344,899100
2021-01-22,CNR.TO,120.7764663696289,819500
2021-01-25,CNR.TO,122.18849182128906,996400
2021-01-26,CNR.TO,121.0162582397461,1234600
2021-01-27,CNR.TO,115.28823852539062,1792600
2021-01-28,CNR.TO,118.2099609375,1145800
2021-01-29,CNR.TO,115.0218276977539,1607200
2021-02-01,CNR.TO,116.8956527709961,966200
2021-02-02,CNR.TO,119.97721862792969,1960400
2021-02-03,CNR.TO,118.78718566894531,1050900
2021-02-04,CNR.TO,118.84937286376953,1638100
2021-02-05,CNR.TO,120.26139068603516,688600
2021-02-08,CNR.TO,120.22587585449219,1689400
2021-02-09,CNR.TO,121.00735473632812,2855000
2021-02-10,CNR.TO,120.20811462402344,908700
2021-02-11,CNR.TO,121.93980407714844,1314800
2021-02-12,CNR.TO,124.76383972167969,1882200
2021-02-16,CNR.TO,124.08894348144531,1471700
2021-02-17,CNR.TO,122.80126953125,627900
2021-02-18,CNR.TO,121.54908752441406,1325800
2021-02-19,CNR.TO,122.41939544677734,1457000
2021-02-22,CNR.TO,120.29693603515625,1826700
2021-02-23,CNR.TO,121.53131866455078,1144300
2021-02-24,CNR.TO,122.89006805419922,1319000
2021-02-25,CNR.TO,124.00898742675781,1123600
2021-02-26,CNR.TO,123.36073303222656,1884900
2021-03-01,CNR.TO,125.74961853027344,1195500
2021-03-02,CNR.TO,125.58090209960938,2469000
2021-03-03,CNR.TO,125.11906433105469,1868800
2021-03-04,CNR.TO,122.4371337890625,1894000
2021-03-05,CNR.TO,126.03380584716797,2259900
2021-03-08,CNR.TO,127.4636001586914,1318100
2021-03-09,CNR.TO,127.32534790039062,3246000
2021-03-10,CNR.TO,128.84152221679688,671600
2021-03-11,CNR.TO,128.8325958251953,1256900
2021-03-12,CNR.TO,128.68991088867188,1222200
2021-03-15,CNR.TO,129.6353302001953,1166100
2021-03-16,CNR.TO,130.50042724609375,1260400
2021-03-17,CNR.TO,130.7412567138672,1105900
2021-03-18,CNR.TO,131.89178466796875,1015900
2021-03-19,CNR.TO,130.70556640625,5779300
2021-03-22,CNR.TO,126.29967498779297,1385900
2021-03-23,CNR.TO,127.63748168945312,1650400
2021-03-24,CNR.TO,130.4290771484375,987500
2021-03-25,CNR.TO,130.80368041992188,850800
2021-03-26,CNR.TO,131.0355682373047,858000
2021-03-29,CNR.TO,131.18719482421875,1016100
2021-03-30,CNR.TO,130.68771362304688,706900
2021-03-31,CNR.TO,130.07229614257812,1275800
2021-04-01,CNR.TO,131.81149291992188,798100
2021-04-05,CNR.TO,131.99879455566406,540200
2021-04-06,CNR.TO,130.75015258789062,969200
2021-04-07,CNR.TO,131.18719482421875,552600
2021-04-08,CNR.TO,130.2150421142578,740300
2021-04-09,CNR.TO,131.30313110351562,1000900
2021-04-12,CNR.TO,131.1782989501953,1292500
2021-04-13,CNR.TO,130.86610412597656,737000
2021-04-14,CNR.TO,130.58961486816406,517700
2021-04-15,CNR.TO,131.2496337890625,660700
2021-04-16,CNR.TO,132.5963897705078,880000
2021-04-19,CNR.TO,132.14154052734375,649700
2021-04-20,CNR.TO,123.83805084228516,3624300
2021-04-21,CNR.TO,123.60617065429688,1798500
2021-04-22,CNR.TO,122.3931884765625,1751200
2021-04-23,CNR.TO,121.16240692138672,1399900
2021-04-26,CNR.TO,121.67969512939453,992100
2021-04-27,CNR.TO,119.414306640625,1349600
2021-04-28,CNR.TO,119.68189239501953,1566300
2021-04-29,CNR.TO,118.41543579101562,975200
2021-04-30,CNR.TO,118.0229721069336,1277800
2021-05-03,CNR.TO,119.5659408569336,766300
2021-05-04,CNR.TO,119.24484252929688,839700
2021-05-05,CNR.TO,120.35972595214844,926800
2021-05-06,CNR.TO,119.5302734375,892200
2021-05-07,CNR.TO,121.6707992553711,1288700
2021-05-10,CNR.TO,122.02755737304688,2737700
2021-05-11,CNR.TO,121.31404113769531,1341000
2021-05-12,CNR.TO,119.94051361083984,1205900
2021-05-13,CNR.TO,120.47567749023438,846400
2021-05-14,CNR.TO,116.0073471069336,2552000
2021-05-17,CNR.TO,116.81895446777344,2196600
2021-05-18,CNR.TO,116.64945983886719,1584500
2021-05-19,CNR.TO,115.0440902709961,2342200
2021-05-20,CNR.TO,114.40193939208984,2033300
2021-05-21,CNR.TO,112.19898223876953,2704500
2021-05-25,CNR.TO,113.48330688476562,2364600
2021-05-26,CNR.TO,116.4532699584961,2169300
2021-05-27,CNR.TO,119.6373062133789,3228700
2021-05-28,CNR.TO,121.29619598388672,2416100
2021-05-31,CNR.TO,119.95838165283203,823500
2021-06-01,CNR.TO,120.76104736328125,1708700
2021-06-02,CNR.TO,119.84242248535156,1411600
2021-06-03,CNR.TO,120.46675872802734,1377200
2021-06-04,CNR.TO,121.16240692138672,1091000
2021-06-07,CNR.TO,119.58377075195312,1567600
2021-06-08,CNR.TO,119.57930755615234,1024700
2021-06-09,CNR.TO,119.2925796508789,998100
2021-06-10,CNR.TO,119.44489288330078,940800
2021-06-11,CNR.TO,120.25130462646484,1085500
2021-06-14,CNR.TO,120.7530517578125,997500
2021-06-15,CNR.TO,120.13481903076172,1499700
2021-06-16,CNR.TO,118.53994750976562,2272400
2021-06-17,CNR.TO,117.35724639892578,1285000
2021-06-18,CNR.TO,116.39851379394531,9157900
2021-06-21,CNR.TO,116.29995727539062,1123000
2021-06-22,CNR.TO,116.4253921508789,965100
2021-06-23,CNR.TO,116.23722076416016,1418000
2021-06-24,CNR.TO,116.97193908691406,759900
2021-06-25,CNR.TO,117.4110107421875,963400
2021-06-28,CNR.TO,116.70314025878906,630900
2021-06-29,CNR.TO,118.10987091064453,681200
2021-06-30,CNR.TO,117.18698120117188,1583700
2021-07-02,CNR.TO,117.8769302368164,1036500
2021-07-05,CNR.TO,117.4110107421875,352600
2021-07-06,CNR.TO,116.35372924804688,1496300
2021-07-07,CNR.TO,118.54889678955078,1360500
2021-07-08,CNR.TO,118.3338851928711,2164100
2021-07-09,CNR.TO,119.83020782470703,992600
2021-07-12,CNR.TO,117.99337768554688,806100
2021-07-13,CNR.TO,118.2801284790039,683700
2021-07-14,CNR.TO,117.61708068847656,760900
2021-07-15,CNR.TO,118.4862060546875,1440500
2021-07-16,CNR.TO,117.95755004882812,715900
2021-07-19,CNR.TO,115.80715942382812,1322400
2021-07-20,CNR.TO,116.29098510742188,904900
2021-07-21,CNR.TO,117.48268127441406,873300
2021-07-22,CNR.TO,118.06507873535156,861200
2021-07-23,CNR.TO,119.15819549560547,1103500
2021-07-26,CNR.TO,117.93965148925781,680000
2021-07-27,CNR.TO,120.00039672851562,1070000
2021-07-28,CNR.TO,119.45387268066406,609600
2021-07-29,CNR.TO,119.82119750976562,736700
2021-07-30,CNR.TO,121.46086883544922,1010900
2021-08-03,CNR.TO,121.10249328613281,983400
2021-08-04,CNR.TO,121.2010726928711,542100
2021-08-05,CNR.TO,121.67591857910156,823100
2021-08-06,CNR.TO,121.38021850585938,799800
2021-08-09,CNR.TO,121.76551055908203,495800
2021-08-10,CNR.TO,120.44841766357422,855800
2021-08-11,CNR.TO,121.07562255859375,987300
2021-08-12,CNR.TO,121.46086883544922,964700
2021-08-13,CNR.TO,120.51113891601562,481700
2021-08-16,CNR.TO,120.19752502441406,865600
2021-08-17,CNR.TO,119.81224060058594,735500
2021-08-18,CNR.TO,120.4663314819336,830500
2021-08-19,CNR.TO,122.34790802001953,1064800
2021-08-20,CNR.TO,121.70276641845703,509100
2021-08-23,CNR.TO,122.17769622802734,1085000
2021-08-24,CNR.TO,122.08805847167969,562300
2021-08-25,CNR.TO,122.4195785522461,1163300
2021-08-26,CNR.TO,124.0861587524414,698800
2021-08-27,CNR.TO,124.73127746582031,765600
2021-08-30,CNR.TO,123.85320281982422,672600
2021-08-31,CNR.TO,132.96543884277344,4886300
2021-09-01,CNR.TO,137.9830322265625,3965500
2021-09-02,CNR.TO,139.783935546875,1678300
2021-09-03,CNR.TO,142.47193908691406,2050300
2021-09-07,CNR.TO,139.8769989013672,2409200
2021-09-08,CNR.TO,139.64309692382812,2008500
2021-09-09,CNR.TO,136.6568603515625,2222900
2021-09-10,CNR.TO,135.5865020751953,895200
2021-09-13,CNR.TO,133.00497436523438,1619200
2021-09-14,CNR.TO,131.0801239013672,1174600
2021-09-15,CNR.TO,132.93301391601562,2980700
2021-09-16,CNR.TO,132.08750915527344,1521200
2021-09-17,CNR.TO,135.20870971679688,12799600
2021-09-20,CNR.TO,131.33197021484375,1652500
2021-09-21,CNR.TO,132.77110290527344,1171500
2021-09-22,CNR.TO,131.943603515625,975300
2021-09-23,CNR.TO,132.2764129638672,1275800
2021-09-24,CNR.TO,131.81768798828125,778500
2021-09-27,CNR.TO,133.38275146484375,1243400
2021-09-28,CNR.TO,132.33038330078125,1153100
2021-09-29,CNR.TO,132.75314331054688,986300
2021-09-30,CNR.TO,132.0245819091797,1146800
2021-10-01,CNR.TO,134.10232543945312,989600
2021-10-04,CNR.TO,132.22244262695312,1101800
2021-10-05,CNR.TO,133.33779907226562,947200
2021-10-06,CNR.TO,133.51766967773438,1221500
2021-10-07,CNR.TO,131.9525909423828,916700
2021-10-08,CNR.TO,131.17007446289062,1117700
2021-10-12,CNR.TO,130.1986541748047,894800
2021-10-13,CNR.TO,132.9510498046875,786900
2021-10-14,CNR.TO,135.3616180419922,912700
2021-10-15,CNR.TO,136.42294311523438,975200
2021-10-18,CNR.TO,137.61929321289062,995800
2021-10-19,CNR.TO,138.0870361328125,734600
2021-10-20,CNR.TO,145.2918243408203,2241400
2021-10-21,CNR.TO,147.72940063476562,2381300
2021-10-22,CNR.TO,150.66160583496094,1391700
2021-10-25,CNR.TO,148.79074096679688,1351300
2021-10-26,CNR.TO,148.63778686523438,1065200
2021-10-27,CNR.TO,147.702392578125,970700
2021-10-28,CNR.TO,147.63938903808594,687300
2021-10-29,CNR.TO,147.9452362060547,1062800
2021-11-01,CNR.TO,148.260009765625,781700
2021-11-02,CNR.TO,147.78330993652344,596200
2021-11-03,CNR.TO,147.91822814941406,613000
2021-11-04,CNR.TO,147.8642578125,788500
2021-11-05,CNR.TO,148.80870056152344,757200
2021-11-08,CNR.TO,147.60345458984375,1155600
2021-11-09,CNR.TO,147.76531982421875,926100
2021-11-10,CNR.TO,147.0817108154297,430400
2021-11-11,CNR.TO,147.00076293945312,683500
2021-11-12,CNR.TO,146.4250946044922,1019000
2021-11-15,CNR.TO,145.3817596435547,863700
2021-11-16,CNR.TO,146.4071502685547,668400
2021-11-17,CNR.TO,144.86001586914062,861600
2021-11-18,CNR.TO,146.43409729003906,1293700
2021-11-19,CNR.TO,147.2256317138672,642900
2021-11-22,CNR.TO,147.6663818359375,1112400
2021-11-23,CNR.TO,148.6828155517578,1205600
2021-11-24,CNR.TO,149.17752075195312,533300
2021-11-25,CNR.TO,148.86270141601562,418400
2021-11-26,CNR.TO,145.57962036132812,982100
2021-11-29,CNR.TO,147.29759216308594,904700
2021-11-30,CNR.TO,145.58860778808594,2265900
2021-12-01,CNR.TO,145.62457275390625,989200
2021-12-02,CNR.TO,148.60183715820312,936800
2021-12-03,CNR.TO,147.8192596435547,764800
2021-12-06,CNR.TO,149.22247314453125,821300
2021-12-07,CNR.TO,149.94200134277344,1083800
2021-12-08,CNR.TO,148.285400390625,965800
2021-12-09,CNR.TO,147.75279235839844,997800
2021-12-10,CNR.TO,148.70071411132812,1153600
2021-12-13,CNR.TO,145.2429656982422,2401400
2021-12-14,CNR.TO,145.9200897216797,1105400
2021-12-15,CNR.TO,148.39373779296875,1881900
2021-12-16,CNR.TO,148.6104278564453,921200
2021-12-17,CNR.TO,148.1680450439453,2338100
2021-12-20,CNR.TO,139.48306274414062,3254400
2021-12-21,CNR.TO,140.4310302734375,1409600
2021-12-22,CNR.TO,140.47621154785156,1098000
2021-12-23,CNR.TO,140.647705078125,1672100
2021-12-24,CNR.TO,141.43313598632812,194900
2021-12-29,CNR.TO,141.0088348388672,968300
2021-12-30,CNR.TO,140.10598754882812,555800
2021-12-31,CNR.TO,140.2775421142578,552300
2022-01-04,CNR.TO,139.83514404296875,725400
2022-01-05,CNR.TO,138.42678833007812,1083700
2022-01-06,CNR.TO,140.68380737304688,855500
2022-01-07,CNR.TO,140.92758178710938,918900
2022-01-10,CNR.TO,140.25953674316406,517500
2022-01-11,CNR.TO,138.8601837158203,995300
2022-01-12,CNR.TO,139.0587615966797,984100
2022-01-13,CNR.TO,138.3726348876953,837200
2022-01-14,CNR.TO,139.9073944091797,1169000
2022-01-17,CNR.TO,140.17825317382812,366600
2022-01-18,CNR.TO,137.3524627685547,1436300
2022-01-19,CNR.TO,139.07681274414062,1329400
2022-01-20,CNR.TO,139.34767150878906,1371100
2022-01-21,CNR.TO,139.5192108154297,1602900
2022-01-24,CNR.TO,138.66156005859375,2236100
2022-01-25,CNR.TO,139.88031005859375,1260900
2022-01-26,CNR.TO,135.92605590820312,3204600
2022-01-27,CNR.TO,136.85592651367188,1406600
2022-01-28,CNR.TO,138.1740264892578,1297700
2022-01-31,CNR.TO,139.8712921142578,1413500
2022-02-01,CNR.TO,140.5664520263672,1030300
2022-02-02,CNR.TO,142.93182373046875,1126400
2022-02-03,CNR.TO,140.06988525390625,827800
2022-02-04,CNR.TO,140.87339782714844,1097600
2022-02-07,CNR.TO,138.58026123046875,2074500
2022-02-08,CNR.TO,140.75601196289062,1408500
2022-02-09,CNR.TO,142.6428680419922,1137500
2022-02-10,CNR.TO,141.31576538085938,877900
2022-02-11,CNR.TO,140.12408447265625,862500
2022-02-14,CNR.TO,141.22547912597656,1350500
2022-02-15,CNR.TO,144.1686248779297,1123900
2022-02-16,CNR.TO,145.3874053955078,898800
2022-02-17,CNR.TO,144.7464141845703,921700
2022-02-18,CNR.TO,143.66307067871094,742400
2022-02-22,CNR.TO,141.92967224121094,1728200
2022-02-23,CNR.TO,138.471923828125,881400
2022-02-24,CNR.TO,140.79214477539062,1165300
2022-02-25,CNR.TO,142.85958862304688,806600
2022-02-28,CNR.TO,141.956787109375,1329800
2022-03-01,CNR.TO,137.03652954101562,1402400
2022-03-02,CNR.TO,142.55259704589844,1458000
2022-03-03,CNR.TO,142.79637145996094,1045500
2022-03-04,CNR.TO,145.78465270996094,1011000
2022-03-07,CNR.TO,146.09158325195312,1829400
2022-03-08,CNR.TO,142.87762451171875,1949300
2022-03-09,CNR.TO,144.23182678222656,1166800
2022-03-10,CNR.TO,147.98678588867188,1133800
2022-03-11,CNR.TO,146.00949096679688,1322000
2022-03-14,CNR.TO,143.54248046875,912900
2022-03-15,CNR.TO,143.17967224121094,980600
2022-03-16,CNR.TO,146.51744079589844,850100
2022-03-17,CNR.TO,146.2271728515625,807700
2022-03-18,CNR.TO,149.2202911376953,4900500
2022-03-21,CNR.TO,150.75315856933594,940300
2022-03-22,CNR.TO,152.01388549804688,778400
2022-03-23,CNR.TO,152.05015563964844,1084400
2022-03-24,CNR.TO,152.50369262695312,1187900
2022-03-25,CNR.TO,153.94580078125,639300
2022-03-28,CNR.TO,154.17254638671875,766000
2022-03-29,CNR.TO,154.12716674804688,855600
2022-03-30,CNR.TO,154.64414978027344,653300
2022-03-31,CNR.TO,152.10458374023438,1745400
2022-04-01,CNR.TO,145.0662384033203,1424800
2022-04-04,CNR.TO,147.35189819335938,1141900
2022-04-05,CNR.TO,146.04579162597656,966500
2022-04-06,CNR.TO,144.8575897216797,792600
2022-04-07,CNR.TO,144.98463439941406,781700
2022-04-08,CNR.TO,141.83731079101562,842600
2022-04-11,CNR.TO,142.2545166015625,1106400
2022-04-12,CNR.TO,140.77609252929688,1092200
2022-04-13,CNR.TO,143.30662536621094,838900
2022-04-14,CNR.TO,145.51068115234375,718400
2022-04-18,CNR.TO,144.5583038330078,468200
2022-04-19,CNR.TO,145.7555389404297,852500
2022-04-20,CNR.TO,145.85533142089844,824700
2022-04-21,CNR.TO,145.32925415039062,804600
2022-04-22,CNR.TO,142.27267456054688,999600
2022-04-25,CNR.TO,143.38827514648438,892300
2022-04-26,CNR.TO,142.28173828125,1007500
2022-04-27,CNR.TO,140.8939971923828,1697000
2022-04-28,CNR.TO,140.64004516601562,1288200
2022-04-29,CNR.TO,137.03018188476562,1552300
2022-05-02,CNR.TO,137.2206268310547,2291500
2022-05-03,CNR.TO,137.52903747558594,1759100
2022-05-04,CNR.TO,141.7194366455078,2434400
2022-05-05,CNR.TO,137.73764038085938,1280000
2022-05-06,CNR.TO,135.95083618164062,2347200
2022-05-09,CNR.TO,130.88970947265625,1601700
2022-05-10,CNR.TO,129.8829803466797,1838800
2022-05-11,CNR.TO,131.15281677246094,2310500
2022-05-12,CNR.TO,131.57908630371094,1789000
2022-05-13,CNR.TO,129.62901306152344,3491500
2022-05-16,CNR.TO,131.24346923828125,2112900
2022-05-17,CNR.TO,133.8466033935547,2341500
2022-05-18,CNR.TO,131.6788330078125,2083900
2022-05-19,CNR.TO,128.8852996826172,2284200
2022-05-20,CNR.TO,129.9192657470703,1964300
2022-05-24,CNR.TO,128.15966796875,2471900
2022-05-25,CNR.TO,127.96918487548828,1905900
2022-05-26,CNR.TO,130.40904235839844,1373600
2022-05-27,CNR.TO,131.61537170410156,1589800
2022-05-30,CNR.TO,132.2593231201172,658400
2022-05-31,CNR.TO,130.44529724121094,10266100
2022-06-01,CNR.TO,130.9169464111328,1461600
2022-06-02,CNR.TO,134.84425354003906,2364000
2022-06-03,CNR.TO,133.92822265625,827000
2022-06-06,CNR.TO,134.26380920410156,1541100
2022-06-07,CNR.TO,132.46795654296875,1185000
2022-06-08,CNR.TO,131.44969177246094,2279900
2022-06-09,CNR.TO,130.5016632080078,782700
2022-06-10,CNR.TO,128.04043579101562,883700
2022-06-13,CNR.TO,126.65481567382812,1657800
2022-06-14,CNR.TO,128.09510803222656,1211900
2022-06-15,CNR.TO,129.63568115234375,1353400
2022-06-16,CNR.TO,127.64844512939453,1061600
2022-06-17,CNR.TO,128.432373046875,4155000
2022-06-20,CNR.TO,128.80612182617188,340700
2022-06-21,CNR.TO,128.65113830566406,1610000
2022-06-22,CNR.TO,129.69947814941406,867600
2022-06-23,CNR.TO,129.6265411376953,1547900
2022-06-24,CNR.TO,133.77423095703125,1631100
2022-06-27,CNR.TO,133.10879516601562,1659500
2022-06-28,CNR.TO,130.32846069335938,1064200
2022-06-29,CNR.TO,132.36126708984375,745400
2022-06-30,CNR.TO,131.98753356933594,1436000
2022-07-04,CNR.TO,133.26376342773438,507200
2022-07-05,CNR.TO,134.7222442626953,1655500
2022-07-06,CNR.TO,135.0595703125,998500
2022-07-07,CNR.TO,133.9747772216797,1150200
2022-07-08,CNR.TO,133.145263671875,922400
2022-07-11,CNR.TO,132.37042236328125,859000
2022-07-12,CNR.TO,131.3494415283203,1109700
2022-07-13,CNR.TO,131.17623901367188,840600
2022-07-14,CNR.TO,132.36126708984375,1614200
2022-07-15,CNR.TO,132.52536010742188,1026700
2022-07-18,CNR.TO,133.0084991455078,826900
2022-07-19,CNR.TO,135.46063232421875,892100
2022-07-20,CNR.TO,134.7040557861328,1091800
2022-07-21,CNR.TO,136.12611389160156,830300
2022-07-22,CNR.TO,136.0714111328125,587500
2022-07-25,CNR.TO,137.17440795898438,627000
2022-07-26,CNR.TO,137.2929229736328,830300
2022-07-27,CNR.TO,143.03587341308594,1443600
2022-07-28,CNR.TO,145.18719482421875,944900
2022-07-29,CNR.TO,147.88546752929688,1403600
2022-08-02,CNR.TO,146.6274871826172,890200
2022-08-03,CNR.TO,146.3813934326172,775400
2022-08-04,CNR.TO,148.00401306152344,661800
2022-08-05,CNR.TO,149.79978942871094,734300
2022-08-08,CNR.TO,149.2254638671875,659900
2022-08-09,CNR.TO,148.22276306152344,874600
2022-08-10,CNR.TO,149.9456329345703,636700
2022-08-11,CNR.TO,147.87637329101562,766400
2022-08-12,CNR.TO,149.25283813476562,629100
2022-08-15,CNR.TO,149.8088836669922,743800
2022-08-16,CNR.TO,150.39231872558594,638300
2022-08-17,CNR.TO,150.62017822265625,913100
2022-08-18,CNR.TO,150.14620971679688,731200
2022-08-19,CNR.TO,150.16444396972656,925100
2022-08-22,CNR.TO,148.4597625732422,638200
2022-08-23,CNR.TO,147.09239196777344,625600
2022-08-24,CNR.TO,147.69403076171875,774200
2022-08-25,CNR.TO,148.72412109375,1021700
2022-08-26,CNR.TO,146.75514221191406,656000
2022-08-29,CNR.TO,145.64300537109375,753900
2022-08-30,CNR.TO,142.17901611328125,840600
2022-08-31,CNR.TO,142.37954711914062,1751000
2022-09-01,CNR.TO,140.72959899902344,888900
2022-09-02,CNR.TO,140.16439819335938,763600
2022-09-06,CNR.TO,139.480712890625,1375400
2022-09-07,CNR.TO,142.46035766601562,863100
2022-09-08,CNR.TO,143.16566467285156,1072600
2022-09-09,CNR.TO,145.52886962890625,783400
2022-09-12,CNR.TO,147.43406677246094,725000
2022-09-13,CNR.TO,145.3456573486328,1095600
2022-09-14,CNR.TO,144.6220245361328,850600
2022-09-15,CNR.TO,143.68775939941406,1104100
2022-09-16,CNR.TO,141.61767578125,3358400
2022-09-19,CNR.TO,143.03741455078125,812100
2022-09-20,CNR.TO,143.0557403564453,615000
2022-09-21,CNR.TO,140.9398651123047,734500
2022-09-22,CNR.TO,140.61013793945312,739100
2022-09-23,CNR.TO,138.28358459472656,1072500
2022-09-26,CNR.TO,137.65155029296875,958800
2022-09-27,CNR.TO,136.6989288330078,1414000
2022-09-28,CNR.TO,139.54762268066406,1534500
2022-09-29,CNR.TO,137.95376586914062,1053600
2022-09-30,CNR.TO,136.64395141601562,1380300
2022-10-03,CNR.TO,140.8207550048828,1143100
2022-10-04,CNR.TO,143.15647888183594,1583600
2022-10-05,CNR.TO,141.79171752929688,888500
2022-10-06,CNR.TO,141.34288024902344,1115000
2022-10-07,CNR.TO,138.17364501953125,1208100
2022-10-11,CNR.TO,136.44248962402344,1487100
2022-10-12,CNR.TO,135.3983154296875,1175400
2022-10-13,CNR.TO,138.3660125732422,1055400
2022-10-14,CNR.TO,136.1127166748047,944700
2022-10-17,CNR.TO,139.82237243652344,1598700
2022-10-18,CNR.TO,142.95498657226562,1199600
2022-10-19,CNR.TO,142.45118713378906,1000700
2022-10-20,CNR.TO,138.4209442138672,1211900
2022-10-21,CNR.TO,141.02232360839844,1057400
2022-10-24,CNR.TO,142.53363037109375,1211200
2022-10-25,CNR.TO,144.0358428955078,1372800
2022-10-26,CNR.TO,148.3683319091797,2388500
2022-10-27,CNR.TO,146.5638885498047,1526800
2022-10-28,CNR.TO,148.42330932617188,695100
2022-10-31,CNR.TO,147.8370819091797,1420000
2022-11-01,CNR.TO,147.25088500976562,679800
2022-11-02,CNR.TO,145.6937255859375,900000
2022-11-03,CNR.TO,145.77613830566406,735500
2022-11-04,CNR.TO,147.16842651367188,692700
2022-11-07,CNR.TO,148.44163513183594,614600
2022-11-08,CNR.TO,149.54078674316406,1030100
2022-11-09,CNR.TO,147.71800231933594,796800
2022-11-10,CNR.TO,150.54835510253906,1005600
2022-11-11,CNR.TO,148.35919189453125,992200
2022-11-14,CNR.TO,147.93783569335938,821000
2022-11-15,CNR.TO,147.71800231933594,829600
2022-11-16,CNR.TO,149.89804077148438,1169500
2022-11-17,CNR.TO,150.84144592285156,1016200
2022-11-18,CNR.TO,152.49937438964844,967000
2022-11-21,CNR.TO,152.97564697265625,1211500
2022-11-22,CNR.TO,153.56185913085938,860300
2022-11-23,CNR.TO,154.51449584960938,1555600
2022-11-24,CNR.TO,154.9266815185547,235300
2022-11-25,CNR.TO,154.95413208007812,852400
2022-11-28,CNR.TO,155.83352661132812,1161200
2022-11-29,CNR.TO,155.7052459716797,1478500
2022-11-30,CNR.TO,158.17837524414062,2119900
2022-12-01,CNR.TO,158.16004943847656,918200
2022-12-02,CNR.TO,157.58294677734375,1712600
2022-12-05,CNR.TO,157.86692810058594,1437800
2022-12-06,CNR.TO,156.9051971435547,1325500
2022-12-07,CNR.TO,156.7239532470703,1136300
2022-12-08,CNR.TO,157.45069885253906,1602300
2022-12-09,CNR.TO,156.4203643798828,1301200
2022-12-12,CNR.TO,159.1616973876953,1969200
2022-12-13,CNR.TO,158.738525390625,972500
2022-12-14,CNR.TO,156.87112426757812,1102100
2022-12-15,CNR.TO,154.75534057617188,1119400
2022-12-16,CNR.TO,153.12709045410156,3634800
2022-12-19,CNR.TO,150.5145721435547,1075100
2022-12-20,CNR.TO,149.8154754638672,1105500
2022-12-21,CNR.TO,151.86685180664062,670300
2022-12-22,CNR.TO,150.12823486328125,576300
2022-12-23,CNR.TO,150.5789794921875,504700
2022-12-28,CNR.TO,149.39230346679688,1120300
2022-12-29,CNR.TO,149.98106384277344,865700
2022-12-30,CNR.TO,147.95726013183594,635300
2023-01-03,CNR.TO,149.83384704589844,917100
2023-01-04,CNR.TO,149.99024963378906,750200
2023-01-05,CNR.TO,147.66290283203125,1512200
2023-01-06,CNR.TO,151.2689208984375,923500
2023-01-09,CNR.TO,151.60926818847656,942600
2023-01-10,CNR.TO,150.07302856445312,822500
2023-01-11,CNR.TO,151.16773986816406,1046600
2023-01-12,CNR.TO,151.37008666992188,1242900
2023-01-13,CNR.TO,152.37281799316406,1054300
2023-01-16,CNR.TO,152.6947784423828,340200
2023-01-17,CNR.TO,153.30191040039062,761300
2023-01-18,CNR.TO,152.56597900390625,1207500
2023-01-19,CNR.TO,150.68019104003906,1035300
2023-01-20,CNR.TO,151.80242919921875,784300
2023-01-23,CNR.TO,152.07843017578125,683000
2023-01-24,CNR.TO,152.62120056152344,1040200
2023-01-25,CNR.TO,145.50112915039062,2835300
2023-01-26,CNR.TO,145.26193237304688,1828900
2023-01-27,CNR.TO,144.8939666748047,881700
2023-01-30,CNR.TO,144.6548309326172,1137100
2023-01-31,CNR.TO,145.69430541992188,1533300
2023-02-01,CNR.TO,145.9058837890625,1607100
2023-02-02,CNR.TO,146.44857788085938,1349100
2023-02-03,CNR.TO,147.79171752929688,1186500
2023-02-06,CNR.TO,146.37501525878906,1252000
2023-02-07,CNR.TO,145.51951599121094,1214200
2023-02-08,CNR.TO,145.2067413330078,919600
2023-02-09,CNR.TO,144.5260009765625,978500
2023-02-10,CNR.TO,147.09254455566406,1124800
2023-02-13,CNR.TO,148.00323486328125,982800
2023-02-14,CNR.TO,146.74301147460938,953000
2023-02-15,CNR.TO,145.8966827392578,881400
2023-02-16,CNR.TO,145.372314453125,1061100
2023-02-17,CNR.TO,144.6272430419922,1082800
2023-02-21,CNR.TO,144.76519775390625,1324800
2023-02-22,CNR.TO,143.6613006591797,1155500
2023-02-23,CNR.TO,144.51683044433594,921100
2023-02-24,CNR.TO,144.2040557861328,908800
2023-02-27,CNR.TO,144.7927703857422,1202700
2023-02-28,CNR.TO,142.96217346191406,2645900
2023-03-01,CNR.TO,144.61802673339844,1527500
2023-03-02,CNR.TO,147.38693237304688,1564100
2023-03-03,CNR.TO,149.18072509765625,1836300
2023-03-06,CNR.TO,147.7641143798828,1509800
2023-03-07,CNR.TO,147.07415771484375,1667300
2023-03-08,CNR.TO,149.18072509765625,849600
2023-03-09,CNR.TO,148.4966583251953,1763000
2023-03-10,CNR.TO,147.636962890625,2788700
2023-03-13,CNR.TO,147.4890899658203,2109700
2023-03-14,CNR.TO,146.7587890625,1434000
2023-03-15,CNR.TO,146.52767944335938,1350200
2023-03-16,CNR.TO,150.2992706298828,1343300
2023-03-17,CNR.TO,146.3335723876953,2825200
2023-03-20,CNR.TO,145.70497131347656,877000
2023-03-21,CNR.TO,145.5570526123047,919000
2023-03-22,CNR.TO,144.48475646972656,755800
2023-03-23,CNR.TO,142.92251586914062,1486800
2023-03-24,CNR.TO,144.30909729003906,1224000
2023-03-27,CNR.TO,144.68814086914062,1059100
2023-03-28,CNR.TO,144.4662628173828,2529100
2023-03-29,CNR.TO,144.6234130859375,1211400
2023-03-30,CNR.TO,145.40916442871094,1012700
2023-03-31,CNR.TO,147.4150848388672,1203300
2023-04-03,CNR.TO,147.92352294921875,964900
2023-04-04,CNR.TO,149.53199768066406,1118900
2023-04-05,CNR.TO,145.71420288085938,1245700
2023-04-06,CNR.TO,147.7571258544922,1096900
2023-04-10,CNR.TO,147.05458068847656,941900
2023-04-11,CNR.TO,148.00674438476562,797300
2023-04-12,CNR.TO,150.01271057128906,826700
2023-04-13,CNR.TO,149.72613525390625,1093400
2023-04-14,CNR.TO,151.2052001953125,642900
2023-04-17,CNR.TO,151.51023864746094,631300
2023-04-18,CNR.TO,151.8614959716797,882700
2023-04-19,CNR.TO,152.3329620361328,823300
2023-04-20,CNR.TO,152.78590393066406,1249100
2023-04-21,CNR.TO,153.94143676757812,1056400
2023-04-24,CNR.TO,155.54989624023438,1531200
2023-04-25,CNR.TO,149.41183471679688,2619500
2023-04-26,CNR.TO,147.20252990722656,1470500
2023-04-27,CNR.TO,148.6907958984375,964800
2023-04-28,CNR.TO,149.29164123535156,853700
2023-05-01,CNR.TO,150.07740783691406,557400
2023-05-02,CNR.TO,149.05130004882812,725700
2023-05-03,CNR.TO,148.59837341308594,1073700
2023-05-04,CNR.TO,148.47816467285156,1142400
2023-05-05,CNR.TO,150.7429962158203,1128600
2023-05-08,CNR.TO,149.48577880859375,817200
2023-05-09,CNR.TO,148.93112182617188,1086400
2023-05-10,CNR.TO,150.1698455810547,1029900
2023-05-11,CNR.TO,149.71688842773438,1150200
2023-05-12,CNR.TO,151.05726623535156,682100
2023-05-15,CNR.TO,151.2144317626953,2047300
2023-05-16,CNR.TO,149.50425720214844,996700
2023-05-17,CNR.TO,148.13613891601562,1136700
2023-05-18,CNR.TO,148.82943725585938,860500
2023-05-19,CNR.TO,149.1899871826172,889100
2023-05-23,CNR.TO,144.3275909423828,2018900
2023-05-24,CNR.TO,142.27542114257812,1294000
2023-05-25,CNR.TO,143.3199920654297,1831200
2023-05-26,CNR.TO,143.43092346191406,1502700
2023-05-29,CNR.TO,144.24436950683594,728200
2023-05-30,CNR.TO,143.6804962158203,877300
2023-05-31,CNR.TO,141.4896697998047,2052900
2023-06-01,CNR.TO,143.07040405273438,1286200
2023-06-02,CNR.TO,146.03775024414062,1768200
2023-06-05,CNR.TO,145.2427520751953,2862900
2023-06-06,CNR.TO,142.63592529296875,1431200
2023-06-07,CNR.TO,144.2813720703125,1139300
2023-06-08,CNR.TO,142.72047424316406,2100300
2023-06-09,CNR.TO,141.6055450439453,1797400
2023-06-12,CNR.TO,141.46617126464844,1560200
2023-06-13,CNR.TO,142.34884643554688,1229500
2023-06-14,CNR.TO,144.4672088623047,1089500
2023-06-15,CNR.TO,144.83885192871094,830600
2023-06-16,CNR.TO,145.86087036132812,4074100
2023-06-19,CNR.TO,145.24766540527344,307100
2023-06-20,CNR.TO,144.29066467285156,902100
2023-06-21,CNR.TO,145.24766540527344,654000
2023-06-22,CNR.TO,146.56698608398438,1072300
2023-06-23,CNR.TO,144.30926513671875,1216500
2023-06-26,CNR.TO,145.16400146484375,1236400
2023-06-27,CNR.TO,146.4368896484375,1471000
2023-06-28,CNR.TO,146.61343383789062,722400
2023-06-29,CNR.TO,147.4217529296875,1383800
2023-06-30,CNR.TO,149.0476837158203,1205600
2023-07-04,CNR.TO,149.34500122070312,424800
2023-07-05,CNR.TO,147.8677215576172,808800
2023-07-06,CNR.TO,145.59141540527344,1212200
2023-07-07,CNR.TO,142.63687133789062,1279900
2023-07-10,CNR.TO,143.01776123046875,664300
2023-07-11,CNR.TO,142.16299438476562,811100
2023-07-12,CNR.TO,143.34298706054688,1178300
2023-07-13,CNR.TO,144.4857940673828,1461300
2023-07-14,CNR.TO,145.4055938720703,947200
2023-07-17,CNR.TO,144.0862579345703,1075500
2023-07-18,CNR.TO,143.70533752441406,1166400
2023-07-19,CNR.TO,144.35569763183594,1267600
2023-07-20,CNR.TO,144.02122497558594,742100
2023-07-21,CNR.TO,145.60073852539062,930300
2023-07-24,CNR.TO,145.61000061035156,917900
2023-07-25,CNR.TO,145.2941436767578,987000
2023-07-26,CNR.TO,145.58213806152344,2484900
2023-07-27,CNR.TO,145.60073852539062,897900
2023-07-28,CNR.TO,148.5738525390625,1145400
2023-07-31,CNR.TO,148.50880432128906,1710300
2023-08-01,CNR.TO,147.48680114746094,909400
2023-08-02,CNR.TO,144.7924041748047,1120500
2023-08-03,CNR.TO,145.43344116210938,1116000
2023-08-04,CNR.TO,145.35914611816406,939600
2023-08-08,CNR.TO,145.8887176513672,1146200
2023-08-09,CNR.TO,146.99436950683594,629000
2023-08-10,CNR.TO,145.44276428222656,1062600
2023-08-11,CNR.TO,146.08383178710938,689500
2023-08-14,CNR.TO,145.34054565429688,1089200
2023-08-15,CNR.TO,142.8040771484375,1212500
2023-08-16,CNR.TO,142.85055541992188,981100
2023-08-17,CNR.TO,142.43246459960938,541500
2023-08-18,CNR.TO,143.03634643554688,918000
2023-08-21,CNR.TO,141.72630310058594,849500
2023-08-22,CNR.TO,141.2060089111328,796400
2023-08-23,CNR.TO,142.07936096191406,623500
2023-08-24,CNR.TO,140.9458770751953,1073300
2023-08-25,CNR.TO,142.1351318359375,788400
2023-08-28,CNR.TO,141.8470916748047,1627200
2023-08-29,CNR.TO,142.3395233154297,1036700
2023-08-30,CNR.TO,143.38015747070312,1004400
2023-08-31,CNR.TO,141.4104461669922,2910400
2023-09-01,CNR.TO,142.99920654296875,1905900
2023-09-05,CNR.TO,141.14097595214844,1453900
2023-09-06,CNR.TO,138.70672607421875,1303800
2023-09-07,CNR.TO,137.6232147216797,2234000
2023-09-08,CNR.TO,137.44573974609375,1746700
2023-09-11,CNR.TO,138.55728149414062,1396600
2023-09-12,CNR.TO,138.49188232421875,675300
2023-09-13,CNR.TO,140.91110229492188,1119700
2023-09-14,CNR.TO,145.86154174804688,2082100
2023-09-15,CNR.TO,147.09449768066406,4443700
2023-09-18,CNR.TO,145.87088012695312,1148400
2023-09-19,CNR.TO,142.6484375,1009800
2023-09-20,CNR.TO,142.51766967773438,759300
2023-09-21,CNR.TO,138.78143310546875,1319700
2023-09-22,CNR.TO,138.7253875732422,1178400
2023-09-25,CNR.TO,140.20118713378906,830200
2023-09-26,CNR.TO,139.62208557128906,2442900
2023-09-27,CNR.TO,137.06280517578125,1747600
2023-09-28,CNR.TO,138.20236206054688,2253100
2023-09-29,CNR.TO,137.38970947265625,1481400
2023-10-02,CNR.TO,135.86720275878906,1359900
2023-10-03,CNR.TO,135.84852600097656,1111000
2023-10-04,CNR.TO,136.623779296875,708200
2023-10-05,CNR.TO,136.5583953857422,1145700
2023-10-06,CNR.TO,136.69851684570312,812400
2023-10-10,CNR.TO,137.922119140625,929900
2023-10-11,CNR.TO,138.6039581298828,831000
2023-10-12,CNR.TO,137.7726593017578,880700
2023-10-13,CNR.TO,137.44573974609375,820900
2023-10-16,CNR.TO,139.08033752441406,1240200
2023-10-17,CNR.TO,138.78143310546875,803700
2023-10-18,CNR.TO,134.97984313964844,1028100
2023-10-19,CNR.TO,134.61557006835938,1279000
2023-10-20,CNR.TO,136.30618286132812,1690200
2023-10-23,CNR.TO,135.1853485107422,753800
2023-10-24,CNR.TO,135.42819213867188,784600
2023-10-25,CNR.TO,136.9040069580078,827100
2023-10-26,CNR.TO,135.11061096191406,884400
2023-10-27,CNR.TO,135.48423767089844,1054800
2023-10-30,CNR.TO,136.87596130371094,1078000
2023-10-31,CNR.TO,137.05345153808594,1046700
2023-11-01,CNR.TO,138.17430114746094,751500
2023-11-02,CNR.TO,139.76217651367188,1121000
2023-11-03,CNR.TO,141.76109313964844,964000
2023-11-06,CNR.TO,141.48089599609375,878800
2023-11-07,CNR.TO,141.43414306640625,1109600
2023-11-08,CNR.TO,142.11599731445312,801500
2023-11-09,CNR.TO,142.34017944335938,791700
2023-11-10,CNR.TO,143.97476196289062,873400
2023-11-13,CNR.TO,145.09561157226562,719700
2023-11-14,CNR.TO,146.61813354492188,1018800
2023-11-15,CNR.TO,145.9082794189453,1106700
2023-11-16,CNR.TO,146.655517578125,699100
2023-11-17,CNR.TO,147.71095275878906,690400
2023-11-20,CNR.TO,147.00112915039062,639200
2023-11-21,CNR.TO,146.44065856933594,739100
2023-11-22,CNR.TO,145.50662231445312,841900
2023-11-23,CNR.TO,147.27195739746094,351400
2023-11-24,CNR.TO,146.87033081054688,461600
2023-11-27,CNR.TO,142.4242401123047,1897400
2023-11-28,CNR.TO,143.17147827148438,1152800
2023-11-29,CNR.TO,145.27308654785156,977700
2023-11-30,CNR.TO,147.07582092285156,3357600
2023-12-01,CNR.TO,149.6631317138672,1356600
2023-12-04,CNR.TO,150.01809692382812,4720900
2023-12-05,CNR.TO,148.78514099121094,1572900
2023-12-06,CNR.TO,150.23074340820312,1739400
2023-12-07,CNR.TO,151.0098876953125,957500
2023-12-08,CNR.TO,150.24951171875,789200
2023-12-11,CNR.TO,151.54493713378906,811300
2023-12-12,CNR.TO,151.9110565185547,1367500
2023-12-13,CNR.TO,151.97674560546875,1087100
2023-12-14,CNR.TO,152.09877014160156,1533900
2023-12-15,CNR.TO,151.14126586914062,3847800
2023-12-18,CNR.TO,151.99549865722656,929000
2023-12-19,CNR.TO,153.8448028564453,818500
2023-12-20,CNR.TO,153.319091796875,979400
2023-12-21,CNR.TO,154.11700439453125,603100
2023-12-22,CNR.TO,155.5156707763672,574400
2023-12-27,CNR.TO,156.03195190429688,620100
2023-12-28,CNR.TO,155.31854248046875,438000
2023-12-29,CNR.TO,156.34173583984375,407900
2024-01-02,CNR.TO,156.93310546875,666500
2024-01-03,CNR.TO,156.83924865722656,723300
2024-01-04,CNR.TO,157.74978637695312,725600
2024-01-05,CNR.TO,157.9281463623047,595600
2024-01-08,CNR.TO,156.9988250732422,878800
2024-01-09,CNR.TO,155.55320739746094,1094800
2024-01-10,CNR.TO,156.20094299316406,819200
2024-01-11,CNR.TO,156.53883361816406,614900
2024-01-12,CNR.TO,158.8480682373047,976800
2024-01-15,CNR.TO,158.27548217773438,263700
2024-01-16,CNR.TO,158.4726104736328,696700
2024-01-17,CNR.TO,155.70339965820312,881900
2024-01-18,CNR.TO,158.02203369140625,702300
2024-01-19,CNR.TO,159.05458068847656,880700
2024-01-22,CNR.TO,157.89059448242188,908800
2024-01-23,CNR.TO,159.05458068847656,770000
2024-01-24,CNR.TO,156.19154357910156,1204500
2024-01-25,CNR.TO,156.4543914794922,743200
2024-01-26,CNR.TO,156.43560791015625,579100
2024-01-29,CNR.TO,156.2760009765625,638400
2024-01-30,CNR.TO,157.26165771484375,590400
2024-01-31,CNR.TO,156.55764770507812,1166500
2024-02-01,CNR.TO,159.53335571289062,716600
2024-02-02,CNR.TO,160.0965576171875,604300
2024-02-05,CNR.TO,160.62225341796875,901700
2024-02-06,CNR.TO,162.3964080810547,811300
2024-02-07,CNR.TO,163.23184204101562,704400
2024-02-08,CNR.TO,161.9552001953125,881400
2024-02-09,CNR.TO,162.40577697753906,936500
2024-02-12,CNR.TO,162.0772247314453,833100
2024-02-13,CNR.TO,159.81492614746094,1827200
2024-02-14,CNR.TO,163.83261108398438,827800
2024-02-15,CNR.TO,164.19871520996094,889200
2024-02-16,CNR.TO,164.3301239013672,800500
2024-02-20,CNR.TO,162.509033203125,1889400
2024-02-21,CNR.TO,163.5885467529297,628200
2024-02-22,CNR.TO,166.3577880859375,803400
2024-02-23,CNR.TO,166.7989501953125,897400
2024-02-26,CNR.TO,166.89280700683594,575800
2024-02-27,CNR.TO,166.77081298828125,570800
2024-02-28,CNR.TO,165.3439483642578,637900
2024-02-29,CNR.TO,165.1843719482422,2074000
2024-03-01,CNR.TO,165.86021423339844,1001100
2024-03-04,CNR.TO,165.1843719482422,1219000
2024-03-05,CNR.TO,165.39089965820312,1003500
2024-03-06,CNR.TO,161.83963012695312,1358300
2024-03-07,CNR.TO,163.79209899902344,1394200
2024-03-08,CNR.TO,163.82980346679688,1270700
2024-03-11,CNR.TO,163.5940399169922,1078800
2024-03-12,CNR.TO,165.3201446533203,1269600
2024-03-13,CNR.TO,165.5182342529297,810700
2024-03-14,CNR.TO,163.56570434570312,760000
2024-03-15,CNR.TO,164.38632202148438,5033200
2024-03-18,CNR.TO,166.0558624267578,1316200
2024-03-19,CNR.TO,165.10316467285156,729100
2024-03-20,CNR.TO,167.67820739746094,1202600
2024-03-21,CNR.TO,169.45147705078125,1061100
2024-03-22,CNR.TO,169.1024932861328,603100
2024-03-25,CNR.TO,166.28221130371094,827600
2024-03-26,CNR.TO,166.76327514648438,873900
2024-03-27,CNR.TO,168.48941040039062,584000
2024-03-28,CNR.TO,168.24411010742188,1051300
2024-04-01,CNR.TO,168.376220703125,1081600
2024-04-02,CNR.TO,166.8009796142578,713900
2024-04-03,CNR.TO,166.71612548828125,772300
2024-04-04,CNR.TO,164.93341064453125,1158400
2024-04-05,CNR.TO,166.2916717529297,611000
2024-04-08,CNR.TO,167.09339904785156,549000
2024-04-09,CNR.TO,167.66876220703125,907600
2024-04-10,CNR.TO,169.2911376953125,1138800
2024-04-11,CNR.TO,167.06509399414062,1063000
2024-04-12,CNR.TO,166.90476989746094,701300
2024-04-15,CNR.TO,167.3574981689453,629000
2024-04-16,CNR.TO,165.89552307128906,936600
2024-04-17,CNR.TO,164.9994354248047,1000800
2024-04-18,CNR.TO,165.16921997070312,757300
2024-04-19,CNR.TO,165.50877380371094,810500
2024-04-22,CNR.TO,167.13113403320312,1273600
2024-04-23,CNR.TO,166.7538299560547,1005700
2024-04-24,CNR.TO,158.79296875,1696200
2024-04-25,CNR.TO,160.72659301757812,1587200
2024-04-26,CNR.TO,161.52833557128906,661300
2024-04-29,CNR.TO,159.98141479492188,1306900
2024-04-30,CNR.TO,157.60452270507812,1313300
2024-05-01,CNR.TO,157.04800415039062,962800
2024-05-02,CNR.TO,157.33099365234375,638200
2024-05-03,CNR.TO,159.3777618408203,569000
2024-05-06,CNR.TO,162.68853759765625,1034700
2024-05-07,CNR.TO,162.1320343017578,630100
2024-05-08,CNR.TO,163.07522583007812,672500
2024-05-09,CNR.TO,164.17880249023438,813800
2024-05-10,CNR.TO,164.32029724121094,626400
2024-05-13,CNR.TO,163.12240600585938,1519600
2024-05-14,CNR.TO,162.77340698242188,654200
2024-05-15,CNR.TO,160.99070739746094,1408200
2024-05-16,CNR.TO,162.55648803710938,1436100
2024-05-17,CNR.TO,163.35821533203125,690900
2024-05-21,CNR.TO,163.14126586914062,797900
2024-05-22,CNR.TO,164.66929626464844,1141600
2024-05-23,CNR.TO,163.64120483398438,806000
2024-05-24,CNR.TO,163.50914001464844,574600
2024-05-27,CNR.TO,164.36749267578125,394200
2024-05-28,CNR.TO,159.73622131347656,1162700
2024-05-29,CNR.TO,159.36834716796875,1187100
2024-05-30,CNR.TO,160.0946044921875,1108900
2024-05-31,CNR.TO,163.65061950683594,2305800
2024-06-03,CNR.TO,161.86790466308594,1104600
2024-06-04,CNR.TO,161.77357482910156,1526300
2024-06-05,CNR.TO,162.72622680664062,1172600
2024-06-06,CNR.TO,163.27328491210938,899600
2024-06-07,CNR.TO,161.99847412109375,3968400
2024-06-10,CNR.TO,162.1880340576172,1703900
2024-06-11,CNR.TO,160.6430206298828,1476200
2024-06-12,CNR.TO,160.2638702392578,1342800
2024-06-13,CNR.TO,158.39657592773438,837600
2024-06-14,CNR.TO,158.5672149658203,884500
2024-06-17,CNR.TO,157.069580078125,1955800
2024-06-18,CNR.TO,154.0175018310547,1345700
2024-06-19,CNR.TO,151.6667938232422,1067600
2024-06-20,CNR.TO,153.0506591796875,1581900
2024-06-21,CNR.TO,151.7615966796875,6097500
2024-06-24,CNR.TO,153.1549530029297,959800
2024-06-25,CNR.TO,152.6051483154297,883700
2024-06-26,CNR.TO,153.54356384277344,666100
2024-06-27,CNR.TO,153.1265106201172,1402400
2024-06-28,CNR.TO,153.2307891845703,1135800
2024-07-02,CNR.TO,152.43455505371094,1093100
2024-07-03,CNR.TO,154.44403076171875,629000
2024-07-04,CNR.TO,154.2260284423828,214500
2024-07-05,CNR.TO,152.38719177246094,1965000
2024-07-08,CNR.TO,150.9653778076172,994500
2024-07-09,CNR.TO,149.35403442382812,2025400
2024-07-10,CNR.TO,153.0791015625,1817000
2024-07-11,CNR.TO,154.2260284423828,1468000
2024-07-12,CNR.TO,155.26864624023438,1002800
2024-07-15,CNR.TO,157.52456665039062,1268200
2024-07-16,CNR.TO,160.12168884277344,1244600
2024-07-17,CNR.TO,159.5908966064453,988300
2024-07-18,CNR.TO,157.42030334472656,1179200
2024-07-19,CNR.TO,157.0221710205078,493100
2024-07-22,CNR.TO,159.18331909179688,720600
2024-07-23,CNR.TO,156.72837829589844,805700
2024-07-24,CNR.TO,151.6383514404297,2562700
2024-07-25,CNR.TO,148.64315795898438,1463600
2024-07-26,CNR.TO,151.27818298339844,906900
2024-07-29,CNR.TO,150.70947265625,617100
2024-07-30,CNR.TO,151.20237731933594,985200
2024-07-31,CNR.TO,151.49618530273438,862900
2024-08-01,CNR.TO,148.86114501953125,849900
2024-08-02,CNR.TO,147.60995483398438,912300
2024-08-06,CNR.TO,145.83749389648438,1446500
2024-08-07,CNR.TO,143.477294921875,1143300
2024-08-08,CNR.TO,144.82325744628906,1279600
2024-08-09,CNR.TO,144.2735137939453,517300
2024-08-12,CNR.TO,144.26402282714844,1084200
2024-08-13,CNR.TO,144.1787109375,884700
2024-08-14,CNR.TO,144.4630889892578,1002500
2024-08-15,CNR.TO,147.1455078125,1085500
2024-08-16,CNR.TO,146.45358276367188,466900
2024-08-19,CNR.TO,146.95596313476562,980900
2024-08-20,CNR.TO,147.0128173828125,958300
2024-08-21,CNR.TO,147.1834259033203,1737100
2024-08-22,CNR.TO,148.0364990234375,847100
2024-08-23,CNR.TO,150.43460083007812,901700
2024-08-26,CNR.TO,150.94642639160156,557400
2024-08-27,CNR.TO,150.60519409179688,930100
2024-08-28,CNR.TO,149.7995147705078,592800
2024-08-29,CNR.TO,149.5530548095703,962800
2024-08-30,CNR.TO,150.5104217529297,1571500
2024-09-03,CNR.TO,151.4393310546875,2343800
2024-09-04,CNR.TO,151.80897521972656,2343900
2024-09-05,CNR.TO,150.2734375,1472200
2024-09-06,CNR.TO,149.09658813476562,1637200
2024-09-09,CNR.TO,151.49795532226562,2919100
2024-09-10,CNR.TO,150.23057556152344,1779700
2024-09-11,CNR.TO,150.6403350830078,1932100
2024-09-12,CNR.TO,154.56642150878906,1367100
2024-09-13,CNR.TO,153.84219360351562,1348200
2024-09-16,CNR.TO,156.1578369140625,893400
2024-09-17,CNR.TO,154.21385192871094,885600
2024-09-18,CNR.TO,151.84103393554688,1046800
2024-09-19,CNR.TO,153.77549743652344,1954500
2024-09-20,CNR.TO,151.39315795898438,5096900
2024-09-23,CNR.TO,150.72608947753906,1238200
2024-09-24,CNR.TO,151.02149963378906,871400
2024-09-25,CNR.TO,148.73446655273438,738400
2024-09-26,CNR.TO,149.8970489501953,694000
2024-09-27,CNR.TO,149.93516540527344,808200
2024-09-30,CNR.TO,150.91665649414062,685100
2024-10-01,CNR.TO,150.59268188476562,1057200
2024-10-02,CNR.TO,149.18235778808594,849700
2024-10-03,CNR.TO,147.6099853515625,945500
2024-10-04,CNR.TO,146.78094482421875,1008600
2024-10-07,CNR.TO,146.8857421875,705800
2024-10-08,CNR.TO,147.6671905517578,782100
2024-10-09,CNR.TO,148.95364379882812,596800
2024-10-10,CNR.TO,150.82139587402344,996100
2024-10-11,CNR.TO,151.9268035888672,660500
2024-10-15,CNR.TO,152.0506591796875,1075600
2024-10-16,CNR.TO,151.81243896484375,609800
2024-10-17,CNR.TO,150.49737548828125,959100
2024-10-18,CNR.TO,149.4586944580078,994800
2024-10-21,CNR.TO,148.038818359375,705400
2024-10-22,CNR.TO,147.8101348876953,1260700
2024-10-23,CNR.TO,147.77200317382812,1300600
2024-10-24,CNR.TO,146.29495239257812,1051100
2024-10-25,CNR.TO,146.99058532714844,735100
2024-10-28,CNR.TO,147.22882080078125,983400
2024-10-29,CNR.TO,146.3330535888672,783500
2024-10-30,CNR.TO,145.5325927734375,1085500
2024-10-31,CNR.TO,143.2741241455078,1152100
2024-11-01,CNR.TO,143.87448120117188,741700
2024-11-04,CNR.TO,143.13119506835938,978200
2024-11-05,CNR.TO,143.78872680664062,521900
2024-11-06,CNR.TO,149.0870361328125,1120400
2024-11-07,CNR.TO,149.7731475830078,971800
2024-11-08,CNR.TO,146.89527893066406,972900
2024-11-11,CNR.TO,148.17222595214844,1028100
2024-11-12,CNR.TO,148.2103271484375,1184800
2024-11-13,CNR.TO,148.67727661132812,716400
2024-11-14,CNR.TO,147.467041015625,802400
2024-11-15,CNR.TO,146.13296508789062,812300
2024-11-18,CNR.TO,144.8464813232422,1391200
2024-11-19,CNR.TO,142.0639190673828,1174100
2024-11-20,CNR.TO,142.3974151611328,925400
2024-11-21,CNR.TO,145.34201049804688,860700
2024-11-22,CNR.TO,148.1245880126953,1363100
2024-11-25,CNR.TO,148.93455505371094,2356200
2024-11-26,CNR.TO,146.9715118408203,1202600
2024-11-27,CNR.TO,148.71539306640625,1223700
2024-11-28,CNR.TO,148.9727020263672,731000
2024-11-29,CNR.TO,148.98220825195312,769300
2024-12-02,CNR.TO,148.77256774902344,1821300
2024-12-03,CNR.TO,146.41879272460938,2902700
2024-12-04,CNR.TO,146.99058532714844,2128800
2024-12-05,CNR.TO,146.13296508789062,1952000
2024-12-06,CNR.TO,144.24610900878906,795900
2024-12-09,CNR.TO,144.567138671875,2352200
2024-12-10,CNR.TO,144.4329833984375,2348100
2024-12-11,CNR.TO,142.83265686035156,2022800
2024-12-12,CNR.TO,142.66976928710938,1450700
2024-12-13,CNR.TO,141.7210235595703,788800
2024-12-16,CNR.TO,140.38902282714844,1193400
2024-12-17,CNR.TO,141.25143432617188,831800
2024-12-18,CNR.TO,140.29318237304688,1439300
2024-12-19,CNR.TO,138.82701110839844,1099500
2024-12-20,CNR.TO,139.27740478515625,3242500
2024-12-23,CNR.TO,141.09814453125,1054800
2024-12-24,CNR.TO,141.89353942871094,188200
2024-12-27,CNR.TO,140.88734436035156,508600
2024-12-30,CNR.TO,138.72158813476562,866000
2024-12-31,CNR.TO,139.88113403320312,419600
2025-01-02,CNR.TO,140.65733337402344,1004600
2025-01-03,CNR.TO,141.99893188476562,1429900
2025-01-06,CNR.TO,142.33433532714844,1077900
2025-01-07,CNR.TO,143.60885620117188,1079900
2025-01-08,CNR.TO,141.09814453125,1056500
2025-01-09,CNR.TO,140.29318237304688,364300
2025-01-10,CNR.TO,138.1370391845703,1377900
2025-01-13,CNR.TO,138.2999725341797,910200
2025-01-14,CNR.TO,137.90707397460938,1042400
2025-01-15,CNR.TO,138.2999725341797,818100
2025-01-16,CNR.TO,140.676513671875,907900
2025-01-17,CNR.TO,140.80108642578125,796500
2025-01-20,CNR.TO,142.0660400390625,309400
2025-01-21,CNR.TO,142.44932556152344,1257300
2025-01-22,CNR.TO,143.91549682617188,722700
2025-01-23,CNR.TO,146.33998107910156,1155000
2025-01-24,CNR.TO,145.08460998535156,846000
2025-01-27,CNR.TO,146.9820556640625,538400
2025-01-28,CNR.TO,145.07504272460938,868200
2025-01-29,CNR.TO,145.87998962402344,593800
2025-01-30,CNR.TO,145.90875244140625,859300
2025-01-31,CNR.TO,145.48709106445312,1816100
2025-02-03,CNR.TO,137.83995056152344,2212000
2025-02-04,CNR.TO,139.58407592773438,1490800
2025-02-05,CNR.TO,142.54515075683594,948000
2025-02-06,CNR.TO,141.65394592285156,731500
2025-02-07,CNR.TO,138.9707489013672,1103600
2025-02-10,CNR.TO,140.5135955810547,1396400
2025-02-11,CNR.TO,140.8968963623047,759600
2025-02-12,CNR.TO,140.48486328125,914700
2025-02-13,CNR.TO,139.46905517578125,1333000
2025-02-14,CNR.TO,138.0316162109375,2044500
2025-02-18,CNR.TO,139.6798858642578,1417800
2025-02-19,CNR.TO,139.65110778808594,1153200
2025-02-20,CNR.TO,141.0789794921875,1111000
2025-02-21,CNR.TO,141.7689666748047,852700
2025-02-24,CNR.TO,138.165771484375,1469100
2025-02-25,CNR.TO,137.90707397460938,1608500
2025-02-26,CNR.TO,138.1753692626953,675900
2025-02-27,CNR.TO,138.09872436523438,665700
2025-02-28,CNR.TO,140.56149291992188,1865300
2025-03-03,CNR.TO,136.63255310058594,2580400
2025-03-04,CNR.TO,135.23342895507812,2367600
2025-03-05,CNR.TO,137.5620880126953,1805300
2025-03-06,CNR.TO,139.6990509033203,1689300
2025-03-07,CNR.TO,139.18157958984375,1011800
2025-03-10,CNR.TO,136.64382934570312,3328200
2025-03-11,CNR.TO,132.57501220703125,3340700
2025-03-12,CNR.TO,134.27195739746094,1647000
2025-03-13,CNR.TO,133.51988220214844,957700
2025-03-14,CNR.TO,135.27471923828125,1285700
2025-03-17,CNR.TO,135.26504516601562,1545300
2025-03-18,CNR.TO,134.4744415283203,901300
2025-03-19,CNR.TO,134.87939453125,1078600
2025-03-20,CNR.TO,134.8890380859375,1270300
2025-03-21,CNR.TO,133.4427490234375,2634000
2025-03-24,CNR.TO,136.229248046875,1220500
2025-03-25,CNR.TO,135.31326293945312,1494000
2025-03-26,CNR.TO,137.72369384765625,1002700
2025-03-27,CNR.TO,137.58871459960938,1160000
2025-03-28,CNR.TO,134.5226287841797,776700
2025-03-31,CNR.TO,135.02401733398438,2867000
2025-04-01,CNR.TO,136.04605102539062,836200
2025-04-02,CNR.TO,138.3889923095703,733700
2025-04-03,CNR.TO,133.41383361816406,1878900
2025-04-04,CNR.TO,132.4496612548828,2510100
2025-04-07,CNR.TO,130.16452026367188,2633700
2025-04-08,CNR.TO,127.3395004272461,2117000
2025-04-09,CNR.TO,133.7802276611328,1682200
2025-04-10,CNR.TO,128.9978790283203,1409700
2025-04-11,CNR.TO,133.568115234375,1318600
2025-04-14,CNR.TO,134.00198364257812,1016900
2025-04-15,CNR.TO,132.5942840576172,1017500
2025-04-16,CNR.TO,131.7554473876953,1386300
2025-04-17,CNR.TO,132.39178466796875,852500
2025-04-21,CNR.TO,131.6011505126953,699200
2025-04-22,CNR.TO,130.07777404785156,1243800
2025-04-23,CNR.TO,130.85874938964844,1129400
2025-04-24,CNR.TO,130.45379638671875,1337900
2025-04-25,CNR.TO,129.7981719970703,610500
2025-04-28,CNR.TO,128.51577758789062,891100
2025-04-29,CNR.TO,128.67005920410156,1067600
2025-04-30,CNR.TO,128.7279052734375,1291400
2025-05-01,CNR.TO,127.63838958740234,1612500
2025-05-02,CNR.TO,134.96617126464844,2477100
2025-05-05,CNR.TO,131.41798400878906,856800
2025-05-06,CNR.TO,130.74307250976562,657200
2025-05-07,CNR.TO,133.1053009033203,1303200
2025-05-08,CNR.TO,136.04605102539062,1653200
2025-05-09,CNR.TO,134.95651245117188,1030100
2025-05-12,CNR.TO,141.2622833251953,2960100
2025-05-13,CNR.TO,141.3394012451172,1489600
2025-05-14,CNR.TO,143.37384033203125,1780700
2025-05-15,CNR.TO,145.54324340820312,1211700
2025-05-16,CNR.TO,145.58181762695312,1710600
2025-05-20,CNR.TO,144.1355438232422,692100
2025-05-21,CNR.TO,141.86007690429688,1122200
2025-05-22,CNR.TO,142.01434326171875,1312100
2025-05-23,CNR.TO,139.04466247558594,1308700
2025-05-26,CNR.TO,139.9124298095703,203300
2025-05-27,CNR.TO,140.2691650390625,1640500
2025-05-28,CNR.TO,140.01849365234375,1083500
2025-05-29,CNR.TO,139.8159942626953,1004500
2025-05-30,CNR.TO,139.09288024902344,2775100
2025-06-02,CNR.TO,138.63967895507812,1153000
2025-06-03,CNR.TO,140.17276000976562,2870100
2025-06-04,CNR.TO,139.9509735107422,2110600
2025-06-05,CNR.TO,139.1314239501953,2182300
2025-06-06,CNR.TO,138.6011505126953,681400
2025-06-09,CNR.TO,138.89022827148438,1755500
2025-06-10,CNR.TO,140.27757263183594,3748500
2025-06-11,CNR.TO,138.4730682373047,1843900
2025-06-12,CNR.TO,138.96786499023438,999300
2025-06-13,CNR.TO,136.88197326660156,720500
2025-06-16,CNR.TO,137.9976806640625,1963100
2025-06-17,CNR.TO,135.1356658935547,1665500
2025-06-18,CNR.TO,135.37820434570312,858200
2025-06-19,CNR.TO,135.58197021484375,334500
2025-06-20,CNR.TO,135.8730010986328,1734700
2025-06-23,CNR.TO,136.33868408203125,1553800
2025-06-24,CNR.TO,135.9894256591797,1041200
2025-06-25,CNR.TO,134.99014282226562,1110600
2025-06-26,CNR.TO,137.51258850097656,2621600
2025-06-27,CNR.TO,137.42527770996094,1410600
2025-06-30,CNR.TO,137.6581268310547,1175700
2025-07-02,CNR.TO,140.57833862304688,2105100
2025-07-03,CNR.TO,140.5589599609375,948400
2025-07-04,CNR.TO,139.82159423828125,407000
2025-07-07,CNR.TO,136.5036163330078,1368300
2025-07-08,CNR.TO,139.37533569335938,1228400
2025-07-09,CNR.TO,139.14248657226562,993000
2025-07-10,CNR.TO,140.5977325439453,1194900
2025-07-11,CNR.TO,139.63726806640625,862100
2025-07-14,CNR.TO,138.1431884765625,807000
2025-07-15,CNR.TO,137.13424682617188,736200
2025-07-16,CNR.TO,136.56179809570312,744800
2025-07-17,CNR.TO,135.82449340820312,1236000
2025-07-18,CNR.TO,132.53558349609375,1951200
2025-07-21,CNR.TO,132.19601440429688,921900
2025-07-22,CNR.TO,132.48709106445312,1477400
2025-07-23,CNR.TO,127.07350158691406,2786900
2025-07-24,CNR.TO,126.28765869140625,1537900
2025-07-25,CNR.TO,127.48100280761719,1241900
2025-07-28,CNR.TO,126.57872772216797,1032000
2025-07-29,CNR.TO,127.21903228759766,1308200
2025-07-30,CNR.TO,126.46231079101562,1155400
2025-07-31,CNR.TO,125.52124786376953,1405000
2025-08-01,CNR.TO,124.22119140625,1313100
2025-08-05,CNR.TO,125.73467254638672,1679100
2025-08-06,CNR.TO,125.53093719482422,1938600
2025-08-07,CNR.TO,123.2801284790039,1951500
2025-08-08,CNR.TO,123.5323715209961,979200
2025-08-11,CNR.TO,124.68689727783203,2163000
2025-08-12,CNR.TO,125.41450500488281,1623300
2025-08-13,CNR.TO,125.3757095336914,1853500
2025-08-14,CNR.TO,124.26000213623047,1415900
2025-08-15,CNR.TO,125.07495880126953,2286700
2025-08-18,CNR.TO,124.84210205078125,971900
2025-08-19,CNR.TO,126.8018569946289,1984800
2025-08-20,CNR.TO,126.28765869140625,2080700
2025-08-21,CNR.TO,126.85038757324219,1373700
2025-08-22,CNR.TO,128.6257781982422,2343700
2025-08-25,CNR.TO,127.66532135009766,3813400
2025-08-26,CNR.TO,129.63478088378906,2363400
2025-08-27,CNR.TO,130.13926696777344,1680200
2025-08-28,CNR.TO,128.2571258544922,1224600
2025-08-29,CNR.TO,128.9847412109375,1579500
2025-09-02,CNR.TO,129.26611328125,1570400
2025-09-03,CNR.TO,129.31460571289062,1733600
2025-09-04,CNR.TO,129.83851623535156,3626300
2025-09-05,CNR.TO,129.77059936523438,2169400
2025-09-08,CNR.TO,128.49899291992188,4061000
2025-09-09,CNR.TO,126.23313903808594,3120800
2025-09-10,CNR.TO,125.15880584716797,3386300
2025-09-11,CNR.TO,126.87773895263672,2966300
2025-09-12,CNR.TO,126.369873046875,1633800
2025-09-15,CNR.TO,128.20599365234375,2258300
2025-09-16,CNR.TO,128.4696807861328,1537900
2025-09-17,CNR.TO,127.27818298339844,1395300
2025-09-18,CNR.TO,125.98898315429688,1381800
2025-09-19,CNR.TO,125.65692138671875,4063800
2025-09-22,CNR.TO,124.21146392822266,3349200
2025-09-23,CNR.TO,124.54352569580078,1234400
2025-09-24,CNR.TO,125.07090759277344,2621700
2025-09-25,CNR.TO,125.79364776611328,2790000
2025-09-26,CNR.TO,126.36011505126953,1529000
2025-09-29,CNR.TO,127.6883773803711,1547200
2025-09-30,CNR.TO,128.17669677734375,1214600
2025-10-01,CNR.TO,128.67478942871094,892800
2025-10-02,CNR.TO,128.76268005371094,1129000
2025-10-03,CNR.TO,131.350830078125,1357300
2025-10-06,CNR.TO,131.63406372070312,2038700
2025-10-07,CNR.TO,132.0930938720703,1750500
2025-10-08,CNR.TO,131.370361328125,1447300
2025-10-09,CNR.TO,130.8332061767578,1198700
2025-10-10,CNR.TO,129.1533660888672,1043400
2025-10-14,CNR.TO,131.43873596191406,1956300
2025-10-15,CNR.TO,133.24554443359375,1913200
2025-10-16,CNR.TO,129.8858642578125,1760200
2025-10-17,CNR.TO,130.9210968017578,1429700
2025-10-20,CNR.TO,130.6866912841797,639800
2025-10-21,CNR.TO,130.0909423828125,972600
2025-10-22,CNR.TO,131.292236328125,1196100
2025-10-23,CNR.TO,131.116455078125,1367300
2025-10-24,CNR.TO,130.31556701660156,945700
2025-10-27,CNR.TO,129.5635528564453,1377000
2025-10-28,CNR.TO,128.90919494628906,844500
2025-10-29,CNR.TO,126.86795043945312,1878600
2025-10-30,CNR.TO,127.5028076171875,1177000
2025-10-31,CNR.TO,131.350830078125,2199700
2025-11-03,CNR.TO,131.26292419433594,1073400
2025-11-04,CNR.TO,131.7903289794922,1311600
2025-11-05,CNR.TO,132.33724975585938,1173500
2025-11-06,CNR.TO,130.35464477539062,1341700
2025-11-07,CNR.TO,130.19837951660156,1241600
2025-11-10,CNR.TO,129.40728759765625,1551800
2025-11-11,CNR.TO,131.292236328125,713600
2025-11-12,CNR.TO,133.90968322753906,1219600
2025-11-13,CNR.TO,132.31771850585938,1157100
2025-11-14,CNR.TO,131.6633758544922,1357600
2025-11-17,CNR.TO,130.9601593017578,1594900
2025-11-18,CNR.TO,128.28411865234375,1347000
2025-11-19,CNR.TO,128.47946166992188,832400
2025-11-20,CNR.TO,126.81914520263672,1075600
2025-11-21,CNR.TO,128.04974365234375,1410800
2025-11-24,CNR.TO,125.0904541015625,4160800
2025-11-25,CNR.TO,127.63951873779297,1559200
2025-11-26,CNR.TO,128.9482421875,939600
2025-11-27,CNR.TO,128.7431640625,292100
2025-11-28,CNR.TO,130.70623779296875,963600
2025-12-01,CNR.TO,130.6866912841797,951500
2025-12-02,CNR.TO,131.077392578125,1478100
2025-12-03,CNR.TO,134.4761505126953,3278100
2025-12-04,CNR.TO,134.3296356201172,2354400
2025-12-05,CNR.TO,132.6107177734375,1408100
2025-12-08,CNR.TO,133.0209197998047,1335600
2025-12-09,CNR.TO,133.0877685546875,2258100
2025-12-10,CNR.TO,133.2647247314453,4376500
2025-12-11,CNR.TO,132.6158905029297,2338200
2025-12-12,CNR.TO,132.42910766601562,1104300
2025-12-15,CNR.TO,133.16641235351562,2206800
2025-12-16,CNR.TO,131.16094970703125,1359100
2025-12-17,CNR.TO,132.04571533203125,1522000
2025-12-18,CNR.TO,134.85728454589844,1521300
2025-12-19,CNR.TO,133.19590759277344,2830400
2025-12-22,CNR.TO,132.8125,1472100
2025-12-23,CNR.TO,132.9501495361328,990600
2025-12-24,CNR.TO,132.6650390625,473700
2025-12-29,CNR.TO,133.9430389404297,1327000
2025-12-30,CNR.TO,133.78573608398438,1079300
2025-12-31,CNR.TO,133.45150756835938,596000
2026-01-02,CNR.TO,135.44712829589844,688900
2026-01-05,CNR.TO,134.44439697265625,779100
2026-01-06,CNR.TO,136.64646911621094,2001600
2026-01-07,CNR.TO,131.73114013671875,1271600
2026-01-08,CNR.TO,135.55526733398438,1453400
2026-01-09,CNR.TO,135.35867309570312,915200
2026-01-12,CNR.TO,135.04408264160156,1235600
2026-01-13,CNR.TO,132.8616485595703,1003600
2026-01-14,CNR.TO,133.28439331054688,1239200
2026-01-15,CNR.TO,135.64373779296875,1146400
2026-01-16,CNR.TO,136.92172241210938,1274000
2026-01-19,CNR.TO,136.980712890625,452800
2026-01-20,CNR.TO,132.1636962890625,1702400
2026-01-21,CNR.TO,135.08338928222656,1100400
2026-01-22,CNR.TO,135.56509399414062,643500
2026-01-23,CNR.TO,134.4640655517578,864000
2026-01-26,CNR.TO,134.66065979003906,805200
2026-01-27,CNR.TO,134.20846557617188,1436600
2026-01-28,CNR.TO,131.4362030029297,1764700
2026-01-29,CNR.TO,133.8643798828125,2436100
2026-01-30,CNR.TO,128.7720947265625,2490700
2026-02-02,CNR.TO,128.5754852294922,1951800
2026-02-03,CNR.TO,129.41110229492188,1941700
2026-02-04,CNR.TO,132.9403076171875,2017100
2026-02-05,CNR.TO,134.74916076660156,2413200
2026-02-06,CNR.TO,136.2041015625,1405600
2026-02-09,CNR.TO,137.7671661376953,1219500
2026-02-10,CNR.TO,141.33570861816406,2856700
2026-02-11,CNR.TO,141.7584228515625,2487100
2026-02-12,CNR.TO,143.43946838378906,2588900
2026-02-13,CNR.TO,143.9408416748047,1525300
2026-02-17,CNR.TO,145.3859405517578,2593700
2026-02-18,CNR.TO,145.24832153320312,2044100
2026-02-19,CNR.TO,147.3914031982422,1466400
2026-02-20,CNR.TO,148.6300811767578,1149600
2026-02-23,CNR.TO,148.2270050048828,3139300
2026-02-24,CNR.TO,149.89822387695312,2098000
2026-02-25,CNR.TO,146.59510803222656,2963400
2026-02-26,CNR.TO,148.3056640625,2791400
2026-02-27,CNR.TO,150.47825622558594,3426300
2026-03-02,CNR.TO,151.8938446044922,1536100
2026-03-03,CNR.TO,149.377197265625,3787300
2026-03-04,CNR.TO,148.62022399902344,4049000
2026-03-05,CNR.TO,147.4405517578125,1271400
2026-03-06,CNR.TO,142.67266845703125,2517000
2026-03-09,CNR.TO,144.1472930908203,1887900
2026-03-10,CNR.TO,143.00469970703125,1641000
2026-03-11,CNR.TO,142.64857482910156,2729400
2026-03-12,CNR.TO,139.97763061523438,4646800
2026-03-13,CNR.TO,142.4606170654297,1769100
2026-03-16,CNR.TO,143.76641845703125,2164500
2026-03-17,CNR.TO,138.2464599609375,1494900
2026-03-18,CNR.TO,136.26797485351562,1102500
2026-03-19,CNR.TO,134.65550231933594,2051400
2026-03-20,CNR.TO,133.99270629882812,3593000
2026-03-23,CNR.TO,136.85162353515625,1826600
2026-03-24,CNR.TO,137.53421020507812,951300
2026-03-25,CNR.TO,139.1763458251953,1973900
2026-03-26,CNR.TO,139.12689208984375,1798600
2026-03-27,CNR.TO,139.30496215820312,2162000
2026-03-30,CNR.TO,139.68084716796875,2381900
2026-03-31,CNR.TO,141.63955688476562,1557400
2026-04-01,CNR.TO,141.8472900390625,874200
2026-04-02,CNR.TO,143.3707275390625,1634300
2026-04-06,CNR.TO,144.5775909423828,2159700
2026-04-07,CNR.TO,145.6558837890625,1539700
2026-04-08,CNR.TO,147.43650817871094,1817200
2026-04-09,CNR.TO,150.46359252929688,1559200
2026-04-10,CNR.TO,150.62185668945312,1115500
2026-04-13,CNR.TO,151.24508666992188,866600
2026-04-14,CNR.TO,152.55088806152344,686000
2026-04-15,CNR.TO,149.3457489013672,824800
2026-04-16,CNR.TO,147.5552215576172,1279700
2026-04-17,CNR.TO,149.53370666503906,1043500
2026-04-20,CNR.TO,150.18661499023438,836300
2026-04-21,CNR.TO,149.20724487304688,1200600
2026-04-22,CNR.TO,148.06961059570312,651900
2026-04-23,CNR.TO,154.5491485595703,1468200
2026-04-24,CNR.TO,155.02398681640625,935000
2026-04-27,CNR.TO,155.04376220703125,1340200
2026-04-28,CNR.TO,155.6669921875,1274100
2026-04-29,CNR.TO,146.31866455078125,1793300
2026-04-30,CNR.TO,150.9285430908203,1388500
2026-05-01,CNR.TO,150.5526123046875,758100
2026-05-04,CNR.TO,147.3177947998047,1108900
2026-05-05,CNR.TO,148.25758361816406,1346000
2026-05-06,CNR.TO,151.29454040527344,1078300
2026-05-07,CNR.TO,149.71176147460938,964200
2026-05-08,CNR.TO,151.06703186035156,1368800
2026-05-11,CNR.TO,149.71176147460938,2340600
2026-05-12,CNR.TO,151.64077758789062,2526000
2026-05-13,CNR.TO,151.75949096679688,1291500
2026-05-14,CNR.TO,152.8377685546875,1600800
2026-05-15,CNR.TO,152.25411987304688,1767200
2026-05-19,CNR.TO,154.0050506591797,1439500
2026-05-20,CNR.TO,156.05279541015625,2398600
2026-05-21,CNR.TO,155.73622131347656,1520900
2026-05-22,CNR.TO,156.0923614501953,1499100
2026-05-25,CNR.TO,158.03128051757812,415700
2026-05-26,CNR.TO,158.94139099121094,2077400
2026-05-27,CNR.TO,162.09706115722656,1984300
2026-05-28,CNR.TO,162.0574951171875,1039600
2026-05-29,CNR.TO,161.49363708496094,3256200
2026-06-01,CNR.TO,163.36329650878906,2171700
2026-06-02,CNR.TO,166.01446533203125,2213700
2026-06-03,CNR.TO,164.1843719482422,2391000
2026-06-04,CNR.TO,164.41188049316406,2437000
2026-06-05,CNR.TO,166.1331787109375,1253200
2026-06-08,CNR.TO,166.88497924804688,1223000
2026-06-09,CNR.TO,166.9695281982422,2765900
2026-06-10,CNR.TO,165.6068878173828,2958500
2026-06-11,CNR.TO,164.09503173828125,4015600
2026-06-12,CNR.TO,165.57704162597656,2288400
2026-06-15,CNR.TO,163.38885498046875,2340800
2026-06-16,CNR.TO,163.99557495117188,1693100
2026-06-17,CNR.TO,160.0966033935547,1652600
2026-06-18,CNR.TO,159.5395965576172,1240400
2026-06-19,CNR.TO,158.87319946289062,1916500
2026-06-22,CNR.TO,160.7232208251953,2883400
2026-06-23,CNR.TO,162.3942108154297,1878600
2026-06-24,CNR.TO,164.11492919921875,1293900
2026-06-25,CNR.TO,169.87387084960938,1796500
2026-06-26,CNR.TO,170.08274841308594,1563100
2026-06-29,CNR.TO,169.91366577148438,1504200
2026-06-30,CNR.TO,168.34213256835938,2315300
2026-07-02,CNR.TO,171.2862548828125,1133300
2026-07-03,CNR.TO,171.50506591796875,493400
2026-07-06,CNR.TO,171.72389221191406,1275700
2026-07-07,CNR.TO,173.4048309326172,1156400
2026-07-08,CNR.TO,172.8876190185547,883200
2026-07-09,CNR.TO,175.1553955078125,988300
2026-07-10,CNR.TO,175.24490356445312,645600
2026-07-13,CNR.TO,176.5777130126953,1162600
2026-07-14,CNR.TO,174.63818359375,992200
2026-07-15,CNR.TO,173.32525634765625,1138600
2026-07-16,CNR.TO,179.19361877441406,1210200
2026-07-17,CNR.TO,179.9694366455078,1530500
2026-07-20,CNR.TO,177.15460205078125,1227500
2026-07-21,CNR.TO,178.49737548828125,923500
2026-07-22,CNR.TO,179.2532958984375,802300
2026-07-23,CNR.TO,182.93344116210938,1789000
2026-07-24,CNR.TO,181.92886352539062,1556400
2026-07-27,CNR.TO,181.26246643066406,1370800
2026-07-28,CNR.TO,181.92886352539062,1267700
2026-07-29,CNR.TO,181.5906982421875,1713600
2026-07-30,CNR.TO,177.12477111816406,1588200
2026-07-31,CNR.TO,177.29385375976562,1445000
2026-08-04,CNR.TO,178.08956909179688,1993300
2026-08-05,CNR.TO,177.7513885498047,1035200
2026-08-06,CNR.TO,176.33900451660156,1333300
2026-08-07,CNR.TO,175.57313537597656,1856600
2026-08-10,CNR.TO,173.4048309326172,2392900
2026-08-11,CNR.TO,174.77743530273438,1582100
2026-08-12,CNR.TO,175.0658721923828,1101000
2026-08-13,CNR.TO,176.8263702392578,1507100
2026-08-14,CNR.TO,174.92662048339844,1140600
2026-08-17,CNR.TO,174.56854248046875,1517100
2026-08-18,CNR.TO,174.92662048339844,1087100
2026-08-19,CNR.TO,175.4537811279297,1190300
2026-08-20,CNR.TO,175.9013671875,1361900
2026-08-21,CNR.TO,177.74143981933594,1058700
2026-08-24,CNR.TO,175.593017578125,1223300
2026-08-25,CNR.TO,174.82716369628906,1559300
2026-08-26,CNR.TO,176.02072143554688,617100
2026-08-27,CNR.TO,174.21047973632812,657300
2026-08-28,CNR.TO,174.1209716796875,850800
2026-08-31,CNR.TO,172.1217498779297,1818900
2018-01-02,XIC.TO,20.519548416137695,179239
2018-01-03,XIC.TO,20.614768981933594,160190
2018-01-04,XIC.TO,20.654438018798828,74321
2018-01-05,XIC.TO,20.59096336364746,151011
2018-01-08,XIC.TO,20.551292419433594,165717
2018-01-09,XIC.TO,20.55923080444336,128310
2018-01-10,XIC.TO,20.471940994262695,158512
2018-01-11,XIC.TO,20.50368309020996,254350
2018-01-12,XIC.TO,20.53542137145996,304687
2018-01-15,XIC.TO,20.622703552246094,164138
2018-01-16,XIC.TO,20.527488708496094,345450
2018-01-17,XIC.TO,20.55923080444336,174798
2018-01-18,XIC.TO,20.511615753173828,164039
2018-01-19,XIC.TO,20.60683250427246,121598
2018-01-22,XIC.TO,20.59096336364746,336468
2018-01-23,XIC.TO,20.614768981933594,161967
2018-01-24,XIC.TO,20.53542137145996,111038
2018-01-25,XIC.TO,20.44020652770996,239051
2018-01-26,XIC.TO,20.464012145996094,82217
2018-01-29,XIC.TO,20.289440155029297,255337
2018-01-30,XIC.TO,20.114877700805664,253264
2018-01-31,XIC.TO,20.13867950439453,157328
2018-02-01,XIC.TO,20.0037899017334,282479
2018-02-02,XIC.TO,19.686397552490234,376738
2018-02-05,XIC.TO,19.34519386291504,398649
2018-02-06,XIC.TO,19.39280128479004,698697
2018-02-07,XIC.TO,19.353124618530273,240038
2018-02-08,XIC.TO,19.01986312866211,283466
2018-02-09,XIC.TO,18.964319229125977,495770
2018-02-12,XIC.TO,19.226167678833008,325907
2018-02-13,XIC.TO,19.19443130493164,169073
2018-02-14,XIC.TO,19.36899757385254,214574
2018-02-15,XIC.TO,19.440412521362305,334692
2018-02-16,XIC.TO,19.503890991210938,211810
2018-02-20,XIC.TO,19.49596405029297,176180
2018-02-21,XIC.TO,19.614980697631836,258199
2018-02-22,XIC.TO,19.599111557006836,202434
2018-02-23,XIC.TO,19.741939544677734,187431
2018-02-26,XIC.TO,19.845090866088867,359465
2018-02-27,XIC.TO,19.8054141998291,158414
2018-02-28,XIC.TO,19.559431076049805,223654
2018-03-01,XIC.TO,19.448345184326172,554003
2018-03-02,XIC.TO,19.456279754638672,166211
2018-03-05,XIC.TO,19.646711349487305,165619
2018-03-06,XIC.TO,19.646711349487305,163743
2018-03-07,XIC.TO,19.575298309326172,239644
2018-03-08,XIC.TO,19.65465545654297,91396
2018-03-09,XIC.TO,19.686397552490234,160190
2018-03-12,XIC.TO,19.73400115966797,196907
2018-03-13,XIC.TO,19.78160858154297,160091
2018-03-14,XIC.TO,19.813352584838867,220002
2018-03-15,XIC.TO,19.83715057373047,62675
2018-03-16,XIC.TO,19.900630950927734,138575
2018-03-19,XIC.TO,19.73400115966797,170948
2018-03-20,XIC.TO,19.77367401123047,204013
2018-03-21,XIC.TO,19.85301971435547,188714
2018-03-22,XIC.TO,19.503890991210938,245171
2018-03-23,XIC.TO,19.280763626098633,370421
2018-03-26,XIC.TO,19.36066246032715,237077
2018-03-27,XIC.TO,19.272768020629883,311399
2018-03-28,XIC.TO,19.24081039428711,293238
2018-03-29,XIC.TO,19.496503829956055,960154
2018-04-02,XIC.TO,19.304729461669922,633950
2018-04-03,XIC.TO,19.26478385925293,394307
2018-04-04,XIC.TO,19.23281478881836,459350
2018-04-05,XIC.TO,19.48052215576172,467542
2018-04-06,XIC.TO,19.304729461669922,440103
2018-04-09,XIC.TO,19.336692810058594,341897
2018-04-10,XIC.TO,19.384634017944336,335679
2018-04-11,XIC.TO,19.36865234375,454316
2018-04-12,XIC.TO,19.392623901367188,310905
2018-04-13,XIC.TO,19.400619506835938,253462
2018-04-16,XIC.TO,19.416601181030273,261456
2018-04-17,XIC.TO,19.504487991333008,240137
2018-04-18,XIC.TO,19.720230102539062,241223
2018-04-19,XIC.TO,19.632341384887695,365091
2018-04-20,XIC.TO,19.656309127807617,187530
2018-04-23,XIC.TO,19.744203567504883,310708
2018-04-24,XIC.TO,19.656309127807617,611743
2018-04-25,XIC.TO,19.69625473022461,327783
2018-04-26,XIC.TO,19.872045516967773,990849
2018-04-27,XIC.TO,19.91200065612793,123572
2018-04-30,XIC.TO,19.84807777404785,309326
2018-05-01,XIC.TO,19.864057540893555,199275
2018-05-02,XIC.TO,19.864057540893555,246651
2018-05-03,XIC.TO,19.84807777404785,329165
2018-05-04,XIC.TO,19.99989891052246,221878
2018-05-07,XIC.TO,20.087785720825195,243394
2018-05-08,XIC.TO,20.135730743408203,883464
2018-05-09,XIC.TO,20.183673858642578,137390
2018-05-10,XIC.TO,20.295536041259766,159302
2018-05-11,XIC.TO,20.32750129699707,102056
2018-05-14,XIC.TO,20.455341339111328,576507
2018-05-15,XIC.TO,20.487308502197266,164632
2018-05-16,XIC.TO,20.503286361694336,138871
2018-05-17,XIC.TO,20.535249710083008,101858
2018-05-18,XIC.TO,20.567209243774414,113505
2018-05-22,XIC.TO,20.543237686157227,113900
2018-05-23,XIC.TO,20.535249710083008,96726
2018-05-24,XIC.TO,20.51127815246582,247046
2018-05-25,XIC.TO,20.47931671142578,178943
2018-05-28,XIC.TO,20.367450714111328,52114
2018-05-29,XIC.TO,20.279556274414062,104721
2018-05-30,XIC.TO,20.43136978149414,470404
2018-05-31,XIC.TO,20.455341339111328,166704
2018-06-01,XIC.TO,20.439363479614258,117650
2018-06-04,XIC.TO,20.447351455688477,82809
2018-06-05,XIC.TO,20.535249710083008,130383
2018-06-06,XIC.TO,20.623136520385742,124658
2018-06-07,XIC.TO,20.623136520385742,146076
2018-06-08,XIC.TO,20.63912582397461,93074
2018-06-11,XIC.TO,20.735002517700195,118440
2018-06-12,XIC.TO,20.75897789001465,103240
2018-06-13,XIC.TO,20.72701644897461,113505
2018-06-14,XIC.TO,20.83089256286621,178943
2018-06-15,XIC.TO,20.814910888671875,181904
2018-06-18,XIC.TO,20.894811630249023,127422
2018-06-19,XIC.TO,20.814910888671875,346733
2018-06-20,XIC.TO,20.958736419677734,185457
2018-06-21,XIC.TO,20.838886260986328,362426
2018-06-22,XIC.TO,20.982704162597656,248823
2018-06-25,XIC.TO,20.656234741210938,165717
2018-06-26,XIC.TO,20.7769832611084,130975
2018-06-27,XIC.TO,20.720630645751953,379403
2018-06-28,XIC.TO,20.64818572998047,147260
2018-06-29,XIC.TO,20.7850341796875,125546
2018-07-03,XIC.TO,20.75283432006836,109458
2018-07-04,XIC.TO,20.833328247070312,99884
2018-07-05,XIC.TO,20.793079376220703,292547
2018-07-06,XIC.TO,20.905780792236328,83698
2018-07-09,XIC.TO,21.03458595275879,384338
2018-07-10,XIC.TO,21.16338539123535,160289
2018-07-11,XIC.TO,21.002376556396484,296100
2018-07-12,XIC.TO,21.17948341369629,172034
2018-07-13,XIC.TO,21.17948341369629,97713
2018-07-16,XIC.TO,21.090932846069336,168777
2018-07-17,XIC.TO,21.11508560180664,150518
2018-07-18,XIC.TO,21.082881927490234,156440
2018-07-19,XIC.TO,21.155330657958984,195920
2018-07-20,XIC.TO,21.01042938232422,151603
2018-07-23,XIC.TO,20.986282348632812,98009
2018-07-24,XIC.TO,20.97823143005371,129198
2018-07-25,XIC.TO,21.002376556396484,211415
2018-07-26,XIC.TO,21.050682067871094,113702
2018-07-27,XIC.TO,20.970176696777344,123276
2018-07-30,XIC.TO,20.9218807220459,113604
2018-07-31,XIC.TO,21.01042938232422,126237
2018-08-01,XIC.TO,20.946033477783203,156933
2018-08-02,XIC.TO,21.002376556396484,155946
2018-08-03,XIC.TO,21.01042938232422,100378
2018-08-07,XIC.TO,20.86553192138672,150320
2018-08-08,XIC.TO,20.881637573242188,216548
2018-08-09,XIC.TO,20.99433708190918,122191
2018-08-10,XIC.TO,20.905780792236328,83796
2018-08-13,XIC.TO,20.80113410949707,159203
2018-08-14,XIC.TO,20.905780792236328,358775
2018-08-15,XIC.TO,20.68038558959961,320676
2018-08-16,XIC.TO,20.7850341796875,225135
2018-08-17,XIC.TO,20.913835525512695,247638
2018-08-20,XIC.TO,20.9218807220459,156933
2018-08-21,XIC.TO,20.889680862426758,149728
2018-08-22,XIC.TO,20.95408058166504,207665
2018-08-23,XIC.TO,20.929931640625,179042
2018-08-24,XIC.TO,20.962135314941406,221680
2018-08-27,XIC.TO,21.074831008911133,131962
2018-08-28,XIC.TO,20.962135314941406,166507
2018-08-29,XIC.TO,21.01848030090332,242407
2018-08-30,XIC.TO,21.002376556396484,295014
2018-08-31,XIC.TO,20.87358283996582,368348
2018-09-04,XIC.TO,20.744781494140625,450269
2018-09-05,XIC.TO,20.720630645751953,301923
2018-09-06,XIC.TO,20.66427993774414,563281
2018-09-07,XIC.TO,20.656234741210938,172232
2018-09-10,XIC.TO,20.615982055664062,216350
2018-09-11,XIC.TO,20.656234741210938,167593
2018-09-12,XIC.TO,20.60793113708496,246257
2018-09-13,XIC.TO,20.551576614379883,200361
2018-09-14,XIC.TO,20.575733184814453,68695
2018-09-17,XIC.TO,20.656234741210938,162460
2018-09-18,XIC.TO,20.817230224609375,151110
2018-09-19,XIC.TO,20.74929428100586,115578
2018-09-20,XIC.TO,20.830446243286133,109064
2018-09-21,XIC.TO,20.830446243286133,277841
2018-09-24,XIC.TO,20.822330474853516,233919
2018-09-25,XIC.TO,20.78175926208496,106892
2018-09-26,XIC.TO,20.773645401000977,305378
2018-09-27,XIC.TO,20.854787826538086,54285
2018-09-28,XIC.TO,20.66814613342285,351273
2018-10-01,XIC.TO,20.724958419799805,265898
2018-10-02,XIC.TO,20.61134910583496,526268
2018-10-03,XIC.TO,20.67626953125,78269
2018-10-04,XIC.TO,20.603239059448242,305279
2018-10-05,XIC.TO,20.53020477294922,102253
2018-10-09,XIC.TO,20.42471694946289,115775
2018-10-10,XIC.TO,19.978404998779297,286230
2018-10-11,XIC.TO,19.743080139160156,580553
2018-10-12,XIC.TO,19.85668182373047,353445
2018-10-15,XIC.TO,19.85668182373047,201743
2018-10-16,XIC.TO,20.059545516967773,219509
2018-10-17,XIC.TO,20.002742767333984,75012
2018-10-18,XIC.TO,19.8404483795166,143707
2018-10-19,XIC.TO,19.929712295532227,141338
2018-10-22,XIC.TO,19.8404483795166,230070
2018-10-23,XIC.TO,19.678152084350586,288204
2018-10-24,XIC.TO,19.215614318847656,255929
2018-10-25,XIC.TO,19.23185157775879,178055
2018-10-26,XIC.TO,19.175046920776367,259482
2018-10-29,XIC.TO,18.98028564453125,195426
2018-10-30,XIC.TO,19.19938850402832,315643
2018-10-31,XIC.TO,19.369802474975586,325611
2018-11-01,XIC.TO,19.540206909179688,203914
2018-11-02,XIC.TO,19.4996395111084,215363
2018-11-05,XIC.TO,19.621356964111328,132061
2018-11-06,XIC.TO,19.726844787597656,141338
2018-11-07,XIC.TO,19.82421875,149728
2018-11-08,XIC.TO,19.79176139831543,213093
2018-11-09,XIC.TO,19.70250129699707,214870
2018-11-12,XIC.TO,19.556440353393555,160289
2018-11-13,XIC.TO,19.52397918701172,148247
2018-11-14,XIC.TO,19.540206909179688,168284
2018-11-15,XIC.TO,19.556440353393555,248132
2018-11-16,XIC.TO,19.57266616821289,86066
2018-11-19,XIC.TO,19.467180252075195,182595
2018-11-20,XIC.TO,19.215614318847656,185753
2018-11-21,XIC.TO,19.4996395111084,110347
2018-11-22,XIC.TO,19.4834041595459,18654
2018-11-23,XIC.TO,19.361682891845703,42244
2018-11-26,XIC.TO,19.40225601196289,107188
2018-11-27,XIC.TO,19.321104049682617,203421
2018-11-28,XIC.TO,19.580785751342773,93074
2018-11-29,XIC.TO,19.64569854736328,202532
2018-11-30,XIC.TO,19.63758087158203,133640
2018-12-03,XIC.TO,19.734960556030273,365980
2018-12-04,XIC.TO,19.4834041595459,167099
2018-12-05,XIC.TO,19.63758087158203,275472
2018-12-06,XIC.TO,19.329225540161133,393418
2018-12-07,XIC.TO,19.16693115234375,176574
2018-12-10,XIC.TO,19.061439514160156,288007
2018-12-11,XIC.TO,18.996522903442383,181608
2018-12-12,XIC.TO,19.13446617126465,250797
2018-12-13,XIC.TO,19.102014541625977,247737
2018-12-14,XIC.TO,18.899145126342773,243592
2018-12-17,XIC.TO,18.607017517089844,531401
2018-12-18,XIC.TO,18.68816375732422,192465
2018-12-19,XIC.TO,18.46906852722168,545515
2018-12-20,XIC.TO,18.322996139526367,811117
2018-12-21,XIC.TO,18.079559326171875,427865
2018-12-24,XIC.TO,17.876689910888672,746369
2018-12-27,XIC.TO,18.363576889038086,516300
2018-12-28,XIC.TO,18.466543197631836,1106822
2018-12-31,XIC.TO,18.613557815551758,663264
2019-01-02,XIC.TO,18.621726989746094,262838
2019-01-03,XIC.TO,18.433879852294922,164632
2019-01-04,XIC.TO,18.736068725585938,658625
2019-01-07,XIC.TO,18.825910568237305,469121
2019-01-08,XIC.TO,18.96475601196289,133837
2019-01-09,XIC.TO,19.226116180419922,283861
2019-01-10,XIC.TO,19.3486270904541,309128
2019-01-11,XIC.TO,19.397634506225586,243986
2019-01-14,XIC.TO,19.44663429260254,349497
2019-01-15,XIC.TO,19.544647216796875,409506
2019-01-16,XIC.TO,19.618152618408203,267378
2019-01-17,XIC.TO,19.74883270263672,140253
2019-01-18,XIC.TO,19.88767433166504,208060
2019-01-21,XIC.TO,19.88767433166504,86461
2019-01-22,XIC.TO,19.7814998626709,605426
2019-01-23,XIC.TO,19.765161514282227,164632
2019-01-24,XIC.TO,19.863176345825195,317617
2019-01-25,XIC.TO,19.953018188476562,241618
2019-01-28,XIC.TO,19.985689163208008,295113
2019-01-29,XIC.TO,20.13269805908203,189899
2019-01-30,XIC.TO,20.12453269958496,208553
2019-01-31,XIC.TO,20.22254180908203,213587
2019-02-01,XIC.TO,20.181705474853516,117058
2019-02-04,XIC.TO,20.28788185119629,135614
2019-02-05,XIC.TO,20.418554306030273,218028
2019-02-06,XIC.TO,20.434898376464844,307352
2019-02-07,XIC.TO,20.42673110961914,175883
2019-02-08,XIC.TO,20.336889266967773,171738
2019-02-11,XIC.TO,20.247041702270508,376837
2019-02-12,XIC.TO,20.34505271911621,78170
2019-02-13,XIC.TO,20.32872200012207,132554
2019-02-14,XIC.TO,20.434898376464844,408026
2019-02-15,XIC.TO,20.622745513916016,119230
2019-02-19,XIC.TO,20.73709487915039,299061
2019-02-20,XIC.TO,20.867767333984375,226813
2019-02-21,XIC.TO,20.843263626098633,286526
2019-02-22,XIC.TO,20.85143280029297,250698
2019-02-25,XIC.TO,20.916778564453125,241322
2019-02-26,XIC.TO,20.924942016601562,196018
2019-02-27,XIC.TO,20.9412784576416,227405
2019-02-28,XIC.TO,20.85960578918457,261358
2019-03-01,XIC.TO,20.9412784576416,310214
2019-03-04,XIC.TO,20.916778564453125,337949
2019-03-05,XIC.TO,20.98211669921875,221976
2019-03-06,XIC.TO,20.98211669921875,264319
2019-03-07,XIC.TO,20.933109283447266,250599
2019-03-08,XIC.TO,20.867767333984375,365387
2019-03-11,XIC.TO,21.01478385925293,241124
2019-03-12,XIC.TO,21.04745101928711,199966
2019-03-13,XIC.TO,21.080116271972656,202434
2019-03-14,XIC.TO,21.006616592407227,416514
2019-03-15,XIC.TO,21.071958541870117,154169
2019-03-18,XIC.TO,21.227134704589844,323440
2019-03-19,XIC.TO,21.153629302978516,367460
2019-03-20,XIC.TO,21.12912368774414,228787
2019-03-21,XIC.TO,21.227134704589844,187629
2019-03-22,XIC.TO,21.0229549407959,348905
2019-03-25,XIC.TO,20.990562438964844,383252
2019-03-26,XIC.TO,21.105716705322266,301923
2019-03-27,XIC.TO,21.072805404663086,749725
2019-03-28,XIC.TO,21.13861083984375,468529
2019-03-29,XIC.TO,21.064584732055664,133936
2019-04-01,XIC.TO,21.229087829589844,1226545
2019-04-02,XIC.TO,21.2784366607666,84981
2019-04-03,XIC.TO,21.294889450073242,165816
2019-04-04,XIC.TO,21.3442440032959,60108
2019-04-05,XIC.TO,21.442941665649414,117453
2019-04-08,XIC.TO,21.46761703491211,184964
2019-04-09,XIC.TO,21.39359474182129,161868
2019-04-10,XIC.TO,21.46761703491211,128804
2019-04-11,XIC.TO,21.484067916870117,219311
2019-04-12,XIC.TO,21.574546813964844,142622
2019-04-15,XIC.TO,21.62389373779297,169369
2019-04-16,XIC.TO,21.607444763183594,162065
2019-04-17,XIC.TO,21.66501808166504,104030
2019-04-18,XIC.TO,21.739049911499023,167987
2019-04-22,XIC.TO,21.706146240234375,156538
2019-04-23,XIC.TO,21.829524993896484,240433
2019-04-24,XIC.TO,21.73082733154297,275274
2019-04-25,XIC.TO,21.71437644958496,231945
2019-04-26,XIC.TO,21.77194595336914,314458
2019-04-29,XIC.TO,21.76373291015625,265503
2019-04-30,XIC.TO,21.73082733154297,309326
2019-05-01,XIC.TO,21.62389373779297,280802
2019-05-02,XIC.TO,21.508737564086914,315840
2019-05-03,XIC.TO,21.632123947143555,134133
2019-05-06,XIC.TO,21.615673065185547,192761
2019-05-07,XIC.TO,21.451168060302734,324427
2019-05-08,XIC.TO,21.508737564086914,173317
2019-05-09,XIC.TO,21.401817321777344,294620
2019-05-10,XIC.TO,21.368915557861328,351076
2019-05-13,XIC.TO,21.237321853637695,268958
2019-05-14,XIC.TO,21.377140045166016,200855
2019-05-15,XIC.TO,21.426490783691406,206283
2019-05-16,XIC.TO,21.574546813964844,153479
2019-05-17,XIC.TO,21.533414840698242,131271
2019-05-21,XIC.TO,21.590999603271484,227207
2019-05-22,XIC.TO,21.442941665649414,330152
2019-05-23,XIC.TO,21.2126407623291,323637
2019-05-24,XIC.TO,21.319564819335938,173416
2019-05-27,XIC.TO,21.451168060302734,18358
2019-05-28,XIC.TO,21.35247230529785,111926
2019-05-29,XIC.TO,21.179738998413086,183483
2019-05-30,XIC.TO,21.13861083984375,304490
2019-05-31,XIC.TO,21.089262008666992,103142
2019-06-03,XIC.TO,21.03168487548828,177759
2019-06-04,XIC.TO,21.237321853637695,201940
2019-06-05,XIC.TO,21.30311393737793,165619
2019-06-06,XIC.TO,21.336015701293945,129593
2019-06-07,XIC.TO,21.385364532470703,130876
2019-06-10,XIC.TO,21.32779312133789,334494
2019-06-11,XIC.TO,21.377140045166016,304687
2019-06-12,XIC.TO,21.3442440032959,373678
2019-06-13,XIC.TO,21.368915557861328,267674
2019-06-14,XIC.TO,21.46761703491211,782395
2019-06-17,XIC.TO,21.52519416809082,406052
2019-06-18,XIC.TO,21.73082733154297,659513
2019-06-19,XIC.TO,21.733470916748047,477215
2019-06-20,XIC.TO,21.81639289855957,147853
2019-06-21,XIC.TO,21.733470916748047,172330
2019-06-24,XIC.TO,21.75834846496582,170850
2019-06-25,XIC.TO,21.567630767822266,130087
2019-06-26,XIC.TO,21.484710693359375,137292
2019-06-27,XIC.TO,21.50129508972168,107879
2019-06-28,XIC.TO,21.592506408691406,125744
2019-07-02,XIC.TO,21.708593368530273,258199
2019-07-03,XIC.TO,21.857852935791016,65833
2019-07-04,XIC.TO,21.874427795410156,20628
2019-07-05,XIC.TO,21.81639289855957,154663
2019-07-08,XIC.TO,21.725177764892578,126928
2019-07-09,XIC.TO,21.824682235717773,110643
2019-07-10,XIC.TO,21.857852935791016,98305
2019-07-11,XIC.TO,21.824682235717773,105806
2019-07-12,XIC.TO,21.766639709472656,173909
2019-07-15,XIC.TO,21.791515350341797,427470
2019-07-16,XIC.TO,21.774925231933594,528933
2019-07-17,XIC.TO,21.75005531311035,95344
2019-07-18,XIC.TO,21.774925231933594,67017
2019-07-19,XIC.TO,21.75834846496582,61293
2019-07-22,XIC.TO,21.7998046875,124362
2019-07-23,XIC.TO,21.874427795410156,129593
2019-07-24,XIC.TO,21.940776824951172,106399
2019-07-25,XIC.TO,21.766639709472656,73532
2019-07-26,XIC.TO,21.832975387573242,75999
2019-07-29,XIC.TO,21.78322410583496,206875
2019-07-30,XIC.TO,21.75834846496582,127718
2019-07-31,XIC.TO,21.675426483154297,187826
2019-08-01,XIC.TO,21.650545120239258,184668
2019-08-02,XIC.TO,21.50129508972168,144398
2019-08-06,XIC.TO,21.3354549407959,370717
2019-08-07,XIC.TO,21.492998123168945,195229
2019-08-08,XIC.TO,21.667129516601562,150814
2019-08-09,XIC.TO,21.584211349487305,824244
2019-08-12,XIC.TO,21.459829330444336,139068
2019-08-13,XIC.TO,21.60079574584961,352556
2019-08-14,XIC.TO,21.219358444213867,284256
2019-08-15,XIC.TO,21.17790412902832,312879
2019-08-16,XIC.TO,21.360326766967773,501100
2019-08-19,XIC.TO,21.567630767822266,160486
2019-08-20,XIC.TO,21.451536178588867,84981
2019-08-21,XIC.TO,21.551042556762695,139167
2019-08-22,XIC.TO,21.50129508972168,100575
2019-08-23,XIC.TO,21.2276554107666,208356
2019-08-26,XIC.TO,21.327159881591797,226220
2019-08-27,XIC.TO,21.418371200561523,101464
2019-08-28,XIC.TO,21.53446388244629,101266
2019-08-29,XIC.TO,21.70030403137207,133048
2019-08-30,XIC.TO,21.774925231933594,283664
2019-09-03,XIC.TO,21.708593368530273,389865
2019-09-04,XIC.TO,21.791515350341797,281196
2019-09-05,XIC.TO,21.95735740661621,756338
2019-09-06,XIC.TO,21.907608032226562,267674
2019-09-09,XIC.TO,21.874427795410156,204506
2019-09-10,XIC.TO,21.92418670654297,377133
2019-09-11,XIC.TO,22.01540184020996,138772
2019-09-12,XIC.TO,22.073440551757812,228589
2019-09-13,XIC.TO,22.148069381713867,119230
2019-09-16,XIC.TO,22.20612144470215,189307
2019-09-17,XIC.TO,22.322200775146484,189208
2019-09-18,XIC.TO,22.297330856323242,235992
2019-09-19,XIC.TO,22.371957778930664,102747
2019-09-20,XIC.TO,22.405126571655273,256620
2019-09-23,XIC.TO,22.380250930786133,480472
2019-09-24,XIC.TO,22.27672576904297,641846
2019-09-25,XIC.TO,22.27672576904297,201842
2019-09-26,XIC.TO,22.27672576904297,297482
2019-09-27,XIC.TO,22.16805648803711,620330
2019-09-30,XIC.TO,22.142982482910156,341206
2019-10-01,XIC.TO,21.85877227783203,873791
2019-10-02,XIC.TO,21.69996452331543,516398
2019-10-03,XIC.TO,21.766822814941406,690900
2019-10-04,XIC.TO,21.867136001586914,178351
2019-10-07,XIC.TO,21.81698226928711,177167
2019-10-08,XIC.TO,21.658164978027344,259976
2019-10-09,XIC.TO,21.783550262451172,723668
2019-10-10,XIC.TO,21.850418090820312,724162
2019-10-11,XIC.TO,21.81698226928711,454810
2019-10-15,XIC.TO,21.833698272705078,292744
2019-10-16,XIC.TO,21.842060089111328,125645
2019-10-17,XIC.TO,21.850418090820312,117157
2019-10-18,XIC.TO,21.783550262451172,98700
2019-10-21,XIC.TO,21.833698272705078,105510
2019-10-22,XIC.TO,21.81698226928711,208060
2019-10-23,XIC.TO,21.741750717163086,60898
2019-10-24,XIC.TO,21.791902542114258,249711
2019-10-25,XIC.TO,21.842060089111328,78072
2019-10-28,XIC.TO,21.808622360229492,77183
2019-10-29,XIC.TO,21.85877227783203,128902
2019-10-30,XIC.TO,21.984163284301758,219311
2019-10-31,XIC.TO,21.950725555419922,167099
2019-11-01,XIC.TO,22.10118865966797,82020
2019-11-04,XIC.TO,22.184772491455078,145188
2019-11-05,XIC.TO,22.209856033325195,231057
2019-11-06,XIC.TO,22.29344367980957,133245
2019-11-07,XIC.TO,22.377037048339844,582824
2019-11-08,XIC.TO,22.46898651123047,222766
2019-11-11,XIC.TO,22.47734260559082,103931
2019-11-12,XIC.TO,22.527498245239258,138377
2019-11-13,XIC.TO,22.594371795654297,185260
2019-11-14,XIC.TO,22.627803802490234,100773
2019-11-15,XIC.TO,22.69467544555664,92778
2019-11-18,XIC.TO,22.686321258544922,80835
2019-11-19,XIC.TO,22.677959442138672,249415
2019-11-20,XIC.TO,22.677959442138672,668594
2019-11-21,XIC.TO,22.669599533081055,85573
2019-11-22,XIC.TO,22.60272979736328,48264
2019-11-25,XIC.TO,22.719755172729492,114295
2019-11-26,XIC.TO,22.728113174438477,161473
2019-11-27,XIC.TO,22.811708450317383,81428
2019-11-28,XIC.TO,22.86185646057129,95443
2019-11-29,XIC.TO,22.76154899597168,79947
2019-12-02,XIC.TO,22.661239624023438,160190
2019-12-03,XIC.TO,22.569293975830078,175489
2019-12-04,XIC.TO,22.552576065063477,177265
2019-12-05,XIC.TO,22.510778427124023,191281
2019-12-06,XIC.TO,22.69467544555664,155847
2019-12-09,XIC.TO,22.64452362060547,161769
2019-12-10,XIC.TO,22.64452362060547,120217
2019-12-11,XIC.TO,22.64452362060547,172133
2019-12-12,XIC.TO,22.661239624023438,236584
2019-12-13,XIC.TO,22.719755172729492,247836
2019-12-16,XIC.TO,22.803346633911133,102648
2019-12-17,XIC.TO,22.828418731689453,168086
2019-12-18,XIC.TO,22.778268814086914,660797
2019-12-19,XIC.TO,22.811708450317383,160091
2019-12-20,XIC.TO,22.870220184326172,477609
2019-12-23,XIC.TO,22.895296096801758,354728
2019-12-24,XIC.TO,22.978883743286133,143115
2019-12-27,XIC.TO,22.95380401611328,594668
2019-12-30,XIC.TO,22.891849517822266,144398
2019-12-31,XIC.TO,22.841337203979492,138674
2020-01-02,XIC.TO,22.891849517822266,362130
2020-01-03,XIC.TO,22.841337203979492,475142
2020-01-06,XIC.TO,22.90869140625,358577
2020-01-07,XIC.TO,22.99287986755371,279518
2020-01-08,XIC.TO,22.99287986755371,168284
2020-01-09,XIC.TO,23.10233497619629,465963
2020-01-10,XIC.TO,23.119169235229492,264812
2020-01-13,XIC.TO,23.186519622802734,194044
2020-01-14,XIC.TO,23.262292861938477,665633
2020-01-15,XIC.TO,23.33806800842285,245467
2020-01-16,XIC.TO,23.430681228637695,126731
2020-01-17,XIC.TO,23.53171157836914,332027
2020-01-20,XIC.TO,23.58222770690918,81625
2020-01-21,XIC.TO,23.565387725830078,208257
2020-01-22,XIC.TO,23.59064292907715,195525
2020-01-23,XIC.TO,23.624324798583984,206777
2020-01-24,XIC.TO,23.556970596313477,181312
2020-01-27,XIC.TO,23.397005081176758,215561
2020-01-28,XIC.TO,23.481197357177734,151110
2020-01-29,XIC.TO,23.489620208740234,133837
2020-01-30,XIC.TO,23.481197357177734,247342
2020-01-31,XIC.TO,23.253877639770508,219213
2020-02-03,XIC.TO,23.31281089782715,204803
2020-02-04,XIC.TO,23.49803352355957,279617
2020-02-05,XIC.TO,23.691675186157227,124066
2020-02-06,XIC.TO,23.809545516967773,75506
2020-02-07,XIC.TO,23.683259963989258,104918
2020-02-10,XIC.TO,23.809545516967773,66721
2020-02-11,XIC.TO,23.860061645507812,82020
2020-02-12,XIC.TO,23.935832977294922,125349
2020-02-13,XIC.TO,23.91900062561035,106695
2020-02-14,XIC.TO,23.97793197631836,179733
2020-02-18,XIC.TO,24.003185272216797,145879
2020-02-19,XIC.TO,24.07895851135254,98700
2020-02-20,XIC.TO,24.095792770385742,147655
2020-02-21,XIC.TO,23.97793197631836,153972
2020-02-24,XIC.TO,23.59064292907715,255238
2020-02-25,XIC.TO,23.07707405090332,746962
2020-02-26,XIC.TO,22.891849517822266,613223
2020-02-27,XIC.TO,22.512985229492188,354530
2020-02-28,XIC.TO,21.898386001586914,3033643
2020-03-02,XIC.TO,22.268831253051758,1014241
2020-03-03,XIC.TO,22.075185775756836,1429571
2020-03-04,XIC.TO,22.580333709716797,595753
2020-03-05,XIC.TO,22.260408401489258,2141494
2020-03-06,XIC.TO,21.780513763427734,1005950
2020-03-09,XIC.TO,19.515743255615234,1284975
2020-03-10,XIC.TO,20.138765335083008,1838880
2020-03-11,XIC.TO,19.19581413269043,1675926
2020-03-12,XIC.TO,16.87211036682129,1889118
2020-03-13,XIC.TO,18.438087463378906,3650716
2020-03-16,XIC.TO,16.653217315673828,2537774
2020-03-17,XIC.TO,17.107845306396484,8534984
2020-03-18,XIC.TO,15.929160118103027,1698035
2020-03-19,XIC.TO,16.4174747467041,1061913
2020-03-20,XIC.TO,16.01335334777832,1521658
2020-03-23,XIC.TO,15.129329681396484,1717972
2020-03-24,XIC.TO,16.94788360595703,1670399
2020-03-25,XIC.TO,17.65862464904785,1159133
2020-03-26,XIC.TO,18.03307342529297,1473492
2020-03-27,XIC.TO,17.12248992919922,959265
2020-03-30,XIC.TO,17.616077423095703,860171
2020-03-31,XIC.TO,18.024564743041992,776572
2020-04-01,XIC.TO,17.428850173950195,592792
2020-04-02,XIC.TO,17.709686279296875,610854
2020-04-03,XIC.TO,17.522464752197266,2143172
2020-04-06,XIC.TO,18.381988525390625,708271
2020-04-07,XIC.TO,18.416030883789062,1925834
2020-04-08,XIC.TO,18.850048065185547,1256155
2020-04-09,XIC.TO,19.190458297729492,1691521
2020-04-13,XIC.TO,19.054298400878906,838358
2020-04-14,XIC.TO,19.30108642578125,1771665
2020-04-15,XIC.TO,18.918134689331055,555582
2020-04-16,XIC.TO,18.798992156982422,482742
2020-04-17,XIC.TO,19.437257766723633,447506
2020-04-20,XIC.TO,19.47129249572754,513635
2020-04-21,XIC.TO,18.88409423828125,580159
2020-04-22,XIC.TO,19.360658645629883,281986
2020-04-23,XIC.TO,19.309602737426758,785751
2020-04-24,XIC.TO,19.530864715576172,509687
2020-04-27,XIC.TO,19.82872200012207,504160
2020-04-28,XIC.TO,20.0329647064209,590720
2020-04-29,XIC.TO,20.62868309020996,596740
2020-04-30,XIC.TO,20.04998207092285,658230
2020-05-01,XIC.TO,19.81169891357422,971307
2020-05-04,XIC.TO,19.956375122070312,618652
2020-05-05,XIC.TO,20.075515747070312,629607
2020-05-06,XIC.TO,20.10955810546875,668495
2020-05-07,XIC.TO,20.10955810546875,516793
2020-05-08,XIC.TO,20.29677963256836,260667
2020-05-11,XIC.TO,20.484004974365234,314360
2020-05-12,XIC.TO,20.152109146118164,412961
2020-05-13,XIC.TO,19.650009155273438,685570
2020-05-14,XIC.TO,19.692556381225586,646288
2020-05-15,XIC.TO,19.871274948120117,1116692
2020-05-19,XIC.TO,20.203168869018555,1774922
2020-05-20,XIC.TO,20.356353759765625,779927
2020-05-21,XIC.TO,20.220182418823242,328572
2020-05-22,XIC.TO,20.237207412719727,170455
2020-05-25,XIC.TO,20.484004974365234,96529
2020-05-26,XIC.TO,20.569103240966797,336468
2020-05-27,XIC.TO,20.739307403564453,355024
2020-05-28,XIC.TO,20.739307403564453,551437
2020-05-29,XIC.TO,20.6031494140625,432010
2020-06-01,XIC.TO,20.705265045166016,144398
2020-06-02,XIC.TO,20.92653465270996,117354
2020-06-03,XIC.TO,21.17332649230957,331632
2020-06-04,XIC.TO,21.1137638092041,1733271
2020-06-05,XIC.TO,21.564794540405273,2105666
2020-06-08,XIC.TO,21.72648811340332,1265433
2020-06-09,XIC.TO,21.53926658630371,1094386
2020-06-10,XIC.TO,21.360557556152344,504949
2020-06-11,XIC.TO,20.475494384765625,614901
2020-06-12,XIC.TO,20.7818660736084,718832
2020-06-15,XIC.TO,20.901004791259766,941401
2020-06-16,XIC.TO,21.13077735900879,1112448
2020-06-17,XIC.TO,21.011640548706055,800358
2020-06-18,XIC.TO,21.079721450805664,933406
2020-06-19,XIC.TO,21.045671463012695,625462
2020-06-22,XIC.TO,21.13077735900879,299061
2020-06-23,XIC.TO,21.224390029907227,421745
2020-06-24,XIC.TO,20.809030532836914,386707
2020-06-25,XIC.TO,21.040817260742188,700869
2020-06-26,XIC.TO,20.671674728393555,262838
2020-06-29,XIC.TO,20.989307403564453,408618
2020-06-30,XIC.TO,21.15241050720215,394899
2020-07-02,XIC.TO,21.28118324279785,716661
2020-07-03,XIC.TO,21.238258361816406,60306
2020-07-06,XIC.TO,21.375614166259766,322946
2020-07-07,XIC.TO,21.272600173950195,452243
2020-07-08,XIC.TO,21.315515518188477,306661
2020-07-09,XIC.TO,21.246845245361328,431516
2020-07-10,XIC.TO,21.4528751373291,339133
2020-07-13,XIC.TO,21.341276168823242,333211
2020-07-14,XIC.TO,21.718994140625,710837
2020-07-15,XIC.TO,21.91644287109375,1427794
2020-07-16,XIC.TO,21.86493682861328,228589
2020-07-17,XIC.TO,22.019453048706055,231748
2020-07-20,XIC.TO,22.088132858276367,996278
2020-07-21,XIC.TO,22.062379837036133,513536
2020-07-22,XIC.TO,22.079547882080078,138970
2020-07-23,XIC.TO,21.87351417541504,308240
2020-07-24,XIC.TO,21.83917999267578,162065
2020-07-27,XIC.TO,22.07096290588379,70472
2020-07-28,XIC.TO,22.028043746948242,214574
2020-07-29,XIC.TO,22.25982093811035,107386
2020-07-30,XIC.TO,22.26840591430664,1034080
2020-07-31,XIC.TO,22.079547882080078,162855
2020-08-04,XIC.TO,22.362834930419922,410197
2020-08-05,XIC.TO,22.543119430541992,129100
2020-08-06,XIC.TO,22.65471076965332,184076
2020-08-07,XIC.TO,22.611791610717773,115676
2020-08-10,XIC.TO,22.680471420288086,125546
2020-08-11,XIC.TO,22.543119430541992,484222
2020-08-12,XIC.TO,22.66329574584961,183089
2020-08-13,XIC.TO,22.603206634521484,125843
2020-08-14,XIC.TO,22.603206634521484,109458
2020-08-17,XIC.TO,22.783485412597656,62378
2020-08-18,XIC.TO,22.740554809570312,91594
2020-08-19,XIC.TO,22.680471420288086,177956
2020-08-20,XIC.TO,22.723392486572266,241420
2020-08-21,XIC.TO,22.594623565673828,88238
2020-08-24,XIC.TO,22.740554809570312,126632
2020-08-25,XIC.TO,22.749143600463867,266194
2020-08-26,XIC.TO,22.972339630126953,126830
2020-08-27,XIC.TO,22.895076751708984,213686
2020-08-28,XIC.TO,22.877912521362305,171639
2020-08-31,XIC.TO,22.586036682128906,715871
2020-09-01,XIC.TO,22.792064666748047,92581
2020-09-02,XIC.TO,22.869325637817383,252771
2020-09-03,XIC.TO,22.52594757080078,391839
2020-09-04,XIC.TO,22.216899871826172,469220
2020-09-08,XIC.TO,22.045211791992188,368743
2020-09-09,XIC.TO,22.448686599731445,235103
2020-09-10,XIC.TO,22.182559967041016,398748
2020-09-11,XIC.TO,22.234066009521484,302022
2020-09-14,XIC.TO,22.440101623535156,291955
2020-09-15,XIC.TO,22.517358779907227,163743
2020-09-16,XIC.TO,22.34566879272461,156637
2020-09-17,XIC.TO,22.28557586669922,492020
2020-09-18,XIC.TO,22.208314895629883,378317
2020-09-21,XIC.TO,21.933609008789062,368250
2020-09-22,XIC.TO,22.139636993408203,146372
2020-09-23,XIC.TO,21.718994140625,254054
2020-09-24,XIC.TO,21.820497512817383,455501
2020-09-25,XIC.TO,22.045543670654297,964595
2020-09-28,XIC.TO,22.28789520263672,630890
2020-09-29,XIC.TO,22.253273010253906,453132
2020-09-30,XIC.TO,22.140748977661133,437932
2020-10-01,XIC.TO,22.2359619140625,573743
2020-10-02,XIC.TO,22.244617462158203,677279
2020-10-05,XIC.TO,22.547555923461914,358873
2020-10-06,XIC.TO,22.305204391479492,564465
2020-10-07,XIC.TO,22.573522567749023,86165
2020-10-08,XIC.TO,22.729328155517578,141832
2020-10-09,XIC.TO,22.772600173950195,274583
2020-10-13,XIC.TO,22.70335578918457,181805
2020-10-14,XIC.TO,22.616802215576172,178647
2020-10-15,XIC.TO,22.68604278564453,372198
2020-10-16,XIC.TO,22.60814666748047,506331
2020-10-19,XIC.TO,22.391759872436523,164039
2020-10-20,XIC.TO,22.36579132080078,255929
2020-10-21,XIC.TO,22.31385612487793,95147
2020-10-22,XIC.TO,22.383102416992188,440893
2020-10-23,XIC.TO,22.452346801757812,141141
2020-10-26,XIC.TO,22.12343978881836,419080
2020-10-27,XIC.TO,22.0541934967041,298173
2020-10-28,XIC.TO,21.448314666748047,484321
2020-10-29,XIC.TO,21.578144073486328,655467
2020-10-30,XIC.TO,21.465620040893555,477215
2020-11-02,XIC.TO,21.612762451171875,223161
2020-11-03,XIC.TO,21.958986282348633,197005
2020-11-04,XIC.TO,22.028226852416992,352260
2020-11-05,XIC.TO,22.435033798217773,360650
2020-11-06,XIC.TO,22.435033798217773,284552
2020-11-09,XIC.TO,22.67738914489746,442571
2020-11-10,XIC.TO,22.88511848449707,766011
2020-11-11,XIC.TO,23.10150718688965,346437
2020-11-12,XIC.TO,22.85049819946289,687544
2020-11-13,XIC.TO,22.988988876342773,265997
2020-11-16,XIC.TO,23.283281326293945,239742
2020-11-17,XIC.TO,23.352519989013672,243888
2020-11-18,XIC.TO,23.27461814880371,187135
2020-11-19,XIC.TO,23.31789207458496,189307
2020-11-20,XIC.TO,23.465038299560547,240335
2020-11-23,XIC.TO,23.560253143310547,291362
2020-11-24,XIC.TO,23.819917678833008,729097
2020-11-25,XIC.TO,23.88916015625,389569
2020-11-26,XIC.TO,23.93243980407715,69189
2020-11-27,XIC.TO,24.010334014892578,205395
2020-11-30,XIC.TO,23.776636123657227,850893
2020-12-01,XIC.TO,23.86319351196289,257607
2020-12-02,XIC.TO,23.95840072631836,261456
2020-12-03,XIC.TO,24.010334014892578,257410
2020-12-04,XIC.TO,24.18345069885254,717450
2020-12-07,XIC.TO,24.26134490966797,139068
2020-12-08,XIC.TO,24.356555938720703,500212
2020-12-09,XIC.TO,24.26134490966797,244875
2020-12-10,XIC.TO,24.304624557495117,205592
2020-12-11,XIC.TO,24.235382080078125,249908
2020-12-14,XIC.TO,24.018991470336914,439807
2020-12-15,XIC.TO,24.200754165649414,202532
2020-12-16,XIC.TO,24.26999855041504,261358
2020-12-17,XIC.TO,24.39983367919922,272609
2020-12-18,XIC.TO,24.209415435791016,378909
2020-12-21,XIC.TO,24.19209861755371,328375
2020-12-22,XIC.TO,24.2526912689209,170356
2020-12-23,XIC.TO,24.304624557495117,400031
2020-12-24,XIC.TO,24.36520767211914,169073
2020-12-29,XIC.TO,24.2526912689209,282282
2020-12-30,XIC.TO,24.29583168029785,299160
2020-12-31,XIC.TO,24.112823486328125,356603
2021-01-04,XIC.TO,24.252260208129883,367164
2021-01-05,XIC.TO,24.49625587463379,441683
2021-01-06,XIC.TO,24.67926597595215,300147
2021-01-07,XIC.TO,24.966840744018555,352063
2021-01-08,XIC.TO,24.975555419921875,527157
2021-01-11,XIC.TO,24.844833374023438,470700
2021-01-12,XIC.TO,24.897127151489258,394504
2021-01-13,XIC.TO,24.86227035522461,298173
2021-01-14,XIC.TO,24.870983123779297,346437
2021-01-15,XIC.TO,24.809980392456055,250106
2021-01-18,XIC.TO,24.87969398498535,122191
2021-01-19,XIC.TO,24.888416290283203,320084
2021-01-20,XIC.TO,24.966840744018555,674516
2021-01-21,XIC.TO,24.83612823486328,315840
2021-01-22,XIC.TO,24.740270614624023,231649
2021-01-25,XIC.TO,24.83612823486328,265799
2021-01-26,XIC.TO,24.670549392700195,292349
2021-01-27,XIC.TO,24.182540893554688,379304
2021-01-28,XIC.TO,24.487548828125,295310
2021-01-29,XIC.TO,24.095399856567383,549167
2021-02-01,XIC.TO,24.565977096557617,208356
2021-02-02,XIC.TO,24.81869888305664,199769
2021-02-03,XIC.TO,24.870983123779297,181411
2021-02-04,XIC.TO,25.045269012451172,161967
2021-02-05,XIC.TO,25.175987243652344,150616
2021-02-08,XIC.TO,25.446136474609375,213488
2021-02-09,XIC.TO,25.541994094848633,410099
2021-02-10,XIC.TO,25.611709594726562,204704
2021-02-11,XIC.TO,25.533281326293945,159598
2021-02-12,XIC.TO,25.62913703918457,199670
2021-02-16,XIC.TO,25.681427001953125,371803
2021-02-17,XIC.TO,25.524568557739258,387299
2021-02-18,XIC.TO,25.37641716003418,204506
2021-02-19,XIC.TO,25.541994094848633,186839
2021-02-22,XIC.TO,25.594287872314453,319196
2021-02-23,XIC.TO,25.463565826416016,400229
2021-02-24,XIC.TO,25.681427001953125,514523
2021-02-25,XIC.TO,25.315418243408203,548575
2021-02-26,XIC.TO,25.062698364257812,715970
2021-03-01,XIC.TO,25.454851150512695,562491
2021-03-02,XIC.TO,25.594287872314453,540679
2021-03-03,XIC.TO,25.463565826416016,563281
2021-03-04,XIC.TO,25.210847854614258,1010787
2021-03-05,XIC.TO,25.56813621520996,966569
2021-03-08,XIC.TO,25.66399574279785,758510
2021-03-09,XIC.TO,25.855709075927734,662968
2021-03-10,XIC.TO,26.003856658935547,267872
2021-03-11,XIC.TO,26.21299934387207,229379
2021-03-12,XIC.TO,26.239147186279297,493500
2021-03-15,XIC.TO,26.37858009338379,282282
2021-03-16,XIC.TO,26.265295028686523,336567
2021-03-17,XIC.TO,26.413442611694336,343772
2021-03-18,XIC.TO,26.247859954833984,303897
2021-03-19,XIC.TO,26.239147186279297,289290
2021-03-22,XIC.TO,26.20429039001465,252573
2021-03-23,XIC.TO,26.012571334838867,320578
2021-03-24,XIC.TO,25.95157241821289,234610
2021-03-25,XIC.TO,25.986114501953125,414244
2021-03-26,XIC.TO,26.144031524658203,236979
2021-03-29,XIC.TO,26.082618713378906,397860
2021-03-30,XIC.TO,26.091392517089844,212699
2021-03-31,XIC.TO,26.065073013305664,276656
2021-04-01,XIC.TO,26.477413177490234,398649
2021-04-05,XIC.TO,26.556371688842773,418488
2021-04-06,XIC.TO,26.65287971496582,327980
2021-04-07,XIC.TO,26.696739196777344,374468
2021-04-08,XIC.TO,26.837114334106445,340022
2021-04-09,XIC.TO,26.837114334106445,202138
2021-04-12,XIC.TO,26.810794830322266,348707
2021-04-13,XIC.TO,26.80201530456543,280407
2021-04-14,XIC.TO,26.766931533813477,310510
2021-04-15,XIC.TO,26.995031356811523,274880
2021-04-16,XIC.TO,27.02134895324707,239841
2021-04-19,XIC.TO,26.810794830322266,422732
2021-04-20,XIC.TO,26.556371688842773,586081
2021-04-21,XIC.TO,26.749380111694336,504258
2021-04-22,XIC.TO,26.582693099975586,435070
2021-04-23,XIC.TO,26.687971115112305,280308
2021-04-26,XIC.TO,26.758150100708008,333705
2021-04-27,XIC.TO,26.784475326538086,213883
2021-04-28,XIC.TO,27.030122756958008,252672
2021-04-29,XIC.TO,26.91607093811035,307747
2021-04-30,XIC.TO,26.696739196777344,309227
2021-05-03,XIC.TO,26.845888137817383,309523
2021-05-04,XIC.TO,26.80201530456543,419376
2021-05-05,XIC.TO,26.97748565673828,306167
2021-05-06,XIC.TO,26.942392349243164,297482
2021-05-07,XIC.TO,27.196815490722656,247342
2021-05-10,XIC.TO,27.056440353393555,274189
2021-05-11,XIC.TO,26.924842834472656,737289
2021-05-12,XIC.TO,26.696739196777344,548180
2021-05-13,XIC.TO,26.766931533813477,508700
2021-05-14,XIC.TO,27.0827579498291,219904
2021-05-17,XIC.TO,27.231904983520508,246257
2021-05-18,XIC.TO,27.27577018737793,220989
2021-05-19,XIC.TO,27.170495986938477,515115
2021-05-20,XIC.TO,27.3459529876709,311399
2021-05-21,XIC.TO,27.31963539123535,628423
2021-05-25,XIC.TO,27.363500595092773,504653
2021-05-26,XIC.TO,27.60915184020996,291461
2021-05-27,XIC.TO,27.6881103515625,313866
2021-05-28,XIC.TO,27.784616470336914,308339
2021-05-31,XIC.TO,27.626697540283203,197499
2021-06-01,XIC.TO,27.951309204101562,783579
2021-06-02,XIC.TO,27.942535400390625,449973
2021-06-03,XIC.TO,27.924983978271484,338640
2021-06-04,XIC.TO,28.03026580810547,254054
2021-06-07,XIC.TO,28.065353393554688,206678
2021-06-08,XIC.TO,28.10922622680664,237571
2021-06-09,XIC.TO,28.03026580810547,248921
2021-06-10,XIC.TO,28.08290672302246,236090
2021-06-11,XIC.TO,28.19695472717285,417304
2021-06-14,XIC.TO,28.240821838378906,245763
2021-06-15,XIC.TO,28.34609603881836,462410
2021-06-16,XIC.TO,28.34609603881836,528933
2021-06-17,XIC.TO,28.22327423095703,811018
2021-06-18,XIC.TO,28.021488189697266,519359
2021-06-21,XIC.TO,28.24959373474121,368151
2021-06-22,XIC.TO,28.328548431396484,327881
2021-06-23,XIC.TO,28.24959373474121,248724
2021-06-24,XIC.TO,28.330238342285156,162164
2021-06-25,XIC.TO,28.35672950744629,249514
2021-06-28,XIC.TO,28.250776290893555,460238
2021-06-29,XIC.TO,28.312578201293945,218621
2021-06-30,XIC.TO,28.303752899169922,245467
2021-07-02,XIC.TO,28.383207321166992,260963
2021-07-05,XIC.TO,28.489147186279297,174798
2021-07-06,XIC.TO,28.506803512573242,250402
2021-07-07,XIC.TO,28.497974395751953,560123
2021-07-08,XIC.TO,28.180160522460938,547686
2021-07-09,XIC.TO,28.436180114746094,299949
2021-07-12,XIC.TO,28.41852378845215,197104
2021-07-13,XIC.TO,28.471487045288086,276952
2021-07-14,XIC.TO,28.294925689697266,236584
2021-07-15,XIC.TO,28.35672950744629,350385
2021-07-16,XIC.TO,28.065387725830078,259680
2021-07-19,XIC.TO,27.712251663208008,903796
2021-07-20,XIC.TO,28.003591537475586,418883
2021-07-21,XIC.TO,28.241952896118164,282776
2021-07-22,XIC.TO,28.224294662475586,247836
2021-07-23,XIC.TO,28.383207321166992,164730
2021-07-26,XIC.TO,28.339067459106445,228392
2021-07-27,XIC.TO,28.35672950744629,200460
2021-07-28,XIC.TO,28.436180114746094,187530
2021-07-29,XIC.TO,28.55095100402832,257311
2021-07-30,XIC.TO,28.533292770385742,219213
2021-08-03,XIC.TO,28.630401611328125,211613
2021-08-04,XIC.TO,28.568605422973633,155058
2021-08-05,XIC.TO,28.630401611328125,169567
2021-08-06,XIC.TO,28.789316177368164,144201
2021-08-09,XIC.TO,28.71868896484375,157920
2021-08-10,XIC.TO,28.806968688964844,149827
2021-08-11,XIC.TO,28.886425018310547,204112
2021-08-12,XIC.TO,28.851116180419922,177759
2021-08-13,XIC.TO,28.859941482543945,88139
2021-08-16,XIC.TO,28.82462501525879,174502
2021-08-17,XIC.TO,28.648061752319336,197894
2021-08-18,XIC.TO,28.577434539794922,203322
2021-08-19,XIC.TO,28.44500732421875,366671
2021-08-20,XIC.TO,28.612747192382812,321170
2021-08-23,XIC.TO,28.82462501525879,225826
2021-08-24,XIC.TO,28.91291618347168,188024
2021-08-25,XIC.TO,28.95705223083496,193452
2021-08-26,XIC.TO,28.8687686920166,162164
2021-08-27,XIC.TO,29.0629940032959,110051
2021-08-30,XIC.TO,29.001197814941406,136897
2021-08-31,XIC.TO,28.974714279174805,220298
2021-09-01,XIC.TO,29.142446517944336,225628
2021-09-02,XIC.TO,29.301353454589844,203125
2021-09-03,XIC.TO,29.319019317626953,184766
2021-09-07,XIC.TO,29.31018829345703,197597
2021-09-08,XIC.TO,29.213075637817383,252771
2021-09-09,XIC.TO,29.177766799926758,173515
2021-09-10,XIC.TO,29.080652236938477,252672
2021-09-13,XIC.TO,29.115964889526367,230070
2021-09-14,XIC.TO,28.983537673950195,201743
2021-09-15,XIC.TO,29.177766799926758,281591
2021-09-16,XIC.TO,29.0629940032959,363117
2021-09-17,XIC.TO,28.886425018310547,261259
2021-09-20,XIC.TO,28.44500732421875,777263
2021-09-21,XIC.TO,28.55095100402832,555780
2021-09-22,XIC.TO,28.78048324584961,236387
2021-09-23,XIC.TO,28.851116180419922,395491
2021-09-24,XIC.TO,28.77410888671875,240729
2021-09-27,XIC.TO,28.86294937133789,212699
2021-09-28,XIC.TO,28.489830017089844,557458
2021-09-29,XIC.TO,28.463184356689453,340811
2021-09-30,XIC.TO,28.32992935180664,356406
2021-10-01,XIC.TO,28.44541358947754,397268
2021-10-04,XIC.TO,28.321046829223633,577691
2021-10-05,XIC.TO,28.498716354370117,113999
2021-10-06,XIC.TO,28.525367736816406,216449
2021-10-07,XIC.TO,28.854063034057617,124757
2021-10-08,XIC.TO,28.86294937133789,165915
2021-10-12,XIC.TO,28.88072395324707,211810
2021-10-13,XIC.TO,29.138338088989258,194143
2021-10-14,XIC.TO,29.422616958618164,278729
2021-10-15,XIC.TO,29.58252716064453,278729
2021-10-18,XIC.TO,29.653587341308594,438031
2021-10-19,XIC.TO,29.80461311340332,402301
2021-10-20,XIC.TO,29.928987503051758,168678
2021-10-21,XIC.TO,29.973398208618164,260469
2021-10-22,XIC.TO,29.98228645324707,155453
2021-10-25,XIC.TO,30.088886260986328,527453
2021-10-26,XIC.TO,29.928987503051758,238262
2021-10-27,XIC.TO,29.644704818725586,319788
2021-10-28,XIC.TO,29.955638885498047,317024
2021-10-29,XIC.TO,29.760196685791016,336962
2021-11-01,XIC.TO,30.053354263305664,226813
2021-11-02,XIC.TO,29.955638885498047,156736
2021-11-03,XIC.TO,30.080005645751953,196512
2021-11-04,XIC.TO,30.186613082885742,294521
2021-11-05,XIC.TO,30.35540199279785,225332
2021-11-08,XIC.TO,30.488649368286133,129593
2021-11-09,XIC.TO,30.55083656311035,187530
2021-11-10,XIC.TO,30.36428451538086,147458
2021-11-11,XIC.TO,30.51531219482422,139661
2021-11-12,XIC.TO,30.817354202270508,192564
2021-11-15,XIC.TO,30.692977905273438,234413
2021-11-16,XIC.TO,30.728511810302734,116466
2021-11-17,XIC.TO,30.63966941833496,262443
2021-11-18,XIC.TO,30.63966941833496,118539
2021-11-19,XIC.TO,30.50642204284668,209639
2021-11-22,XIC.TO,30.32874298095703,232439
2021-11-23,XIC.TO,30.382055282592773,339725
2021-11-24,XIC.TO,30.50642204284668,227504
2021-11-25,XIC.TO,30.692977905273438,111630
2021-11-26,XIC.TO,29.928987503051758,610361
2021-11-29,XIC.TO,29.964519500732422,466456
2021-11-30,XIC.TO,29.31601333618164,794634
2021-12-01,XIC.TO,29.005084991455078,648262
2021-12-02,XIC.TO,29.43149757385254,648360
2021-12-03,XIC.TO,29.227174758911133,613223
2021-12-06,XIC.TO,29.58252716064453,609867
2021-12-07,XIC.TO,29.99116325378418,516596
2021-12-08,XIC.TO,29.884572982788086,291461
2021-12-09,XIC.TO,29.671358108520508,285243
2021-12-10,XIC.TO,29.63582420349121,303799
2021-12-13,XIC.TO,29.404848098754883,451355
2021-12-14,XIC.TO,29.307125091552734,413454
2021-12-15,XIC.TO,29.458148956298828,372889
2021-12-16,XIC.TO,29.440385818481445,474944
2021-12-17,XIC.TO,29.43149757385254,673035
2021-12-20,XIC.TO,29.147226333618164,552819
2021-12-21,XIC.TO,29.689123153686523,227207
2021-12-22,XIC.TO,29.9023380279541,339331
2021-12-23,XIC.TO,30.1333065032959,362426
2021-12-24,XIC.TO,30.151079177856445,123770
2021-12-29,XIC.TO,30.30209732055664,281098
2021-12-30,XIC.TO,29.86699104309082,453900
2021-12-31,XIC.TO,29.752323150634766,236200
2022-01-04,XIC.TO,29.787612915039062,557300
2022-01-05,XIC.TO,29.522991180419922,840900
2022-01-06,XIC.TO,29.567092895507812,608100
2022-01-07,XIC.TO,29.575908660888672,417200
2022-01-10,XIC.TO,29.558269500732422,805600
2022-01-11,XIC.TO,29.86699104309082,664200
2022-01-12,XIC.TO,30.025766372680664,412700
2022-01-13,XIC.TO,29.89345932006836,442700
2022-01-14,XIC.TO,29.981658935546875,760200
2022-01-17,XIC.TO,30.29039192199707,152100
2022-01-18,XIC.TO,29.86699104309082,720300
2022-01-19,XIC.TO,29.752323150634766,814900
2022-01-20,XIC.TO,29.567092895507812,346700
2022-01-21,XIC.TO,28.923181533813477,1118300
2022-01-24,XIC.TO,28.88789176940918,4016600
2022-01-25,XIC.TO,28.923181533813477,1770900
2022-01-26,XIC.TO,28.940820693969727,2935600
2022-01-27,XIC.TO,28.861427307128906,1389600
2022-01-28,XIC.TO,29.143695831298828,824900
2022-01-31,XIC.TO,29.646472930908203,525200
2022-02-01,XIC.TO,29.964031219482422,481100
2022-02-02,XIC.TO,30.01694679260254,535400
2022-02-03,XIC.TO,29.646472930908203,977600
2022-02-04,XIC.TO,29.89345932006836,453700
2022-02-07,XIC.TO,29.849353790283203,552500
2022-02-08,XIC.TO,30.043405532836914,279000
2022-02-09,XIC.TO,30.369781494140625,434100
2022-02-10,XIC.TO,30.27275276184082,1065800
2022-02-11,XIC.TO,30.281572341918945,547700
2022-02-14,XIC.TO,30.043405532836914,431300
2022-02-15,XIC.TO,30.246294021606445,294000
2022-02-16,XIC.TO,30.078693389892578,399900
2022-02-17,XIC.TO,29.752323150634766,308200
2022-02-18,XIC.TO,29.567092895507812,482300
2022-02-22,XIC.TO,29.417137145996094,716500
2022-02-23,XIC.TO,29.18779754638672,387300
2022-02-24,XIC.TO,29.223081588745117,2241400
2022-02-25,XIC.TO,29.708223342895508,726700
2022-02-28,XIC.TO,29.725862503051758,660400
2022-03-01,XIC.TO,29.567092895507812,836000
2022-03-02,XIC.TO,29.928739547729492,557500
2022-03-03,XIC.TO,29.928739547729492,513900
2022-03-04,XIC.TO,30.14925765991211,775500
2022-03-07,XIC.TO,30.008129119873047,751000
2022-03-08,XIC.TO,29.911096572875977,666200
2022-03-09,XIC.TO,30.281572341918945,493900
2022-03-10,XIC.TO,30.41387939453125,301700
2022-03-11,XIC.TO,30.237464904785156,820400
2022-03-14,XIC.TO,29.86699104309082,722600
2022-03-15,XIC.TO,29.90228271484375,614800
2022-03-16,XIC.TO,30.281572341918945,652200
2022-03-17,XIC.TO,30.70496368408203,345400
2022-03-18,XIC.TO,30.77552604675293,809100
2022-03-21,XIC.TO,31.040149688720703,468400
2022-03-22,XIC.TO,31.13718032836914,990600
2022-03-23,XIC.TO,30.92548942565918,418800
2022-03-24,XIC.TO,30.951940536499023,921600
2022-03-25,XIC.TO,31.056682586669922,251000
2022-03-28,XIC.TO,31.021183013916016,262200
2022-03-29,XIC.TO,31.172067642211914,857000
2022-03-30,XIC.TO,31.180946350097656,202200
2022-03-31,XIC.TO,30.94129180908203,1446800
2022-04-01,XIC.TO,31.003427505493164,314900
2022-04-04,XIC.TO,31.180946350097656,355600
2022-04-05,XIC.TO,30.976795196533203,356400
2022-04-06,XIC.TO,30.781532287597656,748300
2022-04-07,XIC.TO,30.83478355407715,1010400
2022-04-08,XIC.TO,30.914661407470703,637800
2022-04-11,XIC.TO,30.799280166625977,308700
2022-04-12,XIC.TO,30.701644897460938,233600
2022-04-13,XIC.TO,30.87028694152832,167000
2022-04-14,XIC.TO,30.896913528442383,208600
2022-04-18,XIC.TO,30.914661407470703,160500
2022-04-19,XIC.TO,31.118818283081055,159000
2022-04-20,XIC.TO,31.092185974121094,202100
2022-04-21,XIC.TO,30.6040096282959,349500
2022-04-22,XIC.TO,29.982702255249023,396700
2022-04-25,XIC.TO,29.725305557250977,675100
2022-04-26,XIC.TO,29.272628784179688,1149600
2022-04-27,XIC.TO,29.34364128112793,530100
2022-04-28,XIC.TO,29.85843276977539,1770100
2022-04-29,XIC.TO,29.38801383972168,1541500
2022-05-02,XIC.TO,29.28150177001953,798800
2022-05-03,XIC.TO,29.583293914794922,507200
2022-05-04,XIC.TO,29.982702255249023,507200
2022-05-05,XIC.TO,29.299257278442383,688900
2022-05-06,XIC.TO,29.201623916625977,1315800
2022-05-09,XIC.TO,28.305160522460938,1240200
2022-05-10,XIC.TO,28.127647399902344,1156200
2022-05-11,XIC.TO,28.074386596679688,907300
2022-05-12,XIC.TO,27.923498153686523,865300
2022-05-13,XIC.TO,28.4560489654541,538500
2022-05-16,XIC.TO,28.624692916870117,332300
2022-05-17,XIC.TO,29.00635528564453,435200
2022-05-18,XIC.TO,28.42941665649414,308500
2022-05-19,XIC.TO,28.58918571472168,568100
2022-05-20,XIC.TO,28.598064422607422,706900
2022-05-24,XIC.TO,28.757829666137695,351500
2022-05-25,XIC.TO,28.87321662902832,368000
2022-05-26,XIC.TO,29.103992462158203,209500
2022-05-27,XIC.TO,29.414644241333008,190900
2022-05-30,XIC.TO,29.63654136657715,210700
2022-05-31,XIC.TO,29.396896362304688,512400
2022-06-01,XIC.TO,29.379131317138672,411000
2022-06-02,XIC.TO,29.840686798095703,1942100
2022-06-03,XIC.TO,29.494524002075195,335900
2022-06-06,XIC.TO,29.521150588989258,415900
2022-06-07,XIC.TO,29.689790725708008,614700
2022-06-08,XIC.TO,29.476778030395508,199300
2022-06-09,XIC.TO,29.183876037597656,255700
2022-06-10,XIC.TO,28.77557945251465,790400
2022-06-13,XIC.TO,28.021129608154297,896800
2022-06-14,XIC.TO,27.74597930908203,636500
2022-06-15,XIC.TO,27.84361457824707,901500
2022-06-16,XIC.TO,26.982648849487305,495600
2022-06-17,XIC.TO,26.893898010253906,4139400
2022-06-20,XIC.TO,27.240055084228516,1429600
2022-06-21,XIC.TO,27.355436325073242,184900
2022-06-22,XIC.TO,27.000410079956055,339000
2022-06-23,XIC.TO,26.592113494873047,453000
2022-06-24,XIC.TO,27.109249114990234,451100
2022-06-27,XIC.TO,27.37765884399414,399400
2022-06-28,XIC.TO,27.323974609375,735000
2022-06-29,XIC.TO,27.153987884521484,399400
2022-06-30,XIC.TO,26.84978485107422,592600
2022-07-04,XIC.TO,27.100303649902344,285100
2022-07-05,XIC.TO,26.805049896240234,823100
2022-07-06,XIC.TO,26.670848846435547,761500
2022-07-07,XIC.TO,27.136091232299805,288200
2022-07-08,XIC.TO,27.100303649902344,347200
2022-07-11,XIC.TO,26.805049896240234,521300
2022-07-12,XIC.TO,26.599271774291992,327600
2022-07-13,XIC.TO,26.518753051757812,393600
2022-07-14,XIC.TO,26.116140365600586,546100
2022-07-15,XIC.TO,26.187715530395508,463900
2022-07-18,XIC.TO,26.47402000427246,505300
2022-07-19,XIC.TO,26.983993530273438,300600
2022-07-20,XIC.TO,27.091354370117188,484300
2022-07-21,XIC.TO,27.14504051208496,116900
2022-07-22,XIC.TO,27.055574417114258,364800
2022-07-25,XIC.TO,27.23450469970703,346900
2022-07-26,XIC.TO,27.046621322631836,276700
2022-07-27,XIC.TO,27.458181381225586,693200
2022-07-28,XIC.TO,27.735538482666016,380900
2022-07-29,XIC.TO,28.102359771728516,239200
2022-08-02,XIC.TO,27.82500457763672,475300
2022-08-03,XIC.TO,27.869741439819336,456400
2022-08-04,XIC.TO,27.9323673248291,240500
2022-08-05,XIC.TO,27.994998931884766,765900
2022-08-08,XIC.TO,28.048681259155273,522400
2022-08-09,XIC.TO,27.914474487304688,200800
2022-08-10,XIC.TO,28.361825942993164,306500
2022-08-11,XIC.TO,28.52286720275879,530800
2022-08-12,XIC.TO,28.809175491333008,394500
2022-08-15,XIC.TO,28.809175491333008,202400
2022-08-16,XIC.TO,28.934431076049805,222700
2022-08-17,XIC.TO,28.80021858215332,349200
2022-08-18,XIC.TO,28.92548179626465,295800
2022-08-19,XIC.TO,28.701807022094727,525300
2022-08-22,XIC.TO,28.52286720275879,965800
2022-08-23,XIC.TO,28.549705505371094,340500
2022-08-24,XIC.TO,28.585494995117188,214600
2022-08-25,XIC.TO,28.827062606811523,832200
2022-08-26,XIC.TO,28.397613525390625,401400
2022-08-29,XIC.TO,28.32603645324707,260500
2022-08-30,XIC.TO,27.87868881225586,558600
2022-08-31,XIC.TO,27.619226455688477,500300
2022-09-01,XIC.TO,27.386608123779297,442500
2022-09-02,XIC.TO,27.565542221069336,388300
2022-09-06,XIC.TO,27.306079864501953,1903300
2022-09-07,XIC.TO,27.520811080932617,248200
2022-09-08,XIC.TO,27.762378692626953,421000
2022-09-09,XIC.TO,28.281295776367188,331600
2022-09-12,XIC.TO,28.603391647338867,417500
2022-09-13,XIC.TO,28.111310958862305,1694500
2022-09-14,XIC.TO,28.236562728881836,540100
2022-09-15,XIC.TO,28.003944396972656,486000
2022-09-16,XIC.TO,27.762378692626953,363300
2022-09-19,XIC.TO,28.012893676757812,268600
2022-09-20,XIC.TO,27.735538482666016,369000
2022-09-21,XIC.TO,27.458181381225586,1023400
2022-09-22,XIC.TO,27.225563049316406,457400
2022-09-23,XIC.TO,26.47894859313965,857300
2022-09-26,XIC.TO,26.262283325195312,738300
2022-09-27,XIC.TO,26.253252029418945,745900
2022-09-28,XIC.TO,26.749788284301758,508600
2022-09-29,XIC.TO,26.45186424255371,352700
2022-09-30,XIC.TO,26.44283676147461,746500
2022-10-03,XIC.TO,27.07479476928711,538400
2022-10-04,XIC.TO,27.788000106811523,496900
2022-10-05,XIC.TO,27.59841537475586,497300
2022-10-06,XIC.TO,27.255352020263672,1155300
2022-10-07,XIC.TO,26.686594009399414,527200
2022-10-11,XIC.TO,26.16297149658203,561700
2022-10-12,XIC.TO,26.144914627075195,474600
2022-10-13,XIC.TO,26.71367835998535,1324900
2022-10-14,XIC.TO,26.325475692749023,579200
2022-10-17,XIC.TO,26.740760803222656,696200
2022-10-18,XIC.TO,27.00257110595703,447700
2022-10-19,XIC.TO,26.822011947631836,365300
2022-10-20,XIC.TO,26.67756462097168,400000
2022-10-21,XIC.TO,27.07479476928711,584000
2022-10-24,XIC.TO,27.165071487426758,307500
2022-10-25,XIC.TO,27.426881790161133,268000
2022-10-26,XIC.TO,27.69771957397461,333800
2022-10-27,XIC.TO,27.778972625732422,268300
2022-10-28,XIC.TO,27.977588653564453,268000
2022-10-31,XIC.TO,27.91439437866211,573700
2022-11-01,XIC.TO,28.067867279052734,332500
2022-11-02,XIC.TO,27.69771957397461,787700
2022-11-03,XIC.TO,27.652578353881836,422900
2022-11-04,XIC.TO,27.950496673583984,709900
2022-11-07,XIC.TO,28.10397720336914,734800
2022-11-08,XIC.TO,28.2664794921875,287400
2022-11-09,XIC.TO,27.80605697631836,468600
2022-11-10,XIC.TO,28.744962692260742,413100
2022-11-11,XIC.TO,28.907466888427734,455900
2022-11-14,XIC.TO,28.663711547851562,290300
2022-11-15,XIC.TO,28.77204704284668,618200
2022-11-16,XIC.TO,28.70884895324707,370200
2022-11-17,XIC.TO,28.618572235107422,257100
2022-11-18,XIC.TO,28.75398826599121,184000
2022-11-21,XIC.TO,28.744962692260742,324800
2022-11-22,XIC.TO,29.106081008911133,251100
2022-11-23,XIC.TO,29.205385208129883,332200
2022-11-24,XIC.TO,29.295665740966797,76100
2022-11-25,XIC.TO,29.349834442138672,261800
2022-11-28,XIC.TO,29.097049713134766,441000
2022-11-29,XIC.TO,29.214412689208984,212800
2022-11-30,XIC.TO,29.449140548706055,378200
2022-12-01,XIC.TO,29.58456039428711,443400
2022-12-02,XIC.TO,29.5303955078125,199900
2022-12-05,XIC.TO,29.169275283813477,668100
2022-12-06,XIC.TO,28.799131393432617,269100
2022-12-07,XIC.TO,28.790098190307617,387900
2022-12-08,XIC.TO,28.808156967163086,503400
2022-12-09,XIC.TO,28.763015747070312,313700
2022-12-12,XIC.TO,28.86232566833496,351200
2022-12-13,XIC.TO,28.8803768157959,861700
2022-12-14,XIC.TO,28.699825286865234,827600
2022-12-15,XIC.TO,28.293563842773438,463200
2022-12-16,XIC.TO,28.067867279052734,586700
2022-12-19,XIC.TO,27.715778350830078,1941700
2022-12-20,XIC.TO,27.878278732299805,368500
2022-12-21,XIC.TO,28.2574520111084,395500
2022-12-22,XIC.TO,27.932449340820312,423700
2022-12-23,XIC.TO,28.167173385620117,252800
2022-12-28,XIC.TO,27.8511962890625,402700
2022-12-29,XIC.TO,28.184980392456055,194500
2022-12-30,XIC.TO,28.021270751953125,296500
2023-01-03,XIC.TO,28.130407333374023,276400
2023-01-04,XIC.TO,28.321399688720703,354100
2023-01-05,XIC.TO,28.239543914794922,770000
2023-01-06,XIC.TO,28.676101684570312,183400
2023-01-09,XIC.TO,28.721572875976562,208200
2023-01-10,XIC.TO,28.80342674255371,254500
2023-01-11,XIC.TO,28.994421005249023,365700
2023-01-12,XIC.TO,29.24907684326172,451300
2023-01-13,XIC.TO,29.467355728149414,244900
2023-01-16,XIC.TO,29.52191734313965,176300
2023-01-17,XIC.TO,29.585586547851562,247000
2023-01-18,XIC.TO,29.48554039001465,408300
2023-01-19,XIC.TO,29.440067291259766,289300
2023-01-20,XIC.TO,29.667438507080078,206000
2023-01-23,XIC.TO,29.867525100708008,182500
2023-01-24,XIC.TO,29.867525100708008,369500
2023-01-25,XIC.TO,29.831146240234375,297600
2023-01-26,XIC.TO,29.994853973388672,310400
2023-01-27,XIC.TO,30.01304054260254,121300
2023-01-30,XIC.TO,29.822053909301758,156500
2023-01-31,XIC.TO,30.08580207824707,231500
2023-02-01,XIC.TO,30.076711654663086,577600
2023-02-02,XIC.TO,30.067617416381836,252300
2023-02-03,XIC.TO,30.076711654663086,324700
2023-02-06,XIC.TO,29.89481544494629,281400
2023-02-07,XIC.TO,30.040327072143555,287300
2023-02-08,XIC.TO,29.976669311523438,204100
2023-02-09,XIC.TO,29.858430862426758,413800
2023-02-10,XIC.TO,29.876623153686523,214800
2023-02-13,XIC.TO,30.003948211669922,289900
2023-02-14,XIC.TO,30.031234741210938,434300
2023-02-15,XIC.TO,30.067617416381836,200200
2023-02-16,XIC.TO,29.89481544494629,253800
2023-02-17,XIC.TO,29.758386611938477,363300
2023-02-21,XIC.TO,29.376401901245117,318400
2023-02-22,XIC.TO,29.27635955810547,1250000
2023-02-23,XIC.TO,29.294551849365234,374500
2023-02-24,XIC.TO,29.330934524536133,265800
2023-02-27,XIC.TO,29.4036922454834,186800
2023-02-28,XIC.TO,29.349117279052734,303400
2023-03-01,XIC.TO,29.421878814697266,271500
2023-03-02,XIC.TO,29.549209594726562,121900
2023-03-03,XIC.TO,29.89481544494629,287800
2023-03-06,XIC.TO,29.803863525390625,312400
2023-03-07,XIC.TO,29.44916343688965,251300
2023-03-08,XIC.TO,29.549209594726562,178900
2023-03-09,XIC.TO,29.20360565185547,304900
2023-03-10,XIC.TO,28.748863220214844,828100
2023-03-13,XIC.TO,28.476011276245117,687200
2023-03-14,XIC.TO,28.648815155029297,470700
2023-03-15,XIC.TO,28.184980392456055,526900
2023-03-16,XIC.TO,28.439634323120117,332900
2023-03-17,XIC.TO,28.21225929260254,218200
2023-03-20,XIC.TO,28.412351608276367,308000
2023-03-21,XIC.TO,28.612436294555664,241900
2023-03-22,XIC.TO,28.437284469604492,441300
2023-03-23,XIC.TO,28.308895111083984,634100
2023-03-24,XIC.TO,28.38226318359375,577000
2023-03-27,XIC.TO,28.56566619873047,238700
2023-03-28,XIC.TO,28.62985610961914,298900
2023-03-29,XIC.TO,28.88663101196289,329800
2023-03-30,XIC.TO,29.051694869995117,150800
2023-03-31,XIC.TO,29.280956268310547,408000
2023-04-03,XIC.TO,29.565237045288086,1877900
2023-04-04,XIC.TO,29.565237045288086,467900
2023-04-05,XIC.TO,29.40017318725586,291200
2023-04-06,XIC.TO,29.464366912841797,199800
2023-04-10,XIC.TO,29.583576202392578,196400
2023-04-11,XIC.TO,29.794496536254883,176700
2023-04-12,XIC.TO,29.831174850463867,446500
2023-04-13,XIC.TO,30.005413055419922,517500
2023-04-14,XIC.TO,30.02375602722168,257400
2023-04-17,XIC.TO,30.106285095214844,246900
2023-04-18,XIC.TO,30.17964744567871,170000
2023-04-19,XIC.TO,30.161306381225586,129700
2023-04-20,XIC.TO,30.08794403076172,240100
2023-04-21,XIC.TO,30.1979923248291,222200
2023-04-24,XIC.TO,30.1979923248291,180400
2023-04-25,XIC.TO,29.840343475341797,314100
2023-04-26,XIC.TO,29.73947525024414,274400
2023-04-27,XIC.TO,29.987077713012695,178600
2023-04-28,XIC.TO,30.133800506591797,263600
2023-05-01,XIC.TO,30.115453720092773,246900
2023-05-02,XIC.TO,29.794496536254883,368300
2023-05-03,XIC.TO,29.72113609313965,1014400
2023-05-04,XIC.TO,29.565237045288086,556800
2023-05-05,XIC.TO,30.005413055419922,223700
2023-05-08,XIC.TO,30.0512638092041,214300
2023-05-09,XIC.TO,30.060436248779297,254700
2023-05-10,XIC.TO,29.959558486938477,191100
2023-05-11,XIC.TO,29.831174850463867,175400
2023-05-12,XIC.TO,29.840343475341797,361100
2023-05-15,XIC.TO,30.01457977294922,235500
2023-05-16,XIC.TO,29.583576202392578,218500
2023-05-17,XIC.TO,29.67527961730957,189900
2023-05-18,XIC.TO,29.684450149536133,396200
2023-05-19,XIC.TO,29.766979217529297,146200
2023-05-23,XIC.TO,29.47353172302246,246900
2023-05-24,XIC.TO,29.15257453918457,171600
2023-05-25,XIC.TO,28.93248176574707,241500
2023-05-26,XIC.TO,29.14339828491211,248600
2023-05-29,XIC.TO,29.216760635375977,85700
2023-05-30,XIC.TO,28.895797729492188,459600
2023-05-31,XIC.TO,28.65736961364746,471000
2023-06-01,XIC.TO,28.794921875,348400
2023-06-02,XIC.TO,29.326805114746094,209600
2023-06-05,XIC.TO,29.198423385620117,560000
2023-06-06,XIC.TO,29.37265396118164,296800
2023-06-07,XIC.TO,29.253442764282227,207000
2023-06-08,XIC.TO,29.207592010498047,95200
2023-06-09,XIC.TO,29.15257453918457,282800
2023-06-12,XIC.TO,29.198423385620117,183600
2023-06-13,XIC.TO,29.29012680053711,274200
2023-06-14,XIC.TO,29.35431480407715,444600
2023-06-15,XIC.TO,29.38182830810547,306600
2023-06-16,XIC.TO,29.3084659576416,131000
2023-06-19,XIC.TO,29.262615203857422,75600
2023-06-20,XIC.TO,28.987506866455078,180800
2023-06-21,XIC.TO,28.90497398376465,307700
2023-06-22,XIC.TO,28.739906311035156,198800
2023-06-23,XIC.TO,28.50147247314453,192800
2023-06-26,XIC.TO,28.73919677734375,167400
2023-06-27,XIC.TO,28.970441818237305,229400
2023-06-28,XIC.TO,29.081436157226562,302100
2023-06-29,XIC.TO,29.266435623168945,318500
2023-06-30,XIC.TO,29.608675003051758,178600
2023-07-04,XIC.TO,29.682682037353516,243400
2023-07-05,XIC.TO,29.553178787231445,113800
2023-07-06,XIC.TO,29.127687454223633,317800
2023-07-07,XIC.TO,29.155439376831055,287100
2023-07-10,XIC.TO,29.155439376831055,173000
2023-07-11,XIC.TO,29.247934341430664,156900
2023-07-12,XIC.TO,29.51618194580078,202200
2023-07-13,XIC.TO,29.830677032470703,149100
2023-07-14,XIC.TO,29.79367446899414,150600
2023-07-17,XIC.TO,29.756671905517578,118400
2023-07-18,XIC.TO,29.96017074584961,133700
2023-07-19,XIC.TO,30.13591957092285,236300
2023-07-20,XIC.TO,30.052671432495117,113700
2023-07-21,XIC.TO,30.219167709350586,125500
2023-07-24,XIC.TO,30.274662017822266,88600
2023-07-25,XIC.TO,30.246919631958008,106100
2023-07-26,XIC.TO,30.265413284301758,136300
2023-07-27,XIC.TO,30.01567268371582,145500
2023-07-28,XIC.TO,30.219167709350586,125200
2023-07-31,XIC.TO,30.357912063598633,218500
2023-08-01,XIC.TO,30.246919631958008,132400
2023-08-02,XIC.TO,29.77517318725586,215400
2023-08-03,XIC.TO,29.63642692565918,184700
2023-08-04,XIC.TO,29.79367446899414,173700
2023-08-08,XIC.TO,29.765926361083984,127000
2023-08-09,XIC.TO,29.867671966552734,202800
2023-08-10,XIC.TO,29.96017074584961,142700
2023-08-11,XIC.TO,30.052671432495117,135900
2023-08-14,XIC.TO,29.895423889160156,110200
2023-08-15,XIC.TO,29.321935653686523,225200
2023-08-16,XIC.TO,29.3311824798584,177000
2023-08-17,XIC.TO,29.210935592651367,102000
2023-08-18,XIC.TO,29.210935592651367,146700
2023-08-21,XIC.TO,29.183185577392578,125400
2023-08-22,XIC.TO,29.044437408447266,157400
2023-08-23,XIC.TO,29.312685012817383,177200
2023-08-24,XIC.TO,29.192434310913086,223200
2023-08-25,XIC.TO,29.257184982299805,384000
2023-08-28,XIC.TO,29.534683227539062,88400
2023-08-29,XIC.TO,29.932422637939453,141000
2023-08-30,XIC.TO,30.006423950195312,155400
2023-08-31,XIC.TO,29.96942138671875,124300
2023-09-01,XIC.TO,30.339412689208984,217100
2023-09-05,XIC.TO,30.145166397094727,181200
2023-09-06,XIC.TO,29.849170684814453,176300
2023-09-07,XIC.TO,29.74742317199707,92900
2023-09-08,XIC.TO,29.65493392944336,82600
2023-09-11,XIC.TO,29.812171936035156,159700
2023-09-12,XIC.TO,29.858423233032227,182300
2023-09-13,XIC.TO,29.96017074584961,213900
2023-09-14,XIC.TO,30.42266273498535,138600
2023-09-15,XIC.TO,30.441162109375,220500
2023-09-18,XIC.TO,30.311662673950195,108500
2023-09-19,XIC.TO,29.913921356201172,166700
2023-09-20,XIC.TO,29.895423889160156,131400
2023-09-21,XIC.TO,29.284934997558594,321800
2023-09-22,XIC.TO,29.266435623168945,117500
2023-09-25,XIC.TO,29.305618286132812,283000
2023-09-26,XIC.TO,28.94175148010254,148300
2023-09-27,XIC.TO,28.75514793395996,256800
2023-09-28,XIC.TO,29.00705909729004,166500
2023-09-29,XIC.TO,28.96040916442871,245200
2023-10-02,XIC.TO,28.437929153442383,437700
2023-10-03,XIC.TO,28.195348739624023,704000
2023-10-04,XIC.TO,28.20467758178711,197100
2023-10-05,XIC.TO,28.39127540588379,113300
2023-10-06,XIC.TO,28.549890518188477,375900
2023-10-10,XIC.TO,28.913759231567383,391400
2023-10-11,XIC.TO,29.15633773803711,292100
2023-10-12,XIC.TO,28.9230899810791,203000
2023-10-13,XIC.TO,28.867111206054688,217400
2023-10-16,XIC.TO,29.10036277770996,109300
2023-10-17,XIC.TO,29.21232032775879,203100
2023-10-18,XIC.TO,28.8577823638916,139100
2023-10-19,XIC.TO,28.699172973632812,246400
2023-10-20,XIC.TO,28.36328887939453,195300
2023-10-23,XIC.TO,28.260656356811523,199200
2023-10-24,XIC.TO,28.17668914794922,176800
2023-10-25,XIC.TO,28.120704650878906,195500
2023-10-26,XIC.TO,28.018081665039062,248700
2023-10-27,XIC.TO,27.831478118896484,416200
2023-10-30,XIC.TO,28.018081665039062,211000
2023-10-31,XIC.TO,28.036739349365234,191000
2023-11-01,XIC.TO,28.33530044555664,359600
2023-11-02,XIC.TO,29.15633773803711,261700
2023-11-03,XIC.TO,29.454904556274414,327100
2023-11-06,XIC.TO,29.333614349365234,163400
2023-11-07,XIC.TO,29.081701278686523,212500
2023-11-08,XIC.TO,28.99772834777832,190200
2023-11-09,XIC.TO,29.10036277770996,661300
2023-11-10,XIC.TO,29.19366455078125,200900
2023-11-13,XIC.TO,29.286962509155273,392200
2023-11-14,XIC.TO,29.762792587280273,318200
2023-11-15,XIC.TO,29.800111770629883,390300
2023-11-16,XIC.TO,29.81877326965332,232600
2023-11-17,XIC.TO,29.98671531677246,170600
2023-11-20,XIC.TO,30.089344024658203,192600
2023-11-21,XIC.TO,29.91207504272461,195600
2023-11-22,XIC.TO,29.91207504272461,342300
2023-11-23,XIC.TO,29.93073272705078,49300
2023-11-24,XIC.TO,29.893415451049805,120700
2023-11-27,XIC.TO,29.800111770629883,218700
2023-11-28,XIC.TO,29.809444427490234,377000
2023-11-29,XIC.TO,29.940061569213867,179700
2023-11-30,XIC.TO,30.13599395751953,207700
2023-12-01,XIC.TO,30.443883895874023,189800
2023-12-04,XIC.TO,30.38790512084961,213400
2023-12-05,XIC.TO,30.34125518798828,296700
2023-12-06,XIC.TO,30.191974639892578,285000
2023-12-07,XIC.TO,30.210634231567383,161000
2023-12-08,XIC.TO,30.29460334777832,130600
2023-12-11,XIC.TO,30.275943756103516,212700
2023-12-12,XIC.TO,30.15465545654297,268200
2023-12-13,XIC.TO,30.742443084716797,370100
2023-12-14,XIC.TO,30.99435806274414,274200
2023-12-15,XIC.TO,30.61182403564453,291000
2023-12-18,XIC.TO,30.761110305786133,251300
2023-12-19,XIC.TO,31.07832908630371,266200
2023-12-20,XIC.TO,30.723787307739258,359100
2023-12-21,XIC.TO,30.97569465637207,135800
2023-12-22,XIC.TO,31.134305953979492,185900
2023-12-27,XIC.TO,31.348901748657227,206400
2023-12-28,XIC.TO,31.262584686279297,196900
2023-12-29,XIC.TO,31.309492111206055,103000
2024-01-02,XIC.TO,31.18752098083496,278300
2024-01-03,XIC.TO,31.112459182739258,281300
2024-01-04,XIC.TO,31.18752098083496,230200
2024-01-05,XIC.TO,31.271961212158203,321100
2024-01-08,XIC.TO,31.478376388549805,167000
2024-01-09,XIC.TO,31.365787506103516,152600
2024-01-10,XIC.TO,31.365787506103516,196700
2024-01-11,XIC.TO,31.271961212158203,139000
2024-01-12,XIC.TO,31.365787506103516,192800
2024-01-15,XIC.TO,31.49714469909668,170000
2024-01-16,XIC.TO,31.300111770629883,224000
2024-01-17,XIC.TO,30.94357681274414,234800
2024-01-18,XIC.TO,31.02802085876465,320900
2024-01-19,XIC.TO,31.25320053100586,210000
2024-01-22,XIC.TO,31.290725708007812,358200
2024-01-23,XIC.TO,31.450227737426758,173600
2024-01-24,XIC.TO,31.459611892700195,534100
2024-01-25,XIC.TO,31.581584930419922,257400
2024-01-26,XIC.TO,31.600353240966797,107500
2024-01-29,XIC.TO,31.722328186035156,265500
2024-01-30,XIC.TO,31.759855270385742,158300
2024-01-31,XIC.TO,31.487762451171875,523400
2024-02-01,XIC.TO,31.6097354888916,275500
2024-02-02,XIC.TO,31.562824249267578,240100
2024-02-05,XIC.TO,31.243812561035156,261300
2024-02-06,XIC.TO,31.375167846679688,149800
2024-02-07,XIC.TO,31.393930435180664,96400
2024-02-08,XIC.TO,31.309492111206055,189000
2024-02-09,XIC.TO,31.450227737426758,151200
2024-02-12,XIC.TO,31.53467559814453,155100
2024-02-13,XIC.TO,30.821598052978516,242800
2024-02-14,XIC.TO,31.28134536743164,333500
2024-02-15,XIC.TO,31.788002014160156,525400
2024-02-16,XIC.TO,31.82552719116211,148700
2024-02-20,XIC.TO,31.797388076782227,198500
2024-02-21,XIC.TO,31.731704711914062,167500
2024-02-22,XIC.TO,31.938127517700195,256800
2024-02-23,XIC.TO,32.0882453918457,153300
2024-02-26,XIC.TO,31.956892013549805,294200
2024-02-27,XIC.TO,31.956892013549805,302100
2024-02-28,XIC.TO,31.853681564331055,224000
2024-02-29,XIC.TO,32.031944274902344,151300
2024-03-01,XIC.TO,32.34157180786133,238300
2024-03-04,XIC.TO,32.29465866088867,192800
2024-03-05,XIC.TO,32.28527069091797,284900
2024-03-06,XIC.TO,32.407249450683594,246000
2024-03-07,XIC.TO,32.6981086730957,170100
2024-03-08,XIC.TO,32.61366653442383,187600
2024-03-11,XIC.TO,32.660579681396484,198100
2024-03-12,XIC.TO,32.77316665649414,219100
2024-03-13,XIC.TO,32.98896789550781,283700
2024-03-14,XIC.TO,32.810699462890625,183300
2024-03-15,XIC.TO,32.83884048461914,174700
2024-03-18,XIC.TO,32.82007598876953,199800
2024-03-19,XIC.TO,32.857608795166016,175700
2024-03-20,XIC.TO,33.13908386230469,302200
2024-03-21,XIC.TO,33.19538116455078,191800
2024-03-22,XIC.TO,33.03944396972656,130800
2024-03-25,XIC.TO,32.9921875,154400
2024-03-26,XIC.TO,32.94493865966797,193600
2024-03-27,XIC.TO,33.27570724487305,94700
2024-03-28,XIC.TO,33.37022399902344,201900
2024-04-01,XIC.TO,33.40801239013672,435000
2024-04-02,XIC.TO,33.23790740966797,168000
2024-04-03,XIC.TO,33.294612884521484,237600
2024-04-04,XIC.TO,33.209556579589844,377300
2024-04-05,XIC.TO,33.530879974365234,176200
2024-04-08,XIC.TO,33.54032897949219,153200
2024-04-09,XIC.TO,33.69153594970703,239600
2024-04-10,XIC.TO,33.45528030395508,271100
2024-04-11,XIC.TO,33.313514709472656,278800
2024-04-12,XIC.TO,32.98274612426758,282300
2024-04-15,XIC.TO,32.74647903442383,260100
2024-04-16,XIC.TO,32.59526824951172,358800
2024-04-17,XIC.TO,32.62361526489258,362600
2024-04-18,XIC.TO,32.68976974487305,253800
2024-04-19,XIC.TO,32.859886169433594,237700
2024-04-22,XIC.TO,32.95439529418945,191400
2024-04-23,XIC.TO,33.1717529296875,197400
2024-04-24,XIC.TO,32.98274612426758,350200
2024-04-25,XIC.TO,32.9921875,315700
2024-04-26,XIC.TO,33.14339828491211,266800
2024-04-29,XIC.TO,33.16230010986328,741600
2024-04-30,XIC.TO,32.77482604980469,634700
2024-05-01,XIC.TO,32.77482604980469,742900
2024-05-02,XIC.TO,32.916587829589844,330900
2024-05-03,XIC.TO,33.115047454833984,545000
2024-05-06,XIC.TO,33.578128814697266,211200
2024-05-07,XIC.TO,33.62538528442383,176300
2024-05-08,XIC.TO,33.56867599487305,389000
2024-05-09,XIC.TO,33.757694244384766,165700
2024-05-10,XIC.TO,33.644287109375,315500
2024-05-13,XIC.TO,33.56867599487305,116900
2024-05-14,XIC.TO,33.58758544921875,148800
2024-05-15,XIC.TO,33.65373229980469,361000
2024-05-16,XIC.TO,33.68208694458008,273300
2024-05-17,XIC.TO,33.91835403442383,140500
2024-05-21,XIC.TO,33.93724822998047,297900
2024-05-22,XIC.TO,33.74823760986328,270600
2024-05-23,XIC.TO,33.530879974365234,325600
2024-05-24,XIC.TO,33.69153594970703,271900
2024-05-27,XIC.TO,33.79549026489258,90000
2024-05-28,XIC.TO,33.62538528442383,281300
2024-05-29,XIC.TO,33.08669662475586,229400
2024-05-30,XIC.TO,33.34186553955078,271200
2024-05-31,XIC.TO,33.663185119628906,188500
2024-06-03,XIC.TO,33.4174690246582,339300
2024-06-04,XIC.TO,33.228458404541016,282400
2024-06-05,XIC.TO,33.48362350463867,618900
2024-06-06,XIC.TO,33.59703063964844,157000
2024-06-07,XIC.TO,33.28516387939453,224400
2024-06-10,XIC.TO,33.37022399902344,320200
2024-06-11,XIC.TO,33.115047454833984,376900
2024-06-12,XIC.TO,33.228458404541016,742600
2024-06-13,XIC.TO,32.83152770996094,964800
2024-06-14,XIC.TO,32.74647903442383,627600
2024-06-17,XIC.TO,32.699222564697266,635600
2024-06-18,XIC.TO,32.737022399902344,539500
2024-06-19,XIC.TO,32.59526824951172,278000
2024-06-20,XIC.TO,32.67087173461914,667600
2024-06-21,XIC.TO,32.642520904541016,530600
2024-06-24,XIC.TO,33.07724380493164,1377000
2024-06-25,XIC.TO,33.016300201416016,393500
2024-06-26,XIC.TO,33.016300201416016,213500
2024-06-27,XIC.TO,33.235328674316406,338500
2024-06-28,XIC.TO,33.18770980834961,282000
2024-07-02,XIC.TO,33.30199432373047,729900
2024-07-03,XIC.TO,33.730525970458984,210000
2024-07-04,XIC.TO,33.768619537353516,130100
2024-07-05,XIC.TO,33.48292541503906,324300
2024-07-08,XIC.TO,33.568634033203125,181200
2024-07-09,XIC.TO,33.4353141784668,272800
2024-07-10,XIC.TO,33.93050765991211,273700
2024-07-11,XIC.TO,34.22572326660156,206700
2024-07-12,XIC.TO,34.41618728637695,188900
2024-07-15,XIC.TO,34.530460357666016,189300
2024-07-16,XIC.TO,34.92090606689453,151100
2024-07-17,XIC.TO,34.692352294921875,225900
2024-07-18,XIC.TO,34.501895904541016,288100
2024-07-19,XIC.TO,34.45426940917969,135500
2024-07-22,XIC.TO,34.72092056274414,198700
2024-07-23,XIC.TO,34.64474105834961,251400
2024-07-24,XIC.TO,34.35905075073242,342900
2024-07-25,XIC.TO,34.34000015258789,264100
2024-07-26,XIC.TO,34.64474105834961,244400
2024-07-29,XIC.TO,34.59712219238281,248200
2024-07-30,XIC.TO,34.692352294921875,697500
2024-07-31,XIC.TO,35.111358642578125,232900
2024-08-01,XIC.TO,34.54950714111328,630600
2024-08-02,XIC.TO,33.778141021728516,468200
2024-08-06,XIC.TO,33.38770294189453,503300
2024-08-07,XIC.TO,33.24485397338867,477700
2024-08-08,XIC.TO,33.778141021728516,239400
2024-08-09,XIC.TO,33.91146469116211,155300
2024-08-12,XIC.TO,34.0352668762207,121500
2024-08-13,XIC.TO,34.38761901855469,138600
2024-08-14,XIC.TO,34.58760070800781,142300
2024-08-15,XIC.TO,35.01613998413086,70200
2024-08-16,XIC.TO,35.06374740600586,162000
2024-08-19,XIC.TO,35.15898132324219,95900
2024-08-20,XIC.TO,35.054229736328125,129100
2024-08-21,XIC.TO,35.15898132324219,167600
2024-08-22,XIC.TO,35.035179138183594,110400
2024-08-23,XIC.TO,35.444671630859375,169400
2024-08-26,XIC.TO,35.52085494995117,110600
2024-08-27,XIC.TO,35.387535095214844,99200
2024-08-28,XIC.TO,35.19707107543945,165100
2024-08-29,XIC.TO,35.35895919799805,276200
2024-08-30,XIC.TO,35.52085494995117,200300
2024-09-03,XIC.TO,35.09231948852539,400800
2024-09-04,XIC.TO,35.09231948852539,181100
2024-09-05,XIC.TO,34.98756408691406,188500
2024-09-06,XIC.TO,34.682823181152344,397500
2024-09-09,XIC.TO,35.06374740600586,361000
2024-09-10,XIC.TO,35.054229736328125,262600
2024-09-11,XIC.TO,35.34944152832031,196100
2024-09-12,XIC.TO,35.75893020629883,208300
2024-09-13,XIC.TO,35.94938659667969,120900
2024-09-16,XIC.TO,36.158897399902344,172900
2024-09-17,XIC.TO,36.12080764770508,346000
2024-09-18,XIC.TO,35.99700164794922,366500
2024-09-19,XIC.TO,36.387451171875,317000
2024-09-20,XIC.TO,36.396968841552734,176400
2024-09-23,XIC.TO,36.4445915222168,252400
2024-09-24,XIC.TO,36.54914855957031,200300
2024-09-25,XIC.TO,36.472408294677734,200300
2024-09-26,XIC.TO,36.67385482788086,237800
2024-09-27,XIC.TO,36.60670852661133,191100
2024-09-30,XIC.TO,36.6354866027832,148000
2024-10-01,XIC.TO,36.69304275512695,2032500
2024-10-02,XIC.TO,36.66426467895508,397100
2024-10-03,XIC.TO,36.62589645385742,215800
2024-10-04,XIC.TO,36.923274993896484,249600
2024-10-07,XIC.TO,36.82734680175781,477900
2024-10-08,XIC.TO,36.779380798339844,204100
2024-10-09,XIC.TO,37.01920700073242,218400
2024-10-10,XIC.TO,37.14391326904297,302500
2024-10-11,XIC.TO,37.41251754760742,467400
2024-10-15,XIC.TO,37.36454772949219,432700
2024-10-16,XIC.TO,37.546817779541016,158400
2024-10-17,XIC.TO,37.738670349121094,109200
2024-10-18,XIC.TO,37.94972229003906,67800
2024-10-21,XIC.TO,37.79623794555664,207200
2024-10-22,XIC.TO,37.777042388916016,138400
2024-10-23,XIC.TO,37.55641174316406,213000
2024-10-24,XIC.TO,37.55641174316406,236200
2024-10-25,XIC.TO,37.431697845458984,185100
2024-10-28,XIC.TO,37.56600570678711,115100
2024-10-29,XIC.TO,37.55641174316406,264700
2024-10-30,XIC.TO,37.4892578125,492500
2024-10-31,XIC.TO,36.96164321899414,777000
2024-11-01,XIC.TO,37.115135192871094,387600
2024-11-04,XIC.TO,37.134315490722656,279200
2024-11-05,XIC.TO,37.32617950439453,143400
2024-11-06,XIC.TO,37.690711975097656,547700
2024-11-07,XIC.TO,38.03606033325195,291800
2024-11-08,XIC.TO,37.90175247192383,159600
2024-11-11,XIC.TO,37.93053436279297,187000
2024-11-12,XIC.TO,38.13198471069336,312100
2024-11-13,XIC.TO,38.24709701538086,229600
2024-11-14,XIC.TO,38.3238410949707,226900
2024-11-15,XIC.TO,38.122398376464844,166300
2024-11-18,XIC.TO,38.24709701538086,235700
2024-11-19,XIC.TO,38.304656982421875,228300
2024-11-20,XIC.TO,38.34303283691406,276100
2024-11-21,XIC.TO,38.8994255065918,206900
2024-11-22,XIC.TO,38.98575973510742,230800
2024-11-25,XIC.TO,38.93779754638672,139900
2024-11-26,XIC.TO,38.928199768066406,375800
2024-11-27,XIC.TO,39.033721923828125,280400
2024-11-28,XIC.TO,39.15842819213867,165500
2024-11-29,XIC.TO,39.321510314941406,192200
2024-12-02,XIC.TO,39.2255859375,445600
2024-12-03,XIC.TO,39.30232620239258,361500
2024-12-04,XIC.TO,39.31192398071289,316300
2024-12-05,XIC.TO,39.3886604309082,481000
2024-12-06,XIC.TO,39.398258209228516,196400
2024-12-09,XIC.TO,39.30232620239258,182700
2024-12-10,XIC.TO,39.110469818115234,546400
2024-12-11,XIC.TO,39.35029220581055,156900
2024-12-12,XIC.TO,38.99535369873047,198200
2024-12-13,XIC.TO,38.79389953613281,123300
2024-12-16,XIC.TO,38.62122344970703,153800
2024-12-17,XIC.TO,38.592445373535156,181900
2024-12-18,XIC.TO,37.70989990234375,261600
2024-12-19,XIC.TO,37.49885177612305,250000
2024-12-20,XIC.TO,37.777042388916016,371100
2024-12-23,XIC.TO,38.026466369628906,368500
2024-12-24,XIC.TO,38.122398376464844,86600
2024-12-27,XIC.TO,38.103214263916016,158000
2024-12-30,XIC.TO,37.82331848144531,199500
2024-12-31,XIC.TO,38.035648345947266,103000
2025-01-02,XIC.TO,38.29623031616211,220400
2025-01-03,XIC.TO,38.56646728515625,185200
2025-01-06,XIC.TO,38.46030807495117,861100
2025-01-07,XIC.TO,38.36379623413086,244400
2025-01-08,XIC.TO,38.52785873413086,197400
2025-01-09,XIC.TO,38.57611846923828,115100
2025-01-10,XIC.TO,38.141815185546875,261800
2025-01-13,XIC.TO,37.77506637573242,238400
2025-01-14,XIC.TO,37.842620849609375,108300
2025-01-15,XIC.TO,38.16111755371094,135700
2025-01-16,XIC.TO,38.25762939453125,409600
2025-01-17,XIC.TO,38.585777282714844,298100
2025-01-20,XIC.TO,38.759490966796875,141500
2025-01-21,XIC.TO,38.92356872558594,223800
2025-01-22,XIC.TO,38.971824645996094,268700
2025-01-23,XIC.TO,39.16484832763672,122200
2025-01-24,XIC.TO,39.213104248046875,191300
2025-01-27,XIC.TO,38.95252227783203,157100
2025-01-28,XIC.TO,39.16484832763672,114200
2025-01-29,XIC.TO,39.2324104309082,124200
2025-01-30,XIC.TO,39.782527923583984,160600
2025-01-31,XIC.TO,39.34822082519531,315000
2025-02-03,XIC.TO,38.88496017456055,482200
2025-02-04,XIC.TO,38.95252227783203,184500
2025-02-05,XIC.TO,39.406131744384766,482400
2025-02-06,XIC.TO,39.34822082519531,306700
2025-02-07,XIC.TO,39.20344924926758,236700
2025-02-10,XIC.TO,39.531593322753906,134700
2025-02-11,XIC.TO,39.512290954589844,369900
2025-02-12,XIC.TO,39.406131744384766,136100
2025-02-13,XIC.TO,39.599151611328125,131600
2025-02-14,XIC.TO,39.290313720703125,192600
2025-02-18,XIC.TO,39.57020568847656,140500
2025-02-19,XIC.TO,39.50263977050781,140000
2025-02-20,XIC.TO,39.34822082519531,145900
2025-02-21,XIC.TO,38.788448333740234,257300
2025-02-24,XIC.TO,38.79810333251953,292800
2025-02-25,XIC.TO,38.86566162109375,368700
2025-02-26,XIC.TO,39.0779914855957,226200
2025-02-27,XIC.TO,38.76914596557617,1102700
2025-02-28,XIC.TO,39.174503326416016,1288300
2025-03-03,XIC.TO,38.595420837402344,623400
2025-03-04,XIC.TO,37.919837951660156,731800
2025-03-05,XIC.TO,38.39274978637695,329000
2025-03-06,XIC.TO,37.948787689208984,399500
2025-03-07,XIC.TO,38.219017028808594,538200
2025-03-10,XIC.TO,37.649593353271484,973700
2025-03-11,XIC.TO,37.466217041015625,1441300
2025-03-12,XIC.TO,37.74610900878906,573000
2025-03-13,XIC.TO,37.39866256713867,673200
2025-03-14,XIC.TO,37.958438873291016,679000
2025-03-17,XIC.TO,38.3251838684082,342600
2025-03-18,XIC.TO,38.20937728881836,274900
2025-03-19,XIC.TO,38.74019241333008,267600
2025-03-20,XIC.TO,38.74019241333008,307500
2025-03-21,XIC.TO,38.605072021484375,239900
2025-03-24,XIC.TO,39.126243591308594,238600
2025-03-25,XIC.TO,39.19380187988281,292400
2025-03-26,XIC.TO,38.93437194824219,440000
2025-03-27,XIC.TO,38.90522384643555,229100
2025-03-28,XIC.TO,38.31250762939453,432800
2025-03-31,XIC.TO,38.61372756958008,261500
2025-04-01,XIC.TO,38.78861999511719,425300
2025-04-02,XIC.TO,39.2064323425293,146600
2025-04-03,XIC.TO,37.70035934448242,452500
2025-04-04,XIC.TO,35.9416618347168,1061600
2025-04-07,XIC.TO,35.40724563598633,1000500
2025-04-08,XIC.TO,34.901981353759766,1129000
2025-04-09,XIC.TO,36.76757049560547,989500
2025-04-10,XIC.TO,35.68903350830078,871400
2025-04-11,XIC.TO,36.58295822143555,480100
2025-04-14,XIC.TO,37.020198822021484,283400
2025-04-15,XIC.TO,37.31169891357422,452500
2025-04-16,XIC.TO,37.37971878051758,531800
2025-04-17,XIC.TO,37.52546310424805,327300
2025-04-21,XIC.TO,37.243682861328125,141500
2025-04-22,XIC.TO,37.69064712524414,189400
2025-04-23,XIC.TO,37.952999114990234,615300
2025-04-24,XIC.TO,38.36109161376953,189800
2025-04-25,XIC.TO,38.36109161376953,163800
2025-04-28,XIC.TO,38.48740768432617,137300
2025-04-29,XIC.TO,38.61372756958008,180400
2025-04-30,XIC.TO,38.535987854003906,383500
2025-05-01,XIC.TO,38.506839752197266,386400
2025-05-02,XIC.TO,38.84691619873047,174200
2025-05-05,XIC.TO,38.749755859375,156100
2025-05-06,XIC.TO,38.76919174194336,226900
2025-05-07,XIC.TO,39.031532287597656,393700
2025-05-08,XIC.TO,39.2064323425293,300500
2025-05-09,XIC.TO,39.37161636352539,136900
2025-05-12,XIC.TO,39.643680572509766,259600
2025-05-13,XIC.TO,39.77971267700195,203900
2025-05-14,XIC.TO,39.8865966796875,226100
2025-05-15,XIC.TO,40.23638916015625,129300
2025-05-16,XIC.TO,40.362709045410156,111700
2025-05-20,XIC.TO,40.479305267333984,165400
2025-05-21,XIC.TO,40.158660888671875,177200
2025-05-22,XIC.TO,40.16837692260742,211600
2025-05-23,XIC.TO,40.21696090698242,191900
2025-05-26,XIC.TO,40.53760528564453,114200
2025-05-27,XIC.TO,40.809669494628906,260800
2025-05-28,XIC.TO,40.85824966430664,135900
2025-05-29,XIC.TO,40.74165725708008,274900
2025-05-30,XIC.TO,40.683353424072266,211100
2025-06-02,XIC.TO,41.052589416503906,287000
2025-06-03,XIC.TO,41.101165771484375,184000
2025-06-04,XIC.TO,40.955421447753906,85400
2025-06-05,XIC.TO,40.955421447753906,251800
2025-06-06,XIC.TO,41.11088943481445,86500
2025-06-09,XIC.TO,41.0234375,211800
2025-06-10,XIC.TO,41.12059783935547,216500
2025-06-11,XIC.TO,41.28578567504883,277200
2025-06-12,XIC.TO,41.41209411621094,252500
2025-06-13,XIC.TO,41.276065826416016,217300
2025-06-16,XIC.TO,41.373233795166016,152300
2025-06-17,XIC.TO,41.32465362548828,108000
2025-06-18,XIC.TO,41.36351776123047,122000
2025-06-19,XIC.TO,41.31493377685547,132800
2025-06-20,XIC.TO,41.276065826416016,187600
2025-06-23,XIC.TO,41.4606819152832,159400
2025-06-24,XIC.TO,41.6064338684082,183400
2025-06-25,XIC.TO,41.38337326049805,218600
2025-06-26,XIC.TO,41.66708755493164,167900
2025-06-27,XIC.TO,41.59860610961914,570500
2025-06-30,XIC.TO,41.87253952026367,103500
2025-07-02,XIC.TO,41.92145538330078,332900
2025-07-03,XIC.TO,42.175819396972656,105900
2025-07-04,XIC.TO,42.19538497924805,94700
2025-07-07,XIC.TO,42.156253814697266,230900
2025-07-08,XIC.TO,41.98015213012695,179900
2025-07-09,XIC.TO,42.0877685546875,155500
2025-07-10,XIC.TO,42.2834358215332,263400
2025-07-11,XIC.TO,42.175819396972656,158700
2025-07-14,XIC.TO,42.459537506103516,143700
2025-07-15,XIC.TO,42.23452377319336,171800
2025-07-16,XIC.TO,42.37148666381836,367400
2025-07-17,XIC.TO,42.75303649902344,141200
2025-07-18,XIC.TO,42.645416259765625,162500
2025-07-21,XIC.TO,42.63563919067383,226100
2025-07-22,XIC.TO,42.72368240356445,114800
2025-07-23,XIC.TO,42.792171478271484,145400
2025-07-24,XIC.TO,42.762813568115234,125600
2025-07-25,XIC.TO,42.929134368896484,111300
2025-07-28,XIC.TO,42.81173324584961,106200
2025-07-29,XIC.TO,43.01718521118164,123100
2025-07-30,XIC.TO,42.77260208129883,181100
2025-07-31,XIC.TO,42.625850677490234,197200
2025-08-01,XIC.TO,42.224735260009766,343400
2025-08-05,XIC.TO,43.06610107421875,278200
2025-08-06,XIC.TO,43.61396408081055,259500
2025-08-07,XIC.TO,43.369384765625,172300
2025-08-08,XIC.TO,43.37916946411133,130600
2025-08-11,XIC.TO,43.39873123168945,137500
2025-08-12,XIC.TO,43.64331817626953,101200
2025-08-13,XIC.TO,43.741146087646484,317400
2025-08-14,XIC.TO,43.61396408081055,115700
2025-08-15,XIC.TO,43.63352966308594,209100
2025-08-18,XIC.TO,43.66288375854492,137300
2025-08-19,XIC.TO,43.51613235473633,235300
2025-08-20,XIC.TO,43.61396408081055,175400
2025-08-21,XIC.TO,43.86833190917969,118500
2025-08-22,XIC.TO,44.3085823059082,155500
2025-08-25,XIC.TO,44.063995361328125,151200
2025-08-26,XIC.TO,44.33793258666992,136700
2025-08-27,XIC.TO,44.48468017578125,107000
2025-08-28,XIC.TO,44.48468017578125,190900
2025-08-29,XIC.TO,44.70969772338867,319800
2025-09-02,XIC.TO,44.787960052490234,641000
2025-09-03,XIC.TO,45.00319290161133,416100
2025-09-04,XIC.TO,45.24777603149414,167400
2025-09-05,XIC.TO,45.48257827758789,143400
2025-09-08,XIC.TO,45.443443298339844,198700
2025-09-09,XIC.TO,45.48257827758789,301100
2025-09-10,XIC.TO,45.69780731201172,275500
2025-09-11,XIC.TO,46.05978775024414,108700
2025-09-12,XIC.TO,45.873905181884766,204800
2025-09-15,XIC.TO,46.118492126464844,284200
2025-09-16,XIC.TO,45.932613372802734,217400
2025-09-17,XIC.TO,45.95217514038086,296100
2025-09-18,XIC.TO,46.14784240722656,286400
2025-09-19,XIC.TO,46.61743927001953,321800
2025-09-22,XIC.TO,46.94028854370117,185700
2025-09-23,XIC.TO,46.74462127685547,323900
2025-09-24,XIC.TO,46.647193908691406,179300
2025-09-25,XIC.TO,46.617671966552734,245300
2025-09-26,XIC.TO,46.647193908691406,304400
2025-09-29,XIC.TO,47.031002044677734,129500
2025-09-30,XIC.TO,47.10972595214844,226300
2025-10-01,XIC.TO,47.22782516479492,324700
2025-10-02,XIC.TO,47.32623291015625,336700
2025-10-03,XIC.TO,47.8281364440918,138200
2025-10-06,XIC.TO,47.91670227050781,464300
2025-10-07,XIC.TO,47.641151428222656,223900
2025-10-08,XIC.TO,47.86750030517578,265100
2025-10-09,XIC.TO,47.51321792602539,238900
2025-10-10,XIC.TO,46.85386276245117,397200
2025-10-14,XIC.TO,47.650997161865234,637700
2025-10-15,XIC.TO,48.10368728637695,396400
2025-10-16,XIC.TO,47.80845260620117,338300
2025-10-17,XIC.TO,47.257347106933594,1086800
2025-10-20,XIC.TO,47.759246826171875,335900
2025-10-21,XIC.TO,46.93259048461914,208700
2025-10-22,XIC.TO,47.070369720458984,636400
2025-10-23,XIC.TO,47.40496063232422,138700
2025-10-24,XIC.TO,47.66083908081055,237200
2025-10-27,XIC.TO,47.572265625,310100
2025-10-28,XIC.TO,47.798614501953125,444100
2025-10-29,XIC.TO,47.34592056274414,693000
2025-10-30,XIC.TO,47.41481018066406,330700
2025-10-31,XIC.TO,47.572265625,410800
2025-11-03,XIC.TO,47.56242752075195,240100
2025-11-04,XIC.TO,46.804656982421875,218400
2025-11-05,XIC.TO,47.296714782714844,285300
2025-11-06,XIC.TO,46.9522705078125,194100
2025-11-07,XIC.TO,47.02116012573242,309600
2025-11-10,XIC.TO,47.66083908081055,407000
2025-11-11,XIC.TO,47.78877258300781,138000
2025-11-12,XIC.TO,48.438289642333984,143300
2025-11-13,XIC.TO,47.532901763916016,298400
2025-11-14,XIC.TO,47.68052291870117,444700
2025-11-17,XIC.TO,47.30655288696289,346500
2025-11-18,XIC.TO,47.257347106933594,498500
2025-11-19,XIC.TO,47.631317138671875,341900
2025-11-20,XIC.TO,47.06052017211914,516500
2025-11-21,XIC.TO,47.43449020385742,571700
2025-11-24,XIC.TO,48.10368728637695,431000
2025-11-25,XIC.TO,48.61543273925781,225200
2025-11-26,XIC.TO,49.058284759521484,238900
2025-11-27,XIC.TO,49.1763801574707,171600
2025-11-28,XIC.TO,49.41256332397461,369700
2025-12-01,XIC.TO,48.96971130371094,263900
2025-12-02,XIC.TO,48.8614616394043,289000
2025-12-03,XIC.TO,49.06812286376953,578400
2025-12-04,XIC.TO,49.57002639770508,280800
2025-12-05,XIC.TO,49.294471740722656,340000
2025-12-08,XIC.TO,49.09764862060547,443300
2025-12-09,XIC.TO,49.19606018066406,290800
2025-12-10,XIC.TO,49.57002639770508,299400
2025-12-11,XIC.TO,49.865257263183594,292300
2025-12-12,XIC.TO,49.697959899902344,391200
2025-12-15,XIC.TO,49.59954833984375,459700
2025-12-16,XIC.TO,49.28463363647461,266900
2025-12-17,XIC.TO,49.23542404174805,466300
2025-12-18,XIC.TO,49.57986831665039,286900
2025-12-19,XIC.TO,50.04240036010742,336600
2025-12-22,XIC.TO,50.43605041503906,243400
2025-12-23,XIC.TO,50.54430389404297,223300
2025-12-24,XIC.TO,50.485252380371094,157500
2025-12-29,XIC.TO,50.317955017089844,404200
2025-12-30,XIC.TO,50.27936553955078,233400
2025-12-31,XIC.TO,50.02207565307617,298600
2026-01-02,XIC.TO,50.32883834838867,496800
2026-01-05,XIC.TO,50.83351135253906,442000
2026-01-06,XIC.TO,51.150169372558594,470600
2026-01-07,XIC.TO,50.72466278076172,961200
2026-01-08,XIC.TO,51.09080123901367,282700
2026-01-09,XIC.TO,51.506412506103516,307600
2026-01-12,XIC.TO,51.91212844848633,639500
2026-01-13,XIC.TO,51.922027587890625,599500
2026-01-14,XIC.TO,51.991294860839844,713300
2026-01-15,XIC.TO,52.16941452026367,315000
2026-01-16,XIC.TO,52.15951919555664,304700
2026-01-19,XIC.TO,52.268367767333984,221700
2026-01-20,XIC.TO,51.694427490234375,550700
2026-01-21,XIC.TO,51.892337799072266,605300
2026-01-22,XIC.TO,52.10014724731445,450800
2026-01-23,XIC.TO,52.33763885498047,372100
2026-01-26,XIC.TO,52.28816223144531,739100
2026-01-27,XIC.TO,52.268367767333984,806700
2026-01-28,XIC.TO,52.416805267333984,664200
2026-01-29,XIC.TO,52.15951919555664,635200
2026-01-30,XIC.TO,50.47726821899414,982000
2026-02-02,XIC.TO,50.88298797607422,513400
2026-02-03,XIC.TO,51.16006851196289,687500
2026-02-04,XIC.TO,51.40745544433594,664500
2026-02-05,XIC.TO,50.55643844604492,652400
2026-02-06,XIC.TO,51.298606872558594,249500
2026-02-09,XIC.TO,52.1793098449707,294600
2026-02-10,XIC.TO,52.545448303222656,738000
2026-02-11,XIC.TO,52.58502960205078,399800
2026-02-12,XIC.TO,51.34808349609375,1306000
2026-02-13,XIC.TO,52.27827072143555,668600
2026-02-17,XIC.TO,52.01108932495117,1100000
2026-02-18,XIC.TO,52.7928352355957,475300
2026-02-19,XIC.TO,53.13917922973633,912800
2026-02-20,XIC.TO,53.50531768798828,602200
2026-02-23,XIC.TO,53.416255950927734,480800
2026-02-24,XIC.TO,53.7131233215332,293900
2026-02-25,XIC.TO,54.000091552734375,451500
2026-02-26,XIC.TO,54.59382629394531,329500
2026-02-27,XIC.TO,54.33654022216797,513100
2026-03-02,XIC.TO,54.67299270629883,806400
2026-03-03,XIC.TO,53.49542236328125,1602200
2026-03-04,XIC.TO,53.723018646240234,586000
2026-03-05,XIC.TO,53.21834182739258,622700
2026-03-06,XIC.TO,52.37722396850586,800800
2026-03-09,XIC.TO,52.55534362792969,900100
2026-03-10,XIC.TO,52.693878173828125,446700
2026-03-11,XIC.TO,52.46628189086914,290200
2026-03-12,XIC.TO,52.01108932495117,359500
2026-03-13,XIC.TO,51.536102294921875,423000
2026-03-16,XIC.TO,52.090248107910156,753700
2026-03-17,XIC.TO,52.199100494384766,690600
2026-03-18,XIC.TO,51.17985916137695,625000
2026-03-19,XIC.TO,50.49706268310547,630900
2026-03-20,XIC.TO,49.59656524658203,779800
2026-03-23,XIC.TO,50.576229095458984,681800
2026-03-24,XIC.TO,50.60591506958008,742200
2026-03-25,XIC.TO,51.34808349609375,656300
2026-03-26,XIC.TO,50.554256439208984,466300
2026-03-27,XIC.TO,50.69352340698242,473400
2026-03-30,XIC.TO,50.67362594604492,384100
2026-03-31,XIC.TO,51.96683120727539,783200
2026-04-01,XIC.TO,52.3050537109375,542000
2026-04-02,XIC.TO,52.533851623535156,494100
2026-04-06,XIC.TO,52.643272399902344,219000
2026-04-07,XIC.TO,52.74275207519531,576100
2026-04-08,XIC.TO,53.39929962158203,566400
2026-04-09,XIC.TO,53.15060806274414,634900
2026-04-10,XIC.TO,53.518672943115234,265300
2026-04-13,XIC.TO,53.80715560913086,497400
2026-04-14,XIC.TO,54.13542938232422,718800
2026-04-15,XIC.TO,54.22496032714844,272200
2026-04-16,XIC.TO,54.0657958984375,778600
2026-04-17,XIC.TO,54.5532341003418,449800
2026-04-20,XIC.TO,54.5532341003418,1201700
2026-04-21,XIC.TO,53.66788864135742,470200
2026-04-22,XIC.TO,53.92652893066406,464500
2026-04-23,XIC.TO,53.88673782348633,470500
2026-04-24,XIC.TO,53.84695053100586,249600
2026-04-27,XIC.TO,53.72757339477539,350700
2026-04-28,XIC.TO,53.3794059753418,384200
2026-04-29,XIC.TO,52.941707611083984,505800
2026-04-30,XIC.TO,53.95637512207031,436600
2026-05-01,XIC.TO,53.82705307006836,345400
2026-05-04,XIC.TO,53.4788818359375,476600
2026-05-05,XIC.TO,53.36946105957031,355400
2026-05-06,XIC.TO,53.99616241455078,252100
2026-05-07,XIC.TO,53.787261962890625,821100
2026-05-08,XIC.TO,54.18517303466797,649400
2026-05-11,XIC.TO,54.26475143432617,573100
2026-05-12,XIC.TO,54.48360061645508,425600
2026-05-13,XIC.TO,54.09564208984375,492700
2026-05-14,XIC.TO,54.443809509277344,304200
2026-05-15,XIC.TO,53.797210693359375,537200
2026-05-19,XIC.TO,53.65793991088867,778500
2026-05-20,XIC.TO,54.35428237915039,454600
2026-05-21,XIC.TO,54.74224090576172,504600
2026-05-22,XIC.TO,54.80192947387695,362600
2026-05-25,XIC.TO,55.45847702026367,413900
2026-05-26,XIC.TO,55.13019943237305,340200
2026-05-27,XIC.TO,54.76213455200195,410400
2026-05-28,XIC.TO,54.881507873535156,631100
2026-05-29,XIC.TO,55.1600456237793,525800
2026-06-01,XIC.TO,55.28936767578125,322100
2026-06-02,XIC.TO,55.98570251464844,472300
2026-06-03,XIC.TO,55.39878845214844,730500
2026-06-04,XIC.TO,56.075233459472656,248300
2026-06-05,XIC.TO,54.77208709716797,541900
2026-06-08,XIC.TO,54.92129898071289,475300
2026-06-09,XIC.TO,54.78203201293945,791900
2026-06-10,XIC.TO,54.38412094116211,564900
2026-06-11,XIC.TO,55.219730377197266,454300
2026-06-12,XIC.TO,55.657432556152344,561500
2026-06-15,XIC.TO,56.194610595703125,317300
2026-06-16,XIC.TO,56.40351104736328,374400
2026-06-17,XIC.TO,55.97575759887695,549600
2026-06-18,XIC.TO,55.72706604003906,368200
2026-06-19,XIC.TO,55.50821304321289,380500
2026-06-22,XIC.TO,55.79669952392578,349000
2026-06-23,XIC.TO,55.66737747192383,432400
2026-06-24,XIC.TO,55.35900115966797,476500
2026-06-25,XIC.TO,55.56999969482422,520800
2026-06-26,XIC.TO,55.7400016784668,395700
2026-06-29,XIC.TO,55.529998779296875,420400
2026-06-30,XIC.TO,55.599998474121094,400800
2026-07-02,XIC.TO,55.79999923706055,699300
2026-07-03,XIC.TO,56.279998779296875,397000
2026-07-06,XIC.TO,56.18000030517578,848200
2026-07-07,XIC.TO,56.27000045776367,342100
2026-07-08,XIC.TO,55.7400016784668,513100
2026-07-09,XIC.TO,56.189998626708984,725100
2026-07-10,XIC.TO,56.34000015258789,429400
2026-07-13,XIC.TO,56.29999923706055,799700
2026-07-14,XIC.TO,56.369998931884766,785500
2026-07-15,XIC.TO,56.5099983215332,382400
2026-07-16,XIC.TO,56.439998626708984,469100
2026-07-17,XIC.TO,56.29999923706055,547200
2026-07-20,XIC.TO,55.83000183105469,570500
2026-07-21,XIC.TO,56.470001220703125,267000
2026-07-22,XIC.TO,56.630001068115234,258500
2026-07-23,XIC.TO,56.189998626708984,484900
2026-07-24,XIC.TO,56.459999084472656,356700
2026-07-27,XIC.TO,56.810001373291016,641300
2026-07-28,XIC.TO,57.189998626708984,289400
2026-07-29,XIC.TO,56.400001525878906,602200
2026-07-30,XIC.TO,56.72999954223633,374800
2026-07-31,XIC.TO,56.29999923706055,353800
2026-08-04,XIC.TO,57.209999084472656,824800
2026-08-05,XIC.TO,57.75,446300
2026-08-06,XIC.TO,57.7400016784668,218900
2026-08-07,XIC.TO,58.130001068115234,255400
2026-08-10,XIC.TO,58.2400016784668,266000
2026-08-11,XIC.TO,58.29999923706055,462800
2026-08-12,XIC.TO,58.58000183105469,254300
2026-08-13,XIC.TO,58.7400016784668,1005600
2026-08-14,XIC.TO,58.720001220703125,258000
2026-08-17,XIC.TO,58.61000061035156,617400
2026-08-18,XIC.TO,58.119998931884766,525100
2026-08-19,XIC.TO,58.209999084472656,343900
2026-08-20,XIC.TO,58.099998474121094,557400
2026-08-21,XIC.TO,58.56999969482422,297500
2026-08-24,XIC.TO,58.66999816894531,284900
2026-08-25,XIC.TO,59.099998474121094,444700
2026-08-26,XIC.TO,58.86000061035156,196300
2026-08-27,XIC.TO,58.90999984741211,309000
2026-08-28,XIC.TO,58.459999084472656,534400
2026-08-31,XIC.TO,58.02000045776367,354600
